record,task,channel,templateHp,replicate,highpass,condition,timeSec,reference,noisyBeforeHighpass,recovered
VisualCogA_Task-2,2,F3,0.1,1,0.1,Left,-0.19921875,-1.87477696790434,-2.57602994456713,-1.92885591224081
VisualCogA_Task-2,2,F3,0.1,1,0.1,Left,-0.1953125,-1.12580049795016,-1.99279712807293,-1.36115906773272
VisualCogA_Task-2,2,F3,0.1,1,0.1,Left,-0.19140625,-0.428848621409135,-1.46529258292237,-0.845987277164549
VisualCogA_Task-2,2,F3,0.1,1,0.1,Left,-0.1875,0.143012380778597,-1.06882689885628,-0.453959243981482
VisualCogA_Task-2,2,F3,0.1,1,0.1,Left,-0.18359375,0.522000753283579,-0.872041276056109,-0.254697589702194
VisualCogA_Task-2,2,F3,0.1,1,0.1,Left,-0.1796875,0.664974628208778,-0.90909333598732,-0.284453931365499
VisualCogA_Task-2,2,F3,0.1,1,0.1,Left,-0.17578125,0.564556120714406,-1.16341950952903,-0.528098458846548
VisualCogA_Task-2,2,F3,0.1,1,0.1,Left,-0.171875,0.251657424793448,-1.56949024389908,-0.926696553393865
VisualCogA_Task-2,2,F3,0.1,1,0.1,Left,-0.16796875,-0.209947365156307,-2.03028654276204,-1.38553870608404
VisualCogA_Task-2,2,F3,0.1,1,0.1,Left,-0.1640625,-0.735262591103639,-2.44210096052002,-1.80247301162967
VisualCogA_Task-2,2,F3,0.1,1,0.1,Left,-0.16015625,-1.23324421216401,-2.7240892257895,-2.1001621571042
VisualCogA_Task-2,2,F3,0.1,1,0.1,Left,-0.15625,-1.62235711033287,-2.83467677677836,-2.23524091211393
VisualCogA_Task-2,2,F3,0.1,1,0.1,Left,-0.15234375,-1.84355671732093,-2.77259719792143,-2.20008071357265
VisualCogA_Task-2,2,F3,0.1,1,0.1,Left,-0.1484375,-1.86854608744193,-2.56606713554141,-2.01905801848112
VisualCogA_Task-2,2,F3,0.1,1,0.1,Left,-0.14453125,-1.70233201838414,-2.25666978381001,-1.73456709269626
VisualCogA_Task-2,2,F3,0.1,1,0.1,Left,-0.140625,-1.38026958429264,-1.88662653859213,-1.39099513956467
VisualCogA_Task-2,2,F3,0.1,1,0.1,Left,-0.13671875,-0.960639389487026,-1.49172615236196,-1.02832558528848
VisualCogA_Task-2,2,F3,0.1,1,0.1,Left,-0.1328125,-0.514239341325403,-1.10766015680652,-0.685886621537579
VisualCogA_Task-2,2,F3,0.1,1,0.1,Left,-0.12890625,-0.112597353969588,-0.770407997007752,-0.400734887715708
VisualCogA_Task-2,2,F3,0.1,1,0.1,Left,-0.125,0.183579280529365,-0.50977410571184,-0.199644757225093
VisualCogA_Task-2,2,F3,0.1,1,0.1,Left,-0.12109375,0.334089015915894,-0.345619897065448,-0.095478523611629
VisualCogA_Task-2,2,F3,0.1,1,0.1,Left,-0.1171875,0.325468748007144,-0.275473463142181,-0.0822066009088917
VisualCogA_Task-2,2,F3,0.1,1,0.1,Left,-0.11328125,0.172471157663028,-0.277722914448516,-0.137351984228405
VisualCogA_Task-2,2,F3,0.1,1,0.1,Left,-0.109375,-0.0858330163866781,-0.318176697566645,-0.227297430340553
VisualCogA_Task-2,2,F3,0.1,1,0.1,Left,-0.10546875,-0.394882051531156,-0.360753713795249,-0.317518230177967
VisualCogA_Task-2,2,F3,0.1,1,0.1,Left,-0.1015625,-0.696712264562191,-0.375897316315725,-0.380742674367052
VisualCogA_Task-2,2,F3,0.1,1,0.1,Left,-0.09765625,-0.942624348574509,-0.345309425638432,-0.400913117353891
VisualCogA_Task-2,2,F3,0.1,1,0.1,Left,-0.09375,-1.10330126432822,-0.259397762836213,-0.370348728031275
VisualCogA_Task-2,2,F3,0.1,1,0.1,Left,-0.08984375,-1.17364456160309,-0.116722477149087,-0.28794114093114
VisualCogA_Task-2,2,F3,0.1,1,0.1,Left,-0.0859375,-1.17085777157325,0.0695585141343773,-0.16538238490536
VisualCogA_Task-2,2,F3,0.1,1,0.1,Left,-0.08203125,-1.12618051038233,0.272171955911384,-0.0255447781464009
VisualCogA_Task-2,2,F3,0.1,1,0.1,Left,-0.078125,-1.07263425967675,0.463945585378804,0.106979744651426
VisualCogA_Task-2,2,F3,0.1,1,0.1,Left,-0.07421875,-1.03251559111555,0.611632755913859,0.199071519098927
VisualCogA_Task-2,2,F3,0.1,1,0.1,Left,-0.0703125,-1.00861290464658,0.689632939102338,0.218334923377367
VisualCogA_Task-2,2,F3,0.1,1,0.1,Left,-0.06640625,-0.982043270645588,0.695821421041029,0.153331887065989
VisualCogA_Task-2,2,F3,0.1,1,0.1,Left,-0.0625,-0.917512969741057,0.661379163092467,0.0285058691797402
VisualCogA_Task-2,2,F3,0.1,1,0.1,Left,-0.05859375,-0.774406466569995,0.640508568998661,-0.0941434105988598
VisualCogA_Task-2,2,F3,0.1,1,0.1,Left,-0.0546875,-0.520237349834229,0.680988166486719,-0.149162753108018
VisualCogA_Task-2,2,F3,0.1,1,0.1,Left,-0.05078125,-0.142282237042771,0.804334400410002,-0.0837777966232061
VisualCogA_Task-2,2,F3,0.1,1,0.1,Left,-0.046875,0.346135474834853,1.02148284476623,0.123755970704355
VisualCogA_Task-2,2,F3,0.1,1,0.1,Left,-0.04296875,0.906515215759859,1.3528296795246,0.463558695597193
VisualCogA_Task-2,2,F3,0.1,1,0.1,Left,-0.0390625,1.48280576278103,1.79568421505213,0.908255517156375
VisualCogA_Task-2,2,F3,0.1,1,0.1,Left,-0.03515625,2.01344068255674,2.32384017929185,1.41655449360812
VisualCogA_Task-2,2,F3,0.1,1,0.1,Left,-0.03125,2.44430896989097,2.88396569725861,1.94384650567478
VisualCogA_Task-2,2,F3,0.1,1,0.1,Left,-0.02734375,2.73915585198429,3.40404872758325,2.43087355276556
VisualCogA_Task-2,2,F3,0.1,1,0.1,Left,-0.0234375,2.88488429179881,3.82506185206288,2.82016113181675
VisualCogA_Task-2,2,F3,0.1,1,0.1,Left,-0.01953125,2.89083916002355,4.10608985764849,3.07331989932671
VisualCogA_Task-2,2,F3,0.1,1,0.1,Left,-0.015625,2.78289423954002,4.23117884557759,3.17442596354604
VisualCogA_Task-2,2,F3,0.1,1,0.1,Left,-0.01171875,2.59453468141755,4.20700899504188,3.13225259913961
VisualCogA_Task-2,2,F3,0.1,1,0.1,Left,-0.0078125,2.35777856356821,4.05964096445247,2.97302469430448
VisualCogA_Task-2,2,F3,0.1,1,0.1,Left,-0.00390625,2.0965655368444,3.8290224459083,2.73209716004197
VisualCogA_Task-2,2,F3,0.1,1,0.1,Left,0,1.82425390838774,3.56309973474212,2.4537969917943
VisualCogA_Task-2,2,F3,0.1,1,0.1,Left,0.00390625,1.545429574495,3.3096860482565,2.18456235011728
VisualCogA_Task-2,2,F3,0.1,1,0.1,Left,0.0078125,1.26080505166506,3.11188639127888,1.96855396024323
VisualCogA_Task-2,2,F3,0.1,1,0.1,Left,0.01171875,0.973042493428557,2.99463768859724,1.83784176359485
VisualCogA_Task-2,2,F3,0.1,1,0.1,Left,0.015625,0.691181867750909,2.96544508286849,1.8055175018684
VisualCogA_Task-2,2,F3,0.1,1,0.1,Left,0.01953125,0.432030620894767,3.02753442227867,1.87622374073436
VisualCogA_Task-2,2,F3,0.1,1,0.1,Left,0.0234375,0.218112563170003,3.18143758774133,2.05824287980193
VisualCogA_Task-2,2,F3,0.1,1,0.1,Left,0.02734375,0.0731070553792337,3.42801761958512,2.35693145208368
VisualCogA_Task-2,2,F3,0.1,1,0.1,Left,0.03125,0.0166193969899243,3.76625722978312,2.76526447175049
VisualCogA_Task-2,2,F3,0.1,1,0.1,Left,0.03515625,0.0602583484959669,4.18466667677693,3.25485400231216
VisualCogA_Task-2,2,F3,0.1,1,0.1,Left,0.0390625,0.206328722078121,4.6592106927349,3.7850697141134
VisualCogA_Task-2,2,F3,0.1,1,0.1,Left,0.04296875,0.449296839024154,5.16565489425546,4.31478248019176
VisualCogA_Task-2,2,F3,0.1,1,0.1,Left,0.046875,0.779078830903223,5.69259744741144,4.81624330003336
VisualCogA_Task-2,2,F3,0.1,1,0.1,Left,0.05078125,1.18460806879664,6.24573878686223,5.27897673992866
VisualCogA_Task-2,2,F3,0.1,1,0.1,Left,0.0546875,1.65625443443026,6.82961089546348,5.71125287451949
VisualCogA_Task-2,2,F3,0.1,1,0.1,Left,0.05859375,2.18635112299092,7.45288088713384,6.13917709819735
VisualCogA_Task-2,2,F3,0.1,1,0.1,Left,0.0625,2.76796460806862,8.12658354965954,6.59896655987093
VisualCogA_Task-2,2,F3,0.1,1,0.1,Left,0.06640625,3.39272838699615,8.85566611654476,7.12367669858651
VisualCogA_Task-2,2,F3,0.1,1,0.1,Left,0.0703125,4.04881300163646,9.64632485553467,7.73602043509769
VisualCogA_Task-2,2,F3,0.1,1,0.1,Left,0.07421875,4.71990867831065,10.4985339621374,8.43810442065805
VisualCogA_Task-2,2,F3,0.1,1,0.1,Left,0.078125,5.38561377795989,11.4033335239417,9.21433362336401
VisualCogA_Task-2,2,F3,0.1,1,0.1,Left,0.08203125,6.02307765469554,12.3360883120831,10.0360573605331
VisualCogA_Task-2,2,F3,0.1,1,0.1,Left,0.0859375,6.60933074001172,13.2543998360077,10.8664665780139
VisualCogA_Task-2,2,F3,0.1,1,0.1,Left,0.08984375,7.12355818278911,14.1126488161928,11.6645323783958
VisualCogA_Task-2,2,F3,0.1,1,0.1,Left,0.09375,7.54866570984728,14.8743642557647,12.3879159636016
VisualCogA_Task-2,2,F3,0.1,1,0.1,Left,0.09765625,7.87180280395832,15.5148154632814,12.9953915743129
VisualCogA_Task-2,2,F3,0.1,1,0.1,Left,0.1015625,8.08393602864751,16.0025955132427,13.4470952733554
VisualCogA_Task-2,2,F3,0.1,1,0.1,Left,0.10546875,8.17895154329513,16.3051584321189,13.7101380391087
VisualCogA_Task-2,2,F3,0.1,1,0.1,Left,0.109375,8.15297513299627,16.3968067130194,13.7632023823266
VisualCogA_Task-2,2,F3,0.1,1,0.1,Left,0.11328125,8.00456424357327,16.2636058325697,13.5987513071847
VisualCogA_Task-2,2,F3,0.1,1,0.1,Left,0.1171875,7.73615788129524,15.9160516502742,13.2244206987115
VisualCogA_Task-2,2,F3,0.1,1,0.1,Left,0.12109375,7.35671645676568,15.3833961360463,12.6612900806516
VisualCogA_Task-2,2,F3,0.1,1,0.1,Left,0.125,6.88491672275398,14.7080123843611,11.9435989100236
VisualCogA_Task-2,2,F3,0.1,1,0.1,Left,0.12890625,6.35170878379148,13.9405420950962,11.1193360995717
VisualCogA_Task-2,2,F3,0.1,1,0.1,Left,0.1328125,5.8007037616674,13.13961904117,10.2481747967596
VisualCogA_Task-2,2,F3,0.1,1,0.1,Left,0.13671875,5.28501546004832,12.3725844088091,9.39485266061399
VisualCogA_Task-2,2,F3,0.1,1,0.1,Left,0.140625,4.8600245599382,11.7153371160474,8.62879435138375
VisualCogA_Task-2,2,F3,0.1,1,0.1,Left,0.14453125,4.5729923283737,11.2418795306711,8.01687068167326
VisualCogA_Task-2,2,F3,0.1,1,0.1,Left,0.1484375,4.45205878927945,11.0052159831274,7.61067786957351
VisualCogA_Task-2,2,F3,0.1,1,0.1,Left,0.15234375,4.49818310666929,11.0152839081944,7.43326834124946
VisualCogA_Task-2,2,F3,0.1,1,0.1,Left,0.15625,4.68336087235664,11.2264858117864,7.46961489633041
VisualCogA_Task-2,2,F3,0.1,1,0.1,Left,0.16015625,4.95678972802635,11.5518950829521,7.66768720817403
VisualCogA_Task-2,2,F3,0.1,1,0.1,Left,0.1640625,5.25801427892723,11.9020101955501,7.95214966804578
VisualCogA_Task-2,2,F3,0.1,1,0.1,Left,0.16796875,5.53344030064986,12.2049518204326,8.245657934973
VisualCogA_Task-2,2,F3,0.1,1,0.1,Left,0.171875,5.75104731624016,12.4132348348711,8.48636655630278
VisualCogA_Task-2,2,F3,0.1,1,0.1,Left,0.17578125,5.90836142882951,12.514973302864,8.64377628202476
VisualCogA_Task-2,2,F3,0.1,1,0.1,Left,0.1796875,6.03080746268532,12.5318280608082,8.72764795556837
VisualCogA_Task-2,2,F3,0.1,1,0.1,Left,0.18359375,6.16075571989066,12.5351278552971,8.78730370136354
VisualCogA_Task-2,2,F3,0.1,1,0.1,Left,0.1875,6.34076997617934,12.6091343218565,8.89205181971591
VisualCogA_Task-2,2,F3,0.1,1,0.1,Left,0.19140625,6.59658713569956,12.8074168992072,9.09953151545909
VisualCogA_Task-2,2,F3,0.1,1,0.1,Left,0.1953125,6.92548062597625,13.1279407184735,9.41785029860333
VisualCogA_Task-2,2,F3,0.1,1,0.1,Left,0.19921875,7.29384732060988,13.5102192443977,9.7961351399554
VisualCogA_Task-2,2,F3,0.1,1,0.1,Left,0.203125,7.64478008419668,13.8740724963616,10.1505834706177
VisualCogA_Task-2,2,F3,0.1,1,0.1,Left,0.20703125,7.91314654047735,14.1485487441363,10.4005646769552
VisualCogA_Task-2,2,F3,0.1,1,0.1,Left,0.2109375,8.04340869217387,14.3006843227395,10.4994780677709
VisualCogA_Task-2,2,F3,0.1,1,0.1,Left,0.21484375,8.00482081373971,14.3392536047497,10.4451014599968
VisualCogA_Task-2,2,F3,0.1,1,0.1,Left,0.21875,7.79982937111276,14.3090389035853,10.2719369459025
VisualCogA_Task-2,2,F3,0.1,1,0.1,Left,0.22265625,7.46391252702765,14.274611051708,10.0382478961743
VisualCogA_Task-2,2,F3,0.1,1,0.1,Left,0.2265625,7.05777500587958,14.29600993567,9.80971962040559
VisualCogA_Task-2,2,F3,0.1,1,0.1,Left,0.23046875,6.65479992055069,14.4010389495834,9.64442825181022
VisualCogA_Task-2,2,F3,0.1,1,0.1,Left,0.234375,6.32739667851096,14.5643563875594,9.58379857585681
VisualCogA_Task-2,2,F3,0.1,1,0.1,Left,0.23828125,6.13539427159961,14.7505824790886,9.65149593212152
VisualCogA_Task-2,2,F3,0.1,1,0.1,Left,0.2421875,6.11839021590965,14.9637449302281,9.8588718715373
VisualCogA_Task-2,2,F3,0.1,1,0.1,Left,0.24609375,6.29259856501038,15.2391717903236,10.2046478440854
VisualCogA_Task-2,2,F3,0.1,1,0.1,Left,0.25,6.65170468829829,15.6093827300407,10.6762849171508
VisualCogA_Task-2,2,F3,0.1,1,0.1,Left,0.25390625,7.17068878233896,16.0829258322015,11.2514707370673
VisualCogA_Task-2,2,F3,0.1,1,0.1,Left,0.2578125,7.81144073934121,16.6507823812557,11.8998664432176
VisualCogA_Task-2,2,F3,0.1,1,0.1,Left,0.26171875,8.52908657365674,17.2961203769203,12.5898383090653
VisualCogA_Task-2,2,F3,0.1,1,0.1,Left,0.265625,9.27815199697853,17.9994777480115,13.2961457415592
VisualCogA_Task-2,2,F3,0.1,1,0.1,Left,0.26953125,10.0179398874484,18.7440848125081,14.0041621116738
VisualCogA_Task-2,2,F3,0.1,1,0.1,Left,0.2734375,10.7167531504678,19.5176508713465,14.7052804968256
VisualCogA_Task-2,2,F3,0.1,1,0.1,Left,0.27734375,11.3547880550194,20.3077661376863,15.3978589936673
VisualCogA_Task-2,2,F3,0.1,1,0.1,Left,0.28125,11.9255875798135,21.1010833467788,16.0840151878799
VisualCogA_Task-2,2,F3,0.1,1,0.1,Left,0.28515625,12.4358777092668,21.8871428886933,16.7649265728976
VisualCogA_Task-2,2,F3,0.1,1,0.1,Left,0.2890625,12.9035256868031,22.6555182673096,17.4444646710773
VisualCogA_Task-2,2,F3,0.1,1,0.1,Left,0.29296875,13.3534499906119,23.3970528294608,18.1262805831686
VisualCogA_Task-2,2,F3,0.1,1,0.1,Left,0.296875,13.8117211452723,24.1084003907734,18.8133268336666
VisualCogA_Task-2,2,F3,0.1,1,0.1,Left,0.30078125,14.2987773086781,24.7965994548015,19.5046933354546
VisualCogA_Task-2,2,F3,0.1,1,0.1,Left,0.3046875,14.8233637146671,25.4745777101776,20.1917673002318
VisualCogA_Task-2,2,F3,0.1,1,0.1,Left,0.30859375,15.3790898565885,26.1540612531633,20.8622325958378
VisualCogA_Task-2,2,F3,0.1,1,0.1,Left,0.3125,15.9450748392102,26.8375163109323,21.5064278085434
VisualCogA_Task-2,2,F3,0.1,1,0.1,Left,0.31640625,16.4910122786571,27.5066354309019,22.1123760626289
VisualCogA_Task-2,2,F3,0.1,1,0.1,Left,0.3203125,16.9854905582866,28.1347612357897,22.6634128002628
VisualCogA_Task-2,2,F3,0.1,1,0.1,Left,0.32421875,17.4051442963823,28.7024082019997,23.1457025736223
VisualCogA_Task-2,2,F3,0.1,1,0.1,Left,0.328125,17.7417408604992,29.196198693064,23.5478033064883
VisualCogA_Task-2,2,F3,0.1,1,0.1,Left,0.33203125,18.0048660082214,29.6144297133717,23.8695934477213
VisualCogA_Task-2,2,F3,0.1,1,0.1,Left,0.3359375,18.2192810311274,29.967467101359,24.1332823290899
VisualCogA_Task-2,2,F3,0.1,1,0.1,Left,0.33984375,18.4177526400934,30.2827448029707,24.3739421218776
VisualCogA_Task-2,2,F3,0.1,1,0.1,Left,0.34375,18.6315734336814,30.5932934931248,24.6305914550176
VisualCogA_Task-2,2,F3,0.1,1,0.1,Left,0.34765625,18.8816219859875,30.9247758358042,24.9390404615518
VisualCogA_Task-2,2,F3,0.1,1,0.1,Left,0.3515625,19.1725115171583,31.2940048219624,25.3217877636026
VisualCogA_Task-2,2,F3,0.1,1,0.1,Left,0.35546875,19.4913358286162,31.6991156483915,25.7746359530463
VisualCogA_Task-2,2,F3,0.1,1,0.1,Left,0.359375,19.8111436221561,32.1162719481784,26.2631644973193
VisualCogA_Task-2,2,F3,0.1,1,0.1,Left,0.36328125,20.0979935569273,32.5030543163828,26.7257105572853
VisualCogA_Task-2,2,F3,0.1,1,0.1,Left,0.3671875,20.3195871523843,32.8048198657733,27.0917349159446
VisualCogA_Task-2,2,F3,0.1,1,0.1,Left,0.37109375,20.4531978917536,32.9633502983179,27.3004763322468
VisualCogA_Task-2,2,F3,0.1,1,0.1,Left,0.375,20.4909119286198,32.9380453803779,27.317434059475
VisualCogA_Task-2,2,F3,0.1,1,0.1,Left,0.37890625,20.4409643259621,32.7224321175359,27.1391046523891
VisualCogA_Task-2,2,F3,0.1,1,0.1,Left,0.3828125,20.325020235303,32.3548451750425,26.7968928790722
VisualCogA_Task-2,2,F3,0.1,1,0.1,Left,0.38671875,20.1723738753209,31.9059320784389,26.3549133819712
VisualCogA_Task-2,2,F3,0.1,1,0.1,Left,0.390625,20.0129275445508,31.4629116976813,25.8863552287802
VisualCogA_Task-2,2,F3,0.1,1,0.1,Left,0.39453125,19.8711808852096,31.1071352009579,25.4538904151711
VisualCogA_Task-2,2,F3,0.1,1,0.1,Left,0.3984375,19.7631298477074,30.897068504923,25.1051168180097
VisualCogA_Task-2,2,F3,0.1,1,0.1,Left,0.40234375,19.6969810076645,30.8582616780738,24.8664845198529
VisualCogA_Task-2,2,F3,0.1,1,0.1,Left,0.40625,19.6772147664845,30.9829087908645,24.737698394413
VisualCogA_Task-2,2,F3,0.1,1,0.1,Left,0.41015625,19.7102474875247,31.2383735797545,24.7035743439929
VisualCogA_Task-2,2,F3,0.1,1,0.1,Left,0.4140625,19.8092407954669,31.5813256048075,24.748930905084
VisualCogA_Task-2,2,F3,0.1,1,0.1,Left,0.41796875,19.9958121336341,31.9763346460326,24.8702448571227
VisualCogA_Task-2,2,F3,0.1,1,0.1,Left,0.421875,20.297516879977,32.4151438787455,25.0801609769733
VisualCogA_Task-2,2,F3,0.1,1,0.1,Left,0.42578125,20.7416302922744,32.9247246874176,25.4114602437921
VisualCogA_Task-2,2,F3,0.1,1,0.1,Left,0.4296875,21.3473205167611,33.5491414319794,25.9086094336107
VisualCogA_Task-2,2,F3,0.1,1,0.1,Left,0.43359375,22.1191064492081,34.3326283261237,26.6267380838667
VisualCogA_Task-2,2,F3,0.1,1,0.1,Left,0.4375,23.044136218191,35.3048731762915,27.612446598643
VisualCogA_Task-2,2,F3,0.1,1,0.1,Left,0.44140625,24.094385389357,36.4688180820222,28.8681252850639
VisualCogA_Task-2,2,F3,0.1,1,0.1,Left,0.4453125,25.2329383614113,37.7958883588437,30.3441567823031
VisualCogA_Task-2,2,F3,0.1,1,0.1,Left,0.44921875,26.4219302556488,39.2311991707327,31.9698464658666
VisualCogA_Task-2,2,F3,0.1,1,0.1,Left,0.453125,27.6292150444084,40.7076141650281,33.6379548746121
VisualCogA_Task-2,2,F3,0.1,1,0.1,Left,0.45703125,28.8316231885236,42.1640127135423,35.2578923617038
VisualCogA_Task-2,2,F3,0.1,1,0.1,Left,0.4609375,30.0143838305082,43.5614700704692,36.7803727998495
VisualCogA_Task-2,2,F3,0.1,1,0.1,Left,0.46484375,31.1680756908951,44.884024559247,38.1917506557392
VisualCogA_Task-2,2,F3,0.1,1,0.1,Left,0.46875,32.2854817913789,46.1349900934151,39.4925336773441
VisualCogA_Task-2,2,F3,0.1,1,0.1,Left,0.47265625,33.360508432326,47.3334964751296,40.6926921729054
VisualCogA_Task-2,2,F3,0.1,1,0.1,Left,0.4765625,34.3900481633015,48.5069724977491,41.81367109906
VisualCogA_Task-2,2,F3,0.1,1,0.1,Left,0.48046875,35.3779726869032,49.681962515602,42.8757688417816
VisualCogA_Task-2,2,F3,0.1,1,0.1,Left,0.484375,36.3391425876661,50.8821460026098,43.8938271811305
VisualCogA_Task-2,2,F3,0.1,1,0.1,Left,0.48828125,37.3010039940353,52.1271398379966,44.8964590266889
VisualCogA_Task-2,2,F3,0.1,1,0.1,Left,0.4921875,38.3011363702239,53.426163548758,45.9297546715548
VisualCogA_Task-2,2,F3,0.1,1,0.1,Left,0.49609375,39.3806740218169,54.7883614436443,47.0429856632186
VisualCogA_Task-2,2,F3,0.1,1,0.1,Left,0.5,40.5752086950952,56.2388104628141,48.2884443531132
VisualCogA_Task-2,2,F3,0.1,1,0.1,Left,0.50390625,41.9059414401814,57.8050991300581,49.7119243938201
VisualCogA_Task-2,2,F3,0.1,1,0.1,Left,0.5078125,43.3740674778421,59.4825931138698,51.3245787144793
VisualCogA_Task-2,2,F3,0.1,1,0.1,Left,0.51171875,44.9605708202053,61.2380100641778,53.0916822781871
VisualCogA_Task-2,2,F3,0.1,1,0.1,Left,0.515625,46.6320225362507,63.0320766856153,54.9475823057706
VisualCogA_Task-2,2,F3,0.1,1,0.1,Left,0.51953125,48.3510881107827,64.8151758520132,56.8169382172641
VisualCogA_Task-2,2,F3,0.1,1,0.1,Left,0.5234375,50.0888220807374,66.5410430276172,58.6332362557143
VisualCogA_Task-2,2,F3,0.1,1,0.1,Left,0.52734375,51.8349882333353,68.1982250379879,60.357851329588
VisualCogA_Task-2,2,F3,0.1,1,0.1,Left,0.53125,53.6029299332962,69.819849990129,62.0043301595752
VisualCogA_Task-2,2,F3,0.1,1,0.1,Left,0.53515625,55.4269474231919,71.4585511814246,63.6266982959804
VisualCogA_Task-2,2,F3,0.1,1,0.1,Left,0.5390625,57.3523590707042,73.176827714767,65.3021354137431
VisualCogA_Task-2,2,F3,0.1,1,0.1,Left,0.54296875,59.4207640102052,75.0403464102993,67.1095221755887
VisualCogA_Task-2,2,F3,0.1,1,0.1,Left,0.546875,61.6547100955965,77.1026051448345,69.1056766231417
VisualCogA_Task-2,2,F3,0.1,1,0.1,Left,0.55078125,64.0463970217748,79.3922244070805,71.3072347172181
VisualCogA_Task-2,2,F3,0.1,1,0.1,Left,0.5546875,66.5540091855575,81.9030947098169,73.6818420862955
VisualCogA_Task-2,2,F3,0.1,1,0.1,Left,0.55859375,69.107077482367,84.5807260025006,76.1548443833147
VisualCogA_Task-2,2,F3,0.1,1,0.1,Left,0.5625,71.6196207819945,87.3107522073427,78.6238456303972
VisualCogA_Task-2,2,F3,0.1,1,0.1,Left,0.56640625,74.0075738058237,89.9231317444573,80.9819211774366
VisualCogA_Task-2,2,F3,0.1,1,0.1,Left,0.5703125,76.2058657512562,92.2672537624179,83.1426053490847
VisualCogA_Task-2,2,F3,0.1,1,0.1,Left,0.57421875,78.1807723294323,94.2678008294403,85.0551880199286
VisualCogA_Task-2,2,F3,0.1,1,0.1,Left,0.578125,79.9346500390033,95.9302298161689,86.7201203074461
VisualCogA_Task-2,2,F3,0.1,1,0.1,Left,0.58203125,81.5023339589227,97.3285607640464,88.1831477773668
VisualCogA_Task-2,2,F3,0.1,1,0.1,Left,0.5859375,82.9406475928831,98.5658514772823,89.5102576035902
VisualCogA_Task-2,2,F3,0.1,1,0.1,Left,0.58984375,84.3140312293324,99.7392113834067,90.775208212582
VisualCogA_Task-2,2,F3,0.1,1,0.1,Left,0.59375,85.6798967081337,100.922340576273,92.0343951140483
VisualCogA_Task-2,2,F3,0.1,1,0.1,Left,0.59765625,87.0769293019453,102.160032452768,93.3183666309111
VisualCogA_Task-2,2,F3,0.1,1,0.1,Left,0.6015625,88.5184213906238,103.456022557837,94.6318815714842
VisualCogA_Task-2,2,F3,0.1,1,0.1,Left,0.60546875,89.9912465342241,104.796681851267,95.9623526896076
VisualCogA_Task-2,2,F3,0.1,1,0.1,Left,0.609375,91.4597178366456,106.145641795868,97.2937027596483
VisualCogA_Task-2,2,F3,0.1,1,0.1,Left,0.61328125,92.8726848221743,107.449720618333,98.6055309870989
VisualCogA_Task-2,2,F3,0.1,1,0.1,Left,0.6171875,94.1719763654801,108.663033128759,99.866333928526
VisualCogA_Task-2,2,F3,0.1,1,0.1,Left,0.62109375,95.300621385378,109.754813916246,101.037195548132
VisualCogA_Task-2,2,F3,0.1,1,0.1,Left,0.625,96.2099100829645,110.710056999945,102.078962366978
VisualCogA_Task-2,2,F3,0.1,1,0.1,Left,0.62890625,96.864968012749,111.51464575649,102.958717511321
VisualCogA_Task-2,2,F3,0.1,1,0.1,Left,0.6328125,97.2488592594001,112.160380035134,103.65394759428
VisualCogA_Task-2,2,F3,0.1,1,0.1,Left,0.63671875,97.3652506426115,112.632033006924,104.154132132683
VisualCogA_Task-2,2,F3,0.1,1,0.1,Left,0.640625,97.2394712775489,112.933299871813,104.458554283075
VisualCogA_Task-2,2,F3,0.1,1,0.1,Left,0.64453125,96.9175942314903,113.099054969166,104.569010030262
VisualCogA_Task-2,2,F3,0.1,1,0.1,Left,0.6484375,96.4631299096612,113.145575751661,104.480664641488
VisualCogA_Task-2,2,F3,0.1,1,0.1,Left,0.65234375,95.951143243668,113.074847952929,104.208684477036
VisualCogA_Task-2,2,F3,0.1,1,0.1,Left,0.65625,95.4600743827648,112.910817346587,103.805107797398
VisualCogA_Task-2,2,F3,0.1,1,0.1,Left,0.66015625,95.0621530636074,112.687958977685,103.350485021634
VisualCogA_Task-2,2,F3,0.1,1,0.1,Left,0.6640625,94.8138762143939,112.43243747566,102.944731298096
VisualCogA_Task-2,2,F3,0.1,1,0.1,Left,0.66796875,94.7483461735701,112.180936408802,102.664905766916
VisualCogA_Task-2,2,F3,0.1,1,0.1,Left,0.671875,94.871138295603,111.989156311195,102.54758773074
VisualCogA_Task-2,2,F3,0.1,1,0.1,Left,0.67578125,95.1606966566772,111.910707099796,102.594369402414
VisualCogA_Task-2,2,F3,0.1,1,0.1,Left,0.6796875,95.5731773300961,111.97645615118,102.782219124286
VisualCogA_Task-2,2,F3,0.1,1,0.1,Left,0.68359375,96.0505258350914,112.17685102116,103.071159784802
VisualCogA_Task-2,2,F3,0.1,1,0.1,Left,0.6875,96.5298311357973,112.471054205778,103.414911039863
VisualCogA_Task-2,2,F3,0.1,1,0.1,Left,0.69140625,96.9519423781935,112.802771672099,103.761890729904
VisualCogA_Task-2,2,F3,0.1,1,0.1,Left,0.6953125,97.2679431627355,113.115958181281,104.05964081665
VisualCogA_Task-2,2,F3,0.1,1,0.1,Left,0.69921875,97.4430104604892,113.360624990044,104.247952648512
VisualCogA_Task-2,2,F3,0.1,1,0.1,Left,0.703125,97.4579823331595,113.491248530515,104.271015049411
VisualCogA_Task-2,2,F3,0.1,1,0.1,Left,0.70703125,97.3093061224126,113.48499364322,104.101918614031
VisualCogA_Task-2,2,F3,0.1,1,0.1,Left,0.7109375,97.0079189840896,113.325205529511,103.748742639069
VisualCogA_Task-2,2,F3,0.1,1,0.1,Left,0.71484375,96.5772630579994,113.009951568999,103.243224694142
VisualCogA_Task-2,2,F3,0.1,1,0.1,Left,0.71875,96.0503707447036,112.558362379193,102.626278435669
VisualCogA_Task-2,2,F3,0.1,1,0.1,Left,0.72265625,95.4659701513254,112.00546142769,101.947984913519
VisualCogA_Task-2,2,F3,0.1,1,0.1,Left,0.7265625,94.863851048822,111.400522479242,101.257619138235
VisualCogA_Task-2,2,F3,0.1,1,0.1,Left,0.73046875,94.2801222028017,110.79943260352,100.607024603518
VisualCogA_Task-2,2,F3,0.1,1,0.1,Left,0.734375,93.7432495483234,110.247551663335,100.041981167075
VisualCogA_Task-2,2,F3,0.1,1,0.1,Left,0.73828125,93.27172172662,109.777161920061,99.5850749391044
VisualCogA_Task-2,2,F3,0.1,1,0.1,Left,0.7421875,92.8738112848223,109.403291309329,99.2360108744263
VisualCogA_Task-2,2,F3,0.1,1,0.1,Left,0.74609375,92.5492995842377,109.116755280511,98.9760611874132
VisualCogA_Task-2,2,F3,0.1,1,0.1,Left,0.75,92.292425825534,108.899949941865,98.781733775567
VisualCogA_Task-2,2,F3,0.1,1,0.1,Left,0.75390625,92.0949371369154,108.730858201528,98.6257127606704
VisualCogA_Task-2,2,F3,0.1,1,0.1,Left,0.7578125,91.9481139031905,108.587943789027,98.4837555465143
VisualCogA_Task-2,2,F3,0.1,1,0.1,Left,0.76171875,91.8430451569365,108.456042287153,98.3405786372597
VisualCogA_Task-2,2,F3,0.1,1,0.1,Left,0.765625,91.7691199551033,108.331978721287,98.1934079641082
VisualCogA_Task-2,2,F3,0.1,1,0.1,Left,0.76953125,91.7114768273452,108.223559463277,98.0518182967658
VisualCogA_Task-2,2,F3,0.1,1,0.1,Left,0.7734375,91.6487730689826,108.138410088206,97.9330038181025
VisualCogA_Task-2,2,F3,0.1,1,0.1,Left,0.77734375,91.5528706416662,108.083064285543,97.8518973581829
VisualCogA_Task-2,2,F3,0.1,1,0.1,Left,0.78125,91.3917172149091,108.060067038868,97.7989559202008
VisualCogA_Task-2,2,F3,0.1,1,0.1,Left,0.78515625,91.1357723511354,108.052367826349,97.7451885087609
VisualCogA_Task-2,2,F3,0.1,1,0.1,Left,0.7890625,90.7668907837199,108.03228715815,97.6626172074659
VisualCogA_Task-2,2,F3,0.1,1,0.1,Left,0.79296875,90.2868975519826,107.973301005535,97.5365230378821
VisualCogA_Task-2,2,F3,0.1,1,0.1,Left,0.796875,89.7215706191754,107.866923642402,97.3655784897495
VisualCogA_Task-2,2,F3,0.1,1,0.1,Left,0.80078125,89.1148329239643,107.730148129915,97.1721474100122
VisualCogA_Task-2,2,F3,0.1,1,0.1,Right,-0.19921875,-5.94953990846431,-6.06685906205108,-5.28443840133569
VisualCogA_Task-2,2,F3,0.1,1,0.1,Right,-0.1953125,-5.64454263261339,-6.02719271778817,-5.21574794267209
VisualCogA_Task-2,2,F3,0.1,1,0.1,Right,-0.19140625,-5.35722122224243,-6.00381635245385,-5.16049028564477
VisualCogA_Task-2,2,F3,0.1,1,0.1,Right,-0.1875,-5.10082013207327,-5.99748025847223,-5.12046740769324
VisualCogA_Task-2,2,F3,0.1,1,0.1,Right,-0.18359375,-4.87560220509397,-5.99053953183708,-5.08013118542589
VisualCogA_Task-2,2,F3,0.1,1,0.1,Right,-0.1796875,-4.67042915825496,-5.95501730214824,-5.0126072553572
VisualCogA_Task-2,2,F3,0.1,1,0.1,Right,-0.17578125,-4.46992077050814,-5.85693419559983,-4.88812551546138
VisualCogA_Task-2,2,F3,0.1,1,0.1,Right,-0.171875,-4.26268588208211,-5.66406080726514,-4.68544285720535
VisualCogA_Task-2,2,F3,0.1,1,0.1,Right,-0.16796875,-4.04712257461143,-5.36579490461889,-4.4046903757281
VisualCogA_Task-2,2,F3,0.1,1,0.1,Right,-0.1640625,-3.83290168206796,-5.00111112695323,-4.07780331105061
VisualCogA_Task-2,2,F3,0.1,1,0.1,Right,-0.16015625,-3.63800813435245,-4.63011397855097,-3.76424667075655
VisualCogA_Task-2,2,F3,0.1,1,0.1,Right,-0.15625,-3.48264807968283,-4.32169379878907,-3.52889499347462
VisualCogA_Task-2,2,F3,0.1,1,0.1,Right,-0.15234375,-3.38211721253079,-4.11988173996116,-3.41808258598554
VisualCogA_Task-2,2,F3,0.1,1,0.1,Right,-0.1484375,-3.3407921427122,-4.02307126518935,-3.43440903013594
VisualCogA_Task-2,2,F3,0.1,1,0.1,Right,-0.14453125,-3.34889921773031,-4.02500781958827,-3.5378486473648
VisualCogA_Task-2,2,F3,0.1,1,0.1,Right,-0.140625,-3.38289052970401,-4.10728855314585,-3.69360490676839
VisualCogA_Task-2,2,F3,0.1,1,0.1,Right,-0.13671875,-3.40935757946349,-4.23101821513484,-3.87298676658681
VisualCogA_Task-2,2,F3,0.1,1,0.1,Right,-0.1328125,-3.39160840685107,-4.33664416310174,-4.02548889730968
VisualCogA_Task-2,2,F3,0.1,1,0.1,Right,-0.12890625,-3.29743404507157,-4.36118683614427,-4.09374186780841
VisualCogA_Task-2,2,F3,0.1,1,0.1,Right,-0.125,-3.10628523593995,-4.25923318036636,-4.03187945416097
VisualCogA_Task-2,2,F3,0.1,1,0.1,Right,-0.12109375,-2.81414913188563,-4.00986088233715,-3.81971506985295
VisualCogA_Task-2,2,F3,0.1,1,0.1,Right,-0.1171875,-2.43488830798305,-3.62242469471239,-3.46702714475287
VisualCogA_Task-2,2,F3,0.1,1,0.1,Right,-0.11328125,-1.99761291204528,-3.14049412345771,-3.01872191129894
VisualCogA_Task-2,2,F3,0.1,1,0.1,Right,-0.109375,-1.5406191876747,-2.62374079670776,-2.53523095638092
VisualCogA_Task-2,2,F3,0.1,1,0.1,Right,-0.10546875,-1.10328711222761,-2.1394051400884,-2.08542210718579
VisualCogA_Task-2,2,F3,0.1,1,0.1,Right,-0.1015625,-0.717836468290596,-1.74586719922815,-1.72950573615593
VisualCogA_Task-2,2,F3,0.1,1,0.1,Right,-0.09765625,-0.402840205861759,-1.4808461291097,-1.50673128587362
VisualCogA_Task-2,2,F3,0.1,1,0.1,Right,-0.09375,-0.159888600459625,-1.35172795907047,-1.42714895052342
VisualCogA_Task-2,2,F3,0.1,1,0.1,Right,-0.08984375,0.026048115584621,-1.32374560600533,-1.45680469714151
VisualCogA_Task-2,2,F3,0.1,1,0.1,Right,-0.0859375,0.182926407443215,-1.32390615514979,-1.52436146822398
VisualCogA_Task-2,2,F3,0.1,1,0.1,Right,-0.08203125,0.345682032892949,-1.26833582970134,-1.54105289516034
VisualCogA_Task-2,2,F3,0.1,1,0.1,Right,-0.078125,0.549431945822645,-1.07517209252038,-1.41495394256834
VisualCogA_Task-2,2,F3,0.1,1,0.1,Right,-0.07421875,0.823158372639721,-0.676218487378879,-1.06742789085785
VisualCogA_Task-2,2,F3,0.1,1,0.1,Right,-0.0703125,1.18486866729008,-0.0340749871247517,-0.454769197125859
VisualCogA_Task-2,2,F3,0.1,1,0.1,Right,-0.06640625,1.63880408956315,0.8461977053426,0.413038658841632
VisualCogA_Task-2,2,F3,0.1,1,0.1,Right,-0.0625,2.17491284797738,1.91526914036277,1.47133424886552
VisualCogA_Task-2,2,F3,0.1,1,0.1,Right,-0.05859375,2.77054595860384,3.09172914758099,2.63085164527219
VisualCogA_Task-2,2,F3,0.1,1,0.1,Right,-0.0546875,3.39412405362551,4.28424745271179,3.79956758606723
VisualCogA_Task-2,2,F3,0.1,1,0.1,Right,-0.05078125,4.01028387726093,5.41500354898012,4.90448561561064
VisualCogA_Task-2,2,F3,0.1,1,0.1,Right,-0.046875,4.58572772170791,6.42869280663424,5.90011777807994
VisualCogA_Task-2,2,F3,0.1,1,0.1,Right,-0.04296875,5.09474037205398,7.30628199078778,6.76819416910127
VisualCogA_Task-2,2,F3,0.1,1,0.1,Right,-0.0390625,5.52323706044776,8.04621822568252,7.51047954521611
VisualCogA_Task-2,2,F3,0.1,1,0.1,Right,-0.03515625,5.87038128998685,8.65450885080035,8.13222449850042
VisualCogA_Task-2,2,F3,0.1,1,0.1,Right,-0.03125,6.14730279502131,9.14442960055214,8.62798314640691
VisualCogA_Task-2,2,F3,0.1,1,0.1,Right,-0.02734375,6.3731762248785,9.5367044098054,8.99638649851868
VisualCogA_Task-2,2,F3,0.1,1,0.1,Right,-0.0234375,6.56969911101052,9.85408025134272,9.25367267157926
VisualCogA_Task-2,2,F3,0.1,1,0.1,Right,-0.01953125,6.75557516713761,10.1211837931487,9.43574893364984
VisualCogA_Task-2,2,F3,0.1,1,0.1,Right,-0.015625,6.94272867121318,10.3602794833975,9.58304776453843
VisualCogA_Task-2,2,F3,0.1,1,0.1,Right,-0.01171875,7.13553275470197,10.5928102607038,9.73013602809261
VisualCogA_Task-2,2,F3,0.1,1,0.1,Right,-0.0078125,7.3334047219379,10.844359974268,9.90588813036942
VisualCogA_Task-2,2,F3,0.1,1,0.1,Right,-0.00390625,7.53596593056824,11.1407839045279,10.1386173011532
VisualCogA_Task-2,2,F3,0.1,1,0.1,Right,0,7.74894675036577,11.5059657094764,10.4588276088862
VisualCogA_Task-2,2,F3,0.1,1,0.1,Right,0.00390625,7.98848805542292,11.9649752677572,10.8939786238408
VisualCogA_Task-2,2,F3,0.1,1,0.1,Right,0.0078125,8.28167693136117,12.5341976736569,11.4620996340408
VisualCogA_Task-2,2,F3,0.1,1,0.1,Right,0.01171875,8.66209334816831,13.2078342595023,12.1529729166606
VisualCogA_Task-2,2,F3,0.1,1,0.1,Right,0.015625,9.16065829021772,13.9548635288177,12.9288244157037
VisualCogA_Task-2,2,F3,0.1,1,0.1,Right,0.01953125,9.79378225899529,14.7279867292883,13.7291551454014
VisualCogA_Task-2,2,F3,0.1,1,0.1,Right,0.0234375,10.5521975114738,15.4774524504486,14.4956146444921
VisualCogA_Task-2,2,F3,0.1,1,0.1,Right,0.02734375,11.3943865820523,16.1581510862413,15.1710445800796
VisualCogA_Task-2,2,F3,0.1,1,0.1,Right,0.03125,12.247830809482,16.724509159457,15.6913381610476
VisualCogA_Task-2,2,F3,0.1,1,0.1,Right,0.03515625,13.0193862784581,17.125871609902,16.006540004904
VisualCogA_Task-2,2,F3,0.1,1,0.1,Right,0.0390625,13.6133939224143,17.3057738914721,16.0735366877427
VisualCogA_Task-2,2,F3,0.1,1,0.1,Right,0.04296875,13.9534717692197,17.2237294402698,15.8645647161661
VisualCogA_Task-2,2,F3,0.1,1,0.1,Right,0.046875,14.0022718877148,16.8682383328735,15.3833995573157
VisualCogA_Task-2,2,F3,0.1,1,0.1,Right,0.05078125,13.7735212084601,16.2631370965595,14.6692293857159
VisualCogA_Task-2,2,F3,0.1,1,0.1,Right,0.0546875,13.3325482952471,15.4814540654212,13.79991947173
VisualCogA_Task-2,2,F3,0.1,1,0.1,Right,0.05859375,12.7846925337674,14.6502953839294,12.8925454215546
VisualCogA_Task-2,2,F3,0.1,1,0.1,Right,0.0625,12.2544535377469,13.9251344183933,12.1007799479166
VisualCogA_Task-2,2,F3,0.1,1,0.1,Right,0.06640625,11.8608078159594,13.4604991432393,11.5714126823745
VisualCogA_Task-2,2,F3,0.1,1,0.1,Right,0.0703125,11.6949731973756,13.3701865435295,11.4179620244621
VisualCogA_Task-2,2,F3,0.1,1,0.1,Right,0.07421875,11.8058542950753,13.6978765920459,11.6929328617126
VisualCogA_Task-2,2,F3,0.1,1,0.1,Right,0.078125,12.1959356565748,14.4193769240033,12.3838670302894
VisualCogA_Task-2,2,F3,0.1,1,0.1,Right,0.08203125,12.8274075367783,15.4539865160912,13.4153499530328
VisualCogA_Task-2,2,F3,0.1,1,0.1,Right,0.0859375,13.6357604790152,16.682316467239,14.6671295335986
VisualCogA_Task-2,2,F3,0.1,1,0.1,Right,0.08984375,14.5466286822823,17.9743468898418,16.0071117275734
VisualCogA_Task-2,2,F3,0.1,1,0.1,Right,0.09375,15.4915144422124,19.2248394274583,17.3224289352423
VisualCogA_Task-2,2,F3,0.1,1,0.1,Right,0.09765625,16.4189977010346,20.3710188567083,18.5417393942851
VisualCogA_Task-2,2,F3,0.1,1,0.1,Right,0.1015625,17.2996871922291,21.4000184736126,19.6280380911435
VisualCogA_Task-2,2,F3,0.1,1,0.1,Right,0.10546875,18.1249867232812,22.3369272591388,20.5916540226742
VisualCogA_Task-2,2,F3,0.1,1,0.1,Right,0.109375,18.9012669363856,23.2262856098924,21.4812092687495
VisualCogA_Task-2,2,F3,0.1,1,0.1,Right,0.11328125,19.6419149417565,24.1175129152002,22.3565907842248
VisualCogA_Task-2,2,F3,0.1,1,0.1,Right,0.1171875,20.359828509221,25.0620828379899,23.250541154288
VisualCogA_Task-2,2,F3,0.1,1,0.1,Right,0.12109375,21.0622885048461,26.0738034208684,24.1592932552822
VisualCogA_Task-2,2,F3,0.1,1,0.1,Right,0.125,21.7490501423593,27.1065140319144,25.0477023568002
VisualCogA_Task-2,2,F3,0.1,1,0.1,Right,0.12890625,22.4133399423499,28.0934002932248,25.8716021237226
VisualCogA_Task-2,2,F3,0.1,1,0.1,Right,0.1328125,23.0446235014948,28.9770200277685,26.5969085479737
VisualCogA_Task-2,2,F3,0.1,1,0.1,Right,0.13671875,23.6317542003824,29.722336002942,27.2067669041565
VisualCogA_Task-2,2,F3,0.1,1,0.1,Right,0.140625,24.1654192992619,30.3158874600313,27.6986039120503
VisualCogA_Task-2,2,F3,0.1,1,0.1,Right,0.14453125,24.6394488005928,30.7631938074282,28.0736680267672
VisualCogA_Task-2,2,F3,0.1,1,0.1,Right,0.1484375,25.0512241068416,31.0868288479108,28.3357422610245
VisualCogA_Task-2,2,F3,0.1,1,0.1,Right,0.15234375,25.4018281547535,31.3237077786143,28.5082807759681
VisualCogA_Task-2,2,F3,0.1,1,0.1,Right,0.15625,25.6965565236945,31.5055880591174,28.6392318303409
VisualCogA_Task-2,2,F3,0.1,1,0.1,Right,0.16015625,25.9459813280095,31.667025570584,28.7862181769464
VisualCogA_Task-2,2,F3,0.1,1,0.1,Right,0.1640625,26.1671294032257,31.8542372725412,29.0002802625562
VisualCogA_Task-2,2,F3,0.1,1,0.1,Right,0.16796875,26.3838293513653,32.1119679863257,29.3242680908376
VisualCogA_Task-2,2,F3,0.1,1,0.1,Right,0.171875,26.6252241933186,32.4794317980211,29.7804169739876
VisualCogA_Task-2,2,F3,0.1,1,0.1,Right,0.17578125,26.9219973365714,32.9800380239749,30.3710873561891
VisualCogA_Task-2,2,F3,0.1,1,0.1,Right,0.1796875,27.3008749167865,33.6120071751802,31.0759072669295
VisualCogA_Task-2,2,F3,0.1,1,0.1,Right,0.18359375,27.7789925576684,34.3493841956807,31.8591413722986
VisualCogA_Task-2,2,F3,0.1,1,0.1,Right,0.1875,28.3601746090533,35.1544392820412,32.6773620721681
VisualCogA_Task-2,2,F3,0.1,1,0.1,Right,0.19140625,29.0347008076448,35.9861708179915,33.4863541884381
VisualCogA_Task-2,2,F3,0.1,1,0.1,Right,0.1953125,29.7828340371012,36.8111477178923,34.2537227115478
VisualCogA_Task-2,2,F3,0.1,1,0.1,Right,0.19921875,30.5808344517627,37.6097519297117,34.9775380340882
VisualCogA_Task-2,2,F3,0.1,1,0.1,Right,0.203125,31.4071465801903,38.3767823475191,35.6768543979984
VisualCogA_Task-2,2,F3,0.1,1,0.1,Right,0.20703125,32.2464278842828,39.1114105581872,36.3621426058377
VisualCogA_Task-2,2,F3,0.1,1,0.1,Right,0.2109375,33.0900805372471,39.8082930981001,37.0331219606083
VisualCogA_Task-2,2,F3,0.1,1,0.1,Right,0.21484375,33.9334575265507,40.4608535737261,37.6769365988339
VisualCogA_Task-2,2,F3,0.1,1,0.1,Right,0.21875,34.7712485455783,41.0651403003216,38.276600381442
VisualCogA_Task-2,2,F3,0.1,1,0.1,Right,0.22265625,35.5931758547865,41.62016087075,38.8144164076251
VisualCogA_Task-2,2,F3,0.1,1,0.1,Right,0.2265625,36.381883878871,42.1238071077544,39.2780962681233
VisualCogA_Task-2,2,F3,0.1,1,0.1,Right,0.23046875,37.113997600829,42.5804778094777,39.6655119636403
VisualCogA_Task-2,2,F3,0.1,1,0.1,Right,0.234375,37.7641619670094,43.0043684387275,39.9863706661739
VisualCogA_Task-2,2,F3,0.1,1,0.1,Right,0.23828125,38.3108551790783,43.4127116286526,40.261946168522
VisualCogA_Task-2,2,F3,0.1,1,0.1,Right,0.2421875,38.7421488513389,43.8172342179306,40.525379353057
VisualCogA_Task-2,2,F3,0.1,1,0.1,Right,0.24609375,39.0594685278813,44.2225817865028,40.8102767500931
VisualCogA_Task-2,2,F3,0.1,1,0.1,Right,0.25,39.2777942176346,44.6249910790776,41.1235670046625
VisualCogA_Task-2,2,F3,0.1,1,0.1,Right,0.25390625,39.4215912608504,45.0135892501993,41.4511954968637
VisualCogA_Task-2,2,F3,0.1,1,0.1,Right,0.2578125,39.5169754051982,45.3727032882885,41.7645616531098
VisualCogA_Task-2,2,F3,0.1,1,0.1,Right,0.26171875,39.5819679509022,45.683362183926,42.0256270361846
VisualCogA_Task-2,2,F3,0.1,1,0.1,Right,0.265625,39.6178019592228,45.9230059754139,42.2088565182232
VisualCogA_Task-2,2,F3,0.1,1,0.1,Right,0.26953125,39.6046175473081,46.0639804761953,42.2904376553633
VisualCogA_Task-2,2,F3,0.1,1,0.1,Right,0.2734375,39.5041442170868,46.0730275799042,42.2446898225657
VisualCogA_Task-2,2,F3,0.1,1,0.1,Right,0.27734375,39.270058471879,45.9146561930794,42.0457242392387
VisualCogA_Task-2,2,F3,0.1,1,0.1,Right,0.28125,38.8640747035207,45.5601113241921,41.6721524908389
VisualCogA_Task-2,2,F3,0.1,1,0.1,Right,0.28515625,38.2733776791977,45.0007253036839,41.1205421952354
VisualCogA_Task-2,2,F3,0.1,1,0.1,Right,0.2890625,37.5237773874629,44.2611856858788,40.4169951807464
VisualCogA_Task-2,2,F3,0.1,1,0.1,Right,0.29296875,36.6836699958986,43.406794897858,39.6221064456377
VisualCogA_Task-2,2,F3,0.1,1,0.1,Right,0.296875,35.856494363759,42.5403420670848,38.8246496368188
VisualCogA_Task-2,2,F3,0.1,1,0.1,Right,0.30078125,35.1630270910592,41.7880601421703,38.1267972861966
VisualCogA_Task-2,2,F3,0.1,1,0.1,Right,0.3046875,34.7181969661613,41.2782113846238,37.6224631215647
VisualCogA_Task-2,2,F3,0.1,1,0.1,Right,0.30859375,34.608842352711,41.1181901895926,37.4104255938378
VisualCogA_Task-2,2,F3,0.1,1,0.1,Right,0.3125,34.8783530313301,41.3759856085765,37.5761343902143
VisualCogA_Task-2,2,F3,0.1,1,0.1,Right,0.31640625,35.5217047324355,42.0699571727525,38.154584226392
VisualCogA_Task-2,2,F3,0.1,1,0.1,Right,0.3203125,36.491021210339,43.1681993992775,39.1232713349079
VisualCogA_Task-2,2,F3,0.1,1,0.1,Right,0.32421875,37.7087645243837,44.5963222678017,40.4203867634571
VisualCogA_Task-2,2,F3,0.1,1,0.1,Right,0.328125,39.0839717239985,46.2509988397686,41.9685639396368
VisualCogA_Task-2,2,F3,0.1,1,0.1,Right,0.33203125,40.5270042911278,48.0163451721409,43.6620476431788
VisualCogA_Task-2,2,F3,0.1,1,0.1,Right,0.3359375,41.9597378057328,49.7806819261515,45.3908574330869
VisualCogA_Task-2,2,F3,0.1,1,0.1,Right,0.33984375,43.3202129350924,51.4517553013685,47.057206309329
VisualCogA_Task-2,2,F3,0.1,1,0.1,Right,0.34375,44.5626411649661,52.9685597001802,48.5871437574047
VisualCogA_Task-2,2,F3,0.1,1,0.1,Right,0.34765625,45.6547289430699,54.2970901000879,49.9345653908995
VisualCogA_Task-2,2,F3,0.1,1,0.1,Right,0.3515625,46.5744044205456,55.4246603926519,51.07739935201
VisualCogA_Task-2,2,F3,0.1,1,0.1,Right,0.35546875,47.307436847334,56.3554700274572,52.0118098987706
VisualCogA_Task-2,2,F3,0.1,1,0.1,Right,0.359375,47.8465606435209,57.1026978720438,52.7452905528275
VisualCogA_Task-2,2,F3,0.1,1,0.1,Right,0.36328125,48.1919607604668,57.6735477781146,53.2850508894501
VisualCogA_Task-2,2,F3,0.1,1,0.1,Right,0.3671875,48.3525615951062,58.0624277128578,53.6330050186024
VisualCogA_Task-2,2,F3,0.1,1,0.1,Right,0.37109375,48.3474695440862,58.2600089057459,53.7884852960296
VisualCogA_Task-2,2,F3,0.1,1,0.1,Right,0.375,48.2069734761188,58.2623984271192,53.7564908340337
VisualCogA_Task-2,2,F3,0.1,1,0.1,Right,0.37890625,47.9725375516183,58.0851620888713,53.5573660713869
VisualCogA_Task-2,2,F3,0.1,1,0.1,Right,0.3828125,47.6952038980955,57.7699859404692,53.233673031167
VisualCogA_Task-2,2,F3,0.1,1,0.1,Right,0.38671875,47.4319042331645,57.3908784099851,52.8437338508953
VisualCogA_Task-2,2,F3,0.1,1,0.1,Right,0.390625,47.2395506910582,57.0374140733495,52.4620052805328
VisualCogA_Task-2,2,F3,0.1,1,0.1,Right,0.39453125,47.1674888942783,56.79963243176,52.1708671267562
VisualCogA_Task-2,2,F3,0.1,1,0.1,Right,0.3984375,47.2497537557969,56.7539726442967,52.0432780935085
VisualCogA_Task-2,2,F3,0.1,1,0.1,Right,0.40234375,47.499178299384,56.9487992156646,52.1300946424911
VisualCogA_Task-2,2,F3,0.1,1,0.1,Right,0.40625,47.9053760022459,57.392476860248,52.4523275409233
VisualCogA_Task-2,2,F3,0.1,1,0.1,Right,0.41015625,48.4377813302656,58.0533432344722,52.9993882909534
VisualCogA_Task-2,2,F3,0.1,1,0.1,Right,0.4140625,49.0534772924165,58.8777726861878,53.7321999954682
VisualCogA_Task-2,2,F3,0.1,1,0.1,Right,0.41796875,49.707960265764,59.8039405413025,54.5913694297342
VisualCogA_Task-2,2,F3,0.1,1,0.1,Right,0.421875,50.3659057051069,60.7693461042735,55.5078960039129
VisualCogA_Task-2,2,F3,0.1,1,0.1,Right,0.42578125,51.0088731529494,61.7203815787816,56.4179128498099
VisualCogA_Task-2,2,F3,0.1,1,0.1,Right,0.4296875,51.6378308473301,62.6175358072854,57.2809709273214
VisualCogA_Task-2,2,F3,0.1,1,0.1,Right,0.43359375,52.2700585196588,63.4486292607201,58.0821094673894
VisualCogA_Task-2,2,F3,0.1,1,0.1,Right,0.4375,52.9317598611927,64.2348524137876,58.8363082060046
VisualCogA_Task-2,2,F3,0.1,1,0.1,Right,0.44140625,53.6489125162653,65.0384811270586,59.5992080959223
VisualCogA_Task-2,2,F3,0.1,1,0.1,Right,0.4453125,54.4391057358265,65.9340605701036,60.4353939482898
VisualCogA_Task-2,2,F3,0.1,1,0.1,Right,0.44921875,55.306402169751,66.9596360264914,61.3796506573379
VisualCogA_Task-2,2,F3,0.1,1,0.1,Right,0.453125,56.2400231471195,68.0954397418102,62.4272594105496
VisualCogA_Task-2,2,F3,0.1,1,0.1,Right,0.45703125,57.2164469197546,69.2775050577191,63.5446136949501
VisualCogA_Task-2,2,F3,0.1,1,0.1,Right,0.4609375,58.20374854232,70.4363307964523,64.6703888531056
VisualCogA_Task-2,2,F3,0.1,1,0.1,Right,0.46484375,59.166834050004,71.5089948090667,65.7362686525284
VisualCogA_Task-2,2,F3,0.1,1,0.1,Right,0.46875,60.0724909929077,72.4464089752463,66.6808381035821
VisualCogA_Task-2,2,F3,0.1,1,0.1,Right,0.47265625,60.8936163932492,73.2226678465028,67.468435721026
VisualCogA_Task-2,2,F3,0.1,1,0.1,Right,0.4765625,61.6123500161753,73.8394287541662,68.0910638535161
VisualCogA_Task-2,2,F3,0.1,1,0.1,Right,0.48046875,62.2220382214969,74.3225542203637,68.5646180383674
VisualCogA_Task-2,2,F3,0.1,1,0.1,Right,0.484375,62.7280330564714,74.7133057694253,68.9260434069433
VisualCogA_Task-2,2,F3,0.1,1,0.1,Right,0.48828125,63.1474045365405,75.0589055510901,69.224679031153
VisualCogA_Task-2,2,F3,0.1,1,0.1,Right,0.4921875,63.5077684103164,75.4063172606117,69.5220273503768
VisualCogA_Task-2,2,F3,0.1,1,0.1,Right,0.49609375,63.8455516535596,75.8001321762973,69.8813341930068
VisualCogA_Task-2,2,F3,0.1,1,0.1,Right,0.5,64.204012922653,76.2828099129113,70.3554364575921
VisualCogA_Task-2,2,F3,0.1,1,0.1,Right,0.50390625,64.6311416038562,76.8947361742323,70.9866707763812
VisualCogA_Task-2,2,F3,0.1,1,0.1,Right,0.5078125,65.1772667771514,77.6726935483279,71.8030401635561
VisualCogA_Task-2,2,F3,0.1,1,0.1,Right,0.51171875,65.8920349266708,78.647301689522,72.8161182298391
VisualCogA_Task-2,2,F3,0.1,1,0.1,Right,0.515625,66.8205584017806,79.8412677997456,74.0325876594019
VisualCogA_Task-2,2,F3,0.1,1,0.1,Right,0.51953125,67.9989979554715,81.2699164204399,75.46300917505
VisualCogA_Task-2,2,F3,0.1,1,0.1,Right,0.5234375,69.4503858701768,82.9436843787681,77.1275995094068
VisualCogA_Task-2,2,F3,0.1,1,0.1,Right,0.52734375,71.1817833592808,84.8704636136579,79.0450363661108
VisualCogA_Task-2,2,F3,0.1,1,0.1,Right,0.53125,73.1836847090896,87.055945090056,81.228711048579
VisualCogA_Task-2,2,F3,0.1,1,0.1,Right,0.53515625,75.431986821814,89.499342498213,83.6678448550316
VisualCogA_Task-2,2,F3,0.1,1,0.1,Right,0.5390625,77.8921128726248,92.1877098556445,86.3426745858944
VisualCogA_Task-2,2,F3,0.1,1,0.1,Right,0.54296875,80.5243223120598,95.0912878300754,89.2231848306692
VisualCogA_Task-2,2,F3,0.1,1,0.1,Right,0.546875,83.2890241538663,98.1626896192269,92.2564249187217
VisualCogA_Task-2,2,F3,0.1,1,0.1,Right,0.55078125,86.1510182047848,101.341039978656,95.3808760911752
VisualCogA_Task-2,2,F3,0.1,1,0.1,Right,0.5546875,89.0819002398161,104.560074041935,98.5311190510268
VisualCogA_Task-2,2,F3,0.1,1,0.1,Right,0.55859375,92.0602761562044,107.757759529472,101.645878097005
VisualCogA_Task-2,2,F3,0.1,1,0.1,Right,0.5625,95.0698897354068,110.884787706644,104.6708438503
VisualCogA_Task-2,2,F3,0.1,1,0.1,Right,0.56640625,98.0962471211053,113.910247258083,107.582957173585
VisualCogA_Task-2,2,F3,0.1,1,0.1,Right,0.5703125,101.122733421139,116.837298304405,110.386777110141
VisualCogA_Task-2,2,F3,0.1,1,0.1,Right,0.57421875,104.127412472961,119.683638751943,113.094805136684
VisualCogA_Task-2,2,F3,0.1,1,0.1,Right,0.578125,107.081537865713,122.462546112779,115.719936713329
VisualCogA_Task-2,2,F3,0.1,1,0.1,Right,0.58203125,109.950261838212,125.170397165896,118.270415772832
VisualCogA_Task-2,2,F3,0.1,1,0.1,Right,0.5859375,112.695276664279,127.782270101974,120.737822317493
VisualCogA_Task-2,2,F3,0.1,1,0.1,Right,0.58984375,115.278471474993,130.252952337905,123.094475991558
VisualCogA_Task-2,2,F3,0.1,1,0.1,Right,0.59375,117.665440911071,132.539306178688,125.308450807465
VisualCogA_Task-2,2,F3,0.1,1,0.1,Right,0.59765625,119.827966222541,134.61104190302,127.363957851231
VisualCogA_Task-2,2,F3,0.1,1,0.1,Right,0.6015625,121.745260276274,136.446296020335,129.237994286735
VisualCogA_Task-2,2,F3,0.1,1,0.1,Right,0.60546875,123.404467599578,138.038517569915,130.906211107872
VisualCogA_Task-2,2,F3,0.1,1,0.1,Right,0.609375,124.801250905992,139.382847016573,132.353469484114
VisualCogA_Task-2,2,F3,0.1,1,0.1,Right,0.61328125,125.941072226704,140.465330247678,133.569537018376
VisualCogA_Task-2,2,F3,0.1,1,0.1,Right,0.6171875,126.841093970343,141.262744549526,134.547473706878
VisualCogA_Task-2,2,F3,0.1,1,0.1,Right,0.62109375,127.531851886078,141.756478518142,135.284994573359
VisualCogA_Task-2,2,F3,0.1,1,0.1,Right,0.625,128.057424812506,141.959973957112,135.789360708944
VisualCogA_Task-2,2,F3,0.1,1,0.1,Right,0.62890625,128.473010425638,141.950269303581,136.09491565919
VisualCogA_Task-2,2,F3,0.1,1,0.1,Right,0.6328125,128.839565252141,141.830724058139,136.276249411527
VisualCogA_Task-2,2,F3,0.1,1,0.1,Right,0.63671875,129.216160514654,141.722503257328,136.437562768745
VisualCogA_Task-2,2,F3,0.1,1,0.1,Right,0.640625,129.651529536234,141.727632984765,136.684847376732
VisualCogA_Task-2,2,F3,0.1,1,0.1,Right,0.64453125,130.176635727322,141.934428314287,137.077886189053
VisualCogA_Task-2,2,F3,0.1,1,0.1,Right,0.6484375,130.799894620789,142.426701212604,137.607929713423
VisualCogA_Task-2,2,F3,0.1,1,0.1,Right,0.65234375,131.506064836797,143.184490378263,138.247305830989
VisualCogA_Task-2,2,F3,0.1,1,0.1,Right,0.65625,132.259006543609,144.07228492882,138.92868404468
VisualCogA_Task-2,2,F3,0.1,1,0.1,Right,0.66015625,133.007710895256,144.926189819163,139.562408530378
VisualCogA_Task-2,2,F3,0.1,1,0.1,Right,0.6640625,133.694389388795,145.627242370385,140.073173113212
VisualCogA_Task-2,2,F3,0.1,1,0.1,Right,0.66796875,134.26307545154,146.105168654499,140.412813341144
VisualCogA_Task-2,2,F3,0.1,1,0.1,Right,0.671875,134.667180807293,146.357721152564,140.559501330361
VisualCogA_Task-2,2,F3,0.1,1,0.1,Right,0.67578125,134.874766824891,146.440241439315,140.517739413055
VisualCogA_Task-2,2,F3,0.1,1,0.1,Right,0.6796875,134.870873010619,146.415750133781,140.311294785539
VisualCogA_Task-2,2,F3,0.1,1,0.1,Right,0.68359375,134.656955053668,146.321635055789,139.977599353651
VisualCogA_Task-2,2,F3,0.1,1,0.1,Right,0.6875,134.248134602595,146.177422101165,139.566230194292
VisualCogA_Task-2,2,F3,0.1,1,0.1,Right,0.69140625,133.669365877692,145.986404749654,139.115492025687
VisualCogA_Task-2,2,F3,0.1,1,0.1,Right,0.6953125,132.951666511552,145.743005541411,138.646118852196
VisualCogA_Task-2,2,F3,0.1,1,0.1,Right,0.69921875,132.129249984095,145.446726421903,138.15833827382
VisualCogA_Task-2,2,F3,0.1,1,0.1,Right,0.703125,131.237865600393,145.105917839002,137.653670792738
VisualCogA_Task-2,2,F3,0.1,1,0.1,Right,0.70703125,130.314101532458,144.733833856537,137.14545404229
VisualCogA_Task-2,2,F3,0.1,1,0.1,Right,0.7109375,129.395032427015,144.333662053758,136.652655155274
VisualCogA_Task-2,2,F3,0.1,1,0.1,Right,0.71484375,128.517513500243,143.910637554545,136.198120245547
VisualCogA_Task-2,2,F3,0.1,1,0.1,Right,0.71875,127.716643018677,143.492524083085,135.802294668069
VisualCogA_Task-2,2,F3,0.1,1,0.1,Right,0.72265625,127.023334621257,143.116272929822,135.473558348558
VisualCogA_Task-2,2,F3,0.1,1,0.1,Right,0.7265625,126.461397992879,142.812247024692,135.216064654331
VisualCogA_Task-2,2,F3,0.1,1,0.1,Right,0.73046875,126.044857161333,142.59440586806,135.03094449342
VisualCogA_Task-2,2,F3,0.1,1,0.1,Right,0.734375,125.776330523851,142.46166288971,134.902029076476
VisualCogA_Task-2,2,F3,0.1,1,0.1,Right,0.73828125,125.647131325523,142.395962087156,134.794718159747
VisualCogA_Task-2,2,F3,0.1,1,0.1,Right,0.7421875,125.639378910466,142.349317972176,134.658384405934
VisualCogA_Task-2,2,F3,0.1,1,0.1,Right,0.74609375,125.729945408287,142.278740119731,134.45340715502
VisualCogA_Task-2,2,F3,0.1,1,0.1,Right,0.75,125.895611957021,142.164838119898,134.18503178255
VisualCogA_Task-2,2,F3,0.1,1,0.1,Right,0.75390625,126.11846319625,142.032608252126,133.912240503288
VisualCogA_Task-2,2,F3,0.1,1,0.1,Right,0.7578125,126.390370816076,141.936612443677,133.714009979312
VisualCogA_Task-2,2,F3,0.1,1,0.1,Right,0.76171875,126.715450673795,141.937856674486,133.666712453148
VisualCogA_Task-2,2,F3,0.1,1,0.1,Right,0.765625,127.109656509749,142.082106513417,133.828430899391
VisualCogA_Task-2,2,F3,0.1,1,0.1,Right,0.76953125,127.597207371462,142.386543002131,134.227149048931
VisualCogA_Task-2,2,F3,0.1,1,0.1,Right,0.7734375,128.20429464368,142.838453875344,134.858783438699
VisualCogA_Task-2,2,F3,0.1,1,0.1,Right,0.77734375,128.951354262306,143.406462067564,135.70025079864
VisualCogA_Task-2,2,F3,0.1,1,0.1,Right,0.78125,129.845903066815,144.059474049195,136.723131865464
VisualCogA_Task-2,2,F3,0.1,1,0.1,Right,0.78515625,130.878244023598,144.7731024314,137.900317166711
VisualCogA_Task-2,2,F3,0.1,1,0.1,Right,0.7890625,132.021972680418,145.537623163372,139.202411282739
VisualCogA_Task-2,2,F3,0.1,1,0.1,Right,0.79296875,133.240014257744,146.350322274304,140.591868459012
VisualCogA_Task-2,2,F3,0.1,1,0.1,Right,0.796875,134.494957329534,147.182547904503,142.030145718863
VisualCogA_Task-2,2,F3,0.1,1,0.1,Right,0.80078125,135.760071005166,148.014392046495,143.485613994143
VisualCogA_Task-2,2,F3,0.1,1,0.1,Delta,-0.19921875,-4.07476294055997,-3.49082911748395,-3.35558248909488
VisualCogA_Task-2,2,F3,0.1,1,0.1,Delta,-0.1953125,-4.51874213466323,-4.03439558971524,-3.85458887493937
VisualCogA_Task-2,2,F3,0.1,1,0.1,Delta,-0.19140625,-4.9283726008333,-4.53852376953148,-4.31450300848022
VisualCogA_Task-2,2,F3,0.1,1,0.1,Delta,-0.1875,-5.24383251285187,-4.92865335961595,-4.66650816371176
VisualCogA_Task-2,2,F3,0.1,1,0.1,Delta,-0.18359375,-5.39760295837755,-5.11849825578098,-4.8254335957237
VisualCogA_Task-2,2,F3,0.1,1,0.1,Delta,-0.1796875,-5.33540378646374,-5.04592396616091,-4.7281533239917
VisualCogA_Task-2,2,F3,0.1,1,0.1,Delta,-0.17578125,-5.03447689122255,-4.69351468607081,-4.36002705661483
VisualCogA_Task-2,2,F3,0.1,1,0.1,Delta,-0.171875,-4.51434330687556,-4.09457056336606,-3.75874630381149
VisualCogA_Task-2,2,F3,0.1,1,0.1,Delta,-0.16796875,-3.83717520945512,-3.33550836185685,-3.01915166964406
VisualCogA_Task-2,2,F3,0.1,1,0.1,Delta,-0.1640625,-3.09763909096432,-2.5590101664332,-2.27533029942094
VisualCogA_Task-2,2,F3,0.1,1,0.1,Delta,-0.16015625,-2.40476392218844,-1.90602475276148,-1.66408451365235
VisualCogA_Task-2,2,F3,0.1,1,0.1,Delta,-0.15625,-1.86029096934996,-1.48701702201071,-1.2936540813607
VisualCogA_Task-2,2,F3,0.1,1,0.1,Delta,-0.15234375,-1.53856049520986,-1.34728454203974,-1.21800187241289
VisualCogA_Task-2,2,F3,0.1,1,0.1,Delta,-0.1484375,-1.47224605527028,-1.45700412964794,-1.41535101165482
VisualCogA_Task-2,2,F3,0.1,1,0.1,Delta,-0.14453125,-1.64656719934617,-1.76833803577826,-1.80328155466854
VisualCogA_Task-2,2,F3,0.1,1,0.1,Delta,-0.140625,-2.00262094541137,-2.22066201455372,-2.30260976720372
VisualCogA_Task-2,2,F3,0.1,1,0.1,Delta,-0.13671875,-2.44871818997647,-2.73929206277289,-2.84466118129833
VisualCogA_Task-2,2,F3,0.1,1,0.1,Delta,-0.1328125,-2.87736906552567,-3.22898400629522,-3.3396022757721
VisualCogA_Task-2,2,F3,0.1,1,0.1,Delta,-0.12890625,-3.18483669110199,-3.59077883913651,-3.6930069800927
VisualCogA_Task-2,2,F3,0.1,1,0.1,Delta,-0.125,-3.28986451646931,-3.74945907465452,-3.83223469693588
VisualCogA_Task-2,2,F3,0.1,1,0.1,Delta,-0.12109375,-3.14823814780152,-3.66424098527171,-3.72423654624132
VisualCogA_Task-2,2,F3,0.1,1,0.1,Delta,-0.1171875,-2.7603570559902,-3.34695123157021,-3.38482054384398
VisualCogA_Task-2,2,F3,0.1,1,0.1,Delta,-0.11328125,-2.17008406970831,-2.8627712090092,-2.88136992707054
VisualCogA_Task-2,2,F3,0.1,1,0.1,Delta,-0.109375,-1.45478617128803,-2.30556409914111,-2.30793352604037
VisualCogA_Task-2,2,F3,0.1,1,0.1,Delta,-0.10546875,-0.708405060696454,-1.77865142629315,-1.76790387700783
VisualCogA_Task-2,2,F3,0.1,1,0.1,Delta,-0.1015625,-0.0211242037284047,-1.36996988291242,-1.34876306178888
VisualCogA_Task-2,2,F3,0.1,1,0.1,Delta,-0.09765625,0.53978414271275,-1.13553670347127,-1.10581816851973
VisualCogA_Task-2,2,F3,0.1,1,0.1,Delta,-0.09375,0.943412663868598,-1.09233019623426,-1.05680022249214
VisualCogA_Task-2,2,F3,0.1,1,0.1,Delta,-0.08984375,1.19969267718771,-1.20702312885624,-1.16886355621037
VisualCogA_Task-2,2,F3,0.1,1,0.1,Delta,-0.0859375,1.35378417901646,-1.39346466928417,-1.35897908331862
VisualCogA_Task-2,2,F3,0.1,1,0.1,Delta,-0.08203125,1.47186254327527,-1.54050778561273,-1.51550811701394
VisualCogA_Task-2,2,F3,0.1,1,0.1,Delta,-0.078125,1.62206620549939,-1.53911767789919,-1.52193368721976
VisualCogA_Task-2,2,F3,0.1,1,0.1,Delta,-0.07421875,1.85567396375527,-1.28785124329274,-1.26649940995677
VisualCogA_Task-2,2,F3,0.1,1,0.1,Delta,-0.0703125,2.19348157193666,-0.72370792622709,-0.673104120503226
VisualCogA_Task-2,2,F3,0.1,1,0.1,Delta,-0.06640625,2.62084736020873,0.150376284301571,0.259706771775643
VisualCogA_Task-2,2,F3,0.1,1,0.1,Delta,-0.0625,3.09242581771844,1.2538899772703,1.44282837968578
VisualCogA_Task-2,2,F3,0.1,1,0.1,Delta,-0.05859375,3.54495242517383,2.45122057858232,2.72499505587105
VisualCogA_Task-2,2,F3,0.1,1,0.1,Delta,-0.0546875,3.91436140345973,3.60325928622507,3.94873033917525
VisualCogA_Task-2,2,F3,0.1,1,0.1,Delta,-0.05078125,4.15256611430371,4.61066914857012,4.98826341223385
VisualCogA_Task-2,2,F3,0.1,1,0.1,Delta,-0.046875,4.23959224687305,5.40720996186801,5.77636180737559
VisualCogA_Task-2,2,F3,0.1,1,0.1,Delta,-0.04296875,4.18822515629412,5.95345231126318,6.30463547350407
VisualCogA_Task-2,2,F3,0.1,1,0.1,Delta,-0.0390625,4.04043129766673,6.25053401063039,6.60222402805973
VisualCogA_Task-2,2,F3,0.1,1,0.1,Delta,-0.03515625,3.85694060743011,6.33066867150851,6.7156700048923
VisualCogA_Task-2,2,F3,0.1,1,0.1,Delta,-0.03125,3.70299382513034,6.26046390329353,6.68413664073213
VisualCogA_Task-2,2,F3,0.1,1,0.1,Delta,-0.02734375,3.63402037289421,6.13265568222215,6.56551294575313
VisualCogA_Task-2,2,F3,0.1,1,0.1,Delta,-0.0234375,3.68481481921171,6.02901839927985,6.43351153976251
VisualCogA_Task-2,2,F3,0.1,1,0.1,Delta,-0.01953125,3.86473600711406,6.01509393550022,6.36242903432313
VisualCogA_Task-2,2,F3,0.1,1,0.1,Delta,-0.015625,4.15983443167316,6.1291006378199,6.40862180099239
VisualCogA_Task-2,2,F3,0.1,1,0.1,Delta,-0.01171875,4.54099807328442,6.38580126566189,6.59788342895299
VisualCogA_Task-2,2,F3,0.1,1,0.1,Delta,-0.0078125,4.97562615836969,6.78471900981553,6.93286343606494
VisualCogA_Task-2,2,F3,0.1,1,0.1,Delta,-0.00390625,5.43940039372384,7.31176145861957,7.4065201411112
VisualCogA_Task-2,2,F3,0.1,1,0.1,Delta,0,5.92469284197804,7.94286597473431,8.0050306170919
VisualCogA_Task-2,2,F3,0.1,1,0.1,Delta,0.00390625,6.44305848092792,8.65528921950068,8.70941627372347
VisualCogA_Task-2,2,F3,0.1,1,0.1,Delta,0.0078125,7.02087187969611,9.42231128237802,9.49354567379753
VisualCogA_Task-2,2,F3,0.1,1,0.1,Delta,0.01171875,7.68905085473976,10.2131965709051,10.3151311530657
VisualCogA_Task-2,2,F3,0.1,1,0.1,Delta,0.015625,8.46947642246681,10.9894184459492,11.1233069138353
VisualCogA_Task-2,2,F3,0.1,1,0.1,Delta,0.01953125,9.36175163810053,11.7004523070096,11.852931404667
VisualCogA_Task-2,2,F3,0.1,1,0.1,Delta,0.0234375,10.3340849483038,12.2960148627073,12.4373717646902
VisualCogA_Task-2,2,F3,0.1,1,0.1,Delta,0.02734375,11.3212795266731,12.7301334666561,12.8141131279959
VisualCogA_Task-2,2,F3,0.1,1,0.1,Delta,0.03125,12.231211412492,12.9582519296739,12.9260736892971
VisualCogA_Task-2,2,F3,0.1,1,0.1,Delta,0.03515625,12.9591279299621,12.941204933125,12.7516860025918
VisualCogA_Task-2,2,F3,0.1,1,0.1,Delta,0.0390625,13.4070652003362,12.6465631987372,12.2884669736293
VisualCogA_Task-2,2,F3,0.1,1,0.1,Delta,0.04296875,13.5041749301955,12.0580745460143,11.5497822359743
VisualCogA_Task-2,2,F3,0.1,1,0.1,Delta,0.046875,13.2231930568116,11.175640885462,10.5671562572824
VisualCogA_Task-2,2,F3,0.1,1,0.1,Delta,0.05078125,12.5889131396635,10.0173983096972,9.39025264578726
VisualCogA_Task-2,2,F3,0.1,1,0.1,Delta,0.0546875,11.6762938608168,8.65184316995775,8.08866659721051
VisualCogA_Task-2,2,F3,0.1,1,0.1,Delta,0.05859375,10.5983414107765,7.19741449679559,6.75336832335723
VisualCogA_Task-2,2,F3,0.1,1,0.1,Delta,0.0625,9.48648892967832,5.79855086873373,5.50181338804572
VisualCogA_Task-2,2,F3,0.1,1,0.1,Delta,0.06640625,8.46807942896326,4.60483302669456,4.44773598378796
VisualCogA_Task-2,2,F3,0.1,1,0.1,Delta,0.0703125,7.64616019573912,3.72386168799479,3.68194158936443
VisualCogA_Task-2,2,F3,0.1,1,0.1,Delta,0.07421875,7.08594561676465,3.19934262990851,3.25482844105457
VisualCogA_Task-2,2,F3,0.1,1,0.1,Delta,0.078125,6.81032187861495,3.01604340006168,3.16953340692543
VisualCogA_Task-2,2,F3,0.1,1,0.1,Delta,0.08203125,6.80432988208272,3.11789820400816,3.37929259249974
VisualCogA_Task-2,2,F3,0.1,1,0.1,Delta,0.0859375,7.02642973900346,3.42791663123127,3.80066295558476
VisualCogA_Task-2,2,F3,0.1,1,0.1,Delta,0.08984375,7.42307049949323,3.86169807364897,4.34257934917763
VisualCogA_Task-2,2,F3,0.1,1,0.1,Delta,0.09375,7.94284873236513,4.35047517169364,4.93451297164076
VisualCogA_Task-2,2,F3,0.1,1,0.1,Delta,0.09765625,8.54719489707627,4.85620339342686,5.54634781997219
VisualCogA_Task-2,2,F3,0.1,1,0.1,Delta,0.1015625,9.21575116358157,5.39742296036982,6.18094281778804
VisualCogA_Task-2,2,F3,0.1,1,0.1,Delta,0.10546875,9.94603517998603,6.0317688270199,6.88151598356546
VisualCogA_Task-2,2,F3,0.1,1,0.1,Delta,0.109375,10.7482918033893,6.82947889687301,7.71800688642294
VisualCogA_Task-2,2,F3,0.1,1,0.1,Delta,0.11328125,11.6373506981832,7.85390708263042,8.75783947704007
VisualCogA_Task-2,2,F3,0.1,1,0.1,Delta,0.1171875,12.6236706279258,9.1460311877157,10.0261204555765
VisualCogA_Task-2,2,F3,0.1,1,0.1,Delta,0.12109375,13.7055720480804,10.6904072848221,11.4980031746307
VisualCogA_Task-2,2,F3,0.1,1,0.1,Delta,0.125,14.8641334196053,12.3985016475533,13.1041034467766
VisualCogA_Task-2,2,F3,0.1,1,0.1,Delta,0.12890625,16.0616311585585,14.1528581981286,14.7522660241509
VisualCogA_Task-2,2,F3,0.1,1,0.1,Delta,0.1328125,17.2439197398274,15.8374009865984,16.3487337512141
VisualCogA_Task-2,2,F3,0.1,1,0.1,Delta,0.13671875,18.3467387403341,17.3497515941328,17.8119142435425
VisualCogA_Task-2,2,F3,0.1,1,0.1,Delta,0.140625,19.3053947393237,18.6005503439839,19.0698095606665
VisualCogA_Task-2,2,F3,0.1,1,0.1,Delta,0.14453125,20.0664564722191,19.5213142767572,20.0567973450939
VisualCogA_Task-2,2,F3,0.1,1,0.1,Delta,0.1484375,20.5991653175621,20.0816128647834,20.725064391451
VisualCogA_Task-2,2,F3,0.1,1,0.1,Delta,0.15234375,20.9036450480842,20.3084238704199,21.0750124347186
VisualCogA_Task-2,2,F3,0.1,1,0.1,Delta,0.15625,21.0131956513378,20.2791022473311,21.1696169340104
VisualCogA_Task-2,2,F3,0.1,1,0.1,Delta,0.16015625,20.9891915999832,20.1151304876319,21.1185309687723
VisualCogA_Task-2,2,F3,0.1,1,0.1,Delta,0.1640625,20.9091151242985,19.952227076991,21.0481305945105
VisualCogA_Task-2,2,F3,0.1,1,0.1,Delta,0.16796875,20.8503890507154,19.9070161658931,21.0786101558646
VisualCogA_Task-2,2,F3,0.1,1,0.1,Delta,0.171875,20.8741768770785,20.0661969631499,21.2940504176848
VisualCogA_Task-2,2,F3,0.1,1,0.1,Delta,0.17578125,21.0136359077418,20.4650647211109,21.7273110741643
VisualCogA_Task-2,2,F3,0.1,1,0.1,Delta,0.1796875,21.2700674541011,21.080179114372,22.3482593113611
VisualCogA_Task-2,2,F3,0.1,1,0.1,Delta,0.18359375,21.6182368377778,21.8142563403837,23.071837670935
VisualCogA_Task-2,2,F3,0.1,1,0.1,Delta,0.1875,22.019404632874,22.5453049601848,23.7853102524522
VisualCogA_Task-2,2,F3,0.1,1,0.1,Delta,0.19140625,22.4381136719453,23.1787539187843,24.386822672979
VisualCogA_Task-2,2,F3,0.1,1,0.1,Delta,0.1953125,22.857353411125,23.6832069994189,24.8358724129445
VisualCogA_Task-2,2,F3,0.1,1,0.1,Delta,0.19921875,23.2869871311528,24.099532685314,25.1814028941328
VisualCogA_Task-2,2,F3,0.1,1,0.1,Delta,0.203125,23.7623664959936,24.5027098511575,25.5262709273807
VisualCogA_Task-2,2,F3,0.1,1,0.1,Delta,0.20703125,24.3332813438054,24.9628618140508,25.9615779288825
VisualCogA_Task-2,2,F3,0.1,1,0.1,Delta,0.2109375,25.0466718450732,25.5076087753606,26.5336438928374
VisualCogA_Task-2,2,F3,0.1,1,0.1,Delta,0.21484375,25.928636712811,26.1215999689764,27.2318351388371
VisualCogA_Task-2,2,F3,0.1,1,0.1,Delta,0.21875,26.9714191744655,26.7561013967363,28.0046634355395
VisualCogA_Task-2,2,F3,0.1,1,0.1,Delta,0.22265625,28.1292633277588,27.345549819042,28.7761685114508
VisualCogA_Task-2,2,F3,0.1,1,0.1,Delta,0.2265625,29.3241088729914,27.8277971720844,29.4683766477177
VisualCogA_Task-2,2,F3,0.1,1,0.1,Delta,0.23046875,30.4591976802783,28.1794388598943,30.0210837118301
VisualCogA_Task-2,2,F3,0.1,1,0.1,Delta,0.234375,31.4367652884985,28.4400120511681,30.4025720903171
VisualCogA_Task-2,2,F3,0.1,1,0.1,Delta,0.23828125,32.1754609074787,28.662129149564,30.6104502364004
VisualCogA_Task-2,2,F3,0.1,1,0.1,Delta,0.2421875,32.6237586354292,28.8534892877026,30.6665074815197
VisualCogA_Task-2,2,F3,0.1,1,0.1,Delta,0.24609375,32.7668699628709,28.9834099961792,30.6056289060076
VisualCogA_Task-2,2,F3,0.1,1,0.1,Delta,0.25,32.6260895293363,29.0156083490369,30.4472820875118
VisualCogA_Task-2,2,F3,0.1,1,0.1,Delta,0.25390625,32.2509024785115,28.9306634179978,30.1997247597963
VisualCogA_Task-2,2,F3,0.1,1,0.1,Delta,0.2578125,31.705534665857,28.7219209070329,29.8646952098921
VisualCogA_Task-2,2,F3,0.1,1,0.1,Delta,0.26171875,31.0528813772454,28.3872418070057,29.4357887271193
VisualCogA_Task-2,2,F3,0.1,1,0.1,Delta,0.265625,30.3396499622443,27.9235282274024,28.912710776664
VisualCogA_Task-2,2,F3,0.1,1,0.1,Delta,0.26953125,29.5866776598597,27.3198956636872,28.2862755436895
VisualCogA_Task-2,2,F3,0.1,1,0.1,Delta,0.2734375,28.7873910666191,26.5553767085577,27.5394093257402
VisualCogA_Task-2,2,F3,0.1,1,0.1,Delta,0.27734375,27.9152704168596,25.6068900553932,26.6478652455714
VisualCogA_Task-2,2,F3,0.1,1,0.1,Delta,0.28125,26.9384871237072,24.4590279774134,25.588137302959
VisualCogA_Task-2,2,F3,0.1,1,0.1,Delta,0.28515625,25.8374999699309,23.1135824149906,24.3556156223378
VisualCogA_Task-2,2,F3,0.1,1,0.1,Delta,0.2890625,24.6202517006597,21.6056674185692,22.9725305096691
VisualCogA_Task-2,2,F3,0.1,1,0.1,Delta,0.29296875,23.3302200052867,20.0097420683973,21.4958258624691
VisualCogA_Task-2,2,F3,0.1,1,0.1,Delta,0.296875,22.0447732184868,18.4319416763114,20.0113228031522
VisualCogA_Task-2,2,F3,0.1,1,0.1,Delta,0.30078125,20.8642497823811,16.9914606873688,18.6221039507419
VisualCogA_Task-2,2,F3,0.1,1,0.1,Delta,0.3046875,19.8948332514942,15.8036336744462,17.4306958213329
VisualCogA_Task-2,2,F3,0.1,1,0.1,Delta,0.30859375,19.2297524961225,14.9641289364293,16.5481929980001
VisualCogA_Task-2,2,F3,0.1,1,0.1,Delta,0.3125,18.9332781921199,14.5384692976442,16.0697065816709
VisualCogA_Task-2,2,F3,0.1,1,0.1,Delta,0.31640625,19.0306924537784,14.5633217418506,16.0422081637631
VisualCogA_Task-2,2,F3,0.1,1,0.1,Delta,0.3203125,19.5055306520525,15.0334381634878,16.4598585346451
VisualCogA_Task-2,2,F3,0.1,1,0.1,Delta,0.32421875,20.3036202280014,15.893914065802,17.2746841898348
VisualCogA_Task-2,2,F3,0.1,1,0.1,Delta,0.328125,21.3422308634993,17.0548001467046,18.4207606331485
VisualCogA_Task-2,2,F3,0.1,1,0.1,Delta,0.33203125,22.5221382829064,18.4019154587691,19.7924541954575
VisualCogA_Task-2,2,F3,0.1,1,0.1,Delta,0.3359375,23.7404567746054,19.8132148247925,21.257575103997
VisualCogA_Task-2,2,F3,0.1,1,0.1,Delta,0.33984375,24.902460294999,21.1690104983977,22.6832641874514
VisualCogA_Task-2,2,F3,0.1,1,0.1,Delta,0.34375,25.9310677312847,22.3752662070554,23.9565523023871
VisualCogA_Task-2,2,F3,0.1,1,0.1,Delta,0.34765625,26.7731069570824,23.3723142642837,24.9955249293478
VisualCogA_Task-2,2,F3,0.1,1,0.1,Delta,0.3515625,27.4018929033873,24.1306555706895,25.7556115884075
VisualCogA_Task-2,2,F3,0.1,1,0.1,Delta,0.35546875,27.8161010187178,24.6563543790657,26.2371739457244
VisualCogA_Task-2,2,F3,0.1,1,0.1,Delta,0.359375,28.0354170213648,24.9864259238653,26.4821260555083
VisualCogA_Task-2,2,F3,0.1,1,0.1,Delta,0.36328125,28.0939672035395,25.1704934617318,26.5593403321648
VisualCogA_Task-2,2,F3,0.1,1,0.1,Delta,0.3671875,28.0329744427219,25.2576078470845,26.5412701026578
VisualCogA_Task-2,2,F3,0.1,1,0.1,Delta,0.37109375,27.8942716523326,25.296658607428,26.4880089637828
VisualCogA_Task-2,2,F3,0.1,1,0.1,Delta,0.375,27.716061547499,25.3243530467414,26.4390567745587
VisualCogA_Task-2,2,F3,0.1,1,0.1,Delta,0.37890625,27.5315732256562,25.3627299713354,26.4182614189978
VisualCogA_Task-2,2,F3,0.1,1,0.1,Delta,0.3828125,27.3701836627924,25.4151407654267,26.4367801520947
VisualCogA_Task-2,2,F3,0.1,1,0.1,Delta,0.38671875,27.2595303578436,25.4849463315462,26.4888204689241
VisualCogA_Task-2,2,F3,0.1,1,0.1,Delta,0.390625,27.2266231465075,25.5745023756682,26.5756500517526
VisualCogA_Task-2,2,F3,0.1,1,0.1,Delta,0.39453125,27.2963080090687,25.6924972308022,26.7169767115851
VisualCogA_Task-2,2,F3,0.1,1,0.1,Delta,0.3984375,27.4866239080895,25.8569041393736,26.9381612754988
VisualCogA_Task-2,2,F3,0.1,1,0.1,Delta,0.40234375,27.8021972917195,26.0905375375908,27.2636101226382
VisualCogA_Task-2,2,F3,0.1,1,0.1,Delta,0.40625,28.2281612357614,26.4095680693835,27.7146291465103
VisualCogA_Task-2,2,F3,0.1,1,0.1,Delta,0.41015625,28.7275338427409,26.8149696547177,28.2958139469605
VisualCogA_Task-2,2,F3,0.1,1,0.1,Delta,0.4140625,29.2442364969496,27.2964470813802,28.9832690903841
VisualCogA_Task-2,2,F3,0.1,1,0.1,Delta,0.41796875,29.7121481321299,27.8276058952699,29.7211245726115
VisualCogA_Task-2,2,F3,0.1,1,0.1,Delta,0.421875,30.0683888251299,28.3542022255279,30.4277350269395
VisualCogA_Task-2,2,F3,0.1,1,0.1,Delta,0.42578125,30.2672428606749,28.795656891364,31.0064526060178
VisualCogA_Task-2,2,F3,0.1,1,0.1,Delta,0.4296875,30.290510330569,29.068394375306,31.3723614937107
VisualCogA_Task-2,2,F3,0.1,1,0.1,Delta,0.43359375,30.1509520704507,29.1160009345964,31.4553713835227
VisualCogA_Task-2,2,F3,0.1,1,0.1,Delta,0.4375,29.8876236430017,28.9299792374962,31.2238616073616
VisualCogA_Task-2,2,F3,0.1,1,0.1,Delta,0.44140625,29.5545271269083,28.5696630450364,30.7310828108584
VisualCogA_Task-2,2,F3,0.1,1,0.1,Delta,0.4453125,29.2061673744152,28.1381722112599,30.0912371659866
VisualCogA_Task-2,2,F3,0.1,1,0.1,Delta,0.44921875,28.8844719141022,27.7284368557587,29.4098041914713
VisualCogA_Task-2,2,F3,0.1,1,0.1,Delta,0.453125,28.6108081027112,27.3878255767821,28.7893045359376
VisualCogA_Task-2,2,F3,0.1,1,0.1,Delta,0.45703125,28.384823731231,27.1134923441768,28.2867213332463
VisualCogA_Task-2,2,F3,0.1,1,0.1,Delta,0.4609375,28.1893647118118,26.8748607259831,27.890016053256
VisualCogA_Task-2,2,F3,0.1,1,0.1,Delta,0.46484375,27.9987583591089,26.6249702498197,27.5445179967892
VisualCogA_Task-2,2,F3,0.1,1,0.1,Delta,0.46875,27.7870092015288,26.3114188818312,27.188304426238
VisualCogA_Task-2,2,F3,0.1,1,0.1,Delta,0.47265625,27.5331079609232,25.8891713713733,26.7757435481206
VisualCogA_Task-2,2,F3,0.1,1,0.1,Delta,0.4765625,27.2223018528738,25.332456256417,26.2773927544561
VisualCogA_Task-2,2,F3,0.1,1,0.1,Delta,0.48046875,26.8440655345937,24.6405917047616,25.6888491965858
VisualCogA_Task-2,2,F3,0.1,1,0.1,Delta,0.484375,26.3888904688054,23.8311597668155,25.0322162258128
VisualCogA_Task-2,2,F3,0.1,1,0.1,Delta,0.48828125,25.8464005425052,22.9317657130935,24.3282200044641
VisualCogA_Task-2,2,F3,0.1,1,0.1,Delta,0.4921875,25.2066320400924,21.9801537118537,23.592272678822
VisualCogA_Task-2,2,F3,0.1,1,0.1,Delta,0.49609375,24.4648776317428,21.0117707326531,22.8383485297882
VisualCogA_Task-2,2,F3,0.1,1,0.1,Delta,0.5,23.6288042275578,20.0439994500972,22.0669921044789
VisualCogA_Task-2,2,F3,0.1,1,0.1,Delta,0.50390625,22.7252001636748,19.0896370441742,21.274746382561
VisualCogA_Task-2,2,F3,0.1,1,0.1,Delta,0.5078125,21.8031992993093,18.1901004344581,20.4784614490768
VisualCogA_Task-2,2,F3,0.1,1,0.1,Delta,0.51171875,20.9314641064654,17.4092916253441,19.724435951652
VisualCogA_Task-2,2,F3,0.1,1,0.1,Delta,0.515625,20.1885358655299,16.8091911141303,19.0850053536312
VisualCogA_Task-2,2,F3,0.1,1,0.1,Delta,0.51953125,19.6479098446888,16.4547405684267,18.6460709577859
VisualCogA_Task-2,2,F3,0.1,1,0.1,Delta,0.5234375,19.3615637894394,16.4026413511509,18.4943632536926
VisualCogA_Task-2,2,F3,0.1,1,0.1,Delta,0.52734375,19.3467951259455,16.67223857567,18.6871850365228
VisualCogA_Task-2,2,F3,0.1,1,0.1,Delta,0.53125,19.5807547757934,17.2360950999269,19.2243808890038
VisualCogA_Task-2,2,F3,0.1,1,0.1,Delta,0.53515625,20.005039398622,18.0407913167884,20.0411465590512
VisualCogA_Task-2,2,F3,0.1,1,0.1,Delta,0.5390625,20.5397538019206,19.0108821408775,21.0405391721514
VisualCogA_Task-2,2,F3,0.1,1,0.1,Delta,0.54296875,21.1035583018546,20.0509414197761,22.1136626550805
VisualCogA_Task-2,2,F3,0.1,1,0.1,Delta,0.546875,21.6343140582698,21.0600844743924,23.1507482955801
VisualCogA_Task-2,2,F3,0.1,1,0.1,Delta,0.55078125,22.10462118301,21.9488155715754,24.0736413739571
VisualCogA_Task-2,2,F3,0.1,1,0.1,Delta,0.5546875,22.5278910542586,22.6569793321176,24.8492769647313
VisualCogA_Task-2,2,F3,0.1,1,0.1,Delta,0.55859375,22.9531986738374,23.1770335269716,25.4910337136902
VisualCogA_Task-2,2,F3,0.1,1,0.1,Delta,0.5625,23.4502689534123,23.5740354993009,26.0469982199023
VisualCogA_Task-2,2,F3,0.1,1,0.1,Delta,0.56640625,24.0886733152816,23.9871155136257,26.6010359961481
VisualCogA_Task-2,2,F3,0.1,1,0.1,Delta,0.5703125,24.9168676698825,24.5700445419867,27.2441717610561
VisualCogA_Task-2,2,F3,0.1,1,0.1,Delta,0.57421875,25.946640143529,25.4158379225027,28.0396171167551
VisualCogA_Task-2,2,F3,0.1,1,0.1,Delta,0.578125,27.1468878267093,26.5323162966101,28.9998164058824
VisualCogA_Task-2,2,F3,0.1,1,0.1,Delta,0.58203125,28.4479278792892,27.8418364018496,30.087267995465
VisualCogA_Task-2,2,F3,0.1,1,0.1,Delta,0.5859375,29.7546290713955,29.2164186246921,31.2275647139033
VisualCogA_Task-2,2,F3,0.1,1,0.1,Delta,0.58984375,30.9644402456607,30.5137409544986,32.3192677789758
VisualCogA_Task-2,2,F3,0.1,1,0.1,Delta,0.59375,31.9855442029373,31.616965602415,33.274055693417
VisualCogA_Task-2,2,F3,0.1,1,0.1,Delta,0.59765625,32.7510369205957,32.4510094502523,34.0455912203195
VisualCogA_Task-2,2,F3,0.1,1,0.1,Delta,0.6015625,33.2268388856504,32.9902734624975,34.606112715251
VisualCogA_Task-2,2,F3,0.1,1,0.1,Delta,0.60546875,33.4132210653534,33.2418357186474,34.9438584182646
VisualCogA_Task-2,2,F3,0.1,1,0.1,Delta,0.609375,33.3415330693469,33.2372052207054,35.0597667244661
VisualCogA_Task-2,2,F3,0.1,1,0.1,Delta,0.61328125,33.0683874045296,33.0156096293451,34.9640060312767
VisualCogA_Task-2,2,F3,0.1,1,0.1,Delta,0.6171875,32.6691176048627,32.5997114207671,34.681139778352
VisualCogA_Task-2,2,F3,0.1,1,0.1,Delta,0.62109375,32.2312305007001,32.0016646018952,34.2477990252274
VisualCogA_Task-2,2,F3,0.1,1,0.1,Delta,0.625,31.8475147295414,31.2499169571673,33.7103983419661
VisualCogA_Task-2,2,F3,0.1,1,0.1,Delta,0.62890625,31.6080424128886,30.4356235470908,33.1361981478697
VisualCogA_Task-2,2,F3,0.1,1,0.1,Delta,0.6328125,31.5907059927413,29.6703440230052,32.6223018172469
VisualCogA_Task-2,2,F3,0.1,1,0.1,Delta,0.63671875,31.8509098720429,29.0904702504041,32.2834306360617
VisualCogA_Task-2,2,F3,0.1,1,0.1,Delta,0.640625,32.4120582586851,28.794333112952,32.2262930936573
VisualCogA_Task-2,2,F3,0.1,1,0.1,Delta,0.64453125,33.2590414958316,28.8353733451217,32.5088761587907
VisualCogA_Task-2,2,F3,0.1,1,0.1,Delta,0.6484375,34.3367647111281,29.2811254609425,33.1272650719345
VisualCogA_Task-2,2,F3,0.1,1,0.1,Delta,0.65234375,35.5549215931293,30.1096424253335,34.0386213539524
VisualCogA_Task-2,2,F3,0.1,1,0.1,Delta,0.65625,36.7989321608444,31.1614675822326,35.123576247282
VisualCogA_Task-2,2,F3,0.1,1,0.1,Delta,0.66015625,37.9455578316484,32.2382308414782,36.2119235087443
VisualCogA_Task-2,2,F3,0.1,1,0.1,Delta,0.6640625,38.8805131744014,33.1948048947252,37.1284418151162
VisualCogA_Task-2,2,F3,0.1,1,0.1,Delta,0.66796875,39.5147292779697,33.9242322456972,37.7479075742281
VisualCogA_Task-2,2,F3,0.1,1,0.1,Delta,0.671875,39.7960425116896,34.3685648413688,38.0119135996213
VisualCogA_Task-2,2,F3,0.1,1,0.1,Delta,0.67578125,39.7140701682138,34.529534339519,37.9233700106416
VisualCogA_Task-2,2,F3,0.1,1,0.1,Delta,0.6796875,39.2976956805227,34.4392939826009,37.529075661253
VisualCogA_Task-2,2,F3,0.1,1,0.1,Delta,0.68359375,38.6064292185762,34.1447840346285,36.9064395688494
VisualCogA_Task-2,2,F3,0.1,1,0.1,Delta,0.6875,37.718303466798,33.7063678953869,36.1513191544293
VisualCogA_Task-2,2,F3,0.1,1,0.1,Delta,0.69140625,36.7174234994982,33.1836330775554,35.3536012957837
VisualCogA_Task-2,2,F3,0.1,1,0.1,Delta,0.6953125,35.6837233488167,32.62704736013,34.5864780355457
VisualCogA_Task-2,2,F3,0.1,1,0.1,Delta,0.69921875,34.6862395236057,32.0861014318587,33.9103856253079
VisualCogA_Task-2,2,F3,0.1,1,0.1,Delta,0.703125,33.7798832672333,31.6146693084865,33.3826557433265
VisualCogA_Task-2,2,F3,0.1,1,0.1,Delta,0.70703125,33.0047954100459,31.2488402133169,33.0435354282587
VisualCogA_Task-2,2,F3,0.1,1,0.1,Delta,0.7109375,32.3871134429253,31.008456524247,32.9039125162049
VisualCogA_Task-2,2,F3,0.1,1,0.1,Delta,0.71484375,31.940250442244,30.9006859855461,32.9548955514051
VisualCogA_Task-2,2,F3,0.1,1,0.1,Delta,0.71875,31.6662722739737,30.9341617038927,33.1760162324002
VisualCogA_Task-2,2,F3,0.1,1,0.1,Delta,0.72265625,31.5573644699318,31.1108115021328,33.525573435039
VisualCogA_Task-2,2,F3,0.1,1,0.1,Delta,0.7265625,31.5975469440566,31.4117245454499,33.9584455160969
VisualCogA_Task-2,2,F3,0.1,1,0.1,Delta,0.73046875,31.7647349585315,31.7949732645392,34.4239198899025
VisualCogA_Task-2,2,F3,0.1,1,0.1,Delta,0.734375,32.0330809755275,32.2141112263752,34.8600479094014
VisualCogA_Task-2,2,F3,0.1,1,0.1,Delta,0.73828125,32.3754095989031,32.6188001670951,35.2096432206429
VisualCogA_Task-2,2,F3,0.1,1,0.1,Delta,0.7421875,32.7655676256432,32.9460266628475,35.4223735315074
VisualCogA_Task-2,2,F3,0.1,1,0.1,Delta,0.74609375,33.180645824049,33.16198483922,35.4773459676068
VisualCogA_Task-2,2,F3,0.1,1,0.1,Delta,0.75,33.6031861314874,33.2648881780333,35.4032980069828
VisualCogA_Task-2,2,F3,0.1,1,0.1,Delta,0.75390625,34.0235260593346,33.3017500505975,35.2865277426178
VisualCogA_Task-2,2,F3,0.1,1,0.1,Delta,0.7578125,34.4422569128853,33.3486686546501,35.2302544327974
VisualCogA_Task-2,2,F3,0.1,1,0.1,Delta,0.76171875,34.8724055168581,33.4818143873331,35.3261338158885
VisualCogA_Task-2,2,F3,0.1,1,0.1,Delta,0.765625,35.3405365546454,33.7501277921306,35.6350229352828
VisualCogA_Task-2,2,F3,0.1,1,0.1,Delta,0.76953125,35.8857305441163,34.1629835388546,36.1753307521648
VisualCogA_Task-2,2,F3,0.1,1,0.1,Delta,0.7734375,36.5555215746978,34.7000437871371,36.9257796205961
VisualCogA_Task-2,2,F3,0.1,1,0.1,Delta,0.77734375,37.3984836206397,35.323397782021,37.8483534404569
VisualCogA_Task-2,2,F3,0.1,1,0.1,Delta,0.78125,38.4541858519056,35.9994070103271,38.9241759452635
VisualCogA_Task-2,2,F3,0.1,1,0.1,Delta,0.78515625,39.7424716724626,36.7207346050506,40.1551286579503
VisualCogA_Task-2,2,F3,0.1,1,0.1,Delta,0.7890625,41.2550818966986,37.5053360052219,41.5397940752735
VisualCogA_Task-2,2,F3,0.1,1,0.1,Delta,0.79296875,42.9531167057616,38.3770212687695,43.0553454211302
VisualCogA_Task-2,2,F3,0.1,1,0.1,Delta,0.796875,44.7733867103588,39.3156242621008,44.6645672291138
VisualCogA_Task-2,2,F3,0.1,1,0.1,Delta,0.80078125,46.6452380812016,40.2842439165796,46.3134665841306
VisualCogA_Task-2,2,F3,0.1,1,0.2,Left,-0.19921875,-1.87477696790434,-2.57602994456713,-0.431557497311401
VisualCogA_Task-2,2,F3,0.1,1,0.2,Left,-0.1953125,-1.12580049795016,-1.99279712807293,0.112961107002604
VisualCogA_Task-2,2,F3,0.1,1,0.2,Left,-0.19140625,-0.428848621409135,-1.46529258292237,0.610416311030404
VisualCogA_Task-2,2,F3,0.1,1,0.2,Left,-0.1875,0.143012380778597,-1.06882689885628,0.987788147074383
VisualCogA_Task-2,2,F3,0.1,1,0.2,Left,-0.18359375,0.522000753283579,-0.872041276056109,1.16234894845833
VisualCogA_Task-2,2,F3,0.1,1,0.2,Left,-0.1796875,0.664974628208778,-0.90909333598732,1.09637806172978
VisualCogA_Task-2,2,F3,0.1,1,0.2,Left,-0.17578125,0.564556120714406,-1.16341950952903,0.804779640901594
VisualCogA_Task-2,2,F3,0.1,1,0.2,Left,-0.171875,0.251657424793448,-1.56949024389908,0.35565079220948
VisualCogA_Task-2,2,F3,0.1,1,0.2,Left,-0.16796875,-0.209947365156307,-2.03028654276204,-0.149885215441335
VisualCogA_Task-2,2,F3,0.1,1,0.2,Left,-0.1640625,-0.735262591103639,-2.44210096052002,-0.614121799741442
VisualCogA_Task-2,2,F3,0.1,1,0.2,Left,-0.16015625,-1.23324421216401,-2.7240892257895,-0.964097240952126
VisualCogA_Task-2,2,F3,0.1,1,0.2,Left,-0.15625,-1.62235711033287,-2.83467677677836,-1.157005384057
VisualCogA_Task-2,2,F3,0.1,1,0.2,Left,-0.15234375,-1.84355671732093,-2.77259719792143,-1.18186356316246
VisualCogA_Task-2,2,F3,0.1,1,0.2,Left,-0.1484375,-1.86854608744193,-2.56606713554141,-1.05984003677084
VisualCogA_Task-2,2,F3,0.1,1,0.2,Left,-0.14453125,-1.70233201838414,-2.25666978381001,-0.834272090165698
VisualCogA_Task-2,2,F3,0.1,1,0.2,Left,-0.140625,-1.38026958429264,-1.88662653859213,-0.55050449135453
VisualCogA_Task-2,2,F3,0.1,1,0.2,Left,-0.13671875,-0.960639389487026,-1.49172615236196,-0.25173282158581
VisualCogA_Task-2,2,F3,0.1,1,0.2,Left,-0.1328125,-0.514239341325403,-1.10766015680652,0.0189299262267966
VisualCogA_Task-2,2,F3,0.1,1,0.2,Left,-0.12890625,-0.112597353969588,-0.770407997007752,0.224136230925981
VisualCogA_Task-2,2,F3,0.1,1,0.2,Left,-0.125,0.183579280529365,-0.50977410571184,0.339204286643819
VisualCogA_Task-2,2,F3,0.1,1,0.2,Left,-0.12109375,0.334089015915894,-0.345619897065448,0.353123863773715
VisualCogA_Task-2,2,F3,0.1,1,0.2,Left,-0.1171875,0.325468748007144,-0.275473463142181,0.275033177630333
VisualCogA_Task-2,2,F3,0.1,1,0.2,Left,-0.11328125,0.172471157663028,-0.277722914448516,0.130051390399149
VisualCogA_Task-2,2,F3,0.1,1,0.2,Left,-0.109375,-0.0858330163866781,-0.318176697566645,-0.0478276767700361
VisualCogA_Task-2,2,F3,0.1,1,0.2,Left,-0.10546875,-0.394882051531156,-0.360753713795249,-0.224050399173993
VisualCogA_Task-2,2,F3,0.1,1,0.2,Left,-0.1015625,-0.696712264562191,-0.375897316315725,-0.371528356676841
VisualCogA_Task-2,2,F3,0.1,1,0.2,Left,-0.09765625,-0.942624348574509,-0.345309425638432,-0.47432634706523
VisualCogA_Task-2,2,F3,0.1,1,0.2,Left,-0.09375,-1.10330126432822,-0.259397762836213,-0.525214056760938
VisualCogA_Task-2,2,F3,0.1,1,0.2,Left,-0.08984375,-1.17364456160309,-0.116722477149087,-0.523104362778968
VisualCogA_Task-2,2,F3,0.1,1,0.2,Left,-0.0859375,-1.17085777157325,0.0695585141343773,-0.477429604575579
VisualCogA_Task-2,2,F3,0.1,1,0.2,Left,-0.08203125,-1.12618051038233,0.272171955911384,-0.408027009112562
VisualCogA_Task-2,2,F3,0.1,1,0.2,Left,-0.078125,-1.07263425967675,0.463945585378804,-0.338817421962093
VisualCogA_Task-2,2,F3,0.1,1,0.2,Left,-0.07421875,-1.03251559111555,0.611632755913859,-0.306966469441379
VisualCogA_Task-2,2,F3,0.1,1,0.2,Left,-0.0703125,-1.00861290464658,0.689632939102338,-0.347974387054058
VisualCogA_Task-2,2,F3,0.1,1,0.2,Left,-0.06640625,-0.982043270645588,0.695821421041029,-0.476430976247044
VisualCogA_Task-2,2,F3,0.1,1,0.2,Left,-0.0625,-0.917512969741057,0.661379163092467,-0.670184595685675
VisualCogA_Task-2,2,F3,0.1,1,0.2,Left,-0.05859375,-0.774406466569995,0.640508568998661,-0.869499601087755
VisualCogA_Task-2,2,F3,0.1,1,0.2,Left,-0.0546875,-0.520237349834229,0.680988166486719,-1.00718511185402
VisualCogA_Task-2,2,F3,0.1,1,0.2,Left,-0.05078125,-0.142282237042771,0.804334400410002,-1.02885908441674
VisualCogA_Task-2,2,F3,0.1,1,0.2,Left,-0.046875,0.346135474834853,1.02148284476623,-0.913395111408789
VisualCogA_Task-2,2,F3,0.1,1,0.2,Left,-0.04296875,0.906515215759859,1.3528296795246,-0.666006194450362
VisualCogA_Task-2,2,F3,0.1,1,0.2,Left,-0.0390625,1.48280576278103,1.79568421505213,-0.311136620844478
VisualCogA_Task-2,2,F3,0.1,1,0.2,Left,-0.03515625,2.01344068255674,2.32384017929185,0.10795197491857
VisualCogA_Task-2,2,F3,0.1,1,0.2,Left,-0.03125,2.44430896989097,2.88396569725861,0.536554212094256
VisualCogA_Task-2,2,F3,0.1,1,0.2,Left,-0.02734375,2.73915585198429,3.40404872758325,0.91859166893621
VisualCogA_Task-2,2,F3,0.1,1,0.2,Left,-0.0234375,2.88488429179881,3.82506185206288,1.20953996760814
VisualCogA_Task-2,2,F3,0.1,1,0.2,Left,-0.01953125,2.89083916002355,4.10608985764849,1.37795518277249
VisualCogA_Task-2,2,F3,0.1,1,0.2,Left,-0.015625,2.78289423954002,4.23117884557759,1.40893038912795
VisualCogA_Task-2,2,F3,0.1,1,0.2,Left,-0.01171875,2.59453468141755,4.20700899504188,1.30308032317631
VisualCogA_Task-2,2,F3,0.1,1,0.2,Left,-0.0078125,2.35777856356821,4.05964096445247,1.08084389997866
VisualCogA_Task-2,2,F3,0.1,1,0.2,Left,-0.00390625,2.0965655368444,3.8290224459083,0.777257859863385
VisualCogA_Task-2,2,F3,0.1,1,0.2,Left,0,1.82425390838774,3.56309973474212,0.434998969119417
VisualCogA_Task-2,2,F3,0.1,1,0.2,Left,0.00390625,1.545429574495,3.3096860482565,0.0997483611464227
VisualCogA_Task-2,2,F3,0.1,1,0.2,Left,0.0078125,1.26080505166506,3.11188639127888,-0.193261196025099
VisualCogA_Task-2,2,F3,0.1,1,0.2,Left,0.01171875,0.973042493428557,2.99463768859724,-0.414398565256704
VisualCogA_Task-2,2,F3,0.1,1,0.2,Left,0.015625,0.691181867750909,2.96544508286849,-0.54284012367079
VisualCogA_Task-2,2,F3,0.1,1,0.2,Left,0.01953125,0.432030620894767,3.02753442227867,-0.561838447146578
VisualCogA_Task-2,2,F3,0.1,1,0.2,Left,0.0234375,0.218112563170003,3.18143758774133,-0.457267990476112
VisualCogA_Task-2,2,F3,0.1,1,0.2,Left,0.02734375,0.0731070553792337,3.42801761958512,-0.223538245687687
VisualCogA_Task-2,2,F3,0.1,1,0.2,Left,0.03125,0.0166193969899243,3.76625722978312,0.126579282605484
VisualCogA_Task-2,2,F3,0.1,1,0.2,Left,0.03515625,0.0602583484959669,4.18466667677693,0.558615741721523
VisualCogA_Task-2,2,F3,0.1,1,0.2,Left,0.0390625,0.206328722078121,4.6592106927349,1.02848962667869
VisualCogA_Task-2,2,F3,0.1,1,0.2,Left,0.04296875,0.449296839024154,5.16565489425546,1.49417635889316
VisualCogA_Task-2,2,F3,0.1,1,0.2,Left,0.046875,0.779078830903223,5.69259744741144,1.92756606645633
VisualCogA_Task-2,2,F3,0.1,1,0.2,Left,0.05078125,1.18460806879664,6.24573878686223,2.31532812915616
VisualCogA_Task-2,2,F3,0.1,1,0.2,Left,0.0546875,1.65625443443026,6.82961089546348,2.66195815546861
VisualCogA_Task-2,2,F3,0.1,1,0.2,Left,0.05859375,2.18635112299092,7.45288088713384,2.99012445455989
VisualCogA_Task-2,2,F3,0.1,1,0.2,Left,0.0625,2.76796460806862,8.12658354965954,3.33908837165492
VisualCogA_Task-2,2,F3,0.1,1,0.2,Left,0.06640625,3.39272838699615,8.85566611654476,3.7472413781525
VisualCogA_Task-2,2,F3,0.1,1,0.2,Left,0.0703125,4.04881300163646,9.64632485553467,4.2453063212791
VisualCogA_Task-2,2,F3,0.1,1,0.2,Left,0.07421875,4.71990867831065,10.4985339621374,4.84114331792722
VisualCogA_Task-2,2,F3,0.1,1,0.2,Left,0.078125,5.38561377795989,11.4033335239417,5.52066754765868
VisualCogA_Task-2,2,F3,0.1,1,0.2,Left,0.08203125,6.02307765469554,12.3360883120831,6.25451813553405
VisualCogA_Task-2,2,F3,0.1,1,0.2,Left,0.0859375,6.60933074001172,13.2543998360077,7.00418109934997
VisualCogA_Task-2,2,F3,0.1,1,0.2,Left,0.08984375,7.12355818278911,14.1126488161928,7.72641572006229
VisualCogA_Task-2,2,F3,0.1,1,0.2,Left,0.09375,7.54866570984728,14.8743642557647,8.3760567530939
VisualCogA_Task-2,2,F3,0.1,1,0.2,Left,0.09765625,7.87180280395832,15.5148154632814,8.90840635145569
VisualCogA_Task-2,2,F3,0.1,1,0.2,Left,0.1015625,8.08393602864751,16.0025955132427,9.28260002183795
VisualCogA_Task-2,2,F3,0.1,1,0.2,Left,0.10546875,8.17895154329513,16.3051584321189,9.46629734671769
VisualCogA_Task-2,2,F3,0.1,1,0.2,Left,0.109375,8.15297513299627,16.3968067130194,9.43559463300149
VisualCogA_Task-2,2,F3,0.1,1,0.2,Left,0.11328125,8.00456424357327,16.2636058325697,9.17950702711858
VisualCogA_Task-2,2,F3,0.1,1,0.2,Left,0.1171875,7.73615788129524,15.9160516502742,8.70501208886393
VisualCogA_Task-2,2,F3,0.1,1,0.2,Left,0.12109375,7.35671645676568,15.3833961360463,8.03660787587522
VisualCogA_Task-2,2,F3,0.1,1,0.2,Left,0.125,6.88491672275398,14.7080123843611,7.20926456928945
VisualCogA_Task-2,2,F3,0.1,1,0.2,Left,0.12890625,6.35170878379148,13.9405420950962,6.27433261748415
VisualCogA_Task-2,2,F3,0.1,1,0.2,Left,0.1328125,5.8007037616674,13.13961904117,5.29966477546338
VisualCogA_Task-2,2,F3,0.1,1,0.2,Left,0.13671875,5.28501546004832,12.3725844088091,4.36099010263608
VisualCogA_Task-2,2,F3,0.1,1,0.2,Left,0.140625,4.8600245599382,11.7153371160474,3.52925671296028
VisualCogA_Task-2,2,F3,0.1,1,0.2,Left,0.14453125,4.5729923283737,11.2418795306711,2.86737825188438
VisualCogA_Task-2,2,F3,0.1,1,0.2,Left,0.1484375,4.45205878927945,11.0052159831274,2.41847996483442
VisualCogA_Task-2,2,F3,0.1,1,0.2,Left,0.15234375,4.49818310666929,11.0152839081944,2.19318528112827
VisualCogA_Task-2,2,F3,0.1,1,0.2,Left,0.15625,4.68336087235664,11.2264858117864,2.16979985747795
VisualCogA_Task-2,2,F3,0.1,1,0.2,Left,0.16015625,4.95678972802635,11.5518950829521,2.29509388702244
VisualCogA_Task-2,2,F3,0.1,1,0.2,Left,0.1640625,5.25801427892723,11.9020101955501,2.49855791780302
VisualCogA_Task-2,2,F3,0.1,1,0.2,Left,0.16796875,5.53344030064986,12.2049518204326,2.70786792079599
VisualCogA_Task-2,2,F3,0.1,1,0.2,Left,0.171875,5.75104731624016,12.4132348348711,2.86541006762528
VisualCogA_Task-2,2,F3,0.1,1,0.2,Left,0.17578125,5.90836142882951,12.514973302864,2.94313140877467
VisualCogA_Task-2,2,F3,0.1,1,0.2,Left,0.1796875,6.03080746268532,12.5318280608082,2.95131152050796
VisualCogA_Task-2,2,F3,0.1,1,0.2,Left,0.18359375,6.16075571989066,12.5351278552971,2.93440117250029
VisualCogA_Task-2,2,F3,0.1,1,0.2,Left,0.1875,6.34076997617934,12.6091343218565,2.95808872916087
VisualCogA_Task-2,2,F3,0.1,1,0.2,Left,0.19140625,6.59658713569956,12.8074168992072,3.07716605011292
VisualCogA_Task-2,2,F3,0.1,1,0.2,Left,0.1953125,6.92548062597625,13.1279407184735,3.30492546497663
VisualCogA_Task-2,2,F3,0.1,1,0.2,Left,0.19921875,7.29384732060988,13.5102192443977,3.60547126451572
VisualCogA_Task-2,2,F3,0.1,1,0.2,Left,0.203125,7.64478008419668,13.8740724963616,3.89698672911234
VisualCogA_Task-2,2,F3,0.1,1,0.2,Left,0.20703125,7.91314654047735,14.1485487441363,4.0883826929134
VisualCogA_Task-2,2,F3,0.1,1,0.2,Left,0.2109375,8.04340869217387,14.3006843227395,4.12300271273675
VisualCogA_Task-2,2,F3,0.1,1,0.2,Left,0.21484375,8.00482081373971,14.3392536047497,3.99667532679771
VisualCogA_Task-2,2,F3,0.1,1,0.2,Left,0.21875,7.79982937111276,14.3090389035853,3.74524391989879
VisualCogA_Task-2,2,F3,0.1,1,0.2,Left,0.22265625,7.46391252702765,14.274611051708,3.42837109622408
VisualCogA_Task-2,2,F3,0.1,1,0.2,Left,0.2265625,7.05777500587958,14.29600993567,3.10872285740469
VisualCogA_Task-2,2,F3,0.1,1,0.2,Left,0.23046875,6.65479992055069,14.4010389495834,2.84147869150852
VisualCogA_Task-2,2,F3,0.1,1,0.2,Left,0.234375,6.32739667851096,14.5643563875594,2.67327368728548
VisualCogA_Task-2,2,F3,0.1,1,0.2,Left,0.23828125,6.13539427159961,14.7505824790886,2.64020905006771
VisualCogA_Task-2,2,F3,0.1,1,0.2,Left,0.2421875,6.11839021590965,14.9637449302281,2.76582597176675
VisualCogA_Task-2,2,F3,0.1,1,0.2,Left,0.24609375,6.29259856501038,15.2391717903236,3.05591713694927
VisualCogA_Task-2,2,F3,0.1,1,0.2,Left,0.25,6.65170468829829,15.6093827300407,3.50089292167811
VisualCogA_Task-2,2,F3,0.1,1,0.2,Left,0.25390625,7.17068878233896,16.0829258322015,4.07516315672922
VisualCogA_Task-2,2,F3,0.1,1,0.2,Left,0.2578125,7.81144073934121,16.6507823812557,4.73397293688813
VisualCogA_Task-2,2,F3,0.1,1,0.2,Left,0.26171875,8.52908657365674,17.2961203769203,5.42317062679281
VisualCogA_Task-2,2,F3,0.1,1,0.2,Left,0.265625,9.27815199697853,17.9994777480115,6.09267178835721
VisualCogA_Task-2,2,F3,0.1,1,0.2,Left,0.26953125,10.0179398874484,18.7440848125081,6.71052168009635
VisualCogA_Task-2,2,F3,0.1,1,0.2,Left,0.2734375,10.7167531504678,19.5176508713465,7.2748286266413
VisualCogA_Task-2,2,F3,0.1,1,0.2,Left,0.27734375,11.3547880550194,20.3077661376863,7.80509686132504
VisualCogA_Task-2,2,F3,0.1,1,0.2,Left,0.28125,11.9255875798135,21.1010833467788,8.33190553926121
VisualCogA_Task-2,2,F3,0.1,1,0.2,Left,0.28515625,12.4358777092668,21.8871428886933,8.87373719681649
VisualCogA_Task-2,2,F3,0.1,1,0.2,Left,0.2890625,12.9035256868031,22.6555182673096,9.43062114017894
VisualCogA_Task-2,2,F3,0.1,1,0.2,Left,0.29296875,13.3534499906119,23.3970528294608,9.99753155783415
VisualCogA_Task-2,2,F3,0.1,1,0.2,Left,0.296875,13.8117211452723,24.1084003907734,10.566902536237
VisualCogA_Task-2,2,F3,0.1,1,0.2,Left,0.30078125,14.2987773086781,24.7965994548015,11.1325257027014
VisualCogA_Task-2,2,F3,0.1,1,0.2,Left,0.3046875,14.8233637146671,25.4745777101776,11.6924902371042
VisualCogA_Task-2,2,F3,0.1,1,0.2,Left,0.30859375,15.3790898565885,26.1540612531633,12.2449386562555
VisualCogA_Task-2,2,F3,0.1,1,0.2,Left,0.3125,15.9450748392102,26.8375163109323,12.7834764792223
VisualCogA_Task-2,2,F3,0.1,1,0.2,Left,0.31640625,16.4910122786571,27.5066354309019,13.301443924108
VisualCogA_Task-2,2,F3,0.1,1,0.2,Left,0.3203125,16.9854905582866,28.1347612357897,13.7853169888947
VisualCogA_Task-2,2,F3,0.1,1,0.2,Left,0.32421875,17.4051442963823,28.7024082019997,14.2080658940622
VisualCogA_Task-2,2,F3,0.1,1,0.2,Left,0.328125,17.7417408604992,29.196198693064,14.5443686018215
VisualCogA_Task-2,2,F3,0.1,1,0.2,Left,0.33203125,18.0048660082214,29.6144297133717,14.7839010073602
VisualCogA_Task-2,2,F3,0.1,1,0.2,Left,0.3359375,18.2192810311274,29.967467101359,14.93977359012
VisualCogA_Task-2,2,F3,0.1,1,0.2,Left,0.33984375,18.4177526400934,30.2827448029707,15.0467972375819
VisualCogA_Task-2,2,F3,0.1,1,0.2,Left,0.34375,18.6315734336814,30.5932934931248,15.1551736662419
VisualCogA_Task-2,2,F3,0.1,1,0.2,Left,0.34765625,18.8816219859875,30.9247758358042,15.3164545942587
VisualCogA_Task-2,2,F3,0.1,1,0.2,Left,0.3515625,19.1725115171583,31.2940048219624,15.5634140552128
VisualCogA_Task-2,2,F3,0.1,1,0.2,Left,0.35546875,19.4913358286162,31.6991156483915,15.8982715465953
VisualCogA_Task-2,2,F3,0.1,1,0.2,Left,0.359375,19.8111436221561,32.1162719481784,16.2898147632015
VisualCogA_Task-2,2,F3,0.1,1,0.2,Left,0.36328125,20.0979935569273,32.5030543163828,16.6789445265535
VisualCogA_Task-2,2,F3,0.1,1,0.2,Left,0.3671875,20.3195871523843,32.8048198657733,16.991086971835
VisualCogA_Task-2,2,F3,0.1,1,0.2,Left,0.37109375,20.4531978917536,32.9633502983179,17.1551405598514
VisualCogA_Task-2,2,F3,0.1,1,0.2,Left,0.375,20.4909119286198,32.9380453803779,17.1236282581608
VisualCogA_Task-2,2,F3,0.1,1,0.2,Left,0.37890625,20.4409643259621,32.7224321175359,16.8837578431094
VisualCogA_Task-2,2,F3,0.1,1,0.2,Left,0.3828125,20.325020235303,32.3548451750425,16.4567326429191
VisualCogA_Task-2,2,F3,0.1,1,0.2,Left,0.38671875,20.1723738753209,31.9059320784389,15.9153462285502
VisualCogA_Task-2,2,F3,0.1,1,0.2,Left,0.390625,20.0129275445508,31.4629116976813,15.3688750947689
VisualCogA_Task-2,2,F3,0.1,1,0.2,Left,0.39453125,19.8711808852096,31.1071352009579,14.897664428896
VisualCogA_Task-2,2,F3,0.1,1,0.2,Left,0.3984375,19.7631298477074,30.897068504923,14.5391426959182
VisualCogA_Task-2,2,F3,0.1,1,0.2,Left,0.40234375,19.6969810076645,30.8582616780738,14.3038303476554
VisualCogA_Task-2,2,F3,0.1,1,0.2,Left,0.40625,19.6772147664845,30.9829087908645,14.1815316263385
VisualCogA_Task-2,2,F3,0.1,1,0.2,Left,0.41015625,19.7102474875247,31.2383735797545,14.152584597691
VisualCogA_Task-2,2,F3,0.1,1,0.2,Left,0.4140625,19.8092407954669,31.5813256048075,14.2013147488156
VisualCogA_Task-2,2,F3,0.1,1,0.2,Left,0.41796875,19.9958121336341,31.9763346460326,14.3234216139233
VisualCogA_Task-2,2,F3,0.1,1,0.2,Left,0.421875,20.297516879977,32.4151438787455,14.5333513953827
VisualCogA_Task-2,2,F3,0.1,1,0.2,Left,0.42578125,20.7416302922744,32.9247246874176,14.8647263566501
VisualCogA_Task-2,2,F3,0.1,1,0.2,Left,0.4296875,21.3473205167611,33.5491414319794,15.3660266136088
VisualCogA_Task-2,2,F3,0.1,1,0.2,Left,0.43359375,22.1191064492081,34.3326283261237,16.0856639549936
VisualCogA_Task-2,2,F3,0.1,1,0.2,Left,0.4375,23.044136218191,35.3048731762915,17.0453152750995
VisualCogA_Task-2,2,F3,0.1,1,0.2,Left,0.44140625,24.094385389357,36.4688180820222,18.2259173521079
VisualCogA_Task-2,2,F3,0.1,1,0.2,Left,0.4453125,25.2329383614113,37.7958883588437,19.5758870065692
VisualCogA_Task-2,2,F3,0.1,1,0.2,Left,0.44921875,26.4219302556488,39.2311991707327,21.0320142835152
VisualCogA_Task-2,2,F3,0.1,1,0.2,Left,0.453125,27.6292150444084,40.7076141650281,22.5257695328119
VisualCogA_Task-2,2,F3,0.1,1,0.2,Left,0.45703125,28.8316231885236,42.1640127135423,23.9974355347017
VisualCogA_Task-2,2,F3,0.1,1,0.2,Left,0.4609375,30.0143838305082,43.5614700704692,25.4094919966694
VisualCogA_Task-2,2,F3,0.1,1,0.2,Left,0.46484375,31.1680756908951,44.884024559247,26.7375982658951
VisualCogA_Task-2,2,F3,0.1,1,0.2,Left,0.46875,32.2854817913789,46.1349900934151,27.9741727732435
VisualCogA_Task-2,2,F3,0.1,1,0.2,Left,0.47265625,33.360508432326,47.3334964751296,29.129514890651
VisualCogA_Task-2,2,F3,0.1,1,0.2,Left,0.4765625,34.3900481633015,48.5069724977491,30.2099114778796
VisualCogA_Task-2,2,F3,0.1,1,0.2,Left,0.48046875,35.3779726869032,49.681962515602,31.2122686472752
VisualCogA_Task-2,2,F3,0.1,1,0.2,Left,0.484375,36.3391425876661,50.8821460026098,32.14214105656
VisualCogA_Task-2,2,F3,0.1,1,0.2,Left,0.48828125,37.3010039940353,52.1271398379966,33.0370033003473
VisualCogA_Task-2,2,F3,0.1,1,0.2,Left,0.4921875,38.3011363702239,53.426163548758,33.955082010052
VisualCogA_Task-2,2,F3,0.1,1,0.2,Left,0.49609375,39.3806740218169,54.7883614436443,34.9662551704069
VisualCogA_Task-2,2,F3,0.1,1,0.2,Left,0.5,40.5752086950952,56.2388104628141,36.1368422491429
VisualCogA_Task-2,2,F3,0.1,1,0.2,Left,0.50390625,41.9059414401814,57.8050991300581,37.5081948946848
VisualCogA_Task-2,2,F3,0.1,1,0.2,Left,0.5078125,43.3740674778421,59.4825931138698,39.0760329851816
VisualCogA_Task-2,2,F3,0.1,1,0.2,Left,0.51171875,44.9605708202053,61.2380100641778,40.7899510076495
VisualCogA_Task-2,2,F3,0.1,1,0.2,Left,0.515625,46.6320225362507,63.0320766856153,42.5758163881756
VisualCogA_Task-2,2,F3,0.1,1,0.2,Left,0.51953125,48.3510881107827,64.8151758520132,44.3554149025855
VisualCogA_Task-2,2,F3,0.1,1,0.2,Left,0.5234375,50.0888220807374,66.5410430276172,46.0699373755265
VisualCogA_Task-2,2,F3,0.1,1,0.2,Left,0.52734375,51.8349882333353,68.1982250379879,47.7007086499479
VisualCogA_Task-2,2,F3,0.1,1,0.2,Left,0.53125,53.6029299332962,69.819849990129,49.2751315643351
VisualCogA_Task-2,2,F3,0.1,1,0.2,Left,0.53515625,55.4269474231919,71.4585511814246,50.8524561756165
VisualCogA_Task-2,2,F3,0.1,1,0.2,Left,0.5390625,57.3523590707042,73.176827714767,52.5017368267526
VisualCogA_Task-2,2,F3,0.1,1,0.2,Left,0.54296875,59.4207640102052,75.0403464102993,54.2872119233217
VisualCogA_Task-2,2,F3,0.1,1,0.2,Left,0.546875,61.6547100955965,77.1026051448345,56.2513097159992
VisualCogA_Task-2,2,F3,0.1,1,0.2,Left,0.55078125,64.0463970217748,79.3922244070805,58.4000917589442
VisualCogA_Task-2,2,F3,0.1,1,0.2,Left,0.5546875,66.5540091855575,81.9030947098169,60.69783277825
VisualCogA_Task-2,2,F3,0.1,1,0.2,Left,0.55859375,69.107077482367,84.5807260025006,63.0641229813001
VisualCogA_Task-2,2,F3,0.1,1,0.2,Left,0.5625,71.6196207819945,87.3107522073427,65.3919455256848
VisualCogA_Task-2,2,F3,0.1,1,0.2,Left,0.56640625,74.0075738058237,89.9231317444573,67.5720539211489
VisualCogA_Task-2,2,F3,0.1,1,0.2,Left,0.5703125,76.2058657512562,92.2672537624179,69.5297021716634
VisualCogA_Task-2,2,F3,0.1,1,0.2,Left,0.57421875,78.1807723294323,94.2678008294403,71.2404398752069
VisualCogA_Task-2,2,F3,0.1,1,0.2,Left,0.578125,79.9346500390033,95.9302298161689,72.7228390964455
VisualCogA_Task-2,2,F3,0.1,1,0.2,Left,0.58203125,81.5023339589227,97.3285607640464,74.0284795084559
VisualCogA_Task-2,2,F3,0.1,1,0.2,Left,0.5859375,82.9406475928831,98.5658514772823,75.231883552652
VisualCogA_Task-2,2,F3,0.1,1,0.2,Left,0.58984375,84.3140312293324,99.7392113834067,76.4152796191387
VisualCogA_Task-2,2,F3,0.1,1,0.2,Left,0.59375,85.6798967081337,100.922340576273,77.6446725192064
VisualCogA_Task-2,2,F3,0.1,1,0.2,Left,0.59765625,87.0769293019453,102.160032452768,78.9576635530108
VisualCogA_Task-2,2,F3,0.1,1,0.2,Left,0.6015625,88.5184213906238,103.456022557837,80.3537162299859
VisualCogA_Task-2,2,F3,0.1,1,0.2,Left,0.60546875,89.9912465342241,104.796681851267,81.8037321252537
VisualCogA_Task-2,2,F3,0.1,1,0.2,Left,0.609375,91.4597178366456,106.145641795868,83.2664568933819
VisualCogA_Task-2,2,F3,0.1,1,0.2,Left,0.61328125,92.8726848221743,107.449720618333,84.6977839989497
VisualCogA_Task-2,2,F3,0.1,1,0.2,Left,0.6171875,94.1719763654801,108.663033128759,86.0486162098758
VisualCogA_Task-2,2,F3,0.1,1,0.2,Left,0.62109375,95.300621385378,109.754813916246,87.2710389838339
VisualCogA_Task-2,2,F3,0.1,1,0.2,Left,0.625,96.2099100829645,110.710056999945,88.3237476268854
VisualCogA_Task-2,2,F3,0.1,1,0.2,Left,0.62890625,96.864968012749,111.51464575649,89.1646956934374
VisualCogA_Task-2,2,F3,0.1,1,0.2,Left,0.6328125,97.2488592594001,112.160380035134,89.7573010463516
VisualCogA_Task-2,2,F3,0.1,1,0.2,Left,0.63671875,97.3652506426115,112.632033006924,90.0915169994046
VisualCogA_Task-2,2,F3,0.1,1,0.2,Left,0.640625,97.2394712775489,112.933299871813,90.1765442405178
VisualCogA_Task-2,2,F3,0.1,1,0.2,Left,0.64453125,96.9175942314903,113.099054969166,90.0505382176901
VisualCogA_Task-2,2,F3,0.1,1,0.2,Left,0.6484375,96.4631299096612,113.145575751661,89.7684603999188
VisualCogA_Task-2,2,F3,0.1,1,0.2,Left,0.65234375,95.951143243668,113.074847952929,89.3887446003093
VisualCogA_Task-2,2,F3,0.1,1,0.2,Left,0.65625,95.4600743827648,112.910817346587,88.9667489765728
VisualCogA_Task-2,2,F3,0.1,1,0.2,Left,0.66015625,95.0621530636074,112.687958977685,88.5427017747637
VisualCogA_Task-2,2,F3,0.1,1,0.2,Left,0.6640625,94.8138762143939,112.43243747566,88.147323898725
VisualCogA_Task-2,2,F3,0.1,1,0.2,Left,0.66796875,94.7483461735701,112.180936408802,87.8076266202712
VisualCogA_Task-2,2,F3,0.1,1,0.2,Left,0.671875,94.871138295603,111.989156311195,87.5427183585053
VisualCogA_Task-2,2,F3,0.1,1,0.2,Left,0.67578125,95.1606966566772,111.910707099796,87.3766932143392
VisualCogA_Task-2,2,F3,0.1,1,0.2,Left,0.6796875,95.5731773300961,111.97645615118,87.3304735290336
VisualCogA_Task-2,2,F3,0.1,1,0.2,Left,0.68359375,96.0505258350914,112.17685102116,87.4006077618345
VisualCogA_Task-2,2,F3,0.1,1,0.2,Left,0.6875,96.5298311357973,112.471054205778,87.5624808504972
VisualCogA_Task-2,2,F3,0.1,1,0.2,Left,0.69140625,96.9519423781935,112.802771672099,87.774333172538
VisualCogA_Task-2,2,F3,0.1,1,0.2,Left,0.6953125,97.2679431627355,113.115958181281,87.9830691384372
VisualCogA_Task-2,2,F3,0.1,1,0.2,Left,0.69921875,97.4430104604892,113.360624990044,88.1247298173119
VisualCogA_Task-2,2,F3,0.1,1,0.2,Left,0.703125,97.4579823331595,113.491248530515,88.1351153034695
VisualCogA_Task-2,2,F3,0.1,1,0.2,Left,0.70703125,97.3093061224126,113.48499364322,87.9709840008796
VisualCogA_Task-2,2,F3,0.1,1,0.2,Left,0.7109375,97.0079189840896,113.325205529511,87.6272642146269
VisualCogA_Task-2,2,F3,0.1,1,0.2,Left,0.71484375,96.5772630579994,113.009951568999,87.1281037857311
VisualCogA_Task-2,2,F3,0.1,1,0.2,Left,0.71875,96.0503707447036,112.558362379193,86.5153803187465
VisualCogA_Task-2,2,F3,0.1,1,0.2,Left,0.72265625,95.4659701513254,112.00546142769,85.8333845916836
VisualCogA_Task-2,2,F3,0.1,1,0.2,Left,0.7265625,94.863851048822,111.400522479242,85.1357919258908
VisualCogA_Task-2,2,F3,0.1,1,0.2,Left,0.73046875,94.2801222028017,110.79943260352,84.478983255743
VisualCogA_Task-2,2,F3,0.1,1,0.2,Left,0.734375,93.7432495483234,110.247551663335,83.9061018259287
VisualCogA_Task-2,2,F3,0.1,1,0.2,Left,0.73828125,93.27172172662,109.777161920061,83.4455430676907
VisualCogA_Task-2,2,F3,0.1,1,0.2,Left,0.7421875,92.8738112848223,109.403291309329,83.1018297182379
VisualCogA_Task-2,2,F3,0.1,1,0.2,Left,0.74609375,92.5492995842377,109.116755280511,82.8559556794292
VisualCogA_Task-2,2,F3,0.1,1,0.2,Left,0.75,92.292425825534,108.899949941865,82.6794860447924
VisualCogA_Task-2,2,F3,0.1,1,0.2,Left,0.75390625,92.0949371369154,108.730858201528,82.541063120291
VisualCogA_Task-2,2,F3,0.1,1,0.2,Left,0.7578125,91.9481139031905,108.587943789027,82.4086035199685
VisualCogA_Task-2,2,F3,0.1,1,0.2,Left,0.76171875,91.8430451569365,108.456042287153,82.2611789089197
VisualCogA_Task-2,2,F3,0.1,1,0.2,Left,0.765625,91.7691199551033,108.331978721287,82.088478667839
VisualCogA_Task-2,2,F3,0.1,1,0.2,Left,0.76953125,91.7114768273452,108.223559463277,81.8922209912519
VisualCogA_Task-2,2,F3,0.1,1,0.2,Left,0.7734375,91.6487730689826,108.138410088206,81.6748981546636
VisualCogA_Task-2,2,F3,0.1,1,0.2,Left,0.77734375,91.5528706416662,108.083064285543,81.4442583955909
VisualCogA_Task-2,2,F3,0.1,1,0.2,Left,0.78125,91.3917172149091,108.060067038868,81.2094451295849
VisualCogA_Task-2,2,F3,0.1,1,0.2,Left,0.78515625,91.1357723511354,108.052367826349,80.9675941852888
VisualCogA_Task-2,2,F3,0.1,1,0.2,Left,0.7890625,90.7668907837199,108.03228715815,80.6946072352416
VisualCogA_Task-2,2,F3,0.1,1,0.2,Left,0.79296875,90.2868975519826,107.973301005535,80.3677824598164
VisualCogA_Task-2,2,F3,0.1,1,0.2,Left,0.796875,89.7215706191754,107.866923642402,79.98662752378
VisualCogA_Task-2,2,F3,0.1,1,0.2,Left,0.80078125,89.1148329239643,107.730148129915,79.5745338790187
VisualCogA_Task-2,2,F3,0.1,1,0.2,Right,-0.19921875,-5.94953990846431,-6.06685906205108,-2.28745080726154
VisualCogA_Task-2,2,F3,0.1,1,0.2,Right,-0.1953125,-5.64454263261339,-6.02719271778817,-2.33847742193675
VisualCogA_Task-2,2,F3,0.1,1,0.2,Right,-0.19140625,-5.35722122224243,-6.00381635245385,-2.40198271649538
VisualCogA_Task-2,2,F3,0.1,1,0.2,Right,-0.1875,-5.10082013207327,-5.99748025847223,-2.48038869148398
VisualCogA_Task-2,2,F3,0.1,1,0.2,Right,-0.18359375,-4.87560220509397,-5.99053953183708,-2.5600061007998
VisualCogA_Task-2,2,F3,0.1,1,0.2,Right,-0.1796875,-4.67042915825496,-5.95501730214824,-2.61677631790464
VisualCogA_Task-2,2,F3,0.1,1,0.2,Right,-0.17578125,-4.46992077050814,-5.85693419559983,-2.62431801054887
VisualCogA_Task-2,2,F3,0.1,1,0.2,Right,-0.171875,-4.26268588208211,-5.66406080726514,-2.55658333539035
VisualCogA_Task-2,2,F3,0.1,1,0.2,Right,-0.16796875,-4.04712257461143,-5.36579490461889,-2.40733676248981
VisualCogA_Task-2,2,F3,0.1,1,0.2,Right,-0.1640625,-3.83290168206796,-5.00111112695323,-2.19758758631542
VisualCogA_Task-2,2,F3,0.1,1,0.2,Right,-0.16015625,-3.63800813435245,-4.63011397855097,-1.98816034777508
VisualCogA_Task-2,2,F3,0.1,1,0.2,Right,-0.15625,-3.48264807968283,-4.32169379878907,-1.8450120925963
VisualCogA_Task-2,2,F3,0.1,1,0.2,Right,-0.15234375,-3.38211721253079,-4.11988173996116,-1.81662986643191
VisualCogA_Task-2,2,F3,0.1,1,0.2,Right,-0.1484375,-3.3407921427122,-4.02307126518935,-1.9162771210694
VisualCogA_Task-2,2,F3,0.1,1,0.2,Right,-0.14453125,-3.34889921773031,-4.02500781958827,-2.12161071920253
VisualCogA_Task-2,2,F3,0.1,1,0.2,Right,-0.140625,-3.38289052970401,-4.10728855314585,-2.39698384992035
VisualCogA_Task-2,2,F3,0.1,1,0.2,Right,-0.13671875,-3.40935757946349,-4.23101821513484,-2.70669776235837
VisualCogA_Task-2,2,F3,0.1,1,0.2,Right,-0.1328125,-3.39160840685107,-4.33664416310174,-2.99431912237989
VisualCogA_Task-2,2,F3,0.1,1,0.2,Right,-0.12890625,-3.29743404507157,-4.36118683614427,-3.19965470916756
VisualCogA_Task-2,2,F3,0.1,1,0.2,Right,-0.125,-3.10628523593995,-4.25923318036636,-3.27486901587682
VisualCogA_Task-2,2,F3,0.1,1,0.2,Right,-0.12109375,-2.81414913188563,-4.00986088233715,-3.19396054708984
VisualCogA_Task-2,2,F3,0.1,1,0.2,Right,-0.1171875,-2.43488830798305,-3.62242469471239,-2.96599076915438
VisualCogA_Task-2,2,F3,0.1,1,0.2,Right,-0.11328125,-1.99761291204528,-3.14049412345771,-2.63701626894697
VisualCogA_Task-2,2,F3,0.1,1,0.2,Right,-0.109375,-1.5406191876747,-2.62374079670776,-2.26908832252001
VisualCogA_Task-2,2,F3,0.1,1,0.2,Right,-0.10546875,-1.10328711222761,-2.1394051400884,-1.93287058939732
VisualCogA_Task-2,2,F3,0.1,1,0.2,Right,-0.1015625,-0.717836468290596,-1.74586719922815,-1.69008201111906
VisualCogA_Task-2,2,F3,0.1,1,0.2,Right,-0.09765625,-0.402840205861759,-1.4808461291097,-1.58144708823111
VisualCogA_Task-2,2,F3,0.1,1,0.2,Right,-0.09375,-0.159888600459625,-1.35172795907047,-1.61837238577875
VisualCogA_Task-2,2,F3,0.1,1,0.2,Right,-0.08984375,0.026048115584621,-1.32374560600533,-1.76723475108045
VisualCogA_Task-2,2,F3,0.1,1,0.2,Right,-0.0859375,0.182926407443215,-1.32390615514979,-1.95489377885015
VisualCogA_Task-2,2,F3,0.1,1,0.2,Right,-0.08203125,0.345682032892949,-1.26833582970134,-2.08887860583929
VisualCogA_Task-2,2,F3,0.1,1,0.2,Right,-0.078125,0.549431945822645,-1.07517209252038,-2.0756481916979
VisualCogA_Task-2,2,F3,0.1,1,0.2,Right,-0.07421875,0.823158372639721,-0.676218487378879,-1.83477298131759
VisualCogA_Task-2,2,F3,0.1,1,0.2,Right,-0.0703125,1.18486866729008,-0.0340749871247517,-1.32175665817634
VisualCogA_Task-2,2,F3,0.1,1,0.2,Right,-0.06640625,1.63880408956315,0.8461977053426,-0.549364847756835
VisualCogA_Task-2,2,F3,0.1,1,0.2,Right,-0.0625,2.17491284797738,1.91526914036277,0.412541869757815
VisualCogA_Task-2,2,F3,0.1,1,0.2,Right,-0.05859375,2.77054595860384,3.09172914758099,1.46700007051265
VisualCogA_Task-2,2,F3,0.1,1,0.2,Right,-0.0546875,3.39412405362551,4.28424745271179,2.5161445242146
VisualCogA_Task-2,2,F3,0.1,1,0.2,Right,-0.05078125,4.01028387726093,5.41500354898012,3.48147677615715
VisualCogA_Task-2,2,F3,0.1,1,0.2,Right,-0.046875,4.58572772170791,6.42869280663424,4.31269990637288
VisualCogA_Task-2,2,F3,0.1,1,0.2,Right,-0.04296875,5.09474037205398,7.30628199078778,4.99896588183469
VisualCogA_Task-2,2,F3,0.1,1,0.2,Right,-0.0390625,5.52323706044776,8.04621822568252,5.54994350986749
VisualCogA_Task-2,2,F3,0.1,1,0.2,Right,-0.03515625,5.87038128998685,8.65450885080035,5.98278803449469
VisualCogA_Task-2,2,F3,0.1,1,0.2,Right,-0.03125,6.14730279502131,9.14442960055214,6.31023530227808
VisualCogA_Task-2,2,F3,0.1,1,0.2,Right,-0.02734375,6.3731762248785,9.5367044098054,6.5456051447351
VisualCogA_Task-2,2,F3,0.1,1,0.2,Right,-0.0234375,6.56969911101052,9.85408025134272,6.6962534978821
VisualCogA_Task-2,2,F3,0.1,1,0.2,Right,-0.01953125,6.75557516713761,10.1211837931487,6.78089875901459
VisualCogA_Task-2,2,F3,0.1,1,0.2,Right,-0.015625,6.94272867121318,10.3602794833975,6.82699126050078
VisualCogA_Task-2,2,F3,0.1,1,0.2,Right,-0.01171875,7.13553275470197,10.5928102607038,6.86615527485828
VisualCogA_Task-2,2,F3,0.1,1,0.2,Right,-0.0078125,7.3334047219379,10.844359974268,6.92857234732815
VisualCogA_Task-2,2,F3,0.1,1,0.2,Right,-0.00390625,7.53596593056824,11.1407839045279,7.04620971376182
VisualCogA_Task-2,2,F3,0.1,1,0.2,Right,0,7.74894675036577,11.5059657094764,7.25330822953207
VisualCogA_Task-2,2,F3,0.1,1,0.2,Right,0.00390625,7.98848805542292,11.9649752677572,7.5837223934099
VisualCogA_Task-2,2,F3,0.1,1,0.2,Right,0.0078125,8.28167693136117,12.5341976736569,8.05734635704539
VisualCogA_Task-2,2,F3,0.1,1,0.2,Right,0.01171875,8.66209334816831,13.2078342595023,8.6679736254338
VisualCogA_Task-2,2,F3,0.1,1,0.2,Right,0.015625,9.16065829021772,13.9548635288177,9.37785749390603
VisualCogA_Task-2,2,F3,0.1,1,0.2,Right,0.01953125,9.79378225899529,14.7279867292883,10.1212583692175
VisualCogA_Task-2,2,F3,0.1,1,0.2,Right,0.0234375,10.5521975114738,15.4774524504486,10.8262551656572
VisualCogA_Task-2,2,F3,0.1,1,0.2,Right,0.02734375,11.3943865820523,16.1581510862413,11.4250256615077
VisualCogA_Task-2,2,F3,0.1,1,0.2,Right,0.03125,12.247830809482,16.724509159457,11.864693349486
VisualCogA_Task-2,2,F3,0.1,1,0.2,Right,0.03515625,13.0193862784581,17.125871609902,12.0931939534037
VisualCogA_Task-2,2,F3,0.1,1,0.2,Right,0.0390625,13.6133939224143,17.3057738914721,12.0610215643045
VisualCogA_Task-2,2,F3,0.1,1,0.2,Right,0.04296875,13.9534717692197,17.2237294402698,11.7368070357509
VisualCogA_Task-2,2,F3,0.1,1,0.2,Right,0.046875,14.0022718877148,16.8682383328735,11.1174528612102
VisualCogA_Task-2,2,F3,0.1,1,0.2,Right,0.05078125,13.7735212084601,16.2631370965595,10.2450518606946
VisualCogA_Task-2,2,F3,0.1,1,0.2,Right,0.0546875,13.3325482952471,15.4814540654212,9.21635270293628
VisualCogA_Task-2,2,F3,0.1,1,0.2,Right,0.05859375,12.7846925337674,14.6502953839294,8.16076840724917
VisualCogA_Task-2,2,F3,0.1,1,0.2,Right,0.0625,12.2544535377469,13.9251344183933,7.21611510268686
VisualCogA_Task-2,2,F3,0.1,1,0.2,Right,0.06640625,11.8608078159594,13.4604991432393,6.53032057191697
VisualCogA_Task-2,2,F3,0.1,1,0.2,Right,0.0703125,11.6949731973756,13.3701865435295,6.21982783443517
VisualCogA_Task-2,2,F3,0.1,1,0.2,Right,0.07421875,11.8058542950753,13.6978765920459,6.33971377308457
VisualCogA_Task-2,2,F3,0.1,1,0.2,Right,0.078125,12.1959356565748,14.4193769240033,6.86828339161345
VisualCogA_Task-2,2,F3,0.1,1,0.2,Right,0.08203125,12.8274075367783,15.4539865160912,7.74016640824139
VisualCogA_Task-2,2,F3,0.1,1,0.2,Right,0.0859375,13.6357604790152,16.682316467239,8.83663831054129
VisualCogA_Task-2,2,F3,0.1,1,0.2,Right,0.08984375,14.5466286822823,17.9743468898418,10.0211331881882
VisualCogA_Task-2,2,F3,0.1,1,0.2,Right,0.09375,15.4915144422124,19.2248394274583,11.1772367808883
VisualCogA_Task-2,2,F3,0.1,1,0.2,Right,0.09765625,16.4189977010346,20.3710188567083,12.2314785095112
VisualCogA_Task-2,2,F3,0.1,1,0.2,Right,0.1015625,17.2996871922291,21.4000184736126,13.1742226853609
VisualCogA_Task-2,2,F3,0.1,1,0.2,Right,0.10546875,18.1249867232812,22.3369272591388,14.032143446166
VisualCogA_Task-2,2,F3,0.1,1,0.2,Right,0.109375,18.9012669363856,23.2262856098924,14.8522208291301
VisualCogA_Task-2,2,F3,0.1,1,0.2,Right,0.11328125,19.6419149417565,24.1175129152002,15.6709321733874
VisualCogA_Task-2,2,F3,0.1,1,0.2,Right,0.1171875,20.359828509221,25.0620828379899,16.4921427190882
VisualCogA_Task-2,2,F3,0.1,1,0.2,Right,0.12109375,21.0622885048461,26.0738034208684,17.2960751299953
VisualCogA_Task-2,2,F3,0.1,1,0.2,Right,0.125,21.7490501423593,27.1065140319144,18.053495202872
VisualCogA_Task-2,2,F3,0.1,1,0.2,Right,0.12890625,22.4133399423499,28.0934002932248,18.7378988760188
VisualCogA_Task-2,2,F3,0.1,1,0.2,Right,0.1328125,23.0446235014948,28.9770200277685,19.32835830566
VisualCogA_Task-2,2,F3,0.1,1,0.2,Right,0.13671875,23.6317542003824,29.722336002942,19.8113397071188
VisualCogA_Task-2,2,F3,0.1,1,0.2,Right,0.140625,24.1654192992619,30.3158874600313,20.1761569451006
VisualCogA_Task-2,2,F3,0.1,1,0.2,Right,0.14453125,24.6394488005928,30.7631938074282,20.4190537723553
VisualCogA_Task-2,2,F3,0.1,1,0.2,Right,0.1484375,25.0512241068416,31.0868288479108,20.5527197415373
VisualCogA_Task-2,2,F3,0.1,1,0.2,Right,0.15234375,25.4018281547535,31.3237077786143,20.6000351629127
VisualCogA_Task-2,2,F3,0.1,1,0.2,Right,0.15625,25.6965565236945,31.5055880591174,20.599636710739
VisualCogA_Task-2,2,F3,0.1,1,0.2,Right,0.16015625,25.9459813280095,31.667025570584,20.5986589975467
VisualCogA_Task-2,2,F3,0.1,1,0.2,Right,0.1640625,26.1671294032257,31.8542372725412,20.6442642941369
VisualCogA_Task-2,2,F3,0.1,1,0.2,Right,0.16796875,26.3838293513653,32.1119679863257,20.782851942675
VisualCogA_Task-2,2,F3,0.1,1,0.2,Right,0.171875,26.6252241933186,32.4794317980211,21.0403447941159
VisualCogA_Task-2,2,F3,0.1,1,0.2,Right,0.17578125,26.9219973365714,32.9800380239749,21.4295311284814
VisualCogA_Task-2,2,F3,0.1,1,0.2,Right,0.1796875,27.3008749167865,33.6120071751802,21.9489531337895
VisualCogA_Task-2,2,F3,0.1,1,0.2,Right,0.18359375,27.7789925576684,34.3493841956807,22.5725172398324
VisualCogA_Task-2,2,F3,0.1,1,0.2,Right,0.1875,28.3601746090533,35.1544392820412,23.2602737789406
VisualCogA_Task-2,2,F3,0.1,1,0.2,Right,0.19140625,29.0347008076448,35.9861708179915,23.9667035296376
VisualCogA_Task-2,2,F3,0.1,1,0.2,Right,0.1953125,29.7828340371012,36.8111477178923,24.6493903815385
VisualCogA_Task-2,2,F3,0.1,1,0.2,Right,0.19921875,30.5808344517627,37.6097519297117,25.2791210095871
VisualCogA_Task-2,2,F3,0.1,1,0.2,Right,0.203125,31.4071465801903,38.3767823475191,25.8503915832745
VisualCogA_Task-2,2,F3,0.1,1,0.2,Right,0.20703125,32.2464278842828,39.1114105581872,26.3918677349012
VisualCogA_Task-2,2,F3,0.1,1,0.2,Right,0.2109375,33.0900805372471,39.8082930981001,26.9121326879716
VisualCogA_Task-2,2,F3,0.1,1,0.2,Right,0.21484375,33.9334575265507,40.4608535737261,27.405558883654
VisualCogA_Task-2,2,F3,0.1,1,0.2,Right,0.21875,34.7712485455783,41.0651403003216,27.8594175137108
VisualCogA_Task-2,2,F3,0.1,1,0.2,Right,0.22265625,35.5931758547865,41.62016087075,28.2587551853905
VisualCogA_Task-2,2,F3,0.1,1,0.2,Right,0.2265625,36.381883878871,42.1238071077544,28.5935857386454
VisualCogA_Task-2,2,F3,0.1,1,0.2,Right,0.23046875,37.113997600829,42.5804778094777,28.864101844925
VisualCogA_Task-2,2,F3,0.1,1,0.2,Right,0.234375,37.7641619670094,43.0043684387275,29.0820050406832
VisualCogA_Task-2,2,F3,0.1,1,0.2,Right,0.23828125,38.3108551790783,43.4127116286526,29.268894981341
VisualCogA_Task-2,2,F3,0.1,1,0.2,Right,0.2421875,38.7421488513389,43.8172342179306,29.4540643795552
VisualCogA_Task-2,2,F3,0.1,1,0.2,Right,0.24609375,39.0594685278813,44.2225817865028,29.6723506883624
VisualCogA_Task-2,2,F3,0.1,1,0.2,Right,0.25,39.2777942176346,44.6249910790776,29.9333059980991
VisualCogA_Task-2,2,F3,0.1,1,0.2,Right,0.25390625,39.4215912608504,45.0135892501993,30.2214191794584
VisualCogA_Task-2,2,F3,0.1,1,0.2,Right,0.2578125,39.5169754051982,45.3727032882885,30.4984727841478
VisualCogA_Task-2,2,F3,0.1,1,0.2,Right,0.26171875,39.5819679509022,45.683362183926,30.716246139093
VisualCogA_Task-2,2,F3,0.1,1,0.2,Right,0.265625,39.6178019592228,45.9230059754139,30.8151127793374
VisualCogA_Task-2,2,F3,0.1,1,0.2,Right,0.26953125,39.6046175473081,46.0639804761953,30.7443126439174
VisualCogA_Task-2,2,F3,0.1,1,0.2,Right,0.2734375,39.5041442170868,46.0730275799042,30.4745995529834
VisualCogA_Task-2,2,F3,0.1,1,0.2,Right,0.27734375,39.270058471879,45.9146561930794,30.0139496795997
VisualCogA_Task-2,2,F3,0.1,1,0.2,Right,0.28125,38.8640747035207,45.5601113241921,29.3769277333848
VisualCogA_Task-2,2,F3,0.1,1,0.2,Right,0.28515625,38.2733776791977,45.0007253036839,28.5722693667805
VisualCogA_Task-2,2,F3,0.1,1,0.2,Right,0.2890625,37.5237773874629,44.2611856858788,27.6253027045494
VisualCogA_Task-2,2,F3,0.1,1,0.2,Right,0.29296875,36.6836699958986,43.406794897858,26.5912649144265
VisualCogA_Task-2,2,F3,0.1,1,0.2,Right,0.296875,35.856494363759,42.5403420670848,25.5550812556126
VisualCogA_Task-2,2,F3,0.1,1,0.2,Right,0.30078125,35.1630270910592,41.7880601421703,24.6299916809095
VisualCogA_Task-2,2,F3,0.1,1,0.2,Right,0.3046875,34.7181969661613,41.2782113846238,23.9325036329854
VisualCogA_Task-2,2,F3,0.1,1,0.2,Right,0.30859375,34.608842352711,41.1181901895926,23.5670648643448
VisualCogA_Task-2,2,F3,0.1,1,0.2,Right,0.3125,34.8783530313301,41.3759856085765,23.6031622085573
VisualCogA_Task-2,2,F3,0.1,1,0.2,Right,0.31640625,35.5217047324355,42.0699571727525,24.0633018520355
VisualCogA_Task-2,2,F3,0.1,1,0.2,Right,0.3203125,36.491021210339,43.1681993992775,24.9223164451135
VisualCogA_Task-2,2,F3,0.1,1,0.2,Right,0.32421875,37.7087645243837,44.5963222678017,26.1119019280069
VisualCogA_Task-2,2,F3,0.1,1,0.2,Right,0.328125,39.0839717239985,46.2509988397686,27.5365928163728
VisualCogA_Task-2,2,F3,0.1,1,0.2,Right,0.33203125,40.5270042911278,48.0163451721409,29.1034153857945
VisualCogA_Task-2,2,F3,0.1,1,0.2,Right,0.3359375,41.9597378057328,49.7806819261515,30.710369144526
VisualCogA_Task-2,2,F3,0.1,1,0.2,Right,0.33984375,43.3202129350924,51.4517553013685,32.2576561941946
VisualCogA_Task-2,2,F3,0.1,1,0.2,Right,0.34375,44.5626411649661,52.9685597001802,33.6713567939702
VisualCogA_Task-2,2,F3,0.1,1,0.2,Right,0.34765625,45.6547289430699,54.2970901000879,34.9187608457607
VisualCogA_Task-2,2,F3,0.1,1,0.2,Right,0.3515625,46.5744044205456,55.4246603926519,35.9818861898928
VisualCogA_Task-2,2,F3,0.1,1,0.2,Right,0.35546875,47.307436847334,56.3554700274572,36.8433395631241
VisualCogA_Task-2,2,F3,0.1,1,0.2,Right,0.359375,47.8465606435209,57.1026978720438,37.4980612121687
VisualCogA_Task-2,2,F3,0.1,1,0.2,Right,0.36328125,48.1919607604668,57.6735477781146,37.9473532585562
VisualCogA_Task-2,2,F3,0.1,1,0.2,Right,0.3671875,48.3525615951062,58.0624277128578,38.1929904375143
VisualCogA_Task-2,2,F3,0.1,1,0.2,Right,0.37109375,48.3474695440862,58.2600089057459,38.2363063684574
VisualCogA_Task-2,2,F3,0.1,1,0.2,Right,0.375,48.2069734761188,58.2623984271192,38.0845589962113
VisualCogA_Task-2,2,F3,0.1,1,0.2,Right,0.37890625,47.9725375516183,58.0851620888713,37.7595653670994
VisualCogA_Task-2,2,F3,0.1,1,0.2,Right,0.3828125,47.6952038980955,57.7699859404692,37.304181461398
VisualCogA_Task-2,2,F3,0.1,1,0.2,Right,0.38671875,47.4319042331645,57.3908784099851,36.7834060794584
VisualCogA_Task-2,2,F3,0.1,1,0.2,Right,0.390625,47.2395506910582,57.0374140733495,36.2787912853929
VisualCogA_Task-2,2,F3,0.1,1,0.2,Right,0.39453125,47.1674888942783,56.79963243176,35.872610175469
VisualCogA_Task-2,2,F3,0.1,1,0.2,Right,0.3984375,47.2497537557969,56.7539726442967,35.6328141099667
VisualCogA_Task-2,2,F3,0.1,1,0.2,Right,0.40234375,47.499178299384,56.9487992156646,35.604704446605
VisualCogA_Task-2,2,F3,0.1,1,0.2,Right,0.40625,47.9053760022459,57.392476860248,35.8022886527136
VisualCogA_Task-2,2,F3,0.1,1,0.2,Right,0.41015625,48.4377813302656,58.0533432344722,36.2138259256134
VisualCogA_Task-2,2,F3,0.1,1,0.2,Right,0.4140625,49.0534772924165,58.8777726861878,36.801822091692
VisualCogA_Task-2,2,F3,0.1,1,0.2,Right,0.41796875,49.707960265764,59.8039405413025,37.5137651646484
VisualCogA_Task-2,2,F3,0.1,1,0.2,Right,0.421875,50.3659057051069,60.7693461042735,38.285641584453
VisualCogA_Task-2,2,F3,0.1,1,0.2,Right,0.42578125,51.0088731529494,61.7203815787816,39.0597613158673
VisualCogA_Task-2,2,F3,0.1,1,0.2,Right,0.4296875,51.6378308473301,62.6175358072854,39.7940671433919
VisualCogA_Task-2,2,F3,0.1,1,0.2,Right,0.43359375,52.2700585196588,63.4486292607201,40.4741042324163
VisualCogA_Task-2,2,F3,0.1,1,0.2,Right,0.4375,52.9317598611927,64.2348524137876,41.1222272364738
VisualCogA_Task-2,2,F3,0.1,1,0.2,Right,0.44140625,53.6489125162653,65.0384811270586,41.7834419682251
VisualCogA_Task-2,2,F3,0.1,1,0.2,Right,0.4453125,54.4391057358265,65.9340605701036,42.5060545200168
VisualCogA_Task-2,2,F3,0.1,1,0.2,Right,0.44921875,55.306402169751,66.9596360264914,43.3276969446242
VisualCogA_Task-2,2,F3,0.1,1,0.2,Right,0.453125,56.2400231471195,68.0954397418102,44.2501520825483
VisualCogA_Task-2,2,F3,0.1,1,0.2,Right,0.45703125,57.2164469197546,69.2775050577191,45.2408245169744
VisualCogA_Task-2,2,F3,0.1,1,0.2,Right,0.4609375,58.20374854232,70.4363307964523,46.2448973158882
VisualCogA_Task-2,2,F3,0.1,1,0.2,Right,0.46484375,59.166834050004,71.5089948090667,47.1958918947122
VisualCogA_Task-2,2,F3,0.1,1,0.2,Right,0.46875,60.0724909929077,72.4464089752463,48.0313027490763
VisualCogA_Task-2,2,F3,0.1,1,0.2,Right,0.47265625,60.8936163932492,73.2226678465028,48.7055553068998
VisualCogA_Task-2,2,F3,0.1,1,0.2,Right,0.4765625,61.6123500161753,73.8394287541662,49.2024144491541
VisualCogA_Task-2,2,F3,0.1,1,0.2,Right,0.48046875,62.2220382214969,74.3225542203637,49.5405306472887
VisualCogA_Task-2,2,F3,0.1,1,0.2,Right,0.484375,62.7280330564714,74.7133057694253,49.7693762824475
VisualCogA_Task-2,2,F3,0.1,1,0.2,Right,0.48828125,63.1474045365405,75.0589055510901,49.9400401158289
VisualCogA_Task-2,2,F3,0.1,1,0.2,Right,0.4921875,63.5077684103164,75.4063172606117,50.114431824407
VisualCogA_Task-2,2,F3,0.1,1,0.2,Right,0.49609375,63.8455516535596,75.8001321762973,50.3615223609063
VisualCogA_Task-2,2,F3,0.1,1,0.2,Right,0.5,64.204012922653,76.2828099129113,50.7346972154093
VisualCogA_Task-2,2,F3,0.1,1,0.2,Right,0.50390625,64.6311416038562,76.8947361742323,51.2662242479203
VisualCogA_Task-2,2,F3,0.1,1,0.2,Right,0.5078125,65.1772667771514,77.6726935483279,51.9715096196693
VisualCogA_Task-2,2,F3,0.1,1,0.2,Right,0.51171875,65.8920349266708,78.647301689522,52.8535295692658
VisualCogA_Task-2,2,F3,0.1,1,0.2,Right,0.515625,66.8205584017806,79.8412677997456,53.923634387986
VisualCogA_Task-2,2,F3,0.1,1,0.2,Right,0.51953125,67.9989979554715,81.2699164204399,55.1832903455532
VisualCogA_Task-2,2,F3,0.1,1,0.2,Right,0.5234375,69.4503858701768,82.9436843787681,56.64007790223
VisualCogA_Task-2,2,F3,0.1,1,0.2,Right,0.52734375,71.1817833592808,84.8704636136579,58.3191126782143
VisualCogA_Task-2,2,F3,0.1,1,0.2,Right,0.53125,73.1836847090896,87.055945090056,60.2586764846404
VisualCogA_Task-2,2,F3,0.1,1,0.2,Right,0.53515625,75.431986821814,89.499342498213,62.4726049761214
VisualCogA_Task-2,2,F3,0.1,1,0.2,Right,0.5390625,77.8921128726248,92.1877098556445,64.9426708513293
VisualCogA_Task-2,2,F3,0.1,1,0.2,Right,0.54296875,80.5243223120598,95.0912878300754,67.646796043592
VisualCogA_Task-2,2,F3,0.1,1,0.2,Right,0.546875,83.2890241538663,98.1626896192269,70.5458815702373
VisualCogA_Task-2,2,F3,0.1,1,0.2,Right,0.55078125,86.1510182047848,101.341039978656,73.5766005872591
VisualCogA_Task-2,2,F3,0.1,1,0.2,Right,0.5546875,89.0819002398161,104.560074041935,76.6653577200388
VisualCogA_Task-2,2,F3,0.1,1,0.2,Right,0.55859375,92.0602761562044,107.757759529472,79.7453741120647
VisualCogA_Task-2,2,F3,0.1,1,0.2,Right,0.5625,95.0698897354068,110.884787706644,82.766760116035
VisualCogA_Task-2,2,F3,0.1,1,0.2,Right,0.56640625,98.0962471211053,113.910247258083,85.6997317619836
VisualCogA_Task-2,2,F3,0.1,1,0.2,Right,0.5703125,101.122733421139,116.837298304405,88.5323651333361
VisualCogA_Task-2,2,F3,0.1,1,0.2,Right,0.57421875,104.127412472961,119.683638751943,91.2640990638055
VisualCogA_Task-2,2,F3,0.1,1,0.2,Right,0.578125,107.081537865713,122.462546112779,93.8985849849517
VisualCogA_Task-2,2,F3,0.1,1,0.2,Right,0.58203125,109.950261838212,125.170397165896,96.4275677695913
VisualCogA_Task-2,2,F3,0.1,1,0.2,Right,0.5859375,112.695276664279,127.782270101974,98.8285180950859
VisualCogA_Task-2,2,F3,0.1,1,0.2,Right,0.58984375,115.278471474993,130.252952337905,101.069773167125
VisualCogA_Task-2,2,F3,0.1,1,0.2,Right,0.59375,117.665440911071,132.539306178688,103.120090251088
VisualCogA_Task-2,2,F3,0.1,1,0.2,Right,0.59765625,119.827966222541,134.61104190302,104.960283835996
VisualCogA_Task-2,2,F3,0.1,1,0.2,Right,0.6015625,121.745260276274,136.446296020335,106.589451704763
VisualCogA_Task-2,2,F3,0.1,1,0.2,Right,0.60546875,123.404467599578,138.038517569915,108.015479341985
VisualCogA_Task-2,2,F3,0.1,1,0.2,Right,0.609375,124.801250905992,139.382847016573,109.244006557474
VisualCogA_Task-2,2,F3,0.1,1,0.2,Right,0.61328125,125.941072226704,140.465330247678,110.278198092274
VisualCogA_Task-2,2,F3,0.1,1,0.2,Right,0.6171875,126.841093970343,141.262744549526,111.118520281234
VisualCogA_Task-2,2,F3,0.1,1,0.2,Right,0.62109375,127.531851886078,141.756478518142,111.766984215481
VisualCogA_Task-2,2,F3,0.1,1,0.2,Right,0.625,128.057424812506,141.959973957112,112.238129100559
VisualCogA_Task-2,2,F3,0.1,1,0.2,Right,0.62890625,128.473010425638,141.950269303581,112.567658909808
VisualCogA_Task-2,2,F3,0.1,1,0.2,Right,0.6328125,128.839565252141,141.830724058139,112.816708094418
VisualCogA_Task-2,2,F3,0.1,1,0.2,Right,0.63671875,129.216160514654,141.722503257328,113.046437942215
VisualCogA_Task-2,2,F3,0.1,1,0.2,Right,0.640625,129.651529536234,141.727632984765,113.297216702089
VisualCogA_Task-2,2,F3,0.1,1,0.2,Right,0.64453125,130.176635727322,141.934428314287,113.605168928476
VisualCogA_Task-2,2,F3,0.1,1,0.2,Right,0.6484375,130.799894620789,142.426701212604,113.987417265488
VisualCogA_Task-2,2,F3,0.1,1,0.2,Right,0.65234375,131.506064836797,143.184490378263,114.43650884975
VisualCogA_Task-2,2,F3,0.1,1,0.2,Right,0.65625,132.259006543609,144.07228492882,114.926466813723
VisualCogA_Task-2,2,F3,0.1,1,0.2,Right,0.66015625,133.007710895256,144.926189819163,115.411746367393
VisualCogA_Task-2,2,F3,0.1,1,0.2,Right,0.6640625,133.694389388795,145.627242370385,115.83173229112
VisualCogA_Task-2,2,F3,0.1,1,0.2,Right,0.66796875,134.26307545154,146.105168654499,116.122797766507
VisualCogA_Task-2,2,F3,0.1,1,0.2,Right,0.671875,134.667180807293,146.357721152564,116.234892498704
VisualCogA_Task-2,2,F3,0.1,1,0.2,Right,0.67578125,134.874766824891,146.440241439315,116.147179796581
VisualCogA_Task-2,2,F3,0.1,1,0.2,Right,0.6796875,134.870873010619,146.415750133781,115.874551395092
VisualCogA_Task-2,2,F3,0.1,1,0.2,Right,0.68359375,134.656955053668,146.321635055789,115.453434491625
VisualCogA_Task-2,2,F3,0.1,1,0.2,Right,0.6875,134.248134602595,146.177422101165,114.920318040673
VisualCogA_Task-2,2,F3,0.1,1,0.2,Right,0.69140625,133.669365877692,145.986404749654,114.306144555277
VisualCogA_Task-2,2,F3,0.1,1,0.2,Right,0.6953125,132.951666511552,145.743005541411,113.638343781887
VisualCogA_Task-2,2,F3,0.1,1,0.2,Right,0.69921875,132.129249984095,145.446726421903,112.93913461344
VisualCogA_Task-2,2,F3,0.1,1,0.2,Right,0.703125,131.237865600393,145.105917839002,112.225893079354
VisualCogA_Task-2,2,F3,0.1,1,0.2,Right,0.70703125,130.314101532458,144.733833856537,111.516876549477
VisualCogA_Task-2,2,F3,0.1,1,0.2,Right,0.7109375,129.395032427015,144.333662053758,110.840077210682
VisualCogA_Task-2,2,F3,0.1,1,0.2,Right,0.71484375,128.517513500243,143.910637554545,110.230728113824
VisualCogA_Task-2,2,F3,0.1,1,0.2,Right,0.71875,127.716643018677,143.492524083085,109.718131504039
VisualCogA_Task-2,2,F3,0.1,1,0.2,Right,0.72265625,127.023334621257,143.116272929822,109.321380250846
VisualCogA_Task-2,2,F3,0.1,1,0.2,Right,0.7265625,126.461397992879,142.812247024692,109.048371857281
VisualCogA_Task-2,2,F3,0.1,1,0.2,Right,0.73046875,126.044857161333,142.59440586806,108.890779862751
VisualCogA_Task-2,2,F3,0.1,1,0.2,Right,0.734375,125.776330523851,142.46166288971,108.810416825582
VisualCogA_Task-2,2,F3,0.1,1,0.2,Right,0.73828125,125.647131325523,142.395962087156,108.740006637992
VisualCogA_Task-2,2,F3,0.1,1,0.2,Right,0.7421875,125.639378910466,142.349317972176,108.599343388733
VisualCogA_Task-2,2,F3,0.1,1,0.2,Right,0.74609375,125.729945408287,142.278740119731,108.345749256306
VisualCogA_Task-2,2,F3,0.1,1,0.2,Right,0.75,125.895611957021,142.164838119898,107.995635853478
VisualCogA_Task-2,2,F3,0.1,1,0.2,Right,0.75390625,126.11846319625,142.032608252126,107.615963135613
VisualCogA_Task-2,2,F3,0.1,1,0.2,Right,0.7578125,126.390370816076,141.936612443677,107.290446041936
VisualCogA_Task-2,2,F3,0.1,1,0.2,Right,0.76171875,126.715450673795,141.937856674486,107.09564679241
VisualCogA_Task-2,2,F3,0.1,1,0.2,Right,0.765625,127.109656509749,142.082106513417,107.083927003123
VisualCogA_Task-2,2,F3,0.1,1,0.2,Right,0.76953125,127.597207371462,142.386543002131,107.279883642973
VisualCogA_Task-2,2,F3,0.1,1,0.2,Right,0.7734375,128.20429464368,142.838453875344,107.689156582143
VisualCogA_Task-2,2,F3,0.1,1,0.2,Right,0.77734375,128.951354262306,143.406462067564,108.307206632026
VisualCogA_Task-2,2,F3,0.1,1,0.2,Right,0.78125,129.845903066815,144.059474049195,109.130452791618
VisualCogA_Task-2,2,F3,0.1,1,0.2,Right,0.78515625,130.878244023598,144.7731024314,110.145068001154
VisualCogA_Task-2,2,F3,0.1,1,0.2,Right,0.7890625,132.021972680418,145.537623163372,111.315098904953
VisualCogA_Task-2,2,F3,0.1,1,0.2,Right,0.79296875,133.240014257744,146.350322274304,112.593217384879
VisualCogA_Task-2,2,F3,0.1,1,0.2,Right,0.796875,134.494957329534,147.182547904503,113.930327463842
VisualCogA_Task-2,2,F3,0.1,1,0.2,Right,0.80078125,135.760071005166,148.014392046495,115.28657805454
VisualCogA_Task-2,2,F3,0.1,1,0.2,Delta,-0.19921875,-4.07476294055997,-3.49082911748395,-1.85589330995014
VisualCogA_Task-2,2,F3,0.1,1,0.2,Delta,-0.1953125,-4.51874213466323,-4.03439558971524,-2.45143852893936
VisualCogA_Task-2,2,F3,0.1,1,0.2,Delta,-0.19140625,-4.9283726008333,-4.53852376953148,-3.01239902752579
VisualCogA_Task-2,2,F3,0.1,1,0.2,Delta,-0.1875,-5.24383251285187,-4.92865335961595,-3.46817683855837
VisualCogA_Task-2,2,F3,0.1,1,0.2,Delta,-0.18359375,-5.39760295837755,-5.11849825578098,-3.72235504925814
VisualCogA_Task-2,2,F3,0.1,1,0.2,Delta,-0.1796875,-5.33540378646374,-5.04592396616091,-3.71315437963441
VisualCogA_Task-2,2,F3,0.1,1,0.2,Delta,-0.17578125,-5.03447689122255,-4.69351468607081,-3.42909765145047
VisualCogA_Task-2,2,F3,0.1,1,0.2,Delta,-0.171875,-4.51434330687556,-4.09457056336606,-2.91223412759983
VisualCogA_Task-2,2,F3,0.1,1,0.2,Delta,-0.16796875,-3.83717520945512,-3.33550836185685,-2.25745154704848
VisualCogA_Task-2,2,F3,0.1,1,0.2,Delta,-0.1640625,-3.09763909096432,-2.5590101664332,-1.58346578657398
VisualCogA_Task-2,2,F3,0.1,1,0.2,Delta,-0.16015625,-2.40476392218844,-1.90602475276148,-1.02406310682295
VisualCogA_Task-2,2,F3,0.1,1,0.2,Delta,-0.15625,-1.86029096934996,-1.48701702201071,-0.688006708539298
VisualCogA_Task-2,2,F3,0.1,1,0.2,Delta,-0.15234375,-1.53856049520986,-1.34728454203974,-0.634766303269449
VisualCogA_Task-2,2,F3,0.1,1,0.2,Delta,-0.1484375,-1.47224605527028,-1.45700412964794,-0.856437084298556
VisualCogA_Task-2,2,F3,0.1,1,0.2,Delta,-0.14453125,-1.64656719934617,-1.76833803577826,-1.28733862903683
VisualCogA_Task-2,2,F3,0.1,1,0.2,Delta,-0.140625,-2.00262094541137,-2.22066201455372,-1.84647935856582
VisualCogA_Task-2,2,F3,0.1,1,0.2,Delta,-0.13671875,-2.44871818997647,-2.73929206277289,-2.45496494077256
VisualCogA_Task-2,2,F3,0.1,1,0.2,Delta,-0.1328125,-2.87736906552567,-3.22898400629522,-3.01324904860668
VisualCogA_Task-2,2,F3,0.1,1,0.2,Delta,-0.12890625,-3.18483669110199,-3.59077883913651,-3.42379094009354
VisualCogA_Task-2,2,F3,0.1,1,0.2,Delta,-0.125,-3.28986451646931,-3.74945907465452,-3.61407330252064
VisualCogA_Task-2,2,F3,0.1,1,0.2,Delta,-0.12109375,-3.14823814780152,-3.66424098527171,-3.54708441086355
VisualCogA_Task-2,2,F3,0.1,1,0.2,Delta,-0.1171875,-2.7603570559902,-3.34695123157021,-3.24102394678471
VisualCogA_Task-2,2,F3,0.1,1,0.2,Delta,-0.11328125,-2.17008406970831,-2.8627712090092,-2.76706765934612
VisualCogA_Task-2,2,F3,0.1,1,0.2,Delta,-0.109375,-1.45478617128803,-2.30556409914111,-2.22126064574997
VisualCogA_Task-2,2,F3,0.1,1,0.2,Delta,-0.10546875,-0.708405060696454,-1.77865142629315,-1.70882019022332
VisualCogA_Task-2,2,F3,0.1,1,0.2,Delta,-0.1015625,-0.0211242037284047,-1.36996988291242,-1.31855365444222
VisualCogA_Task-2,2,F3,0.1,1,0.2,Delta,-0.09765625,0.53978414271275,-1.13553670347127,-1.10712074116588
VisualCogA_Task-2,2,F3,0.1,1,0.2,Delta,-0.09375,0.943412663868598,-1.09233019623426,-1.09315832901782
VisualCogA_Task-2,2,F3,0.1,1,0.2,Delta,-0.08984375,1.19969267718771,-1.20702312885624,-1.24413038830148
VisualCogA_Task-2,2,F3,0.1,1,0.2,Delta,-0.0859375,1.35378417901646,-1.39346466928417,-1.47746417427457
VisualCogA_Task-2,2,F3,0.1,1,0.2,Delta,-0.08203125,1.47186254327527,-1.54050778561273,-1.68085159672673
VisualCogA_Task-2,2,F3,0.1,1,0.2,Delta,-0.078125,1.62206620549939,-1.53911767789919,-1.73683076973581
VisualCogA_Task-2,2,F3,0.1,1,0.2,Delta,-0.07421875,1.85567396375527,-1.28785124329274,-1.52780651187621
VisualCogA_Task-2,2,F3,0.1,1,0.2,Delta,-0.0703125,2.19348157193666,-0.72370792622709,-0.973782271122279
VisualCogA_Task-2,2,F3,0.1,1,0.2,Delta,-0.06640625,2.62084736020873,0.150376284301571,-0.0729338715097909
VisualCogA_Task-2,2,F3,0.1,1,0.2,Delta,-0.0625,3.09242581771844,1.2538899772703,1.08272646544349
VisualCogA_Task-2,2,F3,0.1,1,0.2,Delta,-0.05859375,3.54495242517383,2.45122057858232,2.33649967160041
VisualCogA_Task-2,2,F3,0.1,1,0.2,Delta,-0.0546875,3.91436140345973,3.60325928622507,3.52332963606862
VisualCogA_Task-2,2,F3,0.1,1,0.2,Delta,-0.05078125,4.15256611430371,4.61066914857012,4.51033586057389
VisualCogA_Task-2,2,F3,0.1,1,0.2,Delta,-0.046875,4.23959224687305,5.40720996186801,5.22609501778167
VisualCogA_Task-2,2,F3,0.1,1,0.2,Delta,-0.04296875,4.18822515629412,5.95345231126318,5.66497207628505
VisualCogA_Task-2,2,F3,0.1,1,0.2,Delta,-0.0390625,4.04043129766673,6.25053401063039,5.86108013071197
VisualCogA_Task-2,2,F3,0.1,1,0.2,Delta,-0.03515625,3.85694060743011,6.33066867150851,5.87483605957612
VisualCogA_Task-2,2,F3,0.1,1,0.2,Delta,-0.03125,3.70299382513034,6.26046390329353,5.77368109018382
VisualCogA_Task-2,2,F3,0.1,1,0.2,Delta,-0.02734375,3.63402037289421,6.13265568222215,5.62701347579889
VisualCogA_Task-2,2,F3,0.1,1,0.2,Delta,-0.0234375,3.68481481921171,6.02901839927985,5.48671353027396
VisualCogA_Task-2,2,F3,0.1,1,0.2,Delta,-0.01953125,3.86473600711406,6.01509393550022,5.40294357624211
VisualCogA_Task-2,2,F3,0.1,1,0.2,Delta,-0.015625,4.15983443167316,6.1291006378199,5.41806087137283
VisualCogA_Task-2,2,F3,0.1,1,0.2,Delta,-0.01171875,4.54099807328442,6.38580126566189,5.56307495168197
VisualCogA_Task-2,2,F3,0.1,1,0.2,Delta,-0.0078125,4.97562615836969,6.78471900981553,5.8477284473495
VisualCogA_Task-2,2,F3,0.1,1,0.2,Delta,-0.00390625,5.43940039372384,7.31176145861957,6.26895185389843
VisualCogA_Task-2,2,F3,0.1,1,0.2,Delta,0,5.92469284197804,7.94286597473431,6.81830926041265
VisualCogA_Task-2,2,F3,0.1,1,0.2,Delta,0.00390625,6.44305848092792,8.65528921950068,7.48397403226348
VisualCogA_Task-2,2,F3,0.1,1,0.2,Delta,0.0078125,7.02087187969611,9.42231128237802,8.25060755307049
VisualCogA_Task-2,2,F3,0.1,1,0.2,Delta,0.01171875,7.68905085473976,10.2131965709051,9.0823721906905
VisualCogA_Task-2,2,F3,0.1,1,0.2,Delta,0.015625,8.46947642246681,10.9894184459492,9.92069761757682
VisualCogA_Task-2,2,F3,0.1,1,0.2,Delta,0.01953125,9.36175163810053,11.7004523070096,10.683096816364
VisualCogA_Task-2,2,F3,0.1,1,0.2,Delta,0.0234375,10.3340849483038,12.2960148627073,11.2835231561333
VisualCogA_Task-2,2,F3,0.1,1,0.2,Delta,0.02734375,11.3212795266731,12.7301334666561,11.6485639071954
VisualCogA_Task-2,2,F3,0.1,1,0.2,Delta,0.03125,12.231211412492,12.9582519296739,11.7381140668805
VisualCogA_Task-2,2,F3,0.1,1,0.2,Delta,0.03515625,12.9591279299621,12.941204933125,11.5345782116822
VisualCogA_Task-2,2,F3,0.1,1,0.2,Delta,0.0390625,13.4070652003362,12.6465631987372,11.0325319376258
VisualCogA_Task-2,2,F3,0.1,1,0.2,Delta,0.04296875,13.5041749301955,12.0580745460143,10.2426306768578
VisualCogA_Task-2,2,F3,0.1,1,0.2,Delta,0.046875,13.2231930568116,11.175640885462,9.18988679475388
VisualCogA_Task-2,2,F3,0.1,1,0.2,Delta,0.05078125,12.5889131396635,10.0173983096972,7.92972373153846
VisualCogA_Task-2,2,F3,0.1,1,0.2,Delta,0.0546875,11.6762938608168,8.65184316995775,6.55439454746767
VisualCogA_Task-2,2,F3,0.1,1,0.2,Delta,0.05859375,10.5983414107765,7.19741449679559,5.17064395268928
VisualCogA_Task-2,2,F3,0.1,1,0.2,Delta,0.0625,9.48648892967832,5.79855086873373,3.87702673103194
VisualCogA_Task-2,2,F3,0.1,1,0.2,Delta,0.06640625,8.46807942896326,4.60483302669456,2.78307919376447
VisualCogA_Task-2,2,F3,0.1,1,0.2,Delta,0.0703125,7.64616019573912,3.72386168799479,1.97452151315607
VisualCogA_Task-2,2,F3,0.1,1,0.2,Delta,0.07421875,7.08594561676465,3.19934262990851,1.49857045515735
VisualCogA_Task-2,2,F3,0.1,1,0.2,Delta,0.078125,6.81032187861495,3.01604340006168,1.34761584395477
VisualCogA_Task-2,2,F3,0.1,1,0.2,Delta,0.08203125,6.80432988208272,3.11789820400816,1.48564827270734
VisualCogA_Task-2,2,F3,0.1,1,0.2,Delta,0.0859375,7.02642973900346,3.42791663123127,1.83245721119132
VisualCogA_Task-2,2,F3,0.1,1,0.2,Delta,0.08984375,7.42307049949323,3.86169807364897,2.29471746812592
VisualCogA_Task-2,2,F3,0.1,1,0.2,Delta,0.09375,7.94284873236513,4.35047517169364,2.80118002779442
VisualCogA_Task-2,2,F3,0.1,1,0.2,Delta,0.09765625,8.54719489707627,4.85620339342686,3.32307215805552
VisualCogA_Task-2,2,F3,0.1,1,0.2,Delta,0.1015625,9.21575116358157,5.39742296036982,3.89162266352299
VisualCogA_Task-2,2,F3,0.1,1,0.2,Delta,0.10546875,9.94603517998603,6.0317688270199,4.56584609944827
VisualCogA_Task-2,2,F3,0.1,1,0.2,Delta,0.109375,10.7482918033893,6.82947889687301,5.4166261961286
VisualCogA_Task-2,2,F3,0.1,1,0.2,Delta,0.11328125,11.6373506981832,7.85390708263042,6.49142514626885
VisualCogA_Task-2,2,F3,0.1,1,0.2,Delta,0.1171875,12.6236706279258,9.1460311877157,7.78713063022427
VisualCogA_Task-2,2,F3,0.1,1,0.2,Delta,0.12109375,13.7055720480804,10.6904072848221,9.25946725412007
VisualCogA_Task-2,2,F3,0.1,1,0.2,Delta,0.125,14.8641334196053,12.3985016475533,10.8442306335826
VisualCogA_Task-2,2,F3,0.1,1,0.2,Delta,0.12890625,16.0616311585585,14.1528581981286,12.4635662585347
VisualCogA_Task-2,2,F3,0.1,1,0.2,Delta,0.1328125,17.2439197398274,15.8374009865984,14.0286935301966
VisualCogA_Task-2,2,F3,0.1,1,0.2,Delta,0.13671875,18.3467387403341,17.3497515941328,15.4503496044827
VisualCogA_Task-2,2,F3,0.1,1,0.2,Delta,0.140625,19.3053947393237,18.6005503439839,16.6469002321403
VisualCogA_Task-2,2,F3,0.1,1,0.2,Delta,0.14453125,20.0664564722191,19.5213142767572,17.5516755204709
VisualCogA_Task-2,2,F3,0.1,1,0.2,Delta,0.1484375,20.5991653175621,20.0816128647834,18.1342397767029
VisualCogA_Task-2,2,F3,0.1,1,0.2,Delta,0.15234375,20.9036450480842,20.3084238704199,18.4068498817844
VisualCogA_Task-2,2,F3,0.1,1,0.2,Delta,0.15625,21.0131956513378,20.2791022473311,18.4298368532611
VisualCogA_Task-2,2,F3,0.1,1,0.2,Delta,0.16015625,20.9891915999832,20.1151304876319,18.3035651105243
VisualCogA_Task-2,2,F3,0.1,1,0.2,Delta,0.1640625,20.9091151242985,19.952227076991,18.1457063763339
VisualCogA_Task-2,2,F3,0.1,1,0.2,Delta,0.16796875,20.8503890507154,19.9070161658931,18.074984021879
VisualCogA_Task-2,2,F3,0.1,1,0.2,Delta,0.171875,20.8741768770785,20.0661969631499,18.1749347264906
VisualCogA_Task-2,2,F3,0.1,1,0.2,Delta,0.17578125,21.0136359077418,20.4650647211109,18.4863997197067
VisualCogA_Task-2,2,F3,0.1,1,0.2,Delta,0.1796875,21.2700674541011,21.080179114372,18.9976416132815
VisualCogA_Task-2,2,F3,0.1,1,0.2,Delta,0.18359375,21.6182368377778,21.8142563403837,19.6381160673322
VisualCogA_Task-2,2,F3,0.1,1,0.2,Delta,0.1875,22.019404632874,22.5453049601848,20.3021850497798
VisualCogA_Task-2,2,F3,0.1,1,0.2,Delta,0.19140625,22.4381136719453,23.1787539187843,20.8895374795247
VisualCogA_Task-2,2,F3,0.1,1,0.2,Delta,0.1953125,22.857353411125,23.6832069994189,21.3444649165619
VisualCogA_Task-2,2,F3,0.1,1,0.2,Delta,0.19921875,23.2869871311528,24.099532685314,21.6736497450714
VisualCogA_Task-2,2,F3,0.1,1,0.2,Delta,0.203125,23.7623664959936,24.5027098511575,21.9534048541621
VisualCogA_Task-2,2,F3,0.1,1,0.2,Delta,0.20703125,24.3332813438054,24.9628618140508,22.3034850419878
VisualCogA_Task-2,2,F3,0.1,1,0.2,Delta,0.2109375,25.0466718450732,25.5076087753606,22.7891299752349
VisualCogA_Task-2,2,F3,0.1,1,0.2,Delta,0.21484375,25.928636712811,26.1215999689764,23.4088835568563
VisualCogA_Task-2,2,F3,0.1,1,0.2,Delta,0.21875,26.9714191744655,26.7561013967363,24.114173593812
VisualCogA_Task-2,2,F3,0.1,1,0.2,Delta,0.22265625,28.1292633277588,27.345549819042,24.8303840891665
VisualCogA_Task-2,2,F3,0.1,1,0.2,Delta,0.2265625,29.3241088729914,27.8277971720844,25.4848628812407
VisualCogA_Task-2,2,F3,0.1,1,0.2,Delta,0.23046875,30.4591976802783,28.1794388598943,26.0226231534165
VisualCogA_Task-2,2,F3,0.1,1,0.2,Delta,0.234375,31.4367652884985,28.4400120511681,26.4087313533977
VisualCogA_Task-2,2,F3,0.1,1,0.2,Delta,0.23828125,32.1754609074787,28.662129149564,26.6286859312733
VisualCogA_Task-2,2,F3,0.1,1,0.2,Delta,0.2421875,32.6237586354292,28.8534892877026,26.6882384077885
VisualCogA_Task-2,2,F3,0.1,1,0.2,Delta,0.24609375,32.7668699628709,28.9834099961792,26.6164335514131
VisualCogA_Task-2,2,F3,0.1,1,0.2,Delta,0.25,32.6260895293363,29.0156083490369,26.432413076421
VisualCogA_Task-2,2,F3,0.1,1,0.2,Delta,0.25390625,32.2509024785115,28.9306634179978,26.1462560227292
VisualCogA_Task-2,2,F3,0.1,1,0.2,Delta,0.2578125,31.705534665857,28.7219209070329,25.7644998472597
VisualCogA_Task-2,2,F3,0.1,1,0.2,Delta,0.26171875,31.0528813772454,28.3872418070057,25.2930755123002
VisualCogA_Task-2,2,F3,0.1,1,0.2,Delta,0.265625,30.3396499622443,27.9235282274024,24.7224409909802
VisualCogA_Task-2,2,F3,0.1,1,0.2,Delta,0.26953125,29.5866776598597,27.3198956636872,24.0337909638211
VisualCogA_Task-2,2,F3,0.1,1,0.2,Delta,0.2734375,28.7873910666191,26.5553767085577,23.1997709263421
VisualCogA_Task-2,2,F3,0.1,1,0.2,Delta,0.27734375,27.9152704168596,25.6068900553932,22.2088528182747
VisualCogA_Task-2,2,F3,0.1,1,0.2,Delta,0.28125,26.9384871237072,24.4590279774134,21.0450221941236
VisualCogA_Task-2,2,F3,0.1,1,0.2,Delta,0.28515625,25.8374999699309,23.1135824149906,19.698532169964
VisualCogA_Task-2,2,F3,0.1,1,0.2,Delta,0.2890625,24.6202517006597,21.6056674185692,18.1946815643704
VisualCogA_Task-2,2,F3,0.1,1,0.2,Delta,0.29296875,23.3302200052867,20.0097420683973,16.5937333565923
VisualCogA_Task-2,2,F3,0.1,1,0.2,Delta,0.296875,22.0447732184868,18.4319416763114,14.9881787193756
VisualCogA_Task-2,2,F3,0.1,1,0.2,Delta,0.30078125,20.8642497823811,16.9914606873688,13.4974659782081
VisualCogA_Task-2,2,F3,0.1,1,0.2,Delta,0.3046875,19.8948332514942,15.8036336744462,12.2400133958812
VisualCogA_Task-2,2,F3,0.1,1,0.2,Delta,0.30859375,19.2297524961225,14.9641289364293,11.3221262080892
VisualCogA_Task-2,2,F3,0.1,1,0.2,Delta,0.3125,18.9332781921199,14.5384692976442,10.819685729335
VisualCogA_Task-2,2,F3,0.1,1,0.2,Delta,0.31640625,19.0306924537784,14.5633217418506,10.7618579279275
VisualCogA_Task-2,2,F3,0.1,1,0.2,Delta,0.3203125,19.5055306520525,15.0334381634878,11.1369994562188
VisualCogA_Task-2,2,F3,0.1,1,0.2,Delta,0.32421875,20.3036202280014,15.893914065802,11.9038360339447
VisualCogA_Task-2,2,F3,0.1,1,0.2,Delta,0.328125,21.3422308634993,17.0548001467046,12.9922242145513
VisualCogA_Task-2,2,F3,0.1,1,0.2,Delta,0.33203125,22.5221382829064,18.4019154587691,14.3195143784344
VisualCogA_Task-2,2,F3,0.1,1,0.2,Delta,0.3359375,23.7404567746054,19.8132148247925,15.770595554406
VisualCogA_Task-2,2,F3,0.1,1,0.2,Delta,0.33984375,24.902460294999,21.1690104983977,17.2108589566127
VisualCogA_Task-2,2,F3,0.1,1,0.2,Delta,0.34375,25.9310677312847,22.3752662070554,18.5161831277283
VisualCogA_Task-2,2,F3,0.1,1,0.2,Delta,0.34765625,26.7731069570824,23.3723142642837,19.602306251502
VisualCogA_Task-2,2,F3,0.1,1,0.2,Delta,0.3515625,27.4018929033873,24.1306555706895,20.41847213468
VisualCogA_Task-2,2,F3,0.1,1,0.2,Delta,0.35546875,27.8161010187178,24.6563543790657,20.9450680165289
VisualCogA_Task-2,2,F3,0.1,1,0.2,Delta,0.359375,28.0354170213648,24.9864259238653,21.2082464489671
VisualCogA_Task-2,2,F3,0.1,1,0.2,Delta,0.36328125,28.0939672035395,25.1704934617318,21.2684087320027
VisualCogA_Task-2,2,F3,0.1,1,0.2,Delta,0.3671875,28.0329744427219,25.2576078470845,21.2019034656793
VisualCogA_Task-2,2,F3,0.1,1,0.2,Delta,0.37109375,27.8942716523326,25.296658607428,21.081165808606
VisualCogA_Task-2,2,F3,0.1,1,0.2,Delta,0.375,27.716061547499,25.3243530467414,20.9609307380505
VisualCogA_Task-2,2,F3,0.1,1,0.2,Delta,0.37890625,27.5315732256562,25.3627299713354,20.87580752399
VisualCogA_Task-2,2,F3,0.1,1,0.2,Delta,0.3828125,27.3701836627924,25.4151407654267,20.847448818479
VisualCogA_Task-2,2,F3,0.1,1,0.2,Delta,0.38671875,27.2595303578436,25.4849463315462,20.8680598509082
VisualCogA_Task-2,2,F3,0.1,1,0.2,Delta,0.390625,27.2266231465075,25.5745023756682,20.909916190624
VisualCogA_Task-2,2,F3,0.1,1,0.2,Delta,0.39453125,27.2963080090687,25.6924972308022,20.974945746573
VisualCogA_Task-2,2,F3,0.1,1,0.2,Delta,0.3984375,27.4866239080895,25.8569041393736,21.0936714140484
VisualCogA_Task-2,2,F3,0.1,1,0.2,Delta,0.40234375,27.8021972917195,26.0905375375908,21.3008740989497
VisualCogA_Task-2,2,F3,0.1,1,0.2,Delta,0.40625,28.2281612357614,26.4095680693835,21.6207570263751
VisualCogA_Task-2,2,F3,0.1,1,0.2,Delta,0.41015625,28.7275338427409,26.8149696547177,22.0612413279224
VisualCogA_Task-2,2,F3,0.1,1,0.2,Delta,0.4140625,29.2442364969496,27.2964470813802,22.6005073428765
VisualCogA_Task-2,2,F3,0.1,1,0.2,Delta,0.41796875,29.7121481321299,27.8276058952699,23.1903435507252
VisualCogA_Task-2,2,F3,0.1,1,0.2,Delta,0.421875,30.0683888251299,28.3542022255279,23.7522901890703
VisualCogA_Task-2,2,F3,0.1,1,0.2,Delta,0.42578125,30.2672428606749,28.795656891364,24.1950349592172
VisualCogA_Task-2,2,F3,0.1,1,0.2,Delta,0.4296875,30.290510330569,29.068394375306,24.4280405297831
VisualCogA_Task-2,2,F3,0.1,1,0.2,Delta,0.43359375,30.1509520704507,29.1160009345964,24.3884402774227
VisualCogA_Task-2,2,F3,0.1,1,0.2,Delta,0.4375,29.8876236430017,28.9299792374962,24.0769119613743
VisualCogA_Task-2,2,F3,0.1,1,0.2,Delta,0.44140625,29.5545271269083,28.5696630450364,23.5575246161173
VisualCogA_Task-2,2,F3,0.1,1,0.2,Delta,0.4453125,29.2061673744152,28.1381722112599,22.9301675134476
VisualCogA_Task-2,2,F3,0.1,1,0.2,Delta,0.44921875,28.8844719141022,27.7284368557587,22.295682661109
VisualCogA_Task-2,2,F3,0.1,1,0.2,Delta,0.453125,28.6108081027112,27.3878255767821,21.7243825497363
VisualCogA_Task-2,2,F3,0.1,1,0.2,Delta,0.45703125,28.384823731231,27.1134923441768,21.2433889822727
VisualCogA_Task-2,2,F3,0.1,1,0.2,Delta,0.4609375,28.1893647118118,26.8748607259831,20.8354053192188
VisualCogA_Task-2,2,F3,0.1,1,0.2,Delta,0.46484375,27.9987583591089,26.6249702498197,20.4582936288171
VisualCogA_Task-2,2,F3,0.1,1,0.2,Delta,0.46875,27.7870092015288,26.3114188818312,20.0571299758328
VisualCogA_Task-2,2,F3,0.1,1,0.2,Delta,0.47265625,27.5331079609232,25.8891713713733,19.5760404162488
VisualCogA_Task-2,2,F3,0.1,1,0.2,Delta,0.4765625,27.2223018528738,25.332456256417,18.9925029712745
VisualCogA_Task-2,2,F3,0.1,1,0.2,Delta,0.48046875,26.8440655345937,24.6405917047616,18.3282620000135
VisualCogA_Task-2,2,F3,0.1,1,0.2,Delta,0.484375,26.3888904688054,23.8311597668155,17.6272352258875
VisualCogA_Task-2,2,F3,0.1,1,0.2,Delta,0.48828125,25.8464005425052,22.9317657130935,16.9030368154816
VisualCogA_Task-2,2,F3,0.1,1,0.2,Delta,0.4921875,25.2066320400924,21.9801537118537,16.159349814355
VisualCogA_Task-2,2,F3,0.1,1,0.2,Delta,0.49609375,24.4648776317428,21.0117707326531,15.3952671904995
VisualCogA_Task-2,2,F3,0.1,1,0.2,Delta,0.5,23.6288042275578,20.0439994500972,14.5978549662663
VisualCogA_Task-2,2,F3,0.1,1,0.2,Delta,0.50390625,22.7252001636748,19.0896370441742,13.7580293532355
VisualCogA_Task-2,2,F3,0.1,1,0.2,Delta,0.5078125,21.8031992993093,18.1901004344581,12.8954766344877
VisualCogA_Task-2,2,F3,0.1,1,0.2,Delta,0.51171875,20.9314641064654,17.4092916253441,12.0635785616163
VisualCogA_Task-2,2,F3,0.1,1,0.2,Delta,0.515625,20.1885358655299,16.8091911141303,11.3478179998104
VisualCogA_Task-2,2,F3,0.1,1,0.2,Delta,0.51953125,19.6479098446888,16.4547405684267,10.8278754429677
VisualCogA_Task-2,2,F3,0.1,1,0.2,Delta,0.5234375,19.3615637894394,16.4026413511509,10.5701405267035
VisualCogA_Task-2,2,F3,0.1,1,0.2,Delta,0.52734375,19.3467951259455,16.67223857567,10.6184040282664
VisualCogA_Task-2,2,F3,0.1,1,0.2,Delta,0.53125,19.5807547757934,17.2360950999269,10.9835449203054
VisualCogA_Task-2,2,F3,0.1,1,0.2,Delta,0.53515625,20.005039398622,18.0407913167884,11.620148800505
VisualCogA_Task-2,2,F3,0.1,1,0.2,Delta,0.5390625,20.5397538019206,19.0108821408775,12.4409340245766
VisualCogA_Task-2,2,F3,0.1,1,0.2,Delta,0.54296875,21.1035583018546,20.0509414197761,13.3595841202703
VisualCogA_Task-2,2,F3,0.1,1,0.2,Delta,0.546875,21.6343140582698,21.0600844743924,14.2945718542381
VisualCogA_Task-2,2,F3,0.1,1,0.2,Delta,0.55078125,22.10462118301,21.9488155715754,15.1765088283149
VisualCogA_Task-2,2,F3,0.1,1,0.2,Delta,0.5546875,22.5278910542586,22.6569793321176,15.9675249417887
VisualCogA_Task-2,2,F3,0.1,1,0.2,Delta,0.55859375,22.9531986738374,23.1770335269716,16.6812511307647
VisualCogA_Task-2,2,F3,0.1,1,0.2,Delta,0.5625,23.4502689534123,23.5740354993009,17.3748145903502
VisualCogA_Task-2,2,F3,0.1,1,0.2,Delta,0.56640625,24.0886733152816,23.9871155136257,18.1276778408348
VisualCogA_Task-2,2,F3,0.1,1,0.2,Delta,0.5703125,24.9168676698825,24.5700445419867,19.0026629616727
VisualCogA_Task-2,2,F3,0.1,1,0.2,Delta,0.57421875,25.946640143529,25.4158379225027,20.0236591885987
VisualCogA_Task-2,2,F3,0.1,1,0.2,Delta,0.578125,27.1468878267093,26.5323162966101,21.1757458885062
VisualCogA_Task-2,2,F3,0.1,1,0.2,Delta,0.58203125,28.4479278792892,27.8418364018496,22.3990882611354
VisualCogA_Task-2,2,F3,0.1,1,0.2,Delta,0.5859375,29.7546290713955,29.2164186246921,23.5966345424339
VisualCogA_Task-2,2,F3,0.1,1,0.2,Delta,0.58984375,30.9644402456607,30.5137409544986,24.6544935479865
VisualCogA_Task-2,2,F3,0.1,1,0.2,Delta,0.59375,31.9855442029373,31.616965602415,25.475417731882
VisualCogA_Task-2,2,F3,0.1,1,0.2,Delta,0.59765625,32.7510369205957,32.4510094502523,26.0026202829857
VisualCogA_Task-2,2,F3,0.1,1,0.2,Delta,0.6015625,33.2268388856504,32.9902734624975,26.2357354747767
VisualCogA_Task-2,2,F3,0.1,1,0.2,Delta,0.60546875,33.4132210653534,33.2418357186474,26.2117472167313
VisualCogA_Task-2,2,F3,0.1,1,0.2,Delta,0.609375,33.3415330693469,33.2372052207054,25.9775496640919
VisualCogA_Task-2,2,F3,0.1,1,0.2,Delta,0.61328125,33.0683874045296,33.0156096293451,25.5804140933244
VisualCogA_Task-2,2,F3,0.1,1,0.2,Delta,0.6171875,32.6691176048627,32.5997114207671,25.0699040713577
VisualCogA_Task-2,2,F3,0.1,1,0.2,Delta,0.62109375,32.2312305007001,32.0016646018952,24.4959452316476
VisualCogA_Task-2,2,F3,0.1,1,0.2,Delta,0.625,31.8475147295414,31.2499169571673,23.9143814736733
VisualCogA_Task-2,2,F3,0.1,1,0.2,Delta,0.62890625,31.6080424128886,30.4356235470908,23.4029632163705
VisualCogA_Task-2,2,F3,0.1,1,0.2,Delta,0.6328125,31.5907059927413,29.6703440230052,23.0594070480663
VisualCogA_Task-2,2,F3,0.1,1,0.2,Delta,0.63671875,31.8509098720429,29.0904702504041,22.9549209428106
VisualCogA_Task-2,2,F3,0.1,1,0.2,Delta,0.640625,32.4120582586851,28.794333112952,23.1206724615712
VisualCogA_Task-2,2,F3,0.1,1,0.2,Delta,0.64453125,33.2590414958316,28.8353733451217,23.554630710786
VisualCogA_Task-2,2,F3,0.1,1,0.2,Delta,0.6484375,34.3367647111281,29.2811254609425,24.2189568655694
VisualCogA_Task-2,2,F3,0.1,1,0.2,Delta,0.65234375,35.5549215931293,30.1096424253335,25.047764249441
VisualCogA_Task-2,2,F3,0.1,1,0.2,Delta,0.65625,36.7989321608444,31.1614675822326,25.9597178371507
VisualCogA_Task-2,2,F3,0.1,1,0.2,Delta,0.66015625,37.9455578316484,32.2382308414782,26.8690445926295
VisualCogA_Task-2,2,F3,0.1,1,0.2,Delta,0.6640625,38.8805131744014,33.1948048947252,27.6844083923951
VisualCogA_Task-2,2,F3,0.1,1,0.2,Delta,0.66796875,39.5147292779697,33.9242322456972,28.315171146236
VisualCogA_Task-2,2,F3,0.1,1,0.2,Delta,0.671875,39.7960425116896,34.3685648413688,28.6921741401992
VisualCogA_Task-2,2,F3,0.1,1,0.2,Delta,0.67578125,39.7140701682138,34.529534339519,28.7704865822422
VisualCogA_Task-2,2,F3,0.1,1,0.2,Delta,0.6796875,39.2976956805227,34.4392939826009,28.5440778660581
VisualCogA_Task-2,2,F3,0.1,1,0.2,Delta,0.68359375,38.6064292185762,34.1447840346285,28.0528267297905
VisualCogA_Task-2,2,F3,0.1,1,0.2,Delta,0.6875,37.718303466798,33.7063678953869,27.3578371901758
VisualCogA_Task-2,2,F3,0.1,1,0.2,Delta,0.69140625,36.7174234994982,33.1836330775554,26.5318113827389
VisualCogA_Task-2,2,F3,0.1,1,0.2,Delta,0.6953125,35.6837233488167,32.62704736013,25.6552746434495
VisualCogA_Task-2,2,F3,0.1,1,0.2,Delta,0.69921875,34.6862395236057,32.0861014318587,24.8144047961285
VisualCogA_Task-2,2,F3,0.1,1,0.2,Delta,0.703125,33.7798832672333,31.6146693084865,24.0907777758847
VisualCogA_Task-2,2,F3,0.1,1,0.2,Delta,0.70703125,33.0047954100459,31.2488402133169,23.5458925485973
VisualCogA_Task-2,2,F3,0.1,1,0.2,Delta,0.7109375,32.3871134429253,31.008456524247,23.2128129960549
VisualCogA_Task-2,2,F3,0.1,1,0.2,Delta,0.71484375,31.940250442244,30.9006859855461,23.1026243280927
VisualCogA_Task-2,2,F3,0.1,1,0.2,Delta,0.71875,31.6662722739737,30.9341617038927,23.2027511852923
VisualCogA_Task-2,2,F3,0.1,1,0.2,Delta,0.72265625,31.5573644699318,31.1108115021328,23.4879956591622
VisualCogA_Task-2,2,F3,0.1,1,0.2,Delta,0.7265625,31.5975469440566,31.4117245454499,23.9125799313904
VisualCogA_Task-2,2,F3,0.1,1,0.2,Delta,0.73046875,31.7647349585315,31.7949732645392,24.4117966070085
VisualCogA_Task-2,2,F3,0.1,1,0.2,Delta,0.734375,32.0330809755275,32.2141112263752,24.9043149996532
VisualCogA_Task-2,2,F3,0.1,1,0.2,Delta,0.73828125,32.3754095989031,32.6188001670951,25.2944635703014
VisualCogA_Task-2,2,F3,0.1,1,0.2,Delta,0.7421875,32.7655676256432,32.9460266628475,25.4975136704949
VisualCogA_Task-2,2,F3,0.1,1,0.2,Delta,0.74609375,33.180645824049,33.16198483922,25.4897935768771
VisualCogA_Task-2,2,F3,0.1,1,0.2,Delta,0.75,33.6031861314874,33.2648881780333,25.3161498086858
VisualCogA_Task-2,2,F3,0.1,1,0.2,Delta,0.75390625,34.0235260593346,33.3017500505975,25.0749000153224
VisualCogA_Task-2,2,F3,0.1,1,0.2,Delta,0.7578125,34.4422569128853,33.3486686546501,24.8818425219679
VisualCogA_Task-2,2,F3,0.1,1,0.2,Delta,0.76171875,34.8724055168581,33.4818143873331,24.8344678834899
VisualCogA_Task-2,2,F3,0.1,1,0.2,Delta,0.765625,35.3405365546454,33.7501277921306,24.9954483352843
VisualCogA_Task-2,2,F3,0.1,1,0.2,Delta,0.76953125,35.8857305441163,34.1629835388546,25.3876626517211
VisualCogA_Task-2,2,F3,0.1,1,0.2,Delta,0.7734375,36.5555215746978,34.7000437871371,26.0142584274795
VisualCogA_Task-2,2,F3,0.1,1,0.2,Delta,0.77734375,37.3984836206397,35.323397782021,26.8629482364347
VisualCogA_Task-2,2,F3,0.1,1,0.2,Delta,0.78125,38.4541858519056,35.9994070103271,27.9210076620328
VisualCogA_Task-2,2,F3,0.1,1,0.2,Delta,0.78515625,39.7424716724626,36.7207346050506,29.1774738158651
VisualCogA_Task-2,2,F3,0.1,1,0.2,Delta,0.7890625,41.2550818966986,37.5053360052219,30.6204916697113
VisualCogA_Task-2,2,F3,0.1,1,0.2,Delta,0.79296875,42.9531167057616,38.3770212687695,32.2254349250628
VisualCogA_Task-2,2,F3,0.1,1,0.2,Delta,0.796875,44.7733867103588,39.3156242621008,33.9436999400619
VisualCogA_Task-2,2,F3,0.1,1,0.2,Delta,0.80078125,46.6452380812016,40.2842439165796,35.7120441755214
VisualCogA_Task-2,2,F3,0.1,1,0.25,Left,-0.19921875,-1.87477696790434,-2.57602994456713,0.235170082978004
VisualCogA_Task-2,2,F3,0.1,1,0.25,Left,-0.1953125,-1.12580049795016,-1.99279712807293,0.743386499236144
VisualCogA_Task-2,2,F3,0.1,1,0.25,Left,-0.19140625,-0.428848621409135,-1.46529258292237,1.19959870956911
VisualCogA_Task-2,2,F3,0.1,1,0.25,Left,-0.1875,0.143012380778597,-1.06882689885628,1.52742551471135
VisualCogA_Task-2,2,F3,0.1,1,0.25,Left,-0.18359375,0.522000753283579,-0.872041276056109,1.65383378506505
VisualCogA_Task-2,2,F3,0.1,1,0.25,Left,-0.1796875,0.664974628208778,-0.90909333598732,1.54496028976908
VisualCogA_Task-2,2,F3,0.1,1,0.25,Left,-0.17578125,0.564556120714406,-1.16341950952903,1.22341479120526
VisualCogA_Task-2,2,F3,0.1,1,0.25,Left,-0.171875,0.251657424793448,-1.56949024389908,0.757824940194962
VisualCogA_Task-2,2,F3,0.1,1,0.25,Left,-0.16796875,-0.209947365156307,-2.03028654276204,0.240286001957692
VisualCogA_Task-2,2,F3,0.1,1,0.25,Left,-0.1640625,-0.735262591103639,-2.44210096052002,-0.237955711347211
VisualCogA_Task-2,2,F3,0.1,1,0.25,Left,-0.16015625,-1.23324421216401,-2.7240892257895,-0.604237033156706
VisualCogA_Task-2,2,F3,0.1,1,0.25,Left,-0.15625,-1.62235711033287,-2.83467677677836,-0.813947768752969
VisualCogA_Task-2,2,F3,0.1,1,0.25,Left,-0.15234375,-1.84355671732093,-2.77259719792143,-0.854733999189049
VisualCogA_Task-2,2,F3,0.1,1,0.25,Left,-0.1484375,-1.86854608744193,-2.56606713554141,-0.7495712353462
VisualCogA_Task-2,2,F3,0.1,1,0.25,Left,-0.14453125,-1.70233201838414,-2.25666978381001,-0.541549045016512
VisualCogA_Task-2,2,F3,0.1,1,0.25,Left,-0.140625,-1.38026958429264,-1.88662653859213,-0.276513187601092
VisualCogA_Task-2,2,F3,0.1,1,0.25,Left,-0.13671875,-0.960639389487026,-1.49172615236196,0.00289495511632592
VisualCogA_Task-2,2,F3,0.1,1,0.25,Left,-0.1328125,-0.514239341325403,-1.10766015680652,0.253697615147978
VisualCogA_Task-2,2,F3,0.1,1,0.25,Left,-0.12890625,-0.112597353969588,-0.770407997007752,0.437116408347517
VisualCogA_Task-2,2,F3,0.1,1,0.25,Left,-0.125,0.183579280529365,-0.50977410571184,0.527289606308351
VisualCogA_Task-2,2,F3,0.1,1,0.25,Left,-0.12109375,0.334089015915894,-0.345619897065448,0.514083352330141
VisualCogA_Task-2,2,F3,0.1,1,0.25,Left,-0.1171875,0.325468748007144,-0.275473463142181,0.407477465178112
VisualCogA_Task-2,2,F3,0.1,1,0.25,Left,-0.11328125,0.172471157663028,-0.277722914448516,0.233740832229837
VisualCogA_Task-2,2,F3,0.1,1,0.25,Left,-0.109375,-0.0858330163866781,-0.318176697566645,0.0270212411697326
VisualCogA_Task-2,2,F3,0.1,1,0.25,Left,-0.10546875,-0.394882051531156,-0.360753713795249,-0.177878802386989
VisualCogA_Task-2,2,F3,0.1,1,0.25,Left,-0.1015625,-0.696712264562191,-0.375897316315725,-0.353936004112972
VisualCogA_Task-2,2,F3,0.1,1,0.25,Left,-0.09765625,-0.942624348574509,-0.345309425638432,-0.485183912404929
VisualCogA_Task-2,2,F3,0.1,1,0.25,Left,-0.09375,-1.10330126432822,-0.259397762836213,-0.564409152582084
VisualCogA_Task-2,2,F3,0.1,1,0.25,Left,-0.08984375,-1.17364456160309,-0.116722477149087,-0.590228737740418
VisualCogA_Task-2,2,F3,0.1,1,0.25,Left,-0.0859375,-1.17085777157325,0.0695585141343773,-0.570453455377194
VisualCogA_Task-2,2,F3,0.1,1,0.25,Left,-0.08203125,-1.12618051038233,0.272171955911384,-0.522811731969452
VisualCogA_Task-2,2,F3,0.1,1,0.25,Left,-0.078125,-1.07263425967675,0.463945585378804,-0.470726697178219
VisualCogA_Task-2,2,F3,0.1,1,0.25,Left,-0.07421875,-1.03251559111555,0.611632755913859,-0.452872403724594
VisualCogA_Task-2,2,F3,0.1,1,0.25,Left,-0.0703125,-1.00861290464658,0.689632939102338,-0.50870678290235
VisualCogA_Task-2,2,F3,0.1,1,0.25,Left,-0.06640625,-0.982043270645588,0.695821421041029,-0.654885061563233
VisualCogA_Task-2,2,F3,0.1,1,0.25,Left,-0.0625,-0.917512969741057,0.661379163092467,-0.871030762497894
VisualCogA_Task-2,2,F3,0.1,1,0.25,Left,-0.05859375,-0.774406466569995,0.640508568998661,-1.0960624025829
VisualCogA_Task-2,2,F3,0.1,1,0.25,Left,-0.0546875,-0.520237349834229,0.680988166486719,-1.2635218831402
VisualCogA_Task-2,2,F3,0.1,1,0.25,Left,-0.05078125,-0.142282237042771,0.804334400410002,-1.32151180727007
VisualCogA_Task-2,2,F3,0.1,1,0.25,Left,-0.046875,0.346135474834853,1.02148284476623,-1.24719587496512
VisualCogA_Task-2,2,F3,0.1,1,0.25,Left,-0.04296875,0.906515215759859,1.3528296795246,-1.04150138989321
VisualCogA_Task-2,2,F3,0.1,1,0.25,Left,-0.0390625,1.48280576278103,1.79568421505213,-0.725074368666735
VisualCogA_Task-2,2,F3,0.1,1,0.25,Left,-0.03515625,2.01344068255674,2.32384017929185,-0.337494799817462
VisualCogA_Task-2,2,F3,0.1,1,0.25,Left,-0.03125,2.44430896989097,2.88396569725861,0.064918093725494
VisualCogA_Task-2,2,F3,0.1,1,0.25,Left,-0.02734375,2.73915585198429,3.40404872758325,0.4258809648892
VisualCogA_Task-2,2,F3,0.1,1,0.25,Left,-0.0234375,2.88488429179881,3.82506185206288,0.701468837092478
VisualCogA_Task-2,2,F3,0.1,1,0.25,Left,-0.01953125,2.89083916002355,4.10608985764849,0.859099017591959
VisualCogA_Task-2,2,F3,0.1,1,0.25,Left,-0.015625,2.78289423954002,4.23117884557759,0.876894374854267
VisualCogA_Task-2,2,F3,0.1,1,0.25,Left,-0.01171875,2.59453468141755,4.20700899504188,0.749243658783914
VisualCogA_Task-2,2,F3,0.1,1,0.25,Left,-0.0078125,2.35777856356821,4.05964096445247,0.486185353501179
VisualCogA_Task-2,2,F3,0.1,1,0.25,Left,-0.00390625,2.0965655368444,3.8290224459083,0.125193502050665
VisualCogA_Task-2,2,F3,0.1,1,0.25,Left,0,1.82425390838774,3.56309973474212,-0.281695372551162
VisualCogA_Task-2,2,F3,0.1,1,0.25,Left,0.00390625,1.545429574495,3.3096860482565,-0.680750945178764
VisualCogA_Task-2,2,F3,0.1,1,0.25,Left,0.0078125,1.26080505166506,3.11188639127888,-1.0298049404248
VisualCogA_Task-2,2,F3,0.1,1,0.25,Left,0.01171875,0.973042493428557,2.99463768859724,-1.29787774959417
VisualCogA_Task-2,2,F3,0.1,1,0.25,Left,0.015625,0.691181867750909,2.96544508286849,-1.46551992397616
VisualCogA_Task-2,2,F3,0.1,1,0.25,Left,0.01953125,0.432030620894767,3.02753442227867,-1.52041347562332
VisualCogA_Task-2,2,F3,0.1,1,0.25,Left,0.0234375,0.218112563170003,3.18143758774133,-1.45086121026227
VisualCogA_Task-2,2,F3,0.1,1,0.25,Left,0.02734375,0.0731070553792337,3.42801761958512,-1.25145061691559
VisualCogA_Task-2,2,F3,0.1,1,0.25,Left,0.03125,0.0166193969899243,3.76625722978312,-0.932715709808321
VisualCogA_Task-2,2,F3,0.1,1,0.25,Left,0.03515625,0.0602583484959669,4.18466667677693,-0.520894486560884
VisualCogA_Task-2,2,F3,0.1,1,0.25,Left,0.0390625,0.206328722078121,4.6592106927349,-0.0591238516186506
VisualCogA_Task-2,2,F3,0.1,1,0.25,Left,0.04296875,0.449296839024154,5.16565489425546,0.401707055106575
VisualCogA_Task-2,2,F3,0.1,1,0.25,Left,0.046875,0.779078830903223,5.69259744741144,0.818775752156391
VisualCogA_Task-2,2,F3,0.1,1,0.25,Left,0.05078125,1.18460806879664,6.24573878686223,1.17498827155346
VisualCogA_Task-2,2,F3,0.1,1,0.25,Left,0.0546875,1.65625443443026,6.82961089546348,1.48195252558622
VisualCogA_Task-2,2,F3,0.1,1,0.25,Left,0.05859375,2.18635112299092,7.45288088713384,1.76619891458051
VisualCogA_Task-2,2,F3,0.1,1,0.25,Left,0.0625,2.76796460806862,8.12658354965954,2.06958646449581
VisualCogA_Task-2,2,F3,0.1,1,0.25,Left,0.06640625,3.39272838699615,8.85566611654476,2.43825712778068
VisualCogA_Task-2,2,F3,0.1,1,0.25,Left,0.0703125,4.04881300163646,9.64632485553467,2.90217796611717
VisualCogA_Task-2,2,F3,0.1,1,0.25,Left,0.07421875,4.71990867831065,10.4985339621374,3.4666096820761
VisualCogA_Task-2,2,F3,0.1,1,0.25,Left,0.078125,5.38561377795989,11.4033335239417,4.11592597007958
VisualCogA_Task-2,2,F3,0.1,1,0.25,Left,0.08203125,6.02307765469554,12.3360883120831,4.82006533195457
VisualCogA_Task-2,2,F3,0.1,1,0.25,Left,0.0859375,6.60933074001172,13.2543998360077,5.54032711048696
VisualCogA_Task-2,2,F3,0.1,1,0.25,Left,0.08984375,7.12355818278911,14.1126488161928,6.23341964270095
VisualCogA_Task-2,2,F3,0.1,1,0.25,Left,0.09375,7.54866570984728,14.8743642557647,6.85384866557922
VisualCogA_Task-2,2,F3,0.1,1,0.25,Left,0.09765625,7.87180280395832,15.5148154632814,7.3558642502826
VisualCogA_Task-2,2,F3,0.1,1,0.25,Left,0.1015625,8.08393602864751,16.0025955132427,7.69637816502141
VisualCogA_Task-2,2,F3,0.1,1,0.25,Left,0.10546875,8.17895154329513,16.3051584321189,7.83929023484394
VisualCogA_Task-2,2,F3,0.1,1,0.25,Left,0.109375,8.15297513299627,16.3968067130194,7.76029703211588
VisualCogA_Task-2,2,F3,0.1,1,0.25,Left,0.11328125,8.00456424357327,16.2636058325697,7.45073427365836
VisualCogA_Task-2,2,F3,0.1,1,0.25,Left,0.1171875,7.73615788129524,15.9160516502742,6.91986311956935
VisualCogA_Task-2,2,F3,0.1,1,0.25,Left,0.12109375,7.35671645676568,15.3833961360463,6.19648347617696
VisualCogA_Task-2,2,F3,0.1,1,0.25,Left,0.125,6.88491672275398,14.7080123843611,5.32201591134643
VisualCogA_Task-2,2,F3,0.1,1,0.25,Left,0.12890625,6.35170878379148,13.9405420950962,4.34781908969815
VisualCogA_Task-2,2,F3,0.1,1,0.25,Left,0.1328125,5.8007037616674,13.13961904117,3.33784296361584
VisualCogA_Task-2,2,F3,0.1,1,0.25,Left,0.13671875,5.28501546004832,12.3725844088091,2.3644962661162
VisualCogA_Task-2,2,F3,0.1,1,0.25,Left,0.140625,4.8600245599382,11.7153371160474,1.50323718609997
VisualCogA_Task-2,2,F3,0.1,1,0.25,Left,0.14453125,4.5729923283737,11.2418795306711,0.814886023582424
VisualCogA_Task-2,2,F3,0.1,1,0.25,Left,0.1484375,4.45205878927945,11.0052159831274,0.342697193760825
VisualCogA_Task-2,2,F3,0.1,1,0.25,Left,0.15234375,4.49818310666929,11.0152839081944,0.0956908593212881
VisualCogA_Task-2,2,F3,0.1,1,0.25,Left,0.15625,4.68336087235664,11.2264858117864,0.0487385120659662
VisualCogA_Task-2,2,F3,0.1,1,0.25,Left,0.16015625,4.95678972802635,11.5518950829521,0.147240036071319
VisualCogA_Task-2,2,F3,0.1,1,0.25,Left,0.1640625,5.25801427892723,11.9020101955501,0.320573725936044
VisualCogA_Task-2,2,F3,0.1,1,0.25,Left,0.16796875,5.53344030064986,12.2049518204326,0.501070572901037
VisualCogA_Task-2,2,F3,0.1,1,0.25,Left,0.171875,5.75104731624016,12.4132348348711,0.635931388057477
VisualCogA_Task-2,2,F3,0.1,1,0.25,Left,0.17578125,5.90836142882951,12.514973302864,0.701448234778281
VisualCogA_Task-2,2,F3,0.1,1,0.25,Left,0.1796875,6.03080746268532,12.5318280608082,0.710629834582021
VisualCogA_Task-2,2,F3,0.1,1,0.25,Left,0.18359375,6.16075571989066,12.5351278552971,0.704788271705072
VisualCogA_Task-2,2,F3,0.1,1,0.25,Left,0.1875,6.34076997617934,12.6091343218565,0.741905567809833
VisualCogA_Task-2,2,F3,0.1,1,0.25,Left,0.19140625,6.59658713569956,12.8074168992072,0.864405675952219
VisualCogA_Task-2,2,F3,0.1,1,0.25,Left,0.1953125,6.92548062597625,13.1279407184735,1.06776934649715
VisualCogA_Task-2,2,F3,0.1,1,0.25,Left,0.19921875,7.29384732060988,13.5102192443977,1.31052549371577
VisualCogA_Task-2,2,F3,0.1,1,0.25,Left,0.203125,7.64478008419668,13.8740724963616,1.52593919318393
VisualCogA_Task-2,2,F3,0.1,1,0.25,Left,0.20703125,7.91314654047735,14.1485487441363,1.64143055651155
VisualCogA_Task-2,2,F3,0.1,1,0.25,Left,0.2109375,8.04340869217387,14.3006843227395,1.6097925054585
VisualCogA_Task-2,2,F3,0.1,1,0.25,Left,0.21484375,8.00482081373971,14.3392536047497,1.42502843742249
VisualCogA_Task-2,2,F3,0.1,1,0.25,Left,0.21875,7.79982937111276,14.3090389035853,1.1193749648489
VisualCogA_Task-2,2,F3,0.1,1,0.25,Left,0.22265625,7.46391252702765,14.274611051708,0.748878862775389
VisualCogA_Task-2,2,F3,0.1,1,0.25,Left,0.2265625,7.05777500587958,14.29600993567,0.37399668685777
VisualCogA_Task-2,2,F3,0.1,1,0.25,Left,0.23046875,6.65479992055069,14.4010389495834,0.0471963523545582
VisualCogA_Task-2,2,F3,0.1,1,0.25,Left,0.234375,6.32739667851096,14.5643563875594,-0.178645140422472
VisualCogA_Task-2,2,F3,0.1,1,0.25,Left,0.23828125,6.13539427159961,14.7505824790886,-0.260922080786758
VisualCogA_Task-2,2,F3,0.1,1,0.25,Left,0.2421875,6.11839021590965,14.9637449302281,-0.16885631687
VisualCogA_Task-2,2,F3,0.1,1,0.25,Left,0.24609375,6.29259856501038,15.2391717903236,0.111315099474949
VisualCogA_Task-2,2,F3,0.1,1,0.25,Left,0.25,6.65170468829829,15.6093827300407,0.571792905581047
VisualCogA_Task-2,2,F3,0.1,1,0.25,Left,0.25390625,7.17068878233896,16.0829258322015,1.17819064631711
VisualCogA_Task-2,2,F3,0.1,1,0.25,Left,0.2578125,7.81144073934121,16.6507823812557,1.86656936895837
VisualCogA_Task-2,2,F3,0.1,1,0.25,Left,0.26171875,8.52908657365674,17.2961203769203,2.56027956832751
VisualCogA_Task-2,2,F3,0.1,1,0.25,Left,0.265625,9.27815199697853,17.9994777480115,3.19540471087869
VisualCogA_Task-2,2,F3,0.1,1,0.25,Left,0.26953125,10.0179398874484,18.7440848125081,3.74615191104245
VisualCogA_Task-2,2,F3,0.1,1,0.25,Left,0.2734375,10.7167531504678,19.5176508713465,4.23083519726713
VisualCogA_Task-2,2,F3,0.1,1,0.25,Left,0.27734375,11.3547880550194,20.3077661376863,4.68358910128943
VisualCogA_Task-2,2,F3,0.1,1,0.25,Left,0.28125,11.9255875798135,21.1010833467788,5.14025960681179
VisualCogA_Task-2,2,F3,0.1,1,0.25,Left,0.28515625,12.4358777092668,21.8871428886933,5.62251571625393
VisualCogA_Task-2,2,F3,0.1,1,0.25,Left,0.2890625,12.9035256868031,22.6555182673096,6.12974497063152
VisualCogA_Task-2,2,F3,0.1,1,0.25,Left,0.29296875,13.3534499906119,23.3970528294608,6.64976605465696
VisualCogA_Task-2,2,F3,0.1,1,0.25,Left,0.296875,13.8117211452723,24.1084003907734,7.17329680278197
VisualCogA_Task-2,2,F3,0.1,1,0.25,Left,0.30078125,14.2987773086781,24.7965994548015,7.6976852902694
VisualCogA_Task-2,2,F3,0.1,1,0.25,Left,0.3046875,14.8233637146671,25.4745777101776,8.22300997596569
VisualCogA_Task-2,2,F3,0.1,1,0.25,Left,0.30859375,15.3790898565885,26.1540612531633,8.74576417812087
VisualCogA_Task-2,2,F3,0.1,1,0.25,Left,0.3125,15.9450748392102,26.8375163109323,9.258805847001
VisualCogA_Task-2,2,F3,0.1,1,0.25,Left,0.31640625,16.4910122786571,27.5066354309019,9.75215552395387
VisualCogA_Task-2,2,F3,0.1,1,0.25,Left,0.3203125,16.9854905582866,28.1347612357897,10.2079159437103
VisualCogA_Task-2,2,F3,0.1,1,0.25,Left,0.32421875,17.4051442963823,28.7024082019997,10.5973731694956
VisualCogA_Task-2,2,F3,0.1,1,0.25,Left,0.328125,17.7417408604992,29.196198693064,10.8967661747749
VisualCogA_Task-2,2,F3,0.1,1,0.25,Left,0.33203125,18.0048660082214,29.6144297133717,11.0961850862836
VisualCogA_Task-2,2,F3,0.1,1,0.25,Left,0.3359375,18.2192810311274,29.967467101359,11.2077363692259
VisualCogA_Task-2,2,F3,0.1,1,0.25,Left,0.33984375,18.4177526400934,30.2827448029707,11.2629222453202
VisualCogA_Task-2,2,F3,0.1,1,0.25,Left,0.34375,18.6315734336814,30.5932934931248,11.3120927725066
VisualCogA_Task-2,2,F3,0.1,1,0.25,Left,0.34765625,18.8816219859875,30.9247758358042,11.4066400675374
VisualCogA_Task-2,2,F3,0.1,1,0.25,Left,0.3515625,19.1725115171583,31.2940048219624,11.5835354485812
VisualCogA_Task-2,2,F3,0.1,1,0.25,Left,0.35546875,19.4913358286162,31.6991156483915,11.8489646099702
VisualCogA_Task-2,2,F3,0.1,1,0.25,Left,0.359375,19.8111436221561,32.1162719481784,12.1727654094284
VisualCogA_Task-2,2,F3,0.1,1,0.25,Left,0.36328125,20.0979935569273,32.5030543163828,12.4951955195149
VisualCogA_Task-2,2,F3,0.1,1,0.25,Left,0.3671875,20.3195871523843,32.8048198657733,12.7420159436047
VisualCogA_Task-2,2,F3,0.1,1,0.25,Left,0.37109375,20.4531978917536,32.9633502983179,12.8440965115496
VisualCogA_Task-2,2,F3,0.1,1,0.25,Left,0.375,20.4909119286198,32.9380453803779,12.7580221631578
VisualCogA_Task-2,2,F3,0.1,1,0.25,Left,0.37890625,20.4409643259621,32.7224321175359,12.4738177046848
VisualCogA_Task-2,2,F3,0.1,1,0.25,Left,0.3828125,20.325020235303,32.3548451750425,12.0198979782527
VisualCogA_Task-2,2,F3,0.1,1,0.25,Left,0.38671875,20.1723738753209,31.9059320784389,11.4696962606591
VisualCogA_Task-2,2,F3,0.1,1,0.25,Left,0.390625,20.0129275445508,31.4629116976813,10.9167250943276
VisualCogA_Task-2,2,F3,0.1,1,0.25,Left,0.39453125,19.8711808852096,31.1071352009579,10.4357782761191
VisualCogA_Task-2,2,F3,0.1,1,0.25,Left,0.3984375,19.7631298477074,30.897068504923,10.0669705159125
VisualCogA_Task-2,2,F3,0.1,1,0.25,Left,0.40234375,19.6969810076645,30.8582616780738,9.81703726689948
VisualCogA_Task-2,2,F3,0.1,1,0.25,Left,0.40625,19.6772147664845,30.9829087908645,9.67108114721369
VisualCogA_Task-2,2,F3,0.1,1,0.25,Left,0.41015625,19.7102474875247,31.2383735797545,9.6098052608557
VisualCogA_Task-2,2,F3,0.1,1,0.25,Left,0.4140625,19.8092407954669,31.5813256048075,9.62210858503336
VisualCogA_Task-2,2,F3,0.1,1,0.25,Left,0.41796875,19.9958121336341,31.9763346460326,9.70878577011694
VisualCogA_Task-2,2,F3,0.1,1,0.25,Left,0.421875,20.297516879977,32.4151438787455,9.88592070830243
VisualCogA_Task-2,2,F3,0.1,1,0.25,Left,0.42578125,20.7416302922744,32.9247246874176,10.1926735174939
VisualCogA_Task-2,2,F3,0.1,1,0.25,Left,0.4296875,21.3473205167611,33.5491414319794,10.6689070009782
VisualCogA_Task-2,2,F3,0.1,1,0.25,Left,0.43359375,22.1191064492081,34.3326283261237,11.3629768605413
VisualCogA_Task-2,2,F3,0.1,1,0.25,Left,0.4375,23.044136218191,35.3048731762915,12.2935249501225
VisualCogA_Task-2,2,F3,0.1,1,0.25,Left,0.44140625,24.094385389357,36.4688180820222,13.4475515392852
VisualCogA_Task-2,2,F3,0.1,1,0.25,Left,0.4453125,25.2329383614113,37.7958883588437,14.7733974055719
VisualCogA_Task-2,2,F3,0.1,1,0.25,Left,0.44921875,26.4219302556488,39.2311991707327,16.2081761163505
VisualCogA_Task-2,2,F3,0.1,1,0.25,Left,0.453125,27.6292150444084,40.7076141650281,17.6847054155211
VisualCogA_Task-2,2,F3,0.1,1,0.25,Left,0.45703125,28.8316231885236,42.1640127135423,19.1446479806115
VisualCogA_Task-2,2,F3,0.1,1,0.25,Left,0.4609375,30.0143838305082,43.5614700704692,20.5475715815038
VisualCogA_Task-2,2,F3,0.1,1,0.25,Left,0.46484375,31.1680756908951,44.884024559247,21.8682860349148
VisualCogA_Task-2,2,F3,0.1,1,0.25,Left,0.46875,32.2854817913789,46.1349900934151,23.0931423991766
VisualCogA_Task-2,2,F3,0.1,1,0.25,Left,0.47265625,33.360508432326,47.3334964751296,24.2168905536831
VisualCogA_Task-2,2,F3,0.1,1,0.25,Left,0.4765625,34.3900481633015,48.5069724977491,25.2419746897968
VisualCogA_Task-2,2,F3,0.1,1,0.25,Left,0.48046875,35.3779726869032,49.681962515602,26.1750122417502
VisualCogA_Task-2,2,F3,0.1,1,0.25,Left,0.484375,36.3391425876661,50.8821460026098,27.0337263299442
VisualCogA_Task-2,2,F3,0.1,1,0.25,Left,0.48828125,37.3010039940353,52.1271398379966,27.8638862719522
VisualCogA_Task-2,2,F3,0.1,1,0.25,Left,0.4921875,38.3011363702239,53.426163548758,28.7258182909364
VisualCogA_Task-2,2,F3,0.1,1,0.25,Left,0.49609375,39.3806740218169,54.7883614436443,29.6884817813578
VisualCogA_Task-2,2,F3,0.1,1,0.25,Left,0.5,40.5752086950952,56.2388104628141,30.8161442564076
VisualCogA_Task-2,2,F3,0.1,1,0.25,Left,0.50390625,41.9059414401814,57.8050991300581,32.1482333732154
VisualCogA_Task-2,2,F3,0.1,1,0.25,Left,0.5078125,43.3740674778421,59.4825931138698,33.679482067419
VisualCogA_Task-2,2,F3,0.1,1,0.25,Left,0.51171875,44.9605708202053,61.2380100641778,35.3568803722482
VisualCogA_Task-2,2,F3,0.1,1,0.25,Left,0.515625,46.6320225362507,63.0320766856153,37.1065577300604
VisualCogA_Task-2,2,F3,0.1,1,0.25,Left,0.51953125,48.3510881107827,64.8151758520132,38.8508391093056
VisualCogA_Task-2,2,F3,0.1,1,0.25,Left,0.5234375,50.0888220807374,66.5410430276172,40.532271185985
VisualCogA_Task-2,2,F3,0.1,1,0.25,Left,0.52734375,51.8349882333353,68.1982250379879,42.1343813383707
VisualCogA_Task-2,2,F3,0.1,1,0.25,Left,0.53125,53.6029299332962,69.819849990129,43.6861914223448
VisualCogA_Task-2,2,F3,0.1,1,0.25,Left,0.53515625,55.4269474231919,71.4585511814246,45.2434934737314
VisualCogA_Task-2,2,F3,0.1,1,0.25,Left,0.5390625,57.3523590707042,73.176827714767,46.8728861327929
VisualCogA_Task-2,2,F3,0.1,1,0.25,Left,0.54296875,59.4207640102052,75.0403464102993,48.6367292126384
VisualCogA_Task-2,2,F3,0.1,1,0.25,Left,0.546875,61.6547100955965,77.1026051448345,50.5754768720441
VisualCogA_Task-2,2,F3,0.1,1,0.25,Left,0.55078125,64.0463970217748,79.3922244070805,52.6967981643933
VisualCogA_Task-2,2,F3,0.1,1,0.25,Left,0.5546875,66.5540091855575,81.9030947098169,54.9648529524048
VisualCogA_Task-2,2,F3,0.1,1,0.25,Left,0.55859375,69.107077482367,84.5807260025006,57.300760459614
VisualCogA_Task-2,2,F3,0.1,1,0.25,Left,0.5625,71.6196207819945,87.3107522073427,59.5971886847981
VisualCogA_Task-2,2,F3,0.1,1,0.25,Left,0.56640625,74.0075738058237,89.9231317444573,61.7426129243451
VisualCogA_Task-2,2,F3,0.1,1,0.25,Left,0.5703125,76.2058657512562,92.2672537624179,63.6580213961603
VisualCogA_Task-2,2,F3,0.1,1,0.25,Left,0.57421875,78.1807723294323,94.2678008294403,65.3230120840963
VisualCogA_Task-2,2,F3,0.1,1,0.25,Left,0.578125,79.9346500390033,95.9302298161689,66.7608689310538
VisualCogA_Task-2,2,F3,0.1,1,0.25,Left,0.58203125,81.5023339589227,97.3285607640464,68.0333171320827
VisualCogA_Task-2,2,F3,0.1,1,0.25,Left,0.5859375,82.9406475928831,98.5658514772823,69.2151713830714
VisualCogA_Task-2,2,F3,0.1,1,0.25,Left,0.58984375,84.3140312293324,99.7392113834067,70.3889194603696
VisualCogA_Task-2,2,F3,0.1,1,0.25,Left,0.59375,85.6798967081337,100.922340576273,71.6204976497296
VisualCogA_Task-2,2,F3,0.1,1,0.25,Left,0.59765625,87.0769293019453,102.160032452768,72.948191959767
VisualCogA_Task-2,2,F3,0.1,1,0.25,Left,0.6015625,88.5184213906238,103.456022557837,74.3721263410064
VisualCogA_Task-2,2,F3,0.1,1,0.25,Left,0.60546875,89.9912465342241,104.796681851267,75.8554626884698
VisualCogA_Task-2,2,F3,0.1,1,0.25,Left,0.609375,91.4597178366456,106.145641795868,77.3475802031976
VisualCogA_Task-2,2,F3,0.1,1,0.25,Left,0.61328125,92.8726848221743,107.449720618333,78.7945354392118
VisualCogA_Task-2,2,F3,0.1,1,0.25,Left,0.6171875,94.1719763654801,108.663033128759,80.1437039728738
VisualCogA_Task-2,2,F3,0.1,1,0.25,Left,0.62109375,95.300621385378,109.754813916246,81.3448885592493
VisualCogA_Task-2,2,F3,0.1,1,0.25,Left,0.625,96.2099100829645,110.710056999945,82.355754001437
VisualCogA_Task-2,2,F3,0.1,1,0.25,Left,0.62890625,96.864968012749,111.51464575649,83.1338338842021
VisualCogA_Task-2,2,F3,0.1,1,0.25,Left,0.6328125,97.2488592594001,112.160380035134,83.6486575452098
VisualCogA_Task-2,2,F3,0.1,1,0.25,Left,0.63671875,97.3652506426115,112.632033006924,83.8977842886164
VisualCogA_Task-2,2,F3,0.1,1,0.25,Left,0.640625,97.2394712775489,112.933299871813,83.9024021638729
VisualCogA_Task-2,2,F3,0.1,1,0.25,Left,0.64453125,96.9175942314903,113.099054969166,83.7092202628876
VisualCogA_Task-2,2,F3,0.1,1,0.25,Left,0.6484375,96.4631299096612,113.145575751661,83.3842784201328
VisualCogA_Task-2,2,F3,0.1,1,0.25,Left,0.65234375,95.951143243668,113.074847952929,82.987039752612
VisualCogA_Task-2,2,F3,0.1,1,0.25,Left,0.65625,95.4600743827648,112.910817346587,82.5646149315784
VisualCogA_Task-2,2,F3,0.1,1,0.25,Left,0.66015625,95.0621530636074,112.687958977685,82.1455855476192
VisualCogA_Task-2,2,F3,0.1,1,0.25,Left,0.6640625,94.8138762143939,112.43243747566,81.7472887656096
VisualCogA_Task-2,2,F3,0.1,1,0.25,Left,0.66796875,94.7483461735701,112.180936408802,81.3881615604114
VisualCogA_Task-2,2,F3,0.1,1,0.25,Left,0.671875,94.871138295603,111.989156311195,81.0886556879383
VisualCogA_Task-2,2,F3,0.1,1,0.25,Left,0.67578125,95.1606966566772,111.910707099796,80.8752503555181
VisualCogA_Task-2,2,F3,0.1,1,0.25,Left,0.6796875,95.5731773300961,111.97645615118,80.7752489505139
VisualCogA_Task-2,2,F3,0.1,1,0.25,Left,0.68359375,96.0505258350914,112.17685102116,80.7907681553687
VisualCogA_Task-2,2,F3,0.1,1,0.25,Left,0.6875,96.5298311357973,112.471054205778,80.9029074927063
VisualCogA_Task-2,2,F3,0.1,1,0.25,Left,0.69140625,96.9519423781935,112.802771672099,81.0668204319909
VisualCogA_Task-2,2,F3,0.1,1,0.25,Left,0.6953125,97.2679431627355,113.115958181281,81.2298363972452
VisualCogA_Task-2,2,F3,0.1,1,0.25,Left,0.69921875,97.4430104604892,113.360624990044,81.3326719019654
VisualCogA_Task-2,2,F3,0.1,1,0.25,Left,0.703125,97.4579823331595,113.491248530515,81.3228970801798
VisualCogA_Task-2,2,F3,0.1,1,0.25,Left,0.70703125,97.3093061224126,113.48499364322,81.1663043021675
VisualCogA_Task-2,2,F3,0.1,1,0.25,Left,0.7109375,97.0079189840896,113.325205529511,80.853318328173
VisualCogA_Task-2,2,F3,0.1,1,0.25,Left,0.71484375,96.5772630579994,113.009951568999,80.3977778247542
VisualCogA_Task-2,2,F3,0.1,1,0.25,Left,0.71875,96.0503707447036,112.558362379193,79.8289541052305
VisualCogA_Task-2,2,F3,0.1,1,0.25,Left,0.72265625,95.4659701513254,112.00546142769,79.1917778929932
VisualCogA_Task-2,2,F3,0.1,1,0.25,Left,0.7265625,94.863851048822,111.400522479242,78.5312574631713
VisualCogA_Task-2,2,F3,0.1,1,0.25,Left,0.73046875,94.2801222028017,110.79943260352,77.892262003763
VisualCogA_Task-2,2,F3,0.1,1,0.25,Left,0.734375,93.7432495483234,110.247551663335,77.3132091744068
VisualCogA_Task-2,2,F3,0.1,1,0.25,Left,0.73828125,93.27172172662,109.777161920061,76.8173992425112
VisualCogA_Task-2,2,F3,0.1,1,0.25,Left,0.7421875,92.8738112848223,109.403291309329,76.4158107348446
VisualCogA_Task-2,2,F3,0.1,1,0.25,Left,0.74609375,92.5492995842377,109.116755280511,76.1031772631389
VisualCogA_Task-2,2,F3,0.1,1,0.25,Left,0.75,92.292425825534,108.899949941865,75.8632945976604
VisualCogA_Task-2,2,F3,0.1,1,0.25,Left,0.75390625,92.0949371369154,108.730858201528,75.6731018917608
VisualCogA_Task-2,2,F3,0.1,1,0.25,Left,0.7578125,91.9481139031905,108.587943789027,75.5014824797785
VisualCogA_Task-2,2,F3,0.1,1,0.25,Left,0.76171875,91.8430451569365,108.456042287153,75.3171828000497
VisualCogA_Task-2,2,F3,0.1,1,0.25,Left,0.765625,91.7691199551033,108.331978721287,75.1052292636009
VisualCogA_Task-2,2,F3,0.1,1,0.25,Left,0.76953125,91.7114768273452,108.223559463277,74.870180113232
VisualCogA_Task-2,2,F3,0.1,1,0.25,Left,0.7734375,91.6487730689826,108.138410088206,74.6299493681929
VisualCogA_Task-2,2,F3,0.1,1,0.25,Left,0.77734375,91.5528706416662,108.083064285543,74.3961340658997
VisualCogA_Task-2,2,F3,0.1,1,0.25,Left,0.78125,91.3917172149091,108.060067038868,74.1639755273457
VisualCogA_Task-2,2,F3,0.1,1,0.25,Left,0.78515625,91.1357723511354,108.052367826349,73.9134480433349
VisualCogA_Task-2,2,F3,0.1,1,0.25,Left,0.7890625,90.7668907837199,108.03228715815,73.6155051941252
VisualCogA_Task-2,2,F3,0.1,1,0.25,Left,0.79296875,90.2868975519826,107.973301005535,73.2516223181298
VisualCogA_Task-2,2,F3,0.1,1,0.25,Left,0.796875,89.7215706191754,107.866923642402,72.8283964110315
VisualCogA_Task-2,2,F3,0.1,1,0.25,Left,0.80078125,89.1148329239643,107.730148129915,72.3734806446478
VisualCogA_Task-2,2,F3,0.1,1,0.25,Right,-0.19921875,-5.94953990846431,-6.06685906205108,-0.989062387365955
VisualCogA_Task-2,2,F3,0.1,1,0.25,Right,-0.1953125,-5.64454263261339,-6.02719271778817,-1.10542371585791
VisualCogA_Task-2,2,F3,0.1,1,0.25,Right,-0.19140625,-5.35722122224243,-6.00381635245385,-1.23026405497044
VisualCogA_Task-2,2,F3,0.1,1,0.25,Right,-0.1875,-5.10082013207327,-5.99748025847223,-1.3649713657494
VisualCogA_Task-2,2,F3,0.1,1,0.25,Right,-0.18359375,-4.87560220509397,-5.99053953183708,-1.49670481835659
VisualCogA_Task-2,2,F3,0.1,1,0.25,Right,-0.1796875,-4.67042915825496,-5.95501730214824,-1.60323843367804
VisualCogA_Task-2,2,F3,0.1,1,0.25,Right,-0.17578125,-4.46992077050814,-5.85693419559983,-1.66048404271541
VisualCogA_Task-2,2,F3,0.1,1,0.25,Right,-0.171875,-4.26268588208211,-5.66406080726514,-1.64484537990357
VisualCogA_Task-2,2,F3,0.1,1,0.25,Right,-0.16796875,-4.04712257461143,-5.36579490461889,-1.55053971936147
VisualCogA_Task-2,2,F3,0.1,1,0.25,Right,-0.1640625,-3.83290168206796,-5.00111112695323,-1.39501056524485
VisualCogA_Task-2,2,F3,0.1,1,0.25,Right,-0.16015625,-3.63800813435245,-4.63011397855097,-1.23301224127217
VisualCogA_Task-2,2,F3,0.1,1,0.25,Right,-0.15625,-3.48264807968283,-4.32169379878907,-1.12792049814772
VisualCogA_Task-2,2,F3,0.1,1,0.25,Right,-0.15234375,-3.38211721253079,-4.11988173996116,-1.1301554292901
VisualCogA_Task-2,2,F3,0.1,1,0.25,Right,-0.1484375,-3.3407921427122,-4.02307126518935,-1.26037867988945
VisualCogA_Task-2,2,F3,0.1,1,0.25,Right,-0.14453125,-3.34889921773031,-4.02500781958827,-1.50530459190789
VisualCogA_Task-2,2,F3,0.1,1,0.25,Right,-0.140625,-3.38289052970401,-4.10728855314585,-1.83022051381708
VisualCogA_Task-2,2,F3,0.1,1,0.25,Right,-0.13671875,-3.40935757946349,-4.23101821513484,-2.19500733971786
VisualCogA_Task-2,2,F3,0.1,1,0.25,Right,-0.1328125,-3.39160840685107,-4.33664416310174,-2.54033554617602
VisualCogA_Task-2,2,F3,0.1,1,0.25,Right,-0.12890625,-3.29743404507157,-4.36118683614427,-2.80440019294986
VisualCogA_Task-2,2,F3,0.1,1,0.25,Right,-0.125,-3.10628523593995,-4.25923318036636,-2.93830286386174
VisualCogA_Task-2,2,F3,0.1,1,0.25,Right,-0.12109375,-2.81414913188563,-4.00986088233715,-2.91407786807007
VisualCogA_Task-2,2,F3,0.1,1,0.25,Right,-0.1171875,-2.43488830798305,-3.62242469471239,-2.73930572886847
VisualCogA_Task-2,2,F3,0.1,1,0.25,Right,-0.11328125,-1.99761291204528,-3.14049412345771,-2.46068961907444
VisualCogA_Task-2,2,F3,0.1,1,0.25,Right,-0.109375,-1.5406191876747,-2.62374079670776,-2.14126928642301
VisualCogA_Task-2,2,F3,0.1,1,0.25,Right,-0.10546875,-1.10328711222761,-2.1394051400884,-1.85265812935345
VisualCogA_Task-2,2,F3,0.1,1,0.25,Right,-0.1015625,-0.717836468290596,-1.74586719922815,-1.65728433344743
VisualCogA_Task-2,2,F3,0.1,1,0.25,Right,-0.09765625,-0.402840205861759,-1.4808461291097,-1.59649015702858
VisualCogA_Task-2,2,F3,0.1,1,0.25,Right,-0.09375,-0.159888600459625,-1.35172795907047,-1.681722094035
VisualCogA_Task-2,2,F3,0.1,1,0.25,Right,-0.08984375,0.026048115584621,-1.32374560600533,-1.88002360277187
VisualCogA_Task-2,2,F3,0.1,1,0.25,Right,-0.0859375,0.182926407443215,-1.32390615514979,-2.11744590427625
VisualCogA_Task-2,2,F3,0.1,1,0.25,Right,-0.08203125,0.345682032892949,-1.26833582970134,-2.30016774179565
VisualCogA_Task-2,2,F3,0.1,1,0.25,Right,-0.078125,0.549431945822645,-1.07517209252038,-2.33498069957149
VisualCogA_Task-2,2,F3,0.1,1,0.25,Right,-0.07421875,0.823158372639721,-0.676218487378879,-2.14057726949255
VisualCogA_Task-2,2,F3,0.1,1,0.25,Right,-0.0703125,1.18486866729008,-0.0340749871247517,-1.67318286739954
VisualCogA_Task-2,2,F3,0.1,1,0.25,Right,-0.06640625,1.63880408956315,0.8461977053426,-0.946376749790628
VisualCogA_Task-2,2,F3,0.1,1,0.25,Right,-0.0625,2.17491284797738,1.91526914036277,-0.0304013903809115
VisualCogA_Task-2,2,F3,0.1,1,0.25,Right,-0.05859375,2.77054595860384,3.09172914758099,0.974978601105681
VisualCogA_Task-2,2,F3,0.1,1,0.25,Right,-0.0546875,3.39412405362551,4.28424745271179,1.97168182016752
VisualCogA_Task-2,2,F3,0.1,1,0.25,Right,-0.05078125,4.01028387726093,5.41500354898012,2.87841597326595
VisualCogA_Task-2,2,F3,0.1,1,0.25,Right,-0.046875,4.58572772170791,6.42869280663424,3.64197711258685
VisualCogA_Task-2,2,F3,0.1,1,0.25,Right,-0.04296875,5.09474037205398,7.30628199078778,4.25121716148774
VisualCogA_Task-2,2,F3,0.1,1,0.25,Right,-0.0390625,5.52323706044776,8.04621822568252,4.71763237505522
VisualCogA_Task-2,2,F3,0.1,1,0.25,Right,-0.03515625,5.87038128998685,8.65450885080035,5.06211811564092
VisualCogA_Task-2,2,F3,0.1,1,0.25,Right,-0.03125,6.14730279502131,9.14442960055214,5.30474405732065
VisualCogA_Task-2,2,F3,0.1,1,0.25,Right,-0.02734375,6.3731762248785,9.5367044098054,5.46207233063168
VisualCogA_Task-2,2,F3,0.1,1,0.25,Right,-0.0234375,6.56969911101052,9.85408025134272,5.54808753814632
VisualCogA_Task-2,2,F3,0.1,1,0.25,Right,-0.01953125,6.75557516713761,10.1211837931487,5.57953009621297
VisualCogA_Task-2,2,F3,0.1,1,0.25,Right,-0.015625,6.94272867121318,10.3602794833975,5.58044568076255
VisualCogA_Task-2,2,F3,0.1,1,0.25,Right,-0.01171875,7.13553275470197,10.5928102607038,5.57816353757291
VisualCogA_Task-2,2,F3,0.1,1,0.25,Right,-0.0078125,7.3334047219379,10.844359974268,5.60009419378182
VisualCogA_Task-2,2,F3,0.1,1,0.25,Right,-0.00390625,7.53596593056824,11.1407839045279,5.67547833010483
VisualCogA_Task-2,2,F3,0.1,1,0.25,Right,0,7.74894675036577,11.5059657094764,5.83531901065946
VisualCogA_Task-2,2,F3,0.1,1,0.25,Right,0.00390625,7.98848805542292,11.9649752677572,6.10922743635
VisualCogA_Task-2,2,F3,0.1,1,0.25,Right,0.0078125,8.28167693136117,12.5341976736569,6.51955936232275
VisualCogA_Task-2,2,F3,0.1,1,0.25,Right,0.01171875,8.66209334816831,13.2078342595023,7.06350653752495
VisualCogA_Task-2,2,F3,0.1,1,0.25,Right,0.015625,9.16065829021772,13.9548635288177,7.71057364934942
VisualCogA_Task-2,2,F3,0.1,1,0.25,Right,0.01953125,9.79378225899529,14.7279867292883,8.40134775523526
VisualCogA_Task-2,2,F3,0.1,1,0.25,Right,0.0234375,10.5521975114738,15.4774524504486,9.06392909391742
VisualCogA_Task-2,2,F3,0.1,1,0.25,Right,0.02734375,11.3943865820523,16.1581510862413,9.6339037216589
VisualCogA_Task-2,2,F3,0.1,1,0.25,Right,0.03125,12.247830809482,16.724509159457,10.0483733011061
VisualCogA_Task-2,2,F3,0.1,1,0.25,Right,0.03515625,13.0193862784581,17.125871609902,10.2463737592468
VisualCogA_Task-2,2,F3,0.1,1,0.25,Right,0.0390625,13.6133939224143,17.3057738914721,10.1772118956333
VisualCogA_Task-2,2,F3,0.1,1,0.25,Right,0.04296875,13.9534717692197,17.2237294402698,9.80930605320705
VisualCogA_Task-2,2,F3,0.1,1,0.25,Right,0.046875,14.0022718877148,16.8682383328735,9.14611480217502
VisualCogA_Task-2,2,F3,0.1,1,0.25,Right,0.05078125,13.7735212084601,16.2631370965595,8.23517313977925
VisualCogA_Task-2,2,F3,0.1,1,0.25,Right,0.0546875,13.3325482952471,15.4814540654212,7.1800645036678
VisualCogA_Task-2,2,F3,0.1,1,0.25,Right,0.05859375,12.7846925337674,14.6502953839294,6.09274460575639
VisualCogA_Task-2,2,F3,0.1,1,0.25,Right,0.0625,12.2544535377469,13.9251344183933,5.10665186113723
VisualCogA_Task-2,2,F3,0.1,1,0.25,Right,0.06640625,11.8608078159594,13.4604991432393,4.36508786163099
VisualCogA_Task-2,2,F3,0.1,1,0.25,Right,0.0703125,11.6949731973756,13.3701865435295,3.98506758006263
VisualCogA_Task-2,2,F3,0.1,1,0.25,Right,0.07421875,11.8058542950753,13.6978765920459,4.02924056591378
VisualCogA_Task-2,2,F3,0.1,1,0.25,Right,0.078125,12.1959356565748,14.4193769240033,4.48640207042681
VisualCogA_Task-2,2,F3,0.1,1,0.25,Right,0.08203125,12.8274075367783,15.4539865160912,5.27417766251514
VisualCogA_Task-2,2,F3,0.1,1,0.25,Right,0.0859375,13.6357604790152,16.682316467239,6.27453772263409
VisualCogA_Task-2,2,F3,0.1,1,0.25,Right,0.08984375,14.5466286822823,17.9743468898418,7.36179284950634
VisualCogA_Task-2,2,F3,0.1,1,0.25,Right,0.09375,15.4915144422124,19.2248394274583,8.42905026925195
VisualCogA_Task-2,2,F3,0.1,1,0.25,Right,0.09765625,16.4189977010346,20.3710188567083,9.40812940605794
VisualCogA_Task-2,2,F3,0.1,1,0.25,Right,0.1015625,17.2996871922291,21.4000184736126,10.2813961266926
VisualCogA_Task-2,2,F3,0.1,1,0.25,Right,0.10546875,18.1249867232812,22.3369272591388,11.0703674018751
VisualCogA_Task-2,2,F3,0.1,1,0.25,Right,0.109375,18.9012669363856,23.2262856098924,11.8198945892129
VisualCogA_Task-2,2,F3,0.1,1,0.25,Right,0.11328125,19.6419149417565,24.1175129152002,12.5687924049505
VisualCogA_Task-2,2,F3,0.1,1,0.25,Right,0.1171875,20.359828509221,25.0620828379899,13.3291129387729
VisualCogA_Task-2,2,F3,0.1,1,0.25,Right,0.12109375,21.0622885048461,26.0738034208684,14.0790543748212
VisualCogA_Task-2,2,F3,0.1,1,0.25,Right,0.125,21.7490501423593,27.1065140319144,14.7832346467339
VisualCogA_Task-2,2,F3,0.1,1,0.25,Right,0.12890625,22.4133399423499,28.0934002932248,15.4119636822623
VisualCogA_Task-2,2,F3,0.1,1,0.25,Right,0.1328125,23.0446235014948,28.9770200277685,15.9425550034093
VisualCogA_Task-2,2,F3,0.1,1,0.25,Right,0.13671875,23.6317542003824,29.722336002942,16.3619315954537
VisualCogA_Task-2,2,F3,0.1,1,0.25,Right,0.140625,24.1654192992619,30.3158874600313,16.6638958530329
VisualCogA_Task-2,2,F3,0.1,1,0.25,Right,0.14453125,24.6394488005928,30.7631938074282,16.8473428747791
VisualCogA_Task-2,2,F3,0.1,1,0.25,Right,0.1484375,25.0512241068416,31.0868288479108,16.9173758608129
VisualCogA_Task-2,2,F3,0.1,1,0.25,Right,0.15234375,25.4018281547535,31.3237077786143,16.896155965684
VisualCogA_Task-2,2,F3,0.1,1,0.25,Right,0.15625,25.6965565236945,31.5055880591174,16.8229532583111
VisualCogA_Task-2,2,F3,0.1,1,0.25,Right,0.16015625,25.9459813280095,31.667025570584,16.7459900986301
VisualCogA_Task-2,2,F3,0.1,1,0.25,Right,0.1640625,26.1671294032257,31.8542372725412,16.7031396139507
VisualCogA_Task-2,2,F3,0.1,1,0.25,Right,0.16796875,26.3838293513653,32.1119679863257,16.7361873904227
VisualCogA_Task-2,2,F3,0.1,1,0.25,Right,0.171875,26.6252241933186,32.4794317980211,16.8809083073937
VisualCogA_Task-2,2,F3,0.1,1,0.25,Right,0.17578125,26.9219973365714,32.9800380239749,17.1643181483306
VisualCogA_Task-2,2,F3,0.1,1,0.25,Right,0.1796875,27.3008749167865,33.6120071751802,17.5877546840699
VisualCogA_Task-2,2,F3,0.1,1,0.25,Right,0.18359375,27.7789925576684,34.3493841956807,18.1269635904462
VisualCogA_Task-2,2,F3,0.1,1,0.25,Right,0.1875,28.3601746090533,35.1544392820412,18.7386831719552
VisualCogA_Task-2,2,F3,0.1,1,0.25,Right,0.19140625,29.0347008076448,35.9861708179915,19.3822642045164
VisualCogA_Task-2,2,F3,0.1,1,0.25,Right,0.1953125,29.7828340371012,36.8111477178923,20.0216934872268
VisualCogA_Task-2,2,F3,0.1,1,0.25,Right,0.19921875,30.5808344517627,37.6097519297117,20.6306097753103
VisualCogA_Task-2,2,F3,0.1,1,0.25,Right,0.203125,31.4071465801903,38.3767823475191,21.1935941919849
VisualCogA_Task-2,2,F3,0.1,1,0.25,Right,0.20703125,32.2464278842828,39.1114105581872,21.7202647924647
VisualCogA_Task-2,2,F3,0.1,1,0.25,Right,0.2109375,33.0900805372471,39.8082930981001,22.213840598571
VisualCogA_Task-2,2,F3,0.1,1,0.25,Right,0.21484375,33.9334575265507,40.4608535737261,22.6672516570202
VisualCogA_Task-2,2,F3,0.1,1,0.25,Right,0.21875,34.7712485455783,41.0651403003216,23.0687034718227
VisualCogA_Task-2,2,F3,0.1,1,0.25,Right,0.22265625,35.5931758547865,41.62016087075,23.4103485331195
VisualCogA_Task-2,2,F3,0.1,1,0.25,Right,0.2265625,36.381883878871,42.1238071077544,23.6887970677838
VisualCogA_Task-2,2,F3,0.1,1,0.25,Right,0.23046875,37.113997600829,42.5804778094777,23.9098398741175
VisualCogA_Task-2,2,F3,0.1,1,0.25,Right,0.234375,37.7641619670094,43.0043684387275,24.089179138644
VisualCogA_Task-2,2,F3,0.1,1,0.25,Right,0.23828125,38.3108551790783,43.4127116286526,24.2496418159168
VisualCogA_Task-2,2,F3,0.1,1,0.25,Right,0.2421875,38.7421488513389,43.8172342179306,24.4144722442746
VisualCogA_Task-2,2,F3,0.1,1,0.25,Right,0.24609375,39.0594685278813,44.2225817865028,24.6054801538025
VisualCogA_Task-2,2,F3,0.1,1,0.25,Right,0.25,39.2777942176346,44.6249910790776,24.8301547092908
VisualCogA_Task-2,2,F3,0.1,1,0.25,Right,0.25390625,39.4215912608504,45.0135892501993,25.0727897848385
VisualCogA_Task-2,2,F3,0.1,1,0.25,Right,0.2578125,39.5169754051982,45.3727032882885,25.302100531492
VisualCogA_Task-2,2,F3,0.1,1,0.25,Right,0.26171875,39.5819679509022,45.683362183926,25.4682640049858
VisualCogA_Task-2,2,F3,0.1,1,0.25,Right,0.265625,39.6178019592228,45.9230059754139,25.5063160528256
VisualCogA_Task-2,2,F3,0.1,1,0.25,Right,0.26953125,39.6046175473081,46.0639804761953,25.3620063155011
VisualCogA_Task-2,2,F3,0.1,1,0.25,Right,0.2734375,39.5041442170868,46.0730275799042,25.0089351211528
VisualCogA_Task-2,2,F3,0.1,1,0.25,Right,0.27734375,39.270058471879,45.9146561930794,24.4553521553703
VisualCogA_Task-2,2,F3,0.1,1,0.25,Right,0.28125,38.8640747035207,45.5601113241921,23.7195554793176
VisualCogA_Task-2,2,F3,0.1,1,0.25,Right,0.28515625,38.2733776791977,45.0007253036839,22.8180608768872
VisualCogA_Task-2,2,F3,0.1,1,0.25,Right,0.2890625,37.5237773874629,44.2611856858788,21.7789405719811
VisualCogA_Task-2,2,F3,0.1,1,0.25,Right,0.29296875,36.6836699958986,43.406794897858,20.6579264758937
VisualCogA_Task-2,2,F3,0.1,1,0.25,Right,0.296875,35.856494363759,42.5403420670848,19.540587733487
VisualCogA_Task-2,2,F3,0.1,1,0.25,Right,0.30078125,35.1630270910592,41.7880601421703,18.5417600257182
VisualCogA_Task-2,2,F3,0.1,1,0.25,Right,0.3046875,34.7181969661613,41.2782113846238,17.7772658853328
VisualCogA_Task-2,2,F3,0.1,1,0.25,Right,0.30859375,34.608842352711,41.1181901895926,17.3454154210751
VisualCogA_Task-2,2,F3,0.1,1,0.25,Right,0.3125,34.8783530313301,41.3759856085765,17.3086082672239
VisualCogA_Task-2,2,F3,0.1,1,0.25,Right,0.31640625,35.5217047324355,42.0699571727525,17.6859823179687
VisualCogA_Task-2,2,F3,0.1,1,0.25,Right,0.3203125,36.491021210339,43.1681993992775,18.4493423502319
VisualCogA_Task-2,2,F3,0.1,1,0.25,Right,0.32421875,37.7087645243837,44.5963222678017,19.5304000818778
VisualCogA_Task-2,2,F3,0.1,1,0.25,Right,0.328125,39.0839717239985,46.2509988397686,20.8496645830181
VisualCogA_Task-2,2,F3,0.1,1,0.25,Right,0.33203125,40.5270042911278,48.0163451721409,22.3248126307154
VisualCogA_Task-2,2,F3,0.1,1,0.25,Right,0.3359375,41.9597378057328,49.7806819261515,23.864580323988
VisualCogA_Task-2,2,F3,0.1,1,0.25,Right,0.33984375,43.3202129350924,51.4517553013685,25.3674257873906
VisualCogA_Task-2,2,F3,0.1,1,0.25,Right,0.34375,44.5626411649661,52.9685597001802,26.7501677029428
VisualCogA_Task-2,2,F3,0.1,1,0.25,Right,0.34765625,45.6547289430699,54.2970901000879,27.9702165028247
VisualCogA_Task-2,2,F3,0.1,1,0.25,Right,0.3515625,46.5744044205456,55.4246603926519,29.0037326939515
VisualCogA_Task-2,2,F3,0.1,1,0.25,Right,0.35546875,47.307436847334,56.3554700274572,29.8336173326675
VisualCogA_Task-2,2,F3,0.1,1,0.25,Right,0.359375,47.8465606435209,57.1026978720438,30.4515579595624
VisualCogA_Task-2,2,F3,0.1,1,0.25,Right,0.36328125,48.1919607604668,57.6735477781146,30.8504749639648
VisualCogA_Task-2,2,F3,0.1,1,0.25,Right,0.3671875,48.3525615951062,58.0624277128578,31.0312638387582
VisualCogA_Task-2,2,F3,0.1,1,0.25,Right,0.37109375,48.3474695440862,58.2600089057459,31.0002264612729
VisualCogA_Task-2,2,F3,0.1,1,0.25,Right,0.375,48.2069734761188,58.2623984271192,30.7697197873884
VisualCogA_Task-2,2,F3,0.1,1,0.25,Right,0.37890625,47.9725375516183,58.0851620888713,30.3663672798356
VisualCogA_Task-2,2,F3,0.1,1,0.25,Right,0.3828125,47.6952038980955,57.7699859404692,29.835151829316
VisualCogA_Task-2,2,F3,0.1,1,0.25,Right,0.38671875,47.4319042331645,57.3908784099851,29.2421506745979
VisualCogA_Task-2,2,F3,0.1,1,0.25,Right,0.390625,47.2395506910582,57.0374140733495,28.6703812082008
VisualCogA_Task-2,2,F3,0.1,1,0.25,Right,0.39453125,47.1674888942783,56.79963243176,28.205715829451
VisualCogA_Task-2,2,F3,0.1,1,0.25,Right,0.3984375,47.2497537557969,56.7539726442967,27.9117596722642
VisualCogA_Task-2,2,F3,0.1,1,0.25,Right,0.40234375,47.499178299384,56.9487992156646,27.8317844881084
VisualCogA_Task-2,2,F3,0.1,1,0.25,Right,0.40625,47.9053760022459,57.392476860248,27.979777091289
VisualCogA_Task-2,2,F3,0.1,1,0.25,Right,0.41015625,48.4377813302656,58.0533432344722,28.3401013192234
VisualCogA_Task-2,2,F3,0.1,1,0.25,Right,0.4140625,49.0534772924165,58.8777726861878,28.8789100544931
VisualCogA_Task-2,2,F3,0.1,1,0.25,Right,0.41796875,49.707960265764,59.8039405413025,29.5471676065026
VisualCogA_Task-2,2,F3,0.1,1,0.25,Right,0.421875,50.3659057051069,60.7693461042735,30.2788322767113
VisualCogA_Task-2,2,F3,0.1,1,0.25,Right,0.42578125,51.0088731529494,61.7203815787816,31.0122273828113
VisualCogA_Task-2,2,F3,0.1,1,0.25,Right,0.4296875,51.6378308473301,62.6175358072854,31.7131711092347
VisualCogA_Task-2,2,F3,0.1,1,0.25,Right,0.43359375,52.2700585196588,63.4486292607201,32.3652312036824
VisualCogA_Task-2,2,F3,0.1,1,0.25,Right,0.4375,52.9317598611927,64.2348524137876,32.9864552376533
VisualCogA_Task-2,2,F3,0.1,1,0.25,Right,0.44140625,53.6489125162653,65.0384811270586,33.6169646804266
VisualCogA_Task-2,2,F3,0.1,1,0.25,Right,0.4453125,54.4391057358265,65.9340605701036,34.3023160349958
VisualCogA_Task-2,2,F3,0.1,1,0.25,Right,0.44921875,55.306402169751,66.9596360264914,35.0770694986993
VisualCogA_Task-2,2,F3,0.1,1,0.25,Right,0.453125,56.2400231471195,68.0954397418102,35.9419443017481
VisualCogA_Task-2,2,F3,0.1,1,0.25,Right,0.45703125,57.2164469197546,69.2775050577191,36.8655632827989
VisualCogA_Task-2,2,F3,0.1,1,0.25,Right,0.4609375,58.20374854232,70.4363307964523,37.7986897610549
VisualCogA_Task-2,2,F3,0.1,1,0.25,Right,0.46484375,59.166834050004,71.5089948090667,38.6813441008699
VisualCogA_Task-2,2,F3,0.1,1,0.25,Right,0.46875,60.0724909929077,72.4464089752463,39.4524624449651
VisualCogA_Task-2,2,F3,0.1,1,0.25,Right,0.47265625,60.8936163932492,73.2226678465028,40.0618646401459
VisualCogA_Task-2,2,F3,0.1,1,0.25,Right,0.4765625,61.6123500161753,73.8394287541662,40.4890085191468
VisualCogA_Task-2,2,F3,0.1,1,0.25,Right,0.48046875,62.2220382214969,74.3225542203637,40.7525763001522
VisualCogA_Task-2,2,F3,0.1,1,0.25,Right,0.484375,62.7280330564714,74.7133057694253,40.9104010821737
VisualCogA_Task-2,2,F3,0.1,1,0.25,Right,0.48828125,63.1474045365405,75.0589055510901,41.0188848065664
VisualCogA_Task-2,2,F3,0.1,1,0.25,Right,0.4921875,63.5077684103164,75.4063172606117,41.1357226231444
VisualCogA_Task-2,2,F3,0.1,1,0.25,Right,0.49609375,63.8455516535596,75.8001321762973,41.3246298554174
VisualCogA_Task-2,2,F3,0.1,1,0.25,Right,0.5,64.204012922653,76.2828099129113,41.6348418927988
VisualCogA_Task-2,2,F3,0.1,1,0.25,Right,0.50390625,64.6311416038562,76.8947361742323,42.0956287425219
VisualCogA_Task-2,2,F3,0.1,1,0.25,Right,0.5078125,65.1772667771514,77.6726935483279,42.7266467332537
VisualCogA_Task-2,2,F3,0.1,1,0.25,Right,0.51171875,65.8920349266708,78.647301689522,43.5419285804807
VisualCogA_Task-2,2,F3,0.1,1,0.25,Right,0.515625,66.8205584017806,79.8412677997456,44.5515934896379
VisualCogA_Task-2,2,F3,0.1,1,0.25,Right,0.51953125,67.9989979554715,81.2699164204399,45.7554736006827
VisualCogA_Task-2,2,F3,0.1,1,0.25,Right,0.5234375,69.4503858701768,82.9436843787681,47.1523981309126
VisualCogA_Task-2,2,F3,0.1,1,0.25,Right,0.52734375,71.1817833592808,84.8704636136579,48.7664229899211
VisualCogA_Task-2,2,F3,0.1,1,0.25,Right,0.53125,73.1836847090896,87.055945090056,50.6360252273683
VisualCogA_Task-2,2,F3,0.1,1,0.25,Right,0.53515625,75.431986821814,89.499342498213,52.7785805170228
VisualCogA_Task-2,2,F3,0.1,1,0.25,Right,0.5390625,77.8921128726248,92.1877098556445,55.183035807247
VisualCogA_Task-2,2,F3,0.1,1,0.25,Right,0.54296875,80.5243223120598,95.0912878300754,57.8303788346795
VisualCogA_Task-2,2,F3,0.1,1,0.25,Right,0.546875,83.2890241538663,98.1626896192269,60.681547016827
VisualCogA_Task-2,2,F3,0.1,1,0.25,Right,0.55078125,86.1510182047848,101.341039978656,63.6729893612013
VisualCogA_Task-2,2,F3,0.1,1,0.25,Right,0.5546875,89.0819002398161,104.560074041935,66.7299701602798
VisualCogA_Task-2,2,F3,0.1,1,0.25,Right,0.55859375,92.0602761562044,107.757759529472,69.7821955584259
VisualCogA_Task-2,2,F3,0.1,1,0.25,Right,0.5625,95.0698897354068,110.884787706644,72.7753375357672
VisualCogA_Task-2,2,F3,0.1,1,0.25,Right,0.56640625,98.0962471211053,113.910247258083,75.6748779377904
VisualCogA_Task-2,2,F3,0.1,1,0.25,Right,0.5703125,101.122733421139,116.837298304405,78.4649913937474
VisualCogA_Task-2,2,F3,0.1,1,0.25,Right,0.57421875,104.127412472961,119.683638751943,81.1437408077261
VisualCogA_Task-2,2,F3,0.1,1,0.25,Right,0.578125,107.081537865713,122.462546112779,83.7145151918352
VisualCogA_Task-2,2,F3,0.1,1,0.25,Right,0.58203125,109.950261838212,125.170397165896,86.172083071281
VisualCogA_Task-2,2,F3,0.1,1,0.25,Right,0.5859375,112.695276664279,127.782270101974,88.4958116121154
VisualCogA_Task-2,2,F3,0.1,1,0.25,Right,0.58984375,115.278471474993,130.252952337905,90.6565363623309
VisualCogA_Task-2,2,F3,0.1,1,0.25,Right,0.59375,117.665440911071,132.539306178688,92.6283535427235
VisualCogA_Task-2,2,F3,0.1,1,0.25,Right,0.59765625,119.827966222541,134.61104190302,94.4027977871615
VisualCogA_Task-2,2,F3,0.1,1,0.25,Right,0.6015625,121.745260276274,136.446296020335,95.9884600252347
VisualCogA_Task-2,2,F3,0.1,1,0.25,Right,0.60546875,123.404467599578,138.038517569915,97.3879793836735
VisualCogA_Task-2,2,F3,0.1,1,0.25,Right,0.609375,124.801250905992,139.382847016573,98.5980455288449
VisualCogA_Task-2,2,F3,0.1,1,0.25,Right,0.61328125,125.941072226704,140.465330247678,99.6137567142378
VisualCogA_Task-2,2,F3,0.1,1,0.25,Right,0.6171875,126.841093970343,141.262744549526,100.429708199934
VisualCogA_Task-2,2,F3,0.1,1,0.25,Right,0.62109375,127.531851886078,141.756478518142,101.046768413706
VisualCogA_Task-2,2,F3,0.1,1,0.25,Right,0.625,128.057424812506,141.959973957112,101.481259806669
VisualCogA_Task-2,2,F3,0.1,1,0.25,Right,0.62890625,128.473010425638,141.950269303581,101.772408613539
VisualCogA_Task-2,2,F3,0.1,1,0.25,Right,0.6328125,128.839565252141,141.830724058139,101.984496327472
VisualCogA_Task-2,2,F3,0.1,1,0.25,Right,0.63671875,129.216160514654,141.722503257328,102.17768051396
VisualCogA_Task-2,2,F3,0.1,1,0.25,Right,0.640625,129.651529536234,141.727632984765,102.396127390762
VisualCogA_Task-2,2,F3,0.1,1,0.25,Right,0.64453125,130.176635727322,141.934428314287,102.67529464795
VisualCogA_Task-2,2,F3,0.1,1,0.25,Right,0.6484375,130.799894620789,142.426701212604,103.030675504314
VisualCogA_Task-2,2,F3,0.1,1,0.25,Right,0.65234375,131.506064836797,143.184490378263,103.453422754644
VisualCogA_Task-2,2,F3,0.1,1,0.25,Right,0.65625,132.259006543609,144.07228492882,103.916196163508
VisualCogA_Task-2,2,F3,0.1,1,0.25,Right,0.66015625,133.007710895256,144.926189819163,104.382975271084
VisualCogA_Task-2,2,F3,0.1,1,0.25,Right,0.6640625,133.694389388795,145.627242370385,104.792089220654
VisualCogA_Task-2,2,F3,0.1,1,0.25,Right,0.66796875,134.26307545154,146.105168654499,105.078776874584
VisualCogA_Task-2,2,F3,0.1,1,0.25,Right,0.671875,134.667180807293,146.357721152564,105.191626376393
VisualCogA_Task-2,2,F3,0.1,1,0.25,Right,0.67578125,134.874766824891,146.440241439315,105.101221270532
VisualCogA_Task-2,2,F3,0.1,1,0.25,Right,0.6796875,134.870873010619,146.415750133781,104.805379720326
VisualCogA_Task-2,2,F3,0.1,1,0.25,Right,0.68359375,134.656955053668,146.321635055789,104.328673024295
VisualCogA_Task-2,2,F3,0.1,1,0.25,Right,0.6875,134.248134602595,146.177422101165,103.712710313533
VisualCogA_Task-2,2,F3,0.1,1,0.25,Right,0.69140625,133.669365877692,145.986404749654,103.00295782433
VisualCogA_Task-2,2,F3,0.1,1,0.25,Right,0.6953125,132.951666511552,145.743005541411,102.238067075301
VisualCogA_Task-2,2,F3,0.1,1,0.25,Right,0.69921875,132.129249984095,145.446726421903,101.446512646957
VisualCogA_Task-2,2,F3,0.1,1,0.25,Right,0.703125,131.237865600393,145.105917839002,100.651942819808
VisualCogA_Task-2,2,F3,0.1,1,0.25,Right,0.70703125,130.314101532458,144.733833856537,99.8809781631932
VisualCogA_Task-2,2,F3,0.1,1,0.25,Right,0.7109375,129.395032427015,144.333662053758,99.1622190516925
VisualCogA_Task-2,2,F3,0.1,1,0.25,Right,0.71484375,128.517513500243,143.910637554545,98.5245504676195
VisualCogA_Task-2,2,F3,0.1,1,0.25,Right,0.71875,127.716643018677,143.492524083085,97.9903479652713
VisualCogA_Task-2,2,F3,0.1,1,0.25,Right,0.72265625,127.023334621257,143.116272929822,97.5755487773732
VisualCogA_Task-2,2,F3,0.1,1,0.25,Right,0.7265625,126.461397992879,142.812247024692,97.292389125073
VisualCogA_Task-2,2,F3,0.1,1,0.25,Right,0.73046875,126.044857161333,142.59440586806,97.1298117337538
VisualCogA_Task-2,2,F3,0.1,1,0.25,Right,0.734375,125.776330523851,142.46166288971,97.0425873521566
VisualCogA_Task-2,2,F3,0.1,1,0.25,Right,0.73828125,125.647131325523,142.395962087156,96.9515655617149
VisualCogA_Task-2,2,F3,0.1,1,0.25,Right,0.7421875,125.639378910466,142.349317972176,96.7706218829219
VisualCogA_Task-2,2,F3,0.1,1,0.25,Right,0.74609375,125.729945408287,142.278740119731,96.4533567003314
VisualCogA_Task-2,2,F3,0.1,1,0.25,Right,0.75,125.895611957021,142.164838119898,96.0206273454028
VisualCogA_Task-2,2,F3,0.1,1,0.25,Right,0.75390625,126.11846319625,142.032608252126,95.5505448206424
VisualCogA_Task-2,2,F3,0.1,1,0.25,Right,0.7578125,126.390370816076,141.936612443677,95.1475777124639
VisualCogA_Task-2,2,F3,0.1,1,0.25,Right,0.76171875,126.715450673795,141.937856674486,94.90059412904
VisualCogA_Task-2,2,F3,0.1,1,0.25,Right,0.765625,127.109656509749,142.082106513417,94.8693939340706
VisualCogA_Task-2,2,F3,0.1,1,0.25,Right,0.76953125,127.597207371462,142.386543002131,95.0826528116009
VisualCogA_Task-2,2,F3,0.1,1,0.25,Right,0.7734375,128.20429464368,142.838453875344,95.546195637565
VisualCogA_Task-2,2,F3,0.1,1,0.25,Right,0.77734375,128.951354262306,143.406462067564,96.247529578831
VisualCogA_Task-2,2,F3,0.1,1,0.25,Right,0.78125,129.845903066815,144.059474049195,97.1689277142925
VisualCogA_Task-2,2,F3,0.1,1,0.25,Right,0.78515625,130.878244023598,144.7731024314,98.2780993271812
VisualCogA_Task-2,2,F3,0.1,1,0.25,Right,0.7890625,132.021972680418,145.537623163372,99.5360396608338
VisualCogA_Task-2,2,F3,0.1,1,0.25,Right,0.79296875,133.240014257744,146.350322274304,100.897667680475
VisualCogA_Task-2,2,F3,0.1,1,0.25,Right,0.796875,134.494957329534,147.182547904503,102.311686800978
VisualCogA_Task-2,2,F3,0.1,1,0.25,Right,0.80078125,135.760071005166,148.014392046495,103.737731316594
VisualCogA_Task-2,2,F3,0.1,1,0.25,Delta,-0.19921875,-4.07476294055997,-3.49082911748395,-1.22423247034396
VisualCogA_Task-2,2,F3,0.1,1,0.25,Delta,-0.1953125,-4.51874213466323,-4.03439558971524,-1.84881021509405
VisualCogA_Task-2,2,F3,0.1,1,0.25,Delta,-0.19140625,-4.9283726008333,-4.53852376953148,-2.42986276453954
VisualCogA_Task-2,2,F3,0.1,1,0.25,Delta,-0.1875,-5.24383251285187,-4.92865335961595,-2.89239688046074
VisualCogA_Task-2,2,F3,0.1,1,0.25,Delta,-0.18359375,-5.39760295837755,-5.11849825578098,-3.15053860342164
VisualCogA_Task-2,2,F3,0.1,1,0.25,Delta,-0.1796875,-5.33540378646374,-5.04592396616091,-3.14819872344712
VisualCogA_Task-2,2,F3,0.1,1,0.25,Delta,-0.17578125,-5.03447689122255,-4.69351468607081,-2.88389883392067
VisualCogA_Task-2,2,F3,0.1,1,0.25,Delta,-0.171875,-4.51434330687556,-4.09457056336606,-2.40267032009853
VisualCogA_Task-2,2,F3,0.1,1,0.25,Delta,-0.16796875,-3.83717520945512,-3.33550836185685,-1.79082572131917
VisualCogA_Task-2,2,F3,0.1,1,0.25,Delta,-0.1640625,-3.09763909096432,-2.5590101664332,-1.15705485389764
VisualCogA_Task-2,2,F3,0.1,1,0.25,Delta,-0.16015625,-2.40476392218844,-1.90602475276148,-0.628775208115463
VisualCogA_Task-2,2,F3,0.1,1,0.25,Delta,-0.15625,-1.86029096934996,-1.48701702201071,-0.313972729394754
VisualCogA_Task-2,2,F3,0.1,1,0.25,Delta,-0.15234375,-1.53856049520986,-1.34728454203974,-0.275421430101048
VisualCogA_Task-2,2,F3,0.1,1,0.25,Delta,-0.1484375,-1.47224605527028,-1.45700412964794,-0.51080744454325
VisualCogA_Task-2,2,F3,0.1,1,0.25,Delta,-0.14453125,-1.64656719934617,-1.76833803577826,-0.963755546891379
VisualCogA_Task-2,2,F3,0.1,1,0.25,Delta,-0.140625,-2.00262094541137,-2.22066201455372,-1.55370732621599
VisualCogA_Task-2,2,F3,0.1,1,0.25,Delta,-0.13671875,-2.44871818997647,-2.73929206277289,-2.19790229483418
VisualCogA_Task-2,2,F3,0.1,1,0.25,Delta,-0.1328125,-2.87736906552567,-3.22898400629522,-2.794033161324
VisualCogA_Task-2,2,F3,0.1,1,0.25,Delta,-0.12890625,-3.18483669110199,-3.59077883913651,-3.24151660129738
VisualCogA_Task-2,2,F3,0.1,1,0.25,Delta,-0.125,-3.28986451646931,-3.74945907465452,-3.46559247017009
VisualCogA_Task-2,2,F3,0.1,1,0.25,Delta,-0.12109375,-3.14823814780152,-3.66424098527171,-3.42816122040021
VisualCogA_Task-2,2,F3,0.1,1,0.25,Delta,-0.1171875,-2.7603570559902,-3.34695123157021,-3.14678319404658
VisualCogA_Task-2,2,F3,0.1,1,0.25,Delta,-0.11328125,-2.17008406970831,-2.8627712090092,-2.69443045130428
VisualCogA_Task-2,2,F3,0.1,1,0.25,Delta,-0.109375,-1.45478617128803,-2.30556409914111,-2.16829052759274
VisualCogA_Task-2,2,F3,0.1,1,0.25,Delta,-0.10546875,-0.708405060696454,-1.77865142629315,-1.67477932696646
VisualCogA_Task-2,2,F3,0.1,1,0.25,Delta,-0.1015625,-0.0211242037284047,-1.36996988291242,-1.30334832933446
VisualCogA_Task-2,2,F3,0.1,1,0.25,Delta,-0.09765625,0.53978414271275,-1.13553670347127,-1.11130624462365
VisualCogA_Task-2,2,F3,0.1,1,0.25,Delta,-0.09375,0.943412663868598,-1.09233019623426,-1.11731294145292
VisualCogA_Task-2,2,F3,0.1,1,0.25,Delta,-0.08984375,1.19969267718771,-1.20702312885624,-1.28979486503146
VisualCogA_Task-2,2,F3,0.1,1,0.25,Delta,-0.0859375,1.35378417901646,-1.39346466928417,-1.54699244889906
VisualCogA_Task-2,2,F3,0.1,1,0.25,Delta,-0.08203125,1.47186254327527,-1.54050778561273,-1.7773560098262
VisualCogA_Task-2,2,F3,0.1,1,0.25,Delta,-0.078125,1.62206620549939,-1.53911767789919,-1.86425400239327
VisualCogA_Task-2,2,F3,0.1,1,0.25,Delta,-0.07421875,1.85567396375527,-1.28785124329274,-1.68770486576796
VisualCogA_Task-2,2,F3,0.1,1,0.25,Delta,-0.0703125,2.19348157193666,-0.72370792622709,-1.16447608449719
VisualCogA_Task-2,2,F3,0.1,1,0.25,Delta,-0.06640625,2.62084736020873,0.150376284301571,-0.291491688227395
VisualCogA_Task-2,2,F3,0.1,1,0.25,Delta,-0.0625,3.09242581771844,1.2538899772703,0.840629372116983
VisualCogA_Task-2,2,F3,0.1,1,0.25,Delta,-0.05859375,3.54495242517383,2.45122057858232,2.07104100368858
VisualCogA_Task-2,2,F3,0.1,1,0.25,Delta,-0.0546875,3.91436140345973,3.60325928622507,3.23520370330772
VisualCogA_Task-2,2,F3,0.1,1,0.25,Delta,-0.05078125,4.15256611430371,4.61066914857012,4.19992778053602
VisualCogA_Task-2,2,F3,0.1,1,0.25,Delta,-0.046875,4.23959224687305,5.40720996186801,4.88917298755197
VisualCogA_Task-2,2,F3,0.1,1,0.25,Delta,-0.04296875,4.18822515629412,5.95345231126318,5.29271855138095
VisualCogA_Task-2,2,F3,0.1,1,0.25,Delta,-0.0390625,4.04043129766673,6.25053401063039,5.44270674372195
VisualCogA_Task-2,2,F3,0.1,1,0.25,Delta,-0.03515625,3.85694060743011,6.33066867150851,5.39961291545838
VisualCogA_Task-2,2,F3,0.1,1,0.25,Delta,-0.03125,3.70299382513034,6.26046390329353,5.23982596359515
VisualCogA_Task-2,2,F3,0.1,1,0.25,Delta,-0.02734375,3.63402037289421,6.13265568222215,5.03619136574248
VisualCogA_Task-2,2,F3,0.1,1,0.25,Delta,-0.0234375,3.68481481921171,6.02901839927985,4.84661870105384
VisualCogA_Task-2,2,F3,0.1,1,0.25,Delta,-0.01953125,3.86473600711406,6.01509393550022,4.72043107862101
VisualCogA_Task-2,2,F3,0.1,1,0.25,Delta,-0.015625,4.15983443167316,6.1291006378199,4.70355130590828
VisualCogA_Task-2,2,F3,0.1,1,0.25,Delta,-0.01171875,4.54099807328442,6.38580126566189,4.82891987878899
VisualCogA_Task-2,2,F3,0.1,1,0.25,Delta,-0.0078125,4.97562615836969,6.78471900981553,5.11390884028065
VisualCogA_Task-2,2,F3,0.1,1,0.25,Delta,-0.00390625,5.43940039372384,7.31176145861957,5.55028482805416
VisualCogA_Task-2,2,F3,0.1,1,0.25,Delta,0,5.92469284197804,7.94286597473431,6.11701438321062
VisualCogA_Task-2,2,F3,0.1,1,0.25,Delta,0.00390625,6.44305848092792,8.65528921950068,6.78997838152876
VisualCogA_Task-2,2,F3,0.1,1,0.25,Delta,0.0078125,7.02087187969611,9.42231128237802,7.54936430274755
VisualCogA_Task-2,2,F3,0.1,1,0.25,Delta,0.01171875,7.68905085473976,10.2131965709051,8.36138428711912
VisualCogA_Task-2,2,F3,0.1,1,0.25,Delta,0.015625,8.46947642246681,10.9894184459492,9.17609357332558
VisualCogA_Task-2,2,F3,0.1,1,0.25,Delta,0.01953125,9.36175163810053,11.7004523070096,9.92176123085858
VisualCogA_Task-2,2,F3,0.1,1,0.25,Delta,0.0234375,10.3340849483038,12.2960148627073,10.5147903041797
VisualCogA_Task-2,2,F3,0.1,1,0.25,Delta,0.02734375,11.3212795266731,12.7301334666561,10.8853543385745
VisualCogA_Task-2,2,F3,0.1,1,0.25,Delta,0.03125,12.231211412492,12.9582519296739,10.9810890109144
VisualCogA_Task-2,2,F3,0.1,1,0.25,Delta,0.03515625,12.9591279299621,12.941204933125,10.7672682458077
VisualCogA_Task-2,2,F3,0.1,1,0.25,Delta,0.0390625,13.4070652003362,12.6465631987372,10.236335747252
VisualCogA_Task-2,2,F3,0.1,1,0.25,Delta,0.04296875,13.5041749301955,12.0580745460143,9.40759899810047
VisualCogA_Task-2,2,F3,0.1,1,0.25,Delta,0.046875,13.2231930568116,11.175640885462,8.32733905001863
VisualCogA_Task-2,2,F3,0.1,1,0.25,Delta,0.05078125,12.5889131396635,10.0173983096972,7.06018486822579
VisualCogA_Task-2,2,F3,0.1,1,0.25,Delta,0.0546875,11.6762938608168,8.65184316995775,5.69811197808158
VisualCogA_Task-2,2,F3,0.1,1,0.25,Delta,0.05859375,10.5983414107765,7.19741449679559,4.32654569117588
VisualCogA_Task-2,2,F3,0.1,1,0.25,Delta,0.0625,9.48648892967832,5.79855086873373,3.03706539664142
VisualCogA_Task-2,2,F3,0.1,1,0.25,Delta,0.06640625,8.46807942896326,4.60483302669456,1.92683073385031
VisualCogA_Task-2,2,F3,0.1,1,0.25,Delta,0.0703125,7.64616019573912,3.72386168799479,1.08288961394546
VisualCogA_Task-2,2,F3,0.1,1,0.25,Delta,0.07421875,7.08594561676465,3.19934262990851,0.562630883837677
VisualCogA_Task-2,2,F3,0.1,1,0.25,Delta,0.078125,6.81032187861495,3.01604340006168,0.370476100347237
VisualCogA_Task-2,2,F3,0.1,1,0.25,Delta,0.08203125,6.80432988208272,3.11789820400816,0.454112330560566
VisualCogA_Task-2,2,F3,0.1,1,0.25,Delta,0.0859375,7.02642973900346,3.42791663123127,0.734210612147129
VisualCogA_Task-2,2,F3,0.1,1,0.25,Delta,0.08984375,7.42307049949323,3.86169807364897,1.12837320680539
VisualCogA_Task-2,2,F3,0.1,1,0.25,Delta,0.09375,7.94284873236513,4.35047517169364,1.57520160367273
VisualCogA_Task-2,2,F3,0.1,1,0.25,Delta,0.09765625,8.54719489707627,4.85620339342686,2.05226515577534
VisualCogA_Task-2,2,F3,0.1,1,0.25,Delta,0.1015625,9.21575116358157,5.39742296036982,2.58501796167117
VisualCogA_Task-2,2,F3,0.1,1,0.25,Delta,0.10546875,9.94603517998603,6.0317688270199,3.23107716703112
VisualCogA_Task-2,2,F3,0.1,1,0.25,Delta,0.109375,10.7482918033893,6.82947889687301,4.05959755709699
VisualCogA_Task-2,2,F3,0.1,1,0.25,Delta,0.11328125,11.6373506981832,7.85390708263042,5.1180581312921
VisualCogA_Task-2,2,F3,0.1,1,0.25,Delta,0.1171875,12.6236706279258,9.1460311877157,6.4092498192035
VisualCogA_Task-2,2,F3,0.1,1,0.25,Delta,0.12109375,13.7055720480804,10.6904072848221,7.88257089864419
VisualCogA_Task-2,2,F3,0.1,1,0.25,Delta,0.125,14.8641334196053,12.3985016475533,9.46121873538748
VisualCogA_Task-2,2,F3,0.1,1,0.25,Delta,0.12890625,16.0616311585585,14.1528581981286,11.0641445925641
VisualCogA_Task-2,2,F3,0.1,1,0.25,Delta,0.1328125,17.2439197398274,15.8374009865984,12.6047120397935
VisualCogA_Task-2,2,F3,0.1,1,0.25,Delta,0.13671875,18.3467387403341,17.3497515941328,13.9974353293375
VisualCogA_Task-2,2,F3,0.1,1,0.25,Delta,0.140625,19.3053947393237,18.6005503439839,15.1606586669329
VisualCogA_Task-2,2,F3,0.1,1,0.25,Delta,0.14453125,20.0664564722191,19.5213142767572,16.0324568511967
VisualCogA_Task-2,2,F3,0.1,1,0.25,Delta,0.1484375,20.5991653175621,20.0816128647834,16.5746786670521
VisualCogA_Task-2,2,F3,0.1,1,0.25,Delta,0.15234375,20.9036450480842,20.3084238704199,16.8004651063627
VisualCogA_Task-2,2,F3,0.1,1,0.25,Delta,0.15625,21.0131956513378,20.2791022473311,16.7742147462451
VisualCogA_Task-2,2,F3,0.1,1,0.25,Delta,0.16015625,20.9891915999832,20.1151304876319,16.5987500625587
VisualCogA_Task-2,2,F3,0.1,1,0.25,Delta,0.1640625,20.9091151242985,19.952227076991,16.3825658880147
VisualCogA_Task-2,2,F3,0.1,1,0.25,Delta,0.16796875,20.8503890507154,19.9070161658931,16.2351168175216
VisualCogA_Task-2,2,F3,0.1,1,0.25,Delta,0.171875,20.8741768770785,20.0661969631499,16.2449769193363
VisualCogA_Task-2,2,F3,0.1,1,0.25,Delta,0.17578125,21.0136359077418,20.4650647211109,16.4628699135523
VisualCogA_Task-2,2,F3,0.1,1,0.25,Delta,0.1796875,21.2700674541011,21.080179114372,16.8771248494879
VisualCogA_Task-2,2,F3,0.1,1,0.25,Delta,0.18359375,21.6182368377778,21.8142563403837,17.4221753187411
VisualCogA_Task-2,2,F3,0.1,1,0.25,Delta,0.1875,22.019404632874,22.5453049601848,17.9967776041454
VisualCogA_Task-2,2,F3,0.1,1,0.25,Delta,0.19140625,22.4381136719453,23.1787539187843,18.5178585285642
VisualCogA_Task-2,2,F3,0.1,1,0.25,Delta,0.1953125,22.857353411125,23.6832069994189,18.9539241407296
VisualCogA_Task-2,2,F3,0.1,1,0.25,Delta,0.19921875,23.2869871311528,24.099532685314,19.3200842815945
VisualCogA_Task-2,2,F3,0.1,1,0.25,Delta,0.203125,23.7623664959936,24.5027098511575,19.6676549988009
VisualCogA_Task-2,2,F3,0.1,1,0.25,Delta,0.20703125,24.3332813438054,24.9628618140508,20.0788342359531
VisualCogA_Task-2,2,F3,0.1,1,0.25,Delta,0.2109375,25.0466718450732,25.5076087753606,20.6040480931125
VisualCogA_Task-2,2,F3,0.1,1,0.25,Delta,0.21484375,25.928636712811,26.1215999689764,21.2422232195977
VisualCogA_Task-2,2,F3,0.1,1,0.25,Delta,0.21875,26.9714191744655,26.7561013967363,21.9493285069738
VisualCogA_Task-2,2,F3,0.1,1,0.25,Delta,0.22265625,28.1292633277588,27.345549819042,22.6614696703441
VisualCogA_Task-2,2,F3,0.1,1,0.25,Delta,0.2265625,29.3241088729914,27.8277971720844,23.3148003809261
VisualCogA_Task-2,2,F3,0.1,1,0.25,Delta,0.23046875,30.4591976802783,28.1794388598943,23.8626435217629
VisualCogA_Task-2,2,F3,0.1,1,0.25,Delta,0.234375,31.4367652884985,28.4400120511681,24.2678242790665
VisualCogA_Task-2,2,F3,0.1,1,0.25,Delta,0.23828125,32.1754609074787,28.662129149564,24.5105638967035
VisualCogA_Task-2,2,F3,0.1,1,0.25,Delta,0.2421875,32.6237586354292,28.8534892877026,24.5833285611446
VisualCogA_Task-2,2,F3,0.1,1,0.25,Delta,0.24609375,32.7668699628709,28.9834099961792,24.4941650543276
VisualCogA_Task-2,2,F3,0.1,1,0.25,Delta,0.25,32.6260895293363,29.0156083490369,24.2583618037098
VisualCogA_Task-2,2,F3,0.1,1,0.25,Delta,0.25390625,32.2509024785115,28.9306634179978,23.8945991385214
VisualCogA_Task-2,2,F3,0.1,1,0.25,Delta,0.2578125,31.705534665857,28.7219209070329,23.4355311625336
VisualCogA_Task-2,2,F3,0.1,1,0.25,Delta,0.26171875,31.0528813772454,28.3872418070057,22.9079844366582
VisualCogA_Task-2,2,F3,0.1,1,0.25,Delta,0.265625,30.3396499622443,27.9235282274024,22.3109113419469
VisualCogA_Task-2,2,F3,0.1,1,0.25,Delta,0.26953125,29.5866776598597,27.3198956636872,21.6158544044587
VisualCogA_Task-2,2,F3,0.1,1,0.25,Delta,0.2734375,28.7873910666191,26.5553767085577,20.7780999238857
VisualCogA_Task-2,2,F3,0.1,1,0.25,Delta,0.27734375,27.9152704168596,25.6068900553932,19.7717630540809
VisualCogA_Task-2,2,F3,0.1,1,0.25,Delta,0.28125,26.9384871237072,24.4590279774134,18.5792958725058
VisualCogA_Task-2,2,F3,0.1,1,0.25,Delta,0.28515625,25.8374999699309,23.1135824149906,17.1955451606333
VisualCogA_Task-2,2,F3,0.1,1,0.25,Delta,0.2890625,24.6202517006597,21.6056674185692,15.6491956013496
VisualCogA_Task-2,2,F3,0.1,1,0.25,Delta,0.29296875,23.3302200052867,20.0097420683973,14.0081604212367
VisualCogA_Task-2,2,F3,0.1,1,0.25,Delta,0.296875,22.0447732184868,18.4319416763114,12.367290930705
VisualCogA_Task-2,2,F3,0.1,1,0.25,Delta,0.30078125,20.8642497823811,16.9914606873688,10.8440747354488
VisualCogA_Task-2,2,F3,0.1,1,0.25,Delta,0.3046875,19.8948332514942,15.8036336744462,9.55425590936709
VisualCogA_Task-2,2,F3,0.1,1,0.25,Delta,0.30859375,19.2297524961225,14.9641289364293,8.59965124295422
VisualCogA_Task-2,2,F3,0.1,1,0.25,Delta,0.3125,18.9332781921199,14.5384692976442,8.04980242022291
VisualCogA_Task-2,2,F3,0.1,1,0.25,Delta,0.31640625,19.0306924537784,14.5633217418506,7.93382679401485
VisualCogA_Task-2,2,F3,0.1,1,0.25,Delta,0.3203125,19.5055306520525,15.0334381634878,8.24142640652156
VisualCogA_Task-2,2,F3,0.1,1,0.25,Delta,0.32421875,20.3036202280014,15.893914065802,8.93302691238211
VisualCogA_Task-2,2,F3,0.1,1,0.25,Delta,0.328125,21.3422308634993,17.0548001467046,9.95289840824316
VisualCogA_Task-2,2,F3,0.1,1,0.25,Delta,0.33203125,22.5221382829064,18.4019154587691,11.2286275444318
VisualCogA_Task-2,2,F3,0.1,1,0.25,Delta,0.3359375,23.7404567746054,19.8132148247925,12.6568439547622
VisualCogA_Task-2,2,F3,0.1,1,0.25,Delta,0.33984375,24.902460294999,21.1690104983977,14.1045035420704
VisualCogA_Task-2,2,F3,0.1,1,0.25,Delta,0.34375,25.9310677312847,22.3752662070554,15.4380749304362
VisualCogA_Task-2,2,F3,0.1,1,0.25,Delta,0.34765625,26.7731069570824,23.3723142642837,16.5635764352873
VisualCogA_Task-2,2,F3,0.1,1,0.25,Delta,0.3515625,27.4018929033873,24.1306555706895,17.4201972453703
VisualCogA_Task-2,2,F3,0.1,1,0.25,Delta,0.35546875,27.8161010187178,24.6563543790657,17.9846527226973
VisualCogA_Task-2,2,F3,0.1,1,0.25,Delta,0.359375,28.0354170213648,24.9864259238653,18.278792550134
VisualCogA_Task-2,2,F3,0.1,1,0.25,Delta,0.36328125,28.0939672035395,25.1704934617318,18.3552794444498
VisualCogA_Task-2,2,F3,0.1,1,0.25,Delta,0.3671875,28.0329744427219,25.2576078470845,18.2892478951535
VisualCogA_Task-2,2,F3,0.1,1,0.25,Delta,0.37109375,27.8942716523326,25.296658607428,18.1561299497233
VisualCogA_Task-2,2,F3,0.1,1,0.25,Delta,0.375,27.716061547499,25.3243530467414,18.0116976242306
VisualCogA_Task-2,2,F3,0.1,1,0.25,Delta,0.37890625,27.5315732256562,25.3627299713354,17.8925495751508
VisualCogA_Task-2,2,F3,0.1,1,0.25,Delta,0.3828125,27.3701836627924,25.4151407654267,17.8152538510633
VisualCogA_Task-2,2,F3,0.1,1,0.25,Delta,0.38671875,27.2595303578436,25.4849463315462,17.7724544139388
VisualCogA_Task-2,2,F3,0.1,1,0.25,Delta,0.390625,27.2266231465075,25.5745023756682,17.7536561138732
VisualCogA_Task-2,2,F3,0.1,1,0.25,Delta,0.39453125,27.2963080090687,25.6924972308022,17.7699375533319
VisualCogA_Task-2,2,F3,0.1,1,0.25,Delta,0.3984375,27.4866239080895,25.8569041393736,17.8447891563517
VisualCogA_Task-2,2,F3,0.1,1,0.25,Delta,0.40234375,27.8021972917195,26.0905375375908,18.0147472212089
VisualCogA_Task-2,2,F3,0.1,1,0.25,Delta,0.40625,28.2281612357614,26.4095680693835,18.3086959440753
VisualCogA_Task-2,2,F3,0.1,1,0.25,Delta,0.41015625,28.7275338427409,26.8149696547177,18.7302960583677
VisualCogA_Task-2,2,F3,0.1,1,0.25,Delta,0.4140625,29.2442364969496,27.2964470813802,19.2568014694597
VisualCogA_Task-2,2,F3,0.1,1,0.25,Delta,0.41796875,29.7121481321299,27.8276058952699,19.8383818363857
VisualCogA_Task-2,2,F3,0.1,1,0.25,Delta,0.421875,30.0683888251299,28.3542022255279,20.3929115684089
VisualCogA_Task-2,2,F3,0.1,1,0.25,Delta,0.42578125,30.2672428606749,28.795656891364,20.8195538653174
VisualCogA_Task-2,2,F3,0.1,1,0.25,Delta,0.4296875,30.290510330569,29.068394375306,21.0442641082565
VisualCogA_Task-2,2,F3,0.1,1,0.25,Delta,0.43359375,30.1509520704507,29.1160009345964,21.0022543431411
VisualCogA_Task-2,2,F3,0.1,1,0.25,Delta,0.4375,29.8876236430017,28.9299792374962,20.6929302875308
VisualCogA_Task-2,2,F3,0.1,1,0.25,Delta,0.44140625,29.5545271269083,28.5696630450364,20.1694131411415
VisualCogA_Task-2,2,F3,0.1,1,0.25,Delta,0.4453125,29.2061673744152,28.1381722112599,19.5289186294239
VisualCogA_Task-2,2,F3,0.1,1,0.25,Delta,0.44921875,28.8844719141022,27.7284368557587,18.8688933823488
VisualCogA_Task-2,2,F3,0.1,1,0.25,Delta,0.453125,28.6108081027112,27.3878255767821,18.257238886227
VisualCogA_Task-2,2,F3,0.1,1,0.25,Delta,0.45703125,28.384823731231,27.1134923441768,17.7209153021874
VisualCogA_Task-2,2,F3,0.1,1,0.25,Delta,0.4609375,28.1893647118118,26.8748607259831,17.251118179551
VisualCogA_Task-2,2,F3,0.1,1,0.25,Delta,0.46484375,27.9987583591089,26.6249702498197,16.8130580659551
VisualCogA_Task-2,2,F3,0.1,1,0.25,Delta,0.46875,27.7870092015288,26.3114188818312,16.3593200457885
VisualCogA_Task-2,2,F3,0.1,1,0.25,Delta,0.47265625,27.5331079609232,25.8891713713733,15.8449740864628
VisualCogA_Task-2,2,F3,0.1,1,0.25,Delta,0.4765625,27.2223018528738,25.332456256417,15.24703382935
VisualCogA_Task-2,2,F3,0.1,1,0.25,Delta,0.48046875,26.8440655345937,24.6405917047616,14.577564058402
VisualCogA_Task-2,2,F3,0.1,1,0.25,Delta,0.484375,26.3888904688054,23.8311597668155,13.8766747522295
VisualCogA_Task-2,2,F3,0.1,1,0.25,Delta,0.48828125,25.8464005425052,22.9317657130935,13.1549985346142
VisualCogA_Task-2,2,F3,0.1,1,0.25,Delta,0.4921875,25.2066320400924,21.9801537118537,12.409904332208
VisualCogA_Task-2,2,F3,0.1,1,0.25,Delta,0.49609375,24.4648776317428,21.0117707326531,11.6361480740596
VisualCogA_Task-2,2,F3,0.1,1,0.25,Delta,0.5,23.6288042275578,20.0439994500972,10.8186976363912
VisualCogA_Task-2,2,F3,0.1,1,0.25,Delta,0.50390625,22.7252001636748,19.0896370441742,9.94739536930647
VisualCogA_Task-2,2,F3,0.1,1,0.25,Delta,0.5078125,21.8031992993093,18.1901004344581,9.04716466583474
VisualCogA_Task-2,2,F3,0.1,1,0.25,Delta,0.51171875,20.9314641064654,17.4092916253441,8.18504820823251
VisualCogA_Task-2,2,F3,0.1,1,0.25,Delta,0.515625,20.1885358655299,16.8091911141303,7.44503575957751
VisualCogA_Task-2,2,F3,0.1,1,0.25,Delta,0.51953125,19.6479098446888,16.4547405684267,6.90463449137714
VisualCogA_Task-2,2,F3,0.1,1,0.25,Delta,0.5234375,19.3615637894394,16.4026413511509,6.62012694492768
VisualCogA_Task-2,2,F3,0.1,1,0.25,Delta,0.52734375,19.3467951259455,16.67223857567,6.63204165155044
VisualCogA_Task-2,2,F3,0.1,1,0.25,Delta,0.53125,19.5807547757934,17.2360950999269,6.94983380502342
VisualCogA_Task-2,2,F3,0.1,1,0.25,Delta,0.53515625,20.005039398622,18.0407913167884,7.53508704329148
VisualCogA_Task-2,2,F3,0.1,1,0.25,Delta,0.5390625,20.5397538019206,19.0108821408775,8.31014967445412
VisualCogA_Task-2,2,F3,0.1,1,0.25,Delta,0.54296875,21.1035583018546,20.0509414197761,9.19364962204104
VisualCogA_Task-2,2,F3,0.1,1,0.25,Delta,0.546875,21.6343140582698,21.0600844743924,10.1060701447829
VisualCogA_Task-2,2,F3,0.1,1,0.25,Delta,0.55078125,22.10462118301,21.9488155715754,10.976191196808
VisualCogA_Task-2,2,F3,0.1,1,0.25,Delta,0.5546875,22.5278910542586,22.6569793321176,11.765117207875
VisualCogA_Task-2,2,F3,0.1,1,0.25,Delta,0.55859375,22.9531986738374,23.1770335269716,12.4814350988119
VisualCogA_Task-2,2,F3,0.1,1,0.25,Delta,0.5625,23.4502689534123,23.5740354993009,13.1781488509692
VisualCogA_Task-2,2,F3,0.1,1,0.25,Delta,0.56640625,24.0886733152816,23.9871155136257,13.9322650134453
VisualCogA_Task-2,2,F3,0.1,1,0.25,Delta,0.5703125,24.9168676698825,24.5700445419867,14.8069699975871
VisualCogA_Task-2,2,F3,0.1,1,0.25,Delta,0.57421875,25.946640143529,25.4158379225027,15.8207287236298
VisualCogA_Task-2,2,F3,0.1,1,0.25,Delta,0.578125,27.1468878267093,26.5323162966101,16.9536462607814
VisualCogA_Task-2,2,F3,0.1,1,0.25,Delta,0.58203125,28.4479278792892,27.8418364018496,18.1387659391983
VisualCogA_Task-2,2,F3,0.1,1,0.25,Delta,0.5859375,29.7546290713955,29.2164186246921,19.280640229044
VisualCogA_Task-2,2,F3,0.1,1,0.25,Delta,0.58984375,30.9644402456607,30.5137409544986,20.2676169019614
VisualCogA_Task-2,2,F3,0.1,1,0.25,Delta,0.59375,31.9855442029373,31.616965602415,21.0078558929939
VisualCogA_Task-2,2,F3,0.1,1,0.25,Delta,0.59765625,32.7510369205957,32.4510094502523,21.4546058273945
VisualCogA_Task-2,2,F3,0.1,1,0.25,Delta,0.6015625,33.2268388856504,32.9902734624975,21.6163336842282
VisualCogA_Task-2,2,F3,0.1,1,0.25,Delta,0.60546875,33.4132210653534,33.2418357186474,21.5325166952037
VisualCogA_Task-2,2,F3,0.1,1,0.25,Delta,0.609375,33.3415330693469,33.2372052207054,21.2504653256473
VisualCogA_Task-2,2,F3,0.1,1,0.25,Delta,0.61328125,33.0683874045296,33.0156096293451,20.819221275026
VisualCogA_Task-2,2,F3,0.1,1,0.25,Delta,0.6171875,32.6691176048627,32.5997114207671,20.2860042270606
VisualCogA_Task-2,2,F3,0.1,1,0.25,Delta,0.62109375,32.2312305007001,32.0016646018952,19.7018798544565
VisualCogA_Task-2,2,F3,0.1,1,0.25,Delta,0.625,31.8475147295414,31.2499169571673,19.1255058052316
VisualCogA_Task-2,2,F3,0.1,1,0.25,Delta,0.62890625,31.6080424128886,30.4356235470908,18.6385747293371
VisualCogA_Task-2,2,F3,0.1,1,0.25,Delta,0.6328125,31.5907059927413,29.6703440230052,18.3358387822617
VisualCogA_Task-2,2,F3,0.1,1,0.25,Delta,0.63671875,31.8509098720429,29.0904702504041,18.2798962253437
VisualCogA_Task-2,2,F3,0.1,1,0.25,Delta,0.640625,32.4120582586851,28.794333112952,18.4937252268895
VisualCogA_Task-2,2,F3,0.1,1,0.25,Delta,0.64453125,33.2590414958316,28.8353733451217,18.9660743850628
VisualCogA_Task-2,2,F3,0.1,1,0.25,Delta,0.6484375,34.3367647111281,29.2811254609425,19.6463970841815
VisualCogA_Task-2,2,F3,0.1,1,0.25,Delta,0.65234375,35.5549215931293,30.1096424253335,20.4663830020323
VisualCogA_Task-2,2,F3,0.1,1,0.25,Delta,0.65625,36.7989321608444,31.1614675822326,21.3515812319297
VisualCogA_Task-2,2,F3,0.1,1,0.25,Delta,0.66015625,37.9455578316484,32.2382308414782,22.2373897234647
VisualCogA_Task-2,2,F3,0.1,1,0.25,Delta,0.6640625,38.8805131744014,33.1948048947252,23.0448004550448
VisualCogA_Task-2,2,F3,0.1,1,0.25,Delta,0.66796875,39.5147292779697,33.9242322456972,23.6906153141722
VisualCogA_Task-2,2,F3,0.1,1,0.25,Delta,0.671875,39.7960425116896,34.3685648413688,24.1029706884542
VisualCogA_Task-2,2,F3,0.1,1,0.25,Delta,0.67578125,39.7140701682138,34.529534339519,24.2259709150134
VisualCogA_Task-2,2,F3,0.1,1,0.25,Delta,0.6796875,39.2976956805227,34.4392939826009,24.0301307698121
VisualCogA_Task-2,2,F3,0.1,1,0.25,Delta,0.68359375,38.6064292185762,34.1447840346285,23.5379048689267
VisualCogA_Task-2,2,F3,0.1,1,0.25,Delta,0.6875,37.718303466798,33.7063678953869,22.8098028208269
VisualCogA_Task-2,2,F3,0.1,1,0.25,Delta,0.69140625,36.7174234994982,33.1836330775554,21.9361373923392
VisualCogA_Task-2,2,F3,0.1,1,0.25,Delta,0.6953125,35.6837233488167,32.62704736013,21.0082306780561
VisualCogA_Task-2,2,F3,0.1,1,0.25,Delta,0.69921875,34.6862395236057,32.0861014318587,20.1138407449918
VisualCogA_Task-2,2,F3,0.1,1,0.25,Delta,0.703125,33.7798832672333,31.6146693084865,19.3290457396283
VisualCogA_Task-2,2,F3,0.1,1,0.25,Delta,0.70703125,33.0047954100459,31.2488402133169,18.7146738610257
VisualCogA_Task-2,2,F3,0.1,1,0.25,Delta,0.7109375,32.3871134429253,31.008456524247,18.3089007235195
VisualCogA_Task-2,2,F3,0.1,1,0.25,Delta,0.71484375,31.940250442244,30.9006859855461,18.1267726428652
VisualCogA_Task-2,2,F3,0.1,1,0.25,Delta,0.71875,31.6662722739737,30.9341617038927,18.1613938600409
VisualCogA_Task-2,2,F3,0.1,1,0.25,Delta,0.72265625,31.5573644699318,31.1108115021328,18.38377088438
VisualCogA_Task-2,2,F3,0.1,1,0.25,Delta,0.7265625,31.5975469440566,31.4117245454499,18.7611316619017
VisualCogA_Task-2,2,F3,0.1,1,0.25,Delta,0.73046875,31.7647349585315,31.7949732645392,19.2375497299908
VisualCogA_Task-2,2,F3,0.1,1,0.25,Delta,0.734375,32.0330809755275,32.2141112263752,19.7293781777498
VisualCogA_Task-2,2,F3,0.1,1,0.25,Delta,0.73828125,32.3754095989031,32.6188001670951,20.1341663192037
VisualCogA_Task-2,2,F3,0.1,1,0.25,Delta,0.7421875,32.7655676256432,32.9460266628475,20.3548111480773
VisualCogA_Task-2,2,F3,0.1,1,0.25,Delta,0.74609375,33.180645824049,33.16198483922,20.3501794371925
VisualCogA_Task-2,2,F3,0.1,1,0.25,Delta,0.75,33.6031861314874,33.2648881780333,20.1573327477424
VisualCogA_Task-2,2,F3,0.1,1,0.25,Delta,0.75390625,34.0235260593346,33.3017500505975,19.8774429288815
VisualCogA_Task-2,2,F3,0.1,1,0.25,Delta,0.7578125,34.4422569128853,33.3486686546501,19.6460952326853
VisualCogA_Task-2,2,F3,0.1,1,0.25,Delta,0.76171875,34.8724055168581,33.4818143873331,19.5834113289903
VisualCogA_Task-2,2,F3,0.1,1,0.25,Delta,0.765625,35.3405365546454,33.7501277921306,19.7641646704696
VisualCogA_Task-2,2,F3,0.1,1,0.25,Delta,0.76953125,35.8857305441163,34.1629835388546,20.212472698369
VisualCogA_Task-2,2,F3,0.1,1,0.25,Delta,0.7734375,36.5555215746978,34.7000437871371,20.9162462693721
VisualCogA_Task-2,2,F3,0.1,1,0.25,Delta,0.77734375,37.3984836206397,35.323397782021,21.8513955129313
VisualCogA_Task-2,2,F3,0.1,1,0.25,Delta,0.78125,38.4541858519056,35.9994070103271,23.0049521869468
VisualCogA_Task-2,2,F3,0.1,1,0.25,Delta,0.78515625,39.7424716724626,36.7207346050506,24.3646512838463
VisualCogA_Task-2,2,F3,0.1,1,0.25,Delta,0.7890625,41.2550818966986,37.5053360052219,25.9205344667086
VisualCogA_Task-2,2,F3,0.1,1,0.25,Delta,0.79296875,42.9531167057616,38.3770212687695,27.6460453623452
VisualCogA_Task-2,2,F3,0.1,1,0.25,Delta,0.796875,44.7733867103588,39.3156242621008,29.4832903899468
VisualCogA_Task-2,2,F3,0.1,1,0.25,Delta,0.80078125,46.6452380812016,40.2842439165796,31.3642506719463
VisualCogA_Task-2,2,F3,0.1,1,0.5,Left,-0.19921875,-1.87477696790434,-2.57602994456713,2.20377616021847
VisualCogA_Task-2,2,F3,0.1,1,0.5,Left,-0.1953125,-1.12580049795016,-1.99279712807293,2.65171634711174
VisualCogA_Task-2,2,F3,0.1,1,0.5,Left,-0.19140625,-0.428848621409135,-1.46529258292237,3.04854404889886
VisualCogA_Task-2,2,F3,0.1,1,0.5,Left,-0.1875,0.143012380778597,-1.06882689885628,3.31496617937765
VisualCogA_Task-2,2,F3,0.1,1,0.5,Left,-0.18359375,0.522000753283579,-0.872041276056109,3.37927808214754
VisualCogA_Task-2,2,F3,0.1,1,0.5,Left,-0.1796875,0.664974628208778,-0.90909333598732,3.20886727747859
VisualCogA_Task-2,2,F3,0.1,1,0.5,Left,-0.17578125,0.564556120714406,-1.16341950952903,2.82760529938023
VisualCogA_Task-2,2,F3,0.1,1,0.5,Left,-0.171875,0.251657424793448,-1.56949024389908,2.30334556617355
VisualCogA_Task-2,2,F3,0.1,1,0.5,Left,-0.16796875,-0.209947365156307,-2.03028654276204,1.72588486927918
VisualCogA_Task-2,2,F3,0.1,1,0.5,Left,-0.1640625,-0.735262591103639,-2.44210096052002,1.18607598962486
VisualCogA_Task-2,2,F3,0.1,1,0.5,Left,-0.16015625,-1.23324421216401,-2.7240892257895,0.756121496724954
VisualCogA_Task-2,2,F3,0.1,1,0.5,Left,-0.15625,-1.62235711033287,-2.83467677677836,0.481259330332552
VisualCogA_Task-2,2,F3,0.1,1,0.5,Left,-0.15234375,-1.84355671732093,-2.77259719792143,0.373430625525111
VisualCogA_Task-2,2,F3,0.1,1,0.5,Left,-0.1484375,-1.86854608744193,-2.56606713554141,0.409690260126093
VisualCogA_Task-2,2,F3,0.1,1,0.5,Left,-0.14453125,-1.70233201838414,-2.25666978381001,0.546874108112148
VisualCogA_Task-2,2,F3,0.1,1,0.5,Left,-0.140625,-1.38026958429264,-1.88662653859213,0.738795957126432
VisualCogA_Task-2,2,F3,0.1,1,0.5,Left,-0.13671875,-0.960639389487026,-1.49172615236196,0.942904690775247
VisualCogA_Task-2,2,F3,0.1,1,0.5,Left,-0.1328125,-0.514239341325403,-1.10766015680652,1.11652407964644
VisualCogA_Task-2,2,F3,0.1,1,0.5,Left,-0.12890625,-0.112597353969588,-0.770407997007752,1.22044894722531
VisualCogA_Task-2,2,F3,0.1,1,0.5,Left,-0.125,0.183579280529365,-0.50977410571184,1.22883499579341
VisualCogA_Task-2,2,F3,0.1,1,0.5,Left,-0.12109375,0.334089015915894,-0.345619897065448,1.13181439239081
VisualCogA_Task-2,2,F3,0.1,1,0.5,Left,-0.1171875,0.325468748007144,-0.275473463142181,0.939580948090659
VisualCogA_Task-2,2,F3,0.1,1,0.5,Left,-0.11328125,0.172471157663028,-0.277722914448516,0.678463127988732
VisualCogA_Task-2,2,F3,0.1,1,0.5,Left,-0.109375,-0.0858330163866781,-0.318176697566645,0.382609806829325
VisualCogA_Task-2,2,F3,0.1,1,0.5,Left,-0.10546875,-0.394882051531156,-0.360753713795249,0.0867334713315976
VisualCogA_Task-2,2,F3,0.1,1,0.5,Left,-0.1015625,-0.696712264562191,-0.375897316315725,-0.181949268564465
VisualCogA_Task-2,2,F3,0.1,1,0.5,Left,-0.09765625,-0.942624348574509,-0.345309425638432,-0.407589562821753
VisualCogA_Task-2,2,F3,0.1,1,0.5,Left,-0.09375,-1.10330126432822,-0.259397762836213,-0.583264025438757
VisualCogA_Task-2,2,F3,0.1,1,0.5,Left,-0.08984375,-1.17364456160309,-0.116722477149087,-0.707694242183006
VisualCogA_Task-2,2,F3,0.1,1,0.5,Left,-0.0859375,-1.17085777157325,0.0695585141343773,-0.787875089923154
VisualCogA_Task-2,2,F3,0.1,1,0.5,Left,-0.08203125,-1.12618051038233,0.272171955911384,-0.840230515539448
VisualCogA_Task-2,2,F3,0.1,1,0.5,Left,-0.078125,-1.07263425967675,0.463945585378804,-0.887536056862591
VisualCogA_Task-2,2,F3,0.1,1,0.5,Left,-0.07421875,-1.03251559111555,0.611632755913859,-0.968355344709546
VisualCogA_Task-2,2,F3,0.1,1,0.5,Left,-0.0703125,-1.00861290464658,0.689632939102338,-1.12329393989001
VisualCogA_Task-2,2,F3,0.1,1,0.5,Left,-0.06640625,-0.982043270645588,0.695821421041029,-1.3697248281775
VisualCogA_Task-2,2,F3,0.1,1,0.5,Left,-0.0625,-0.917512969741057,0.661379163092467,-1.68829733249365
VisualCogA_Task-2,2,F3,0.1,1,0.5,Left,-0.05859375,-0.774406466569995,0.640508568998661,-2.01735790257165
VisualCogA_Task-2,2,F3,0.1,1,0.5,Left,-0.0546875,-0.520237349834229,0.680988166486719,-2.28960768771227
VisualCogA_Task-2,2,F3,0.1,1,0.5,Left,-0.05078125,-0.142282237042771,0.804334400410002,-2.45450992070718
VisualCogA_Task-2,2,F3,0.1,1,0.5,Left,-0.046875,0.346135474834853,1.02148284476623,-2.49189852403114
VisualCogA_Task-2,2,F3,0.1,1,0.5,Left,-0.04296875,0.906515215759859,1.3528296795246,-2.4016318535268
VisualCogA_Task-2,2,F3,0.1,1,0.5,Left,-0.0390625,1.48280576278103,1.79568421505213,-2.20512332588609
VisualCogA_Task-2,2,F3,0.1,1,0.5,Left,-0.03515625,2.01344068255674,2.32384017929185,-1.94073335305287
VisualCogA_Task-2,2,F3,0.1,1,0.5,Left,-0.03125,2.44430896989097,2.88396569725861,-1.6652512468916
VisualCogA_Task-2,2,F3,0.1,1,0.5,Left,-0.02734375,2.73915585198429,3.40404872758325,-1.4340229653187
VisualCogA_Task-2,2,F3,0.1,1,0.5,Left,-0.0234375,2.88488429179881,3.82506185206288,-1.290385950737
VisualCogA_Task-2,2,F3,0.1,1,0.5,Left,-0.01953125,2.89083916002355,4.10608985764849,-1.26466902550713
VisualCogA_Task-2,2,F3,0.1,1,0.5,Left,-0.015625,2.78289423954002,4.23117884557759,-1.37695053035157
VisualCogA_Task-2,2,F3,0.1,1,0.5,Left,-0.01171875,2.59453468141755,4.20700899504188,-1.63085948672788
VisualCogA_Task-2,2,F3,0.1,1,0.5,Left,-0.0078125,2.35777856356821,4.05964096445247,-2.01664213937151
VisualCogA_Task-2,2,F3,0.1,1,0.5,Left,-0.00390625,2.0965655368444,3.8290224459083,-2.50369933536883
VisualCogA_Task-2,2,F3,0.1,1,0.5,Left,0,1.82425390838774,3.56309973474212,-3.04094674483448
VisualCogA_Task-2,2,F3,0.1,1,0.5,Left,0.00390625,1.545429574495,3.3096860482565,-3.57334970848561
VisualCogA_Task-2,2,F3,0.1,1,0.5,Left,0.0078125,1.26080505166506,3.11188639127888,-4.05940632805123
VisualCogA_Task-2,2,F3,0.1,1,0.5,Left,0.01171875,0.973042493428557,2.99463768859724,-4.46382584560112
VisualCogA_Task-2,2,F3,0.1,1,0.5,Left,0.015625,0.691181867750909,2.96544508286849,-4.7671166792749
VisualCogA_Task-2,2,F3,0.1,1,0.5,Left,0.01953125,0.432030620894767,3.02753442227867,-4.95866434927319
VisualCogA_Task-2,2,F3,0.1,1,0.5,Left,0.0234375,0.218112563170003,3.18143758774133,-5.02651400255999
VisualCogA_Task-2,2,F3,0.1,1,0.5,Left,0.02734375,0.0731070553792337,3.42801761958512,-4.96181210172432
VisualCogA_Task-2,2,F3,0.1,1,0.5,Left,0.03125,0.0166193969899243,3.76625722978312,-4.77299501927466
VisualCogA_Task-2,2,F3,0.1,1,0.5,Left,0.03515625,0.0602583484959669,4.18466667677693,-4.48702679894879
VisualCogA_Task-2,2,F3,0.1,1,0.5,Left,0.0390625,0.206328722078121,4.6592106927349,-4.14905050462358
VisualCogA_Task-2,2,F3,0.1,1,0.5,Left,0.04296875,0.449296839024154,5.16565489425546,-3.81613794746635
VisualCogA_Task-2,2,F3,0.1,1,0.5,Left,0.046875,0.779078830903223,5.69259744741144,-3.54058686606253
VisualCogA_Task-2,2,F3,0.1,1,0.5,Left,0.05078125,1.18460806879664,6.24573878686223,-3.34898135426233
VisualCogA_Task-2,2,F3,0.1,1,0.5,Left,0.0546875,1.65625443443026,6.82961089546348,-3.21738109638214
VisualCogA_Task-2,2,F3,0.1,1,0.5,Left,0.05859375,2.18635112299092,7.45288088713384,-3.10835238559422
VisualCogA_Task-2,2,F3,0.1,1,0.5,Left,0.0625,2.76796460806862,8.12658354965954,-2.97406206347248
VisualCogA_Task-2,2,F3,0.1,1,0.5,Left,0.06640625,3.39272838699615,8.85566611654476,-2.76761758052629
VisualCogA_Task-2,2,F3,0.1,1,0.5,Left,0.0703125,4.04881300163646,9.64632485553467,-2.46148279517148
VisualCogA_Task-2,2,F3,0.1,1,0.5,Left,0.07421875,4.71990867831065,10.4985339621374,-2.05322672083847
VisualCogA_Task-2,2,F3,0.1,1,0.5,Left,0.078125,5.38561377795989,11.4033335239417,-1.56034273548815
VisualCogA_Task-2,2,F3,0.1,1,0.5,Left,0.08203125,6.02307765469554,12.3360883120831,-1.0139246343128
VisualCogA_Task-2,2,F3,0.1,1,0.5,Left,0.0859375,6.60933074001172,13.2543998360077,-0.453086033196596
VisualCogA_Task-2,2,F3,0.1,1,0.5,Left,0.08984375,7.12355818278911,14.1126488161928,0.0788716338237956
VisualCogA_Task-2,2,F3,0.1,1,0.5,Left,0.09375,7.54866570984728,14.8743642557647,0.536665910285965
VisualCogA_Task-2,2,F3,0.1,1,0.5,Left,0.09765625,7.87180280395832,15.5148154632814,0.874834847748634
VisualCogA_Task-2,2,F3,0.1,1,0.5,Left,0.1015625,8.08393602864751,16.0025955132427,1.05052838075708
VisualCogA_Task-2,2,F3,0.1,1,0.5,Left,0.10546875,8.17895154329513,16.3051584321189,1.02770498445742
VisualCogA_Task-2,2,F3,0.1,1,0.5,Left,0.109375,8.15297513299627,16.3968067130194,0.781787976893967
VisualCogA_Task-2,2,F3,0.1,1,0.5,Left,0.11328125,8.00456424357327,16.2636058325697,0.303328836505362
VisualCogA_Task-2,2,F3,0.1,1,0.5,Left,0.1171875,7.73615788129524,15.9160516502742,-0.399888610650703
VisualCogA_Task-2,2,F3,0.1,1,0.5,Left,0.12109375,7.35671645676568,15.3833961360463,-1.301353783721
VisualCogA_Task-2,2,F3,0.1,1,0.5,Left,0.125,6.88491672275398,14.7080123843611,-2.35745726953028
VisualCogA_Task-2,2,F3,0.1,1,0.5,Left,0.12890625,6.35170878379148,13.9405420950962,-3.51623856372725
VisualCogA_Task-2,2,F3,0.1,1,0.5,Left,0.1328125,5.8007037616674,13.13961904117,-4.71018322039873
VisualCogA_Task-2,2,F3,0.1,1,0.5,Left,0.13671875,5.28501546004832,12.3725844088091,-5.86113786417922
VisualCogA_Task-2,2,F3,0.1,1,0.5,Left,0.140625,4.8600245599382,11.7153371160474,-6.89473114027366
VisualCogA_Task-2,2,F3,0.1,1,0.5,Left,0.14453125,4.5729923283737,11.2418795306711,-7.75065697797274
VisualCogA_Task-2,2,F3,0.1,1,0.5,Left,0.1484375,4.45205878927945,11.0052159831274,-8.38928055562493
VisualCogA_Task-2,2,F3,0.1,1,0.5,Left,0.15234375,4.49818310666929,11.0152839081944,-8.80585138277863
VisualCogA_Task-2,2,F3,0.1,1,0.5,Left,0.15625,4.68336087235664,11.2264858117864,-9.02694493053491
VisualCogA_Task-2,2,F3,0.1,1,0.5,Left,0.16015625,4.95678972802635,11.5518950829521,-9.10675801942787
VisualCogA_Task-2,2,F3,0.1,1,0.5,Left,0.1640625,5.25801427892723,11.9020101955501,-9.11434026874096
VisualCogA_Task-2,2,F3,0.1,1,0.5,Left,0.16796875,5.53344030064986,12.2049518204326,-9.1144907389876
VisualCogA_Task-2,2,F3,0.1,1,0.5,Left,0.171875,5.75104731624016,12.4132348348711,-9.15788575594073
VisualCogA_Task-2,2,F3,0.1,1,0.5,Left,0.17578125,5.90836142882951,12.514973302864,-9.2700501893428
VisualCogA_Task-2,2,F3,0.1,1,0.5,Left,0.1796875,6.03080746268532,12.5318280608082,-9.44447317305009
VisualCogA_Task-2,2,F3,0.1,1,0.5,Left,0.18359375,6.16075571989066,12.5351278552971,-9.64252227276772
VisualCogA_Task-2,2,F3,0.1,1,0.5,Left,0.1875,6.34076997617934,12.6091343218565,-9.80607055670524
VisualCogA_Task-2,2,F3,0.1,1,0.5,Left,0.19140625,6.59658713569956,12.8074168992072,-9.89077918646562
VisualCogA_Task-2,2,F3,0.1,1,0.5,Left,0.1953125,6.92548062597625,13.1279407184735,-9.8921992918436
VisualCogA_Task-2,2,F3,0.1,1,0.5,Left,0.19921875,7.29384732060988,13.5102192443977,-9.85016911576158
VisualCogA_Task-2,2,F3,0.1,1,0.5,Left,0.203125,7.64478008419668,13.8740724963616,-9.83398998894725
VisualCogA_Task-2,2,F3,0.1,1,0.5,Left,0.20703125,7.91314654047735,14.1485487441363,-9.92125660192748
VisualCogA_Task-2,2,F3,0.1,1,0.5,Left,0.2109375,8.04340869217387,14.3006843227395,-10.1559323638959
VisualCogA_Task-2,2,F3,0.1,1,0.5,Left,0.21484375,8.00482081373971,14.3392536047497,-10.5425414609611
VisualCogA_Task-2,2,F3,0.1,1,0.5,Left,0.21875,7.79982937111276,14.3090389035853,-11.0485791815001
VisualCogA_Task-2,2,F3,0.1,1,0.5,Left,0.22265625,7.46391252702765,14.274611051708,-11.6185368425863
VisualCogA_Task-2,2,F3,0.1,1,0.5,Left,0.2265625,7.05777500587958,14.29600993567,-12.1930937081378
VisualCogA_Task-2,2,F3,0.1,1,0.5,Left,0.23046875,6.65479992055069,14.4010389495834,-12.7158866870217
VisualCogA_Task-2,2,F3,0.1,1,0.5,Left,0.234375,6.32739667851096,14.5643563875594,-13.13313715423
VisualCogA_Task-2,2,F3,0.1,1,0.5,Left,0.23828125,6.13539427159961,14.7505824790886,-13.4047031727805
VisualCogA_Task-2,2,F3,0.1,1,0.5,Left,0.2421875,6.11839021590965,14.9637449302281,-13.5011500653307
VisualCogA_Task-2,2,F3,0.1,1,0.5,Left,0.24609375,6.29259856501038,15.2391717903236,-13.407102484384
VisualCogA_Task-2,2,F3,0.1,1,0.5,Left,0.25,6.65170468829829,15.6093827300407,-13.1269343651716
VisualCogA_Task-2,2,F3,0.1,1,0.5,Left,0.25390625,7.17068878233896,16.0829258322015,-12.691195554683
VisualCogA_Task-2,2,F3,0.1,1,0.5,Left,0.2578125,7.81144073934121,16.6507823812557,-12.162377534563
VisualCogA_Task-2,2,F3,0.1,1,0.5,Left,0.26171875,8.52908657365674,17.2961203769203,-11.6287119297825
VisualCogA_Task-2,2,F3,0.1,1,0.5,Left,0.265625,9.27815199697853,17.9994777480115,-11.1808175500779
VisualCogA_Task-2,2,F3,0.1,1,0.5,Left,0.26953125,10.0179398874484,18.7440848125081,-10.8469657419391
VisualCogA_Task-2,2,F3,0.1,1,0.5,Left,0.2734375,10.7167531504678,19.5176508713465,-10.5972785121615
VisualCogA_Task-2,2,F3,0.1,1,0.5,Left,0.27734375,11.3547880550194,20.3077661376863,-10.3828623348204
VisualCogA_Task-2,2,F3,0.1,1,0.5,Left,0.28125,11.9255875798135,21.1010833467788,-10.1622985377851
VisualCogA_Task-2,2,F3,0.1,1,0.5,Left,0.28515625,12.4358777092668,21.8871428886933,-9.9120802944215
VisualCogA_Task-2,2,F3,0.1,1,0.5,Left,0.2890625,12.9035256868031,22.6555182673096,-9.62931491940248
VisualCogA_Task-2,2,F3,0.1,1,0.5,Left,0.29296875,13.3534499906119,23.3970528294608,-9.32254123873374
VisualCogA_Task-2,2,F3,0.1,1,0.5,Left,0.296875,13.8117211452723,24.1084003907734,-9.00290753966303
VisualCogA_Task-2,2,F3,0.1,1,0.5,Left,0.30078125,14.2987773086781,24.7965994548015,-8.67913054734989
VisualCogA_Task-2,2,F3,0.1,1,0.5,Left,0.3046875,14.8233637146671,25.4745777101776,-8.35734923855959
VisualCogA_Task-2,2,F3,0.1,1,0.5,Left,0.30859375,15.3790898565885,26.1540612531633,-8.04299097396382
VisualCogA_Task-2,2,F3,0.1,1,0.5,Left,0.3125,15.9450748392102,26.8375163109323,-7.74525698085501
VisualCogA_Task-2,2,F3,0.1,1,0.5,Left,0.31640625,16.4910122786571,27.5066354309019,-7.47762184643267
VisualCogA_Task-2,2,F3,0.1,1,0.5,Left,0.3203125,16.9854905582866,28.1347612357897,-7.25785072906421
VisualCogA_Task-2,2,F3,0.1,1,0.5,Left,0.32421875,17.4051442963823,28.7024082019997,-7.10742242904398
VisualCogA_Task-2,2,F3,0.1,1,0.5,Left,0.328125,17.7417408604992,29.196198693064,-7.04487366778121
VisualCogA_Task-2,2,F3,0.1,1,0.5,Left,0.33203125,18.0048660082214,29.6144297133717,-7.07664425321449
VisualCogA_Task-2,2,F3,0.1,1,0.5,Left,0.3359375,18.2192810311274,29.967467101359,-7.19045675217985
VisualCogA_Task-2,2,F3,0.1,1,0.5,Left,0.33984375,18.4177526400934,30.2827448029707,-7.35714508486134
VisualCogA_Task-2,2,F3,0.1,1,0.5,Left,0.34375,18.6315734336814,30.5932934931248,-7.52820078156221
VisualCogA_Task-2,2,F3,0.1,1,0.5,Left,0.34765625,18.8816219859875,30.9247758358042,-7.65311335889649
VisualCogA_Task-2,2,F3,0.1,1,0.5,Left,0.3515625,19.1725115171583,31.2940048219624,-7.69869517450175
VisualCogA_Task-2,2,F3,0.1,1,0.5,Left,0.35546875,19.4913358286162,31.6991156483915,-7.66031187121417
VisualCogA_Task-2,2,F3,0.1,1,0.5,Left,0.359375,19.8111436221561,32.1162719481784,-7.56753876053576
VisualCogA_Task-2,2,F3,0.1,1,0.5,Left,0.36328125,20.0979935569273,32.5030543163828,-7.47921292122913
VisualCogA_Task-2,2,F3,0.1,1,0.5,Left,0.3671875,20.3195871523843,32.8048198657733,-7.46879360729092
VisualCogA_Task-2,2,F3,0.1,1,0.5,Left,0.37109375,20.4531978917536,32.9633502983179,-7.60353662738575
VisualCogA_Task-2,2,F3,0.1,1,0.5,Left,0.375,20.4909119286198,32.9380453803779,-7.92481260593647
VisualCogA_Task-2,2,F3,0.1,1,0.5,Left,0.37890625,20.4409643259621,32.7224321175359,-8.43385624771785
VisualCogA_Task-2,2,F3,0.1,1,0.5,Left,0.3828125,20.325020235303,32.3548451750425,-9.09182775169781
VisualCogA_Task-2,2,F3,0.1,1,0.5,Left,0.38671875,20.1723738753209,31.9059320784389,-9.82600529939753
VisualCogA_Task-2,2,F3,0.1,1,0.5,Left,0.390625,20.0129275445508,31.4629116976813,-10.5530569210798
VisualCogA_Task-2,2,F3,0.1,1,0.5,Left,0.39453125,19.8711808852096,31.1071352009579,-11.2030628917014
VisualCogA_Task-2,2,F3,0.1,1,0.5,Left,0.3984375,19.7631298477074,30.897068504923,-11.7339230529508
VisualCogA_Task-2,2,F3,0.1,1,0.5,Left,0.40234375,19.6969810076645,30.8582616780738,-12.1385323164423
VisualCogA_Task-2,2,F3,0.1,1,0.5,Left,0.40625,19.6772147664845,30.9829087908645,-12.4335628217483
VisualCogA_Task-2,2,F3,0.1,1,0.5,Left,0.41015625,19.7102474875247,31.2383735797545,-12.6429168853742
VisualCogA_Task-2,2,F3,0.1,1,0.5,Left,0.4140625,19.8092407954669,31.5813256048075,-12.7866689234167
VisualCogA_Task-2,2,F3,0.1,1,0.5,Left,0.41796875,19.9958121336341,31.9763346460326,-12.8770377085954
VisualCogA_Task-2,2,F3,0.1,1,0.5,Left,0.421875,20.297516879977,32.4151438787455,-12.9082293296735
VisualCogA_Task-2,2,F3,0.1,1,0.5,Left,0.42578125,20.7416302922744,32.9247246874176,-12.8470971261665
VisualCogA_Task-2,2,F3,0.1,1,0.5,Left,0.4296875,21.3473205167611,33.5491414319794,-12.6391097135641
VisualCogA_Task-2,2,F3,0.1,1,0.5,Left,0.43359375,22.1191064492081,34.3326283261237,-12.2279311177159
VisualCogA_Task-2,2,F3,0.1,1,0.5,Left,0.4375,23.044136218191,35.3048731762915,-11.5765573892149
VisualCogA_Task-2,2,F3,0.1,1,0.5,Left,0.44140625,24.094385389357,36.4688180820222,-10.687929749532
VisualCogA_Task-2,2,F3,0.1,1,0.5,Left,0.4453125,25.2329383614113,37.7958883588437,-9.60266760294574
VisualCogA_Task-2,2,F3,0.1,1,0.5,Left,0.44921875,26.4219302556488,39.2311991707327,-8.38900274549132
VisualCogA_Task-2,2,F3,0.1,1,0.5,Left,0.453125,27.6292150444084,40.7076141650281,-7.11879388875709
VisualCogA_Task-2,2,F3,0.1,1,0.5,Left,0.45703125,28.8316231885236,42.1640127135423,-5.85165161192214
VisualCogA_Task-2,2,F3,0.1,1,0.5,Left,0.4609375,30.0143838305082,43.5614700704692,-4.63473074573578
VisualCogA_Task-2,2,F3,0.1,1,0.5,Left,0.46484375,31.1680756908951,44.884024559247,-3.49879926651512
VisualCogA_Task-2,2,F3,0.1,1,0.5,Left,0.46875,32.2854817913789,46.1349900934151,-2.46199476839467
VisualCogA_Task-2,2,F3,0.1,1,0.5,Left,0.47265625,33.360508432326,47.3334964751296,-1.53130530844717
VisualCogA_Task-2,2,F3,0.1,1,0.5,Left,0.4765625,34.3900481633015,48.5069724977491,-0.708416661434465
VisualCogA_Task-2,2,F3,0.1,1,0.5,Left,0.48046875,35.3779726869032,49.681962515602,0.0183954851699525
VisualCogA_Task-2,2,F3,0.1,1,0.5,Left,0.484375,36.3391425876661,50.8821460026098,0.675942380021492
VisualCogA_Task-2,2,F3,0.1,1,0.5,Left,0.48828125,37.3010039940353,52.1271398379966,1.30875817121832
VisualCogA_Task-2,2,F3,0.1,1,0.5,Left,0.4921875,38.3011363702239,53.426163548758,1.97407127988148
VisualCogA_Task-2,2,F3,0.1,1,0.5,Left,0.49609375,39.3806740218169,54.7883614436443,2.73716923691679
VisualCogA_Task-2,2,F3,0.1,1,0.5,Left,0.5,40.5752086950952,56.2388104628141,3.65951666388781
VisualCogA_Task-2,2,F3,0.1,1,0.5,Left,0.50390625,41.9059414401814,57.8050991300581,4.77916240480203
VisualCogA_Task-2,2,F3,0.1,1,0.5,Left,0.5078125,43.3740674778421,59.4825931138698,6.09202432975654
VisualCogA_Task-2,2,F3,0.1,1,0.5,Left,0.51171875,44.9605708202053,61.2380100641778,7.55802794668785
VisualCogA_Task-2,2,F3,0.1,1,0.5,Left,0.515625,46.6320225362507,63.0320766856153,9.10867951475383
VisualCogA_Task-2,2,F3,0.1,1,0.5,Left,0.51953125,48.3510881107827,64.8151758520132,10.665165053955
VisualCogA_Task-2,2,F3,0.1,1,0.5,Left,0.5234375,50.0888220807374,66.5410430276172,12.1737379993906
VisualCogA_Task-2,2,F3,0.1,1,0.5,Left,0.52734375,51.8349882333353,68.1982250379879,13.6161669141254
VisualCogA_Task-2,2,F3,0.1,1,0.5,Left,0.53125,53.6029299332962,69.819849990129,15.0025748673431
VisualCogA_Task-2,2,F3,0.1,1,0.5,Left,0.53515625,55.4269474231919,71.4585511814246,16.3869769792203
VisualCogA_Task-2,2,F3,0.1,1,0.5,Left,0.5390625,57.3523590707042,73.176827714767,17.8386779694266
VisualCogA_Task-2,2,F3,0.1,1,0.5,Left,0.54296875,59.4207640102052,75.0403464102993,19.4255088213397
VisualCogA_Task-2,2,F3,0.1,1,0.5,Left,0.546875,61.6547100955965,77.1026051448345,21.1994136585725
VisualCogA_Task-2,2,F3,0.1,1,0.5,Left,0.55078125,64.0463970217748,79.3922244070805,23.1768993966029
VisualCogA_Task-2,2,F3,0.1,1,0.5,Left,0.5546875,66.5540091855575,81.9030947098169,25.3208628026155
VisualCogA_Task-2,2,F3,0.1,1,0.5,Left,0.55859375,69.107077482367,84.5807260025006,27.5470482121104
VisualCogA_Task-2,2,F3,0.1,1,0.5,Left,0.5625,71.6196207819945,87.3107522073427,29.7400322213019
VisualCogA_Task-2,2,F3,0.1,1,0.5,Left,0.56640625,74.0075738058237,89.9231317444573,31.7764837076752
VisualCogA_Task-2,2,F3,0.1,1,0.5,Left,0.5703125,76.2058657512562,92.2672537624179,33.5593172955303
VisualCogA_Task-2,2,F3,0.1,1,0.5,Left,0.57421875,78.1807723294323,94.2678008294403,35.0524742683685
VisualCogA_Task-2,2,F3,0.1,1,0.5,Left,0.578125,79.9346500390033,95.9302298161689,36.2794153146287
VisualCogA_Task-2,2,F3,0.1,1,0.5,Left,0.58203125,81.5023339589227,97.3285607640464,37.3101586217078
VisualCogA_Task-2,2,F3,0.1,1,0.5,Left,0.5859375,82.9406475928831,98.5658514772823,38.2466373520393
VisualCogA_Task-2,2,F3,0.1,1,0.5,Left,0.58984375,84.3140312293324,99.7392113834067,39.1923559895037
VisualCogA_Task-2,2,F3,0.1,1,0.5,Left,0.59375,85.6798967081337,100.922340576273,40.2288389326217
VisualCogA_Task-2,2,F3,0.1,1,0.5,Left,0.59765625,87.0769293019453,102.160032452768,41.3943241813839
VisualCogA_Task-2,2,F3,0.1,1,0.5,Left,0.6015625,88.5184213906238,103.456022557837,42.6844815381104
VisualCogA_Task-2,2,F3,0.1,1,0.5,Left,0.60546875,89.9912465342241,104.796681851267,44.060375322956
VisualCogA_Task-2,2,F3,0.1,1,0.5,Left,0.609375,91.4597178366456,106.145641795868,45.4642150660346
VisualCogA_Task-2,2,F3,0.1,1,0.5,Left,0.61328125,92.8726848221743,107.449720618333,46.8319571813381
VisualCogA_Task-2,2,F3,0.1,1,0.5,Left,0.6171875,94.1719763654801,108.663033128759,48.1032833261178
VisualCogA_Task-2,2,F3,0.1,1,0.5,Left,0.62109375,95.300621385378,109.754813916246,49.2233669682046
VisualCogA_Task-2,2,F3,0.1,1,0.5,Left,0.625,96.2099100829645,110.710056999945,50.1381430588016
VisualCogA_Task-2,2,F3,0.1,1,0.5,Left,0.62890625,96.864968012749,111.51464575649,50.8081915158365
VisualCogA_Task-2,2,F3,0.1,1,0.5,Left,0.6328125,97.2488592594001,112.160380035134,51.2145371125143
VisualCogA_Task-2,2,F3,0.1,1,0.5,Left,0.63671875,97.3652506426115,112.632033006924,51.3481615587109
VisualCogA_Task-2,2,F3,0.1,1,0.5,Left,0.640625,97.2394712775489,112.933299871813,51.2212030163925
VisualCogA_Task-2,2,F3,0.1,1,0.5,Left,0.64453125,96.9175942314903,113.099054969166,50.8896183755268
VisualCogA_Task-2,2,F3,0.1,1,0.5,Left,0.6484375,96.4631299096612,113.145575751661,50.4378617439681
VisualCogA_Task-2,2,F3,0.1,1,0.5,Left,0.65234375,95.951143243668,113.074847952929,49.9266796545556
VisualCogA_Task-2,2,F3,0.1,1,0.5,Left,0.65625,95.4600743827648,112.910817346587,49.3942521065903
VisualCogA_Task-2,2,F3,0.1,1,0.5,Left,0.66015625,95.0621530636074,112.687958977685,48.864889823341
VisualCogA_Task-2,2,F3,0.1,1,0.5,Left,0.6640625,94.8138762143939,112.43243747566,48.361958854704
VisualCogA_Task-2,2,F3,0.1,1,0.5,Left,0.66796875,94.7483461735701,112.180936408802,47.9090839797452
VisualCogA_Task-2,2,F3,0.1,1,0.5,Left,0.671875,94.871138295603,111.989156311195,47.5308618210427
VisualCogA_Task-2,2,F3,0.1,1,0.5,Left,0.67578125,95.1606966566772,111.910707099796,47.2520884404007
VisualCogA_Task-2,2,F3,0.1,1,0.5,Left,0.6796875,95.5731773300961,111.97645615118,47.0886496901279
VisualCogA_Task-2,2,F3,0.1,1,0.5,Left,0.68359375,96.0505258350914,112.17685102116,47.0360856166268
VisualCogA_Task-2,2,F3,0.1,1,0.5,Left,0.6875,96.5298311357973,112.471054205778,47.0694885147104
VisualCogA_Task-2,2,F3,0.1,1,0.5,Left,0.69140625,96.9519423781935,112.802771672099,47.1481154041199
VisualCogA_Task-2,2,F3,0.1,1,0.5,Left,0.6953125,97.2679431627355,113.115958181281,47.220858647173
VisualCogA_Task-2,2,F3,0.1,1,0.5,Left,0.69921875,97.4430104604892,113.360624990044,47.2349340990257
VisualCogA_Task-2,2,F3,0.1,1,0.5,Left,0.703125,97.4579823331595,113.491248530515,47.1421945454318
VisualCogA_Task-2,2,F3,0.1,1,0.5,Left,0.70703125,97.3093061224126,113.48499364322,46.9110657843438
VisualCogA_Task-2,2,F3,0.1,1,0.5,Left,0.7109375,97.0079189840896,113.325205529511,46.5332659763314
VisualCogA_Task-2,2,F3,0.1,1,0.5,Left,0.71484375,96.5772630579994,113.009951568999,46.0236278151571
VisualCogA_Task-2,2,F3,0.1,1,0.5,Left,0.71875,96.0503707447036,112.558362379193,45.408360571434
VisualCogA_Task-2,2,F3,0.1,1,0.5,Left,0.72265625,95.4659701513254,112.00546142769,44.7203116994159
VisualCogA_Task-2,2,F3,0.1,1,0.5,Left,0.7265625,94.863851048822,111.400522479242,43.9977852368698
VisualCogA_Task-2,2,F3,0.1,1,0.5,Left,0.73046875,94.2801222028017,110.79943260352,43.2834505486378
VisualCogA_Task-2,2,F3,0.1,1,0.5,Left,0.734375,93.7432495483234,110.247551663335,42.6203370729103
VisualCogA_Task-2,2,F3,0.1,1,0.5,Left,0.73828125,93.27172172662,109.777161920061,42.0336997291769
VisualCogA_Task-2,2,F3,0.1,1,0.5,Left,0.7421875,92.8738112848223,109.403291309329,41.5328380837806
VisualCogA_Task-2,2,F3,0.1,1,0.5,Left,0.74609375,92.5492995842377,109.116755280511,41.1093097029969
VisualCogA_Task-2,2,F3,0.1,1,0.5,Left,0.75,92.292425825534,108.899949941865,40.7469852256433
VisualCogA_Task-2,2,F3,0.1,1,0.5,Left,0.75390625,92.0949371369154,108.730858201528,40.4233154375402
VisualCogA_Task-2,2,F3,0.1,1,0.5,Left,0.7578125,91.9481139031905,108.587943789027,40.1196788033343
VisualCogA_Task-2,2,F3,0.1,1,0.5,Left,0.76171875,91.8430451569365,108.456042287153,39.8270120484586
VisualCogA_Task-2,2,F3,0.1,1,0.5,Left,0.765625,91.7691199551033,108.331978721287,39.545980488846
VisualCogA_Task-2,2,F3,0.1,1,0.5,Left,0.76953125,91.7114768273452,108.223559463277,39.2807929062713
VisualCogA_Task-2,2,F3,0.1,1,0.5,Left,0.7734375,91.6487730689826,108.138410088206,39.0357210588008
VisualCogA_Task-2,2,F3,0.1,1,0.5,Left,0.77734375,91.5528706416662,108.083064285543,38.8091316258909
VisualCogA_Task-2,2,F3,0.1,1,0.5,Left,0.78125,91.3917172149091,108.060067038868,38.5913435229622
VisualCogA_Task-2,2,F3,0.1,1,0.5,Left,0.78515625,91.1357723511354,108.052367826349,38.3574051460607
VisualCogA_Task-2,2,F3,0.1,1,0.5,Left,0.7890625,90.7668907837199,108.03228715815,38.0785959772768
VisualCogA_Task-2,2,F3,0.1,1,0.5,Left,0.79296875,90.2868975519826,107.973301005535,37.7407684813299
VisualCogA_Task-2,2,F3,0.1,1,0.5,Left,0.796875,89.7215706191754,107.866923642402,37.3476031278547
VisualCogA_Task-2,2,F3,0.1,1,0.5,Left,0.80078125,89.1148329239643,107.730148129915,36.9229571636343
VisualCogA_Task-2,2,F3,0.1,1,0.5,Right,-0.19921875,-5.94953990846431,-6.06685906205108,3.54418161542617
VisualCogA_Task-2,2,F3,0.1,1,0.5,Right,-0.1953125,-5.64454263261339,-6.02719271778817,3.26207491723522
VisualCogA_Task-2,2,F3,0.1,1,0.5,Right,-0.19140625,-5.35722122224243,-6.00381635245385,2.97409597834701
VisualCogA_Task-2,2,F3,0.1,1,0.5,Right,-0.1875,-5.10082013207327,-5.99748025847223,2.68054967123369
VisualCogA_Task-2,2,F3,0.1,1,0.5,Right,-0.18359375,-4.87560220509397,-5.99053953183708,2.39364647442675
VisualCogA_Task-2,2,F3,0.1,1,0.5,Right,-0.1796875,-4.67042915825496,-5.95501730214824,2.13323858596248
VisualCogA_Task-2,2,F3,0.1,1,0.5,Right,-0.17578125,-4.46992077050814,-5.85693419559983,1.91940416536765
VisualCogA_Task-2,2,F3,0.1,1,0.5,Right,-0.171875,-4.26268588208211,-5.66406080726514,1.77407245782406
VisualCogA_Task-2,2,F3,0.1,1,0.5,Right,-0.16796875,-4.04712257461143,-5.36579490461889,1.70355004933479
VisualCogA_Task-2,2,F3,0.1,1,0.5,Right,-0.1640625,-3.83290168206796,-5.00111112695323,1.69210027927382
VisualCogA_Task-2,2,F3,0.1,1,0.5,Right,-0.16015625,-3.63800813435245,-4.63011397855097,1.68611125243308
VisualCogA_Task-2,2,F3,0.1,1,0.5,Right,-0.15625,-3.48264807968283,-4.32169379878907,1.62420887246499
VisualCogA_Task-2,2,F3,0.1,1,0.5,Right,-0.15234375,-3.38211721253079,-4.11988173996116,1.45554048104275
VisualCogA_Task-2,2,F3,0.1,1,0.5,Right,-0.1484375,-3.3407921427122,-4.02307126518935,1.15793509847736
VisualCogA_Task-2,2,F3,0.1,1,0.5,Right,-0.14453125,-3.34889921773031,-4.02500781958827,0.7417414305854
VisualCogA_Task-2,2,F3,0.1,1,0.5,Right,-0.140625,-3.38289052970401,-4.10728855314585,0.240636800706356
VisualCogA_Task-2,2,F3,0.1,1,0.5,Right,-0.13671875,-3.40935757946349,-4.23101821513484,-0.303375211552408
VisualCogA_Task-2,2,F3,0.1,1,0.5,Right,-0.1328125,-3.39160840685107,-4.33664416310174,-0.830245259902915
VisualCogA_Task-2,2,F3,0.1,1,0.5,Right,-0.12890625,-3.29743404507157,-4.36118683614427,-1.27808812427334
VisualCogA_Task-2,2,F3,0.1,1,0.5,Right,-0.125,-3.10628523593995,-4.25923318036636,-1.59788611522757
VisualCogA_Task-2,2,F3,0.1,1,0.5,Right,-0.12109375,-2.81414913188563,-4.00986088233715,-1.76075751281949
VisualCogA_Task-2,2,F3,0.1,1,0.5,Right,-0.1171875,-2.43488830798305,-3.62242469471239,-1.7742543498119
VisualCogA_Task-2,2,F3,0.1,1,0.5,Right,-0.11328125,-1.99761291204528,-3.14049412345771,-1.68497035203579
VisualCogA_Task-2,2,F3,0.1,1,0.5,Right,-0.109375,-1.5406191876747,-2.62374079670776,-1.55592108719878
VisualCogA_Task-2,2,F3,0.1,1,0.5,Right,-0.10546875,-1.10328711222761,-2.1394051400884,-1.45883483931723
VisualCogA_Task-2,2,F3,0.1,1,0.5,Right,-0.1015625,-0.717836468290596,-1.74586719922815,-1.45678616924939
VisualCogA_Task-2,2,F3,0.1,1,0.5,Right,-0.09765625,-0.402840205861759,-1.4808461291097,-1.59161736397801
VisualCogA_Task-2,2,F3,0.1,1,0.5,Right,-0.09375,-0.159888600459625,-1.35172795907047,-1.87432516041165
VisualCogA_Task-2,2,F3,0.1,1,0.5,Right,-0.08984375,0.026048115584621,-1.32374560600533,-2.27224649571175
VisualCogA_Task-2,2,F3,0.1,1,0.5,Right,-0.0859375,0.182926407443215,-1.32390615514979,-2.71091759268665
VisualCogA_Task-2,2,F3,0.1,1,0.5,Right,-0.08203125,0.345682032892949,-1.26833582970134,-3.09596590821163
VisualCogA_Task-2,2,F3,0.1,1,0.5,Right,-0.078125,0.549431945822645,-1.07517209252038,-3.33435715840934
VisualCogA_Task-2,2,F3,0.1,1,0.5,Right,-0.07421875,0.823158372639721,-0.676218487378879,-3.34475568264812
VisualCogA_Task-2,2,F3,0.1,1,0.5,Right,-0.0703125,1.18486866729008,-0.0340749871247517,-3.08411654970618
VisualCogA_Task-2,2,F3,0.1,1,0.5,Right,-0.06640625,1.63880408956315,0.8461977053426,-2.5660776004004
VisualCogA_Task-2,2,F3,0.1,1,0.5,Right,-0.0625,2.17491284797738,1.91526914036277,-1.86064526601598
VisualCogA_Task-2,2,F3,0.1,1,0.5,Right,-0.05859375,2.77054595860384,3.09172914758099,-1.06905553305143
VisualCogA_Task-2,2,F3,0.1,1,0.5,Right,-0.0546875,3.39412405362551,4.28424745271179,-0.289853076435024
VisualCogA_Task-2,2,F3,0.1,1,0.5,Right,-0.05078125,4.01028387726093,5.41500354898012,0.395656793444992
VisualCogA_Task-2,2,F3,0.1,1,0.5,Right,-0.046875,4.58572772170791,6.42869280663424,0.934949280194932
VisualCogA_Task-2,2,F3,0.1,1,0.5,Right,-0.04296875,5.09474037205398,7.30628199078778,1.31763372085201
VisualCogA_Task-2,2,F3,0.1,1,0.5,Right,-0.0390625,5.52323706044776,8.04621822568252,1.55446224737286
VisualCogA_Task-2,2,F3,0.1,1,0.5,Right,-0.03515625,5.87038128998685,8.65450885080035,1.6659037666924
VisualCogA_Task-2,2,F3,0.1,1,0.5,Right,-0.03125,6.14730279502131,9.14442960055214,1.67120916039769
VisualCogA_Task-2,2,F3,0.1,1,0.5,Right,-0.02734375,6.3731762248785,9.5367044098054,1.58800707137769
VisualCogA_Task-2,2,F3,0.1,1,0.5,Right,-0.0234375,6.56969911101052,9.85408025134272,1.43360170824839
VisualCogA_Task-2,2,F3,0.1,1,0.5,Right,-0.01953125,6.75557516713761,10.1211837931487,1.22688477183133
VisualCogA_Task-2,2,F3,0.1,1,0.5,Right,-0.015625,6.94272867121318,10.3602794833975,0.992412901582264
VisualCogA_Task-2,2,F3,0.1,1,0.5,Right,-0.01171875,7.13553275470197,10.5928102607038,0.757461981764
VisualCogA_Task-2,2,F3,0.1,1,0.5,Right,-0.0078125,7.3334047219379,10.844359974268,0.549817769087322
VisualCogA_Task-2,2,F3,0.1,1,0.5,Right,-0.00390625,7.53596593056824,11.1407839045279,0.399279752050693
VisualCogA_Task-2,2,F3,0.1,1,0.5,Right,0,7.74894675036577,11.5059657094764,0.33696632084215
VisualCogA_Task-2,2,F3,0.1,1,0.5,Right,0.00390625,7.98848805542292,11.9649752677572,0.391106123819078
VisualCogA_Task-2,2,F3,0.1,1,0.5,Right,0.0078125,8.28167693136117,12.5341976736569,0.579684430630119
VisualCogA_Task-2,2,F3,0.1,1,0.5,Right,0.01171875,8.66209334816831,13.2078342595023,0.896618938786431
VisualCogA_Task-2,2,F3,0.1,1,0.5,Right,0.015625,9.16065829021772,13.9548635288177,1.3082765102516
VisualCogA_Task-2,2,F3,0.1,1,0.5,Right,0.01953125,9.79378225899529,14.7279867292883,1.75906898818035
VisualCogA_Task-2,2,F3,0.1,1,0.5,Right,0.0234375,10.5521975114738,15.4774524504486,2.18194560072198
VisualCogA_Task-2,2,F3,0.1,1,0.5,Right,0.02734375,11.3943865820523,16.1581510862413,2.51020396649038
VisualCogA_Task-2,2,F3,0.1,1,0.5,Right,0.03125,12.247830809482,16.724509159457,2.68347961274104
VisualCogA_Task-2,2,F3,0.1,1,0.5,Right,0.03515625,13.0193862784581,17.125871609902,2.64254919670347
VisualCogA_Task-2,2,F3,0.1,1,0.5,Right,0.0390625,13.6133939224143,17.3057738914721,2.33634490952778
VisualCogA_Task-2,2,F3,0.1,1,0.5,Right,0.04296875,13.9534717692197,17.2237294402698,1.73371865167146
VisualCogA_Task-2,2,F3,0.1,1,0.5,Right,0.046875,14.0022718877148,16.8682383328735,0.830018842430508
VisualCogA_Task-2,2,F3,0.1,1,0.5,Right,0.05078125,13.7735212084601,16.2631370965595,-0.329007613658688
VisualCogA_Task-2,2,F3,0.1,1,0.5,Right,0.0546875,13.3325482952471,15.4814540654212,-1.64806672463448
VisualCogA_Task-2,2,F3,0.1,1,0.5,Right,0.05859375,12.7846925337674,14.6502953839294,-3.00308720420383
VisualCogA_Task-2,2,F3,0.1,1,0.5,Right,0.0625,12.2544535377469,13.9251344183933,-4.25576175044593
VisualCogA_Task-2,2,F3,0.1,1,0.5,Right,0.06640625,11.8608078159594,13.4604991432393,-5.26477489392941
VisualCogA_Task-2,2,F3,0.1,1,0.5,Right,0.0703125,11.6949731973756,13.3701865435295,-5.91463557620387
VisualCogA_Task-2,2,F3,0.1,1,0.5,Right,0.07421875,11.8058542950753,13.6978765920459,-6.14176701356957
VisualCogA_Task-2,2,F3,0.1,1,0.5,Right,0.078125,12.1959356565748,14.4193769240033,-5.95886920538626
VisualCogA_Task-2,2,F3,0.1,1,0.5,Right,0.08203125,12.8274075367783,15.4539865160912,-5.45354606437344
VisualCogA_Task-2,2,F3,0.1,1,0.5,Right,0.0859375,13.6357604790152,16.682316467239,-4.74336597466526
VisualCogA_Task-2,2,F3,0.1,1,0.5,Right,0.08984375,14.5466286822823,17.9743468898418,-3.94792357339261
VisualCogA_Task-2,2,F3,0.1,1,0.5,Right,0.09375,15.4915144422124,19.2248394274583,-3.164273187506
VisualCogA_Task-2,2,F3,0.1,1,0.5,Right,0.09765625,16.4189977010346,20.3710188567083,-2.45401554807631
VisualCogA_Task-2,2,F3,0.1,1,0.5,Right,0.1015625,17.2996871922291,21.4000184736126,-1.83639115486348
VisualCogA_Task-2,2,F3,0.1,1,0.5,Right,0.10546875,18.1249867232812,22.3369272591388,-1.29595217787899
VisualCogA_Task-2,2,F3,0.1,1,0.5,Right,0.109375,18.9012669363856,23.2262856098924,-0.789424373949037
VisualCogA_Task-2,2,F3,0.1,1,0.5,Right,0.11328125,19.6419149417565,24.1175129152002,-0.282321891733227
VisualCogA_Task-2,2,F3,0.1,1,0.5,Right,0.1171875,20.359828509221,25.0620828379899,0.231768760406041
VisualCogA_Task-2,2,F3,0.1,1,0.5,Right,0.12109375,21.0622885048461,26.0738034208684,0.719903745516219
VisualCogA_Task-2,2,F3,0.1,1,0.5,Right,0.125,21.7490501423593,27.1065140319144,1.14561703720337
VisualCogA_Task-2,2,F3,0.1,1,0.5,Right,0.12890625,22.4133399423499,28.0934002932248,1.48392565126297
VisualCogA_Task-2,2,F3,0.1,1,0.5,Right,0.1328125,23.0446235014948,28.9770200277685,1.71994662264018
VisualCogA_Task-2,2,F3,0.1,1,0.5,Right,0.13671875,23.6317542003824,29.722336002942,1.84647277480781
VisualCogA_Task-2,2,F3,0.1,1,0.5,Right,0.140625,24.1654192992619,30.3158874600313,1.86171919993068
VisualCogA_Task-2,2,F3,0.1,1,0.5,Right,0.14453125,24.6394488005928,30.7631938074282,1.76493779267546
VisualCogA_Task-2,2,F3,0.1,1,0.5,Right,0.1484375,25.0512241068416,31.0868288479108,1.558692803229
VisualCogA_Task-2,2,F3,0.1,1,0.5,Right,0.15234375,25.4018281547535,31.3237077786143,1.26285113368754
VisualCogA_Task-2,2,F3,0.1,1,0.5,Right,0.15625,25.6965565236945,31.5055880591174,0.913939821146662
VisualCogA_Task-2,2,F3,0.1,1,0.5,Right,0.16015625,25.9459813280095,31.667025570584,0.551635787490475
VisualCogA_Task-2,2,F3,0.1,1,0.5,Right,0.1640625,26.1671294032257,31.8542372725412,0.214856039333243
VisualCogA_Task-2,2,F3,0.1,1,0.5,Right,0.16796875,26.3838293513653,32.1119679863257,-0.052641183263721
VisualCogA_Task-2,2,F3,0.1,1,0.5,Right,0.171875,26.6252241933186,32.4794317980211,-0.205242462524694
VisualCogA_Task-2,2,F3,0.1,1,0.5,Right,0.17578125,26.9219973365714,32.9800380239749,-0.21567294293589
VisualCogA_Task-2,2,F3,0.1,1,0.5,Right,0.1796875,27.3008749167865,33.6120071751802,-0.0844155722735367
VisualCogA_Task-2,2,F3,0.1,1,0.5,Right,0.18359375,27.7789925576684,34.3493841956807,0.160087571000122
VisualCogA_Task-2,2,F3,0.1,1,0.5,Right,0.1875,28.3601746090533,35.1544392820412,0.477438691789366
VisualCogA_Task-2,2,F3,0.1,1,0.5,Right,0.19140625,29.0347008076448,35.9861708179915,0.830598048286944
VisualCogA_Task-2,2,F3,0.1,1,0.5,Right,0.1953125,29.7828340371012,36.8111477178923,1.18925318727173
VisualCogA_Task-2,2,F3,0.1,1,0.5,Right,0.19921875,30.5808344517627,37.6097519297117,1.52880676267793
VisualCogA_Task-2,2,F3,0.1,1,0.5,Right,0.203125,31.4071465801903,38.3767823475191,1.83058045027983
VisualCogA_Task-2,2,F3,0.1,1,0.5,Right,0.20703125,32.2464278842828,39.1114105581872,2.09097761680349
VisualCogA_Task-2,2,F3,0.1,1,0.5,Right,0.2109375,33.0900805372471,39.8082930981001,2.31338924054728
VisualCogA_Task-2,2,F3,0.1,1,0.5,Right,0.21484375,33.9334575265507,40.4608535737261,2.49007524736182
VisualCogA_Task-2,2,F3,0.1,1,0.5,Right,0.21875,34.7712485455783,41.0651403003216,2.61139152935302
VisualCogA_Task-2,2,F3,0.1,1,0.5,Right,0.22265625,35.5931758547865,41.62016087075,2.6698604149846
VisualCogA_Task-2,2,F3,0.1,1,0.5,Right,0.2265625,36.381883878871,42.1238071077544,2.66321856788199
VisualCogA_Task-2,2,F3,0.1,1,0.5,Right,0.23046875,37.113997600829,42.5804778094777,2.59750908399718
VisualCogA_Task-2,2,F3,0.1,1,0.5,Right,0.234375,37.7641619670094,43.0043684387275,2.48883197029681
VisualCogA_Task-2,2,F3,0.1,1,0.5,Right,0.23828125,38.3108551790783,43.4127116286526,2.36043872095054
VisualCogA_Task-2,2,F3,0.1,1,0.5,Right,0.2421875,38.7421488513389,43.8172342179306,2.23347871472524
VisualCogA_Task-2,2,F3,0.1,1,0.5,Right,0.24609375,39.0594685278813,44.2225817865028,2.12768341690515
VisualCogA_Task-2,2,F3,0.1,1,0.5,Right,0.25,39.2777942176346,44.6249910790776,2.05234670842217
VisualCogA_Task-2,2,F3,0.1,1,0.5,Right,0.25390625,39.4215912608504,45.0135892501993,1.99066717268256
VisualCogA_Task-2,2,F3,0.1,1,0.5,Right,0.2578125,39.5169754051982,45.3727032882885,1.9100999100759
VisualCogA_Task-2,2,F3,0.1,1,0.5,Right,0.26171875,39.5819679509022,45.683362183926,1.7586553179416
VisualCogA_Task-2,2,F3,0.1,1,0.5,Right,0.265625,39.6178019592228,45.9230059754139,1.47684245779281
VisualCogA_Task-2,2,F3,0.1,1,0.5,Right,0.26953125,39.6046175473081,46.0639804761953,1.02376030703133
VisualCogA_Task-2,2,F3,0.1,1,0.5,Right,0.2734375,39.5041442170868,46.0730275799042,0.378318683268248
VisualCogA_Task-2,2,F3,0.1,1,0.5,Right,0.27734375,39.270058471879,45.9146561930794,-0.450763083426456
VisualCogA_Task-2,2,F3,0.1,1,0.5,Right,0.28125,38.8640747035207,45.5601113241921,-1.45131784363498
VisualCogA_Task-2,2,F3,0.1,1,0.5,Right,0.28515625,38.2733776791977,45.0007253036839,-2.61702349851692
VisualCogA_Task-2,2,F3,0.1,1,0.5,Right,0.2890625,37.5237773874629,44.2611856858788,-3.92479649697299
VisualCogA_Task-2,2,F3,0.1,1,0.5,Right,0.29296875,36.6836699958986,43.406794897858,-5.32082932109407
VisualCogA_Task-2,2,F3,0.1,1,0.5,Right,0.296875,35.856494363759,42.5403420670848,-6.72017213444173
VisualCogA_Task-2,2,F3,0.1,1,0.5,Right,0.30078125,35.1630270910592,41.7880601421703,-8.01163484240074
VisualCogA_Task-2,2,F3,0.1,1,0.5,Right,0.3046875,34.7181969661613,41.2782113846238,-9.08130605683157
VisualCogA_Task-2,2,F3,0.1,1,0.5,Right,0.30859375,34.608842352711,41.1181901895926,-9.83454315170118
VisualCogA_Task-2,2,F3,0.1,1,0.5,Right,0.3125,34.8783530313301,41.3759856085765,-10.2085140691823
VisualCogA_Task-2,2,F3,0.1,1,0.5,Right,0.31640625,35.5217047324355,42.0699571727525,-10.1834672252981
VisualCogA_Task-2,2,F3,0.1,1,0.5,Right,0.3203125,36.491021210339,43.1681993992775,-9.78755206511141
VisualCogA_Task-2,2,F3,0.1,1,0.5,Right,0.32421875,37.7087645243837,44.5963222678017,-9.07612910604526
VisualCogA_Task-2,2,F3,0.1,1,0.5,Right,0.328125,39.0839717239985,46.2509988397686,-8.11249176254077
VisualCogA_Task-2,2,F3,0.1,1,0.5,Right,0.33203125,40.5270042911278,48.0163451721409,-6.96882047049305
VisualCogA_Task-2,2,F3,0.1,1,0.5,Right,0.3359375,41.9597378057328,49.7806819261515,-5.73367825545899
VisualCogA_Task-2,2,F3,0.1,1,0.5,Right,0.33984375,43.3202129350924,51.4517553013685,-4.5105988924013
VisualCogA_Task-2,2,F3,0.1,1,0.5,Right,0.34375,44.5626411649661,52.9685597001802,-3.37488734657588
VisualCogA_Task-2,2,F3,0.1,1,0.5,Right,0.34765625,45.6547289430699,54.2970901000879,-2.37325465433692
VisualCogA_Task-2,2,F3,0.1,1,0.5,Right,0.3515625,46.5744044205456,55.4246603926519,-1.53766240800635
VisualCogA_Task-2,2,F3,0.1,1,0.5,Right,0.35546875,47.307436847334,56.3554700274572,-0.899988811818591
VisualCogA_Task-2,2,F3,0.1,1,0.5,Right,0.359375,47.8465606435209,57.1026978720438,-0.483118882427601
VisualCogA_Task-2,2,F3,0.1,1,0.5,Right,0.36328125,48.1919607604668,57.6735477781146,-0.304724751697399
VisualCogA_Task-2,2,F3,0.1,1,0.5,Right,0.3671875,48.3525615951062,58.0624277128578,-0.367328037110472
VisualCogA_Task-2,2,F3,0.1,1,0.5,Right,0.37109375,48.3474695440862,58.2600089057459,-0.663682619628515
VisualCogA_Task-2,2,F3,0.1,1,0.5,Right,0.375,48.2069734761188,58.2623984271192,-1.17455629751089
VisualCogA_Task-2,2,F3,0.1,1,0.5,Right,0.37890625,47.9725375516183,58.0851620888713,-1.86519545474102
VisualCogA_Task-2,2,F3,0.1,1,0.5,Right,0.3828125,47.6952038980955,57.7699859404692,-2.68537123240055
VisualCogA_Task-2,2,F3,0.1,1,0.5,Right,0.38671875,47.4319042331645,57.3908784099851,-3.56687465480949
VisualCogA_Task-2,2,F3,0.1,1,0.5,Right,0.390625,47.2395506910582,57.0374140733495,-4.42673612426945
VisualCogA_Task-2,2,F3,0.1,1,0.5,Right,0.39453125,47.1674888942783,56.79963243176,-5.17727305874213
VisualCogA_Task-2,2,F3,0.1,1,0.5,Right,0.3984375,47.2497537557969,56.7539726442967,-5.75214051498243
VisualCogA_Task-2,2,F3,0.1,1,0.5,Right,0.40234375,47.499178299384,56.9487992156646,-6.10674498401661
VisualCogA_Task-2,2,F3,0.1,1,0.5,Right,0.40625,47.9053760022459,57.392476860248,-6.22447286150267
VisualCogA_Task-2,2,F3,0.1,1,0.5,Right,0.41015625,48.4377813302656,58.0533432344722,-6.11910029251524
VisualCogA_Task-2,2,F3,0.1,1,0.5,Right,0.4140625,49.0534772924165,58.8777726861878,-5.8275211869493
VisualCogA_Task-2,2,F3,0.1,1,0.5,Right,0.41796875,49.707960265764,59.8039405413025,-5.4041792588982
VisualCogA_Task-2,2,F3,0.1,1,0.5,Right,0.421875,50.3659057051069,60.7693461042735,-4.91883536909168
VisualCogA_Task-2,2,F3,0.1,1,0.5,Right,0.42578125,51.0088731529494,61.7203815787816,-4.43362890091775
VisualCogA_Task-2,2,F3,0.1,1,0.5,Right,0.4296875,51.6378308473301,62.6175358072854,-3.9856494372088
VisualCogA_Task-2,2,F3,0.1,1,0.5,Right,0.43359375,52.2700585196588,63.4486292607201,-3.58591521596533
VisualCogA_Task-2,2,F3,0.1,1,0.5,Right,0.4375,52.9317598611927,64.2348524137876,-3.22483747524891
VisualCogA_Task-2,2,F3,0.1,1,0.5,Right,0.44140625,53.6489125162653,65.0384811270586,-2.86257797548138
VisualCogA_Task-2,2,F3,0.1,1,0.5,Right,0.4453125,54.4391057358265,65.9340605701036,-2.4433389724586
VisualCogA_Task-2,2,F3,0.1,1,0.5,Right,0.44921875,55.306402169751,66.9596360264914,-1.92027389928809
VisualCogA_Task-2,2,F3,0.1,1,0.5,Right,0.453125,56.2400231471195,68.0954397418102,-1.29019786802758
VisualCogA_Task-2,2,F3,0.1,1,0.5,Right,0.45703125,57.2164469197546,69.2775050577191,-0.60557726785917
VisualCogA_Task-2,2,F3,0.1,1,0.5,Right,0.4609375,58.20374854232,70.4363307964523,0.0695732398724733
VisualCogA_Task-2,2,F3,0.1,1,0.5,Right,0.46484375,59.166834050004,71.5089948090667,0.671710993592231
VisualCogA_Task-2,2,F3,0.1,1,0.5,Right,0.46875,60.0724909929077,72.4464089752463,1.14354766464921
VisualCogA_Task-2,2,F3,0.1,1,0.5,Right,0.47265625,60.8936163932492,73.2226678465028,1.4418090900078
VisualCogA_Task-2,2,F3,0.1,1,0.5,Right,0.4765625,61.6123500161753,73.8394287541662,1.55442592331724
VisualCogA_Task-2,2,F3,0.1,1,0.5,Right,0.48046875,62.2220382214969,74.3225542203637,1.51311762319591
VisualCogA_Task-2,2,F3,0.1,1,0.5,Right,0.484375,62.7280330564714,74.7133057694253,1.37986198811576
VisualCogA_Task-2,2,F3,0.1,1,0.5,Right,0.48828125,63.1474045365405,75.0589055510901,1.22030424459074
VisualCogA_Task-2,2,F3,0.1,1,0.5,Right,0.4921875,63.5077684103164,75.4063172606117,1.09663742900682
VisualCogA_Task-2,2,F3,0.1,1,0.5,Right,0.49609375,63.8455516535596,75.8001321762973,1.06459585817982
VisualCogA_Task-2,2,F3,0.1,1,0.5,Right,0.5,64.204012922653,76.2828099129113,1.17096885485837
VisualCogA_Task-2,2,F3,0.1,1,0.5,Right,0.50390625,64.6311416038562,76.8947361742323,1.44464759948718
VisualCogA_Task-2,2,F3,0.1,1,0.5,Right,0.5078125,65.1772667771514,77.6726935483279,1.8985611174418
VisualCogA_Task-2,2,F3,0.1,1,0.5,Right,0.51171875,65.8920349266708,78.647301689522,2.52518183695746
VisualCogA_Task-2,2,F3,0.1,1,0.5,Right,0.515625,66.8205584017806,79.8412677997456,3.31847248610575
VisualCogA_Task-2,2,F3,0.1,1,0.5,Right,0.51953125,67.9989979554715,81.2699164204399,4.27681830491791
VisualCogA_Task-2,2,F3,0.1,1,0.5,Right,0.5234375,69.4503858701768,82.9436843787681,5.42284036316398
VisualCogA_Task-2,2,F3,0.1,1,0.5,Right,0.52734375,71.1817833592808,84.8704636136579,6.79183094695727
VisualCogA_Task-2,2,F3,0.1,1,0.5,Right,0.53125,73.1836847090896,87.055945090056,8.42702878223947
VisualCogA_Task-2,2,F3,0.1,1,0.5,Right,0.53515625,75.431986821814,89.499342498213,10.3471206293917
VisualCogA_Task-2,2,F3,0.1,1,0.5,Right,0.5390625,77.8921128726248,92.1877098556445,12.5439133517901
VisualCogA_Task-2,2,F3,0.1,1,0.5,Right,0.54296875,80.5243223120598,95.0912878300754,14.9854065753463
VisualCogA_Task-2,2,F3,0.1,1,0.5,Right,0.546875,83.2890241538663,98.1626896192269,17.6203071336718
VisualCogA_Task-2,2,F3,0.1,1,0.5,Right,0.55078125,86.1510182047848,101.341039978656,20.3852896547315
VisualCogA_Task-2,2,F3,0.1,1,0.5,Right,0.5546875,89.0819002398161,104.560074041935,23.2143394643004
VisualCogA_Task-2,2,F3,0.1,1,0.5,Right,0.55859375,92.0602761562044,107.757759529472,26.045665430938
VisualCogA_Task-2,2,F3,0.1,1,0.5,Right,0.5625,95.0698897354068,110.884787706644,28.8304033389297
VisualCogA_Task-2,2,F3,0.1,1,0.5,Right,0.56640625,98.0962471211053,113.910247258083,31.5380515317287
VisualCogA_Task-2,2,F3,0.1,1,0.5,Right,0.5703125,101.122733421139,116.837298304405,34.156122587019
VisualCogA_Task-2,2,F3,0.1,1,0.5,Right,0.57421875,104.127412472961,119.683638751943,36.6786811984827
VisualCogA_Task-2,2,F3,0.1,1,0.5,Right,0.578125,107.081537865713,122.462546112779,39.0984426732615
VisualCogA_Task-2,2,F3,0.1,1,0.5,Right,0.58203125,109.950261838212,125.170397165896,41.4010240062306
VisualCogA_Task-2,2,F3,0.1,1,0.5,Right,0.5859375,112.695276664279,127.782270101974,43.5633609782073
VisualCogA_Task-2,2,F3,0.1,1,0.5,Right,0.58984375,115.278471474993,130.252952337905,45.5580199463707
VisualCogA_Task-2,2,F3,0.1,1,0.5,Right,0.59375,117.665440911071,132.539306178688,47.3631998292961
VisualCogA_Task-2,2,F3,0.1,1,0.5,Right,0.59765625,119.827966222541,134.61104190302,48.9757458914111
VisualCogA_Task-2,2,F3,0.1,1,0.5,Right,0.6015625,121.745260276274,136.446296020335,50.4034305889276
VisualCogA_Task-2,2,F3,0.1,1,0.5,Right,0.60546875,123.404467599578,138.038517569915,51.6457828096066
VisualCogA_Task-2,2,F3,0.1,1,0.5,Right,0.609375,124.801250905992,139.382847016573,52.6999276606053
VisualCogA_Task-2,2,F3,0.1,1,0.5,Right,0.61328125,125.941072226704,140.465330247678,53.5670263605359
VisualCogA_Task-2,2,F3,0.1,1,0.5,Right,0.6171875,126.841093970343,141.262744549526,54.2423929646213
VisualCogA_Task-2,2,F3,0.1,1,0.5,Right,0.62109375,127.531851886078,141.756478518142,54.7297250282732
VisualCogA_Task-2,2,F3,0.1,1,0.5,Right,0.625,128.057424812506,141.959973957112,55.0445833860856
VisualCogA_Task-2,2,F3,0.1,1,0.5,Right,0.62890625,128.473010425638,141.950269303581,55.2202162378722
VisualCogA_Task-2,2,F3,0.1,1,0.5,Right,0.6328125,128.839565252141,141.830724058139,55.3014425861378
VisualCogA_Task-2,2,F3,0.1,1,0.5,Right,0.63671875,129.216160514654,141.722503257328,55.3421581814228
VisualCogA_Task-2,2,F3,0.1,1,0.5,Right,0.640625,129.651529536234,141.727632984765,55.3960870845252
VisualCogA_Task-2,2,F3,0.1,1,0.5,Right,0.64453125,130.176635727322,141.934428314287,55.519821195131
VisualCogA_Task-2,2,F3,0.1,1,0.5,Right,0.6484375,130.799894620789,142.426701212604,55.7368060359632
VisualCogA_Task-2,2,F3,0.1,1,0.5,Right,0.65234375,131.506064836797,143.184490378263,56.0402680706373
VisualCogA_Task-2,2,F3,0.1,1,0.5,Right,0.65625,132.259006543609,144.07228492882,56.3976869035821
VisualCogA_Task-2,2,F3,0.1,1,0.5,Right,0.66015625,133.007710895256,144.926189819163,56.754691479734
VisualCogA_Task-2,2,F3,0.1,1,0.5,Right,0.6640625,133.694389388795,145.627242370385,57.049854068858
VisualCogA_Task-2,2,F3,0.1,1,0.5,Right,0.66796875,134.26307545154,146.105168654499,57.2214421117935
VisualCogA_Task-2,2,F3,0.1,1,0.5,Right,0.671875,134.667180807293,146.357721152564,57.2174369579391
VisualCogA_Task-2,2,F3,0.1,1,0.5,Right,0.67578125,134.874766824891,146.440241439315,57.0114076180752
VisualCogA_Task-2,2,F3,0.1,1,0.5,Right,0.6796875,134.870873010619,146.415750133781,56.6097143596907
VisualCogA_Task-2,2,F3,0.1,1,0.5,Right,0.68359375,134.656955053668,146.321635055789,56.03179356405
VisualCogA_Task-2,2,F3,0.1,1,0.5,Right,0.6875,134.248134602595,146.177422101165,55.3097788184861
VisualCogA_Task-2,2,F3,0.1,1,0.5,Right,0.69140625,133.669365877692,145.986404749654,54.484693089959
VisualCogA_Task-2,2,F3,0.1,1,0.5,Right,0.6953125,132.951666511552,145.743005541411,53.5965389807118
VisualCogA_Task-2,2,F3,0.1,1,0.5,Right,0.69921875,132.129249984095,145.446726421903,52.6827626824581
VisualCogA_Task-2,2,F3,0.1,1,0.5,Right,0.703125,131.237865600393,145.105917839002,51.7785376795992
VisualCogA_Task-2,2,F3,0.1,1,0.5,Right,0.70703125,130.314101532458,144.733833856537,50.9160041216273
VisualCogA_Task-2,2,F3,0.1,1,0.5,Right,0.7109375,129.395032427015,144.333662053758,50.11778750911
VisualCogA_Task-2,2,F3,0.1,1,0.5,Right,0.71484375,128.517513500243,143.910637554545,49.3964204151369
VisualCogA_Task-2,2,F3,0.1,1,0.5,Right,0.71875,127.716643018677,143.492524083085,48.7680402853223
VisualCogA_Task-2,2,F3,0.1,1,0.5,Right,0.72265625,127.023334621257,143.116272929822,48.2547525048919
VisualCogA_Task-2,2,F3,0.1,1,0.5,Right,0.7265625,126.461397992879,142.812247024692,47.8733036506904
VisualCogA_Task-2,2,F3,0.1,1,0.5,Right,0.73046875,126.044857161333,142.59440586806,47.6178644905765
VisualCogA_Task-2,2,F3,0.1,1,0.5,Right,0.734375,125.776330523851,142.46166288971,47.4518000958205
VisualCogA_Task-2,2,F3,0.1,1,0.5,Right,0.73828125,125.647131325523,142.395962087156,47.3104068051886
VisualCogA_Task-2,2,F3,0.1,1,0.5,Right,0.7421875,125.639378910466,142.349317972176,47.1121370448395
VisualCogA_Task-2,2,F3,0.1,1,0.5,Right,0.74609375,125.729945408287,142.278740119731,46.7985630044941
VisualCogA_Task-2,2,F3,0.1,1,0.5,Right,0.75,125.895611957021,142.164838119898,46.3739012160002
VisualCogA_Task-2,2,F3,0.1,1,0.5,Right,0.75390625,126.11846319625,142.032608252126,45.9036156062915
VisualCogA_Task-2,2,F3,0.1,1,0.5,Right,0.7578125,126.390370816076,141.936612443677,45.4919572798699
VisualCogA_Task-2,2,F3,0.1,1,0.5,Right,0.76171875,126.715450673795,141.937856674486,45.2453028546616
VisualCogA_Task-2,2,F3,0.1,1,0.5,Right,0.765625,127.109656509749,142.082106513417,45.2382261014411
VisualCogA_Task-2,2,F3,0.1,1,0.5,Right,0.76953125,127.597207371462,142.386543002131,45.5069619636971
VisualCogA_Task-2,2,F3,0.1,1,0.5,Right,0.7734375,128.20429464368,142.838453875344,46.0590854680076
VisualCogA_Task-2,2,F3,0.1,1,0.5,Right,0.77734375,128.951354262306,143.406462067564,46.8795933564982
VisualCogA_Task-2,2,F3,0.1,1,0.5,Right,0.78125,129.845903066815,144.059474049195,47.9362870214885
VisualCogA_Task-2,2,F3,0.1,1,0.5,Right,0.78515625,130.878244023598,144.7731024314,49.1769470065773
VisualCogA_Task-2,2,F3,0.1,1,0.5,Right,0.7890625,132.021972680418,145.537623163372,50.5280682519084
VisualCogA_Task-2,2,F3,0.1,1,0.5,Right,0.79296875,133.240014257744,146.350322274304,51.9211743475804
VisualCogA_Task-2,2,F3,0.1,1,0.5,Right,0.796875,134.494957329534,147.182547904503,53.3017444761078
VisualCogA_Task-2,2,F3,0.1,1,0.5,Right,0.80078125,135.760071005166,148.014392046495,54.6593936804672
VisualCogA_Task-2,2,F3,0.1,1,0.5,Delta,-0.19921875,-4.07476294055997,-3.49082911748395,1.3404054552077
VisualCogA_Task-2,2,F3,0.1,1,0.5,Delta,-0.1953125,-4.51874213466323,-4.03439558971524,0.610358570123487
VisualCogA_Task-2,2,F3,0.1,1,0.5,Delta,-0.19140625,-4.9283726008333,-4.53852376953148,-0.0744480705518531
VisualCogA_Task-2,2,F3,0.1,1,0.5,Delta,-0.1875,-5.24383251285187,-4.92865335961595,-0.634416508143959
VisualCogA_Task-2,2,F3,0.1,1,0.5,Delta,-0.18359375,-5.39760295837755,-5.11849825578098,-0.985631607720792
VisualCogA_Task-2,2,F3,0.1,1,0.5,Delta,-0.1796875,-5.33540378646374,-5.04592396616091,-1.07562869151611
VisualCogA_Task-2,2,F3,0.1,1,0.5,Delta,-0.17578125,-5.03447689122255,-4.69351468607081,-0.908201134012576
VisualCogA_Task-2,2,F3,0.1,1,0.5,Delta,-0.171875,-4.51434330687556,-4.09457056336606,-0.529273108349493
VisualCogA_Task-2,2,F3,0.1,1,0.5,Delta,-0.16796875,-3.83717520945512,-3.33550836185685,-0.0223348199443818
VisualCogA_Task-2,2,F3,0.1,1,0.5,Delta,-0.1640625,-3.09763909096432,-2.5590101664332,0.506024289648962
VisualCogA_Task-2,2,F3,0.1,1,0.5,Delta,-0.16015625,-2.40476392218844,-1.90602475276148,0.929989755708129
VisualCogA_Task-2,2,F3,0.1,1,0.5,Delta,-0.15625,-1.86029096934996,-1.48701702201071,1.14294954213244
VisualCogA_Task-2,2,F3,0.1,1,0.5,Delta,-0.15234375,-1.53856049520986,-1.34728454203974,1.08210985551764
VisualCogA_Task-2,2,F3,0.1,1,0.5,Delta,-0.1484375,-1.47224605527028,-1.45700412964794,0.748244838351262
VisualCogA_Task-2,2,F3,0.1,1,0.5,Delta,-0.14453125,-1.64656719934617,-1.76833803577826,0.194867322473253
VisualCogA_Task-2,2,F3,0.1,1,0.5,Delta,-0.140625,-2.00262094541137,-2.22066201455372,-0.498159156420076
VisualCogA_Task-2,2,F3,0.1,1,0.5,Delta,-0.13671875,-2.44871818997647,-2.73929206277289,-1.24627990232766
VisualCogA_Task-2,2,F3,0.1,1,0.5,Delta,-0.1328125,-2.87736906552567,-3.22898400629522,-1.94676933954935
VisualCogA_Task-2,2,F3,0.1,1,0.5,Delta,-0.12890625,-3.18483669110199,-3.59077883913651,-2.49853707149865
VisualCogA_Task-2,2,F3,0.1,1,0.5,Delta,-0.125,-3.28986451646931,-3.74945907465452,-2.82672111102097
VisualCogA_Task-2,2,F3,0.1,1,0.5,Delta,-0.12109375,-3.14823814780152,-3.66424098527171,-2.8925719052103
VisualCogA_Task-2,2,F3,0.1,1,0.5,Delta,-0.1171875,-2.7603570559902,-3.34695123157021,-2.71383529790256
VisualCogA_Task-2,2,F3,0.1,1,0.5,Delta,-0.11328125,-2.17008406970831,-2.8627712090092,-2.36343348002452
VisualCogA_Task-2,2,F3,0.1,1,0.5,Delta,-0.109375,-1.45478617128803,-2.30556409914111,-1.9385308940281
VisualCogA_Task-2,2,F3,0.1,1,0.5,Delta,-0.10546875,-0.708405060696454,-1.77865142629315,-1.54556831064882
VisualCogA_Task-2,2,F3,0.1,1,0.5,Delta,-0.1015625,-0.0211242037284047,-1.36996988291242,-1.27483690068492
VisualCogA_Task-2,2,F3,0.1,1,0.5,Delta,-0.09765625,0.53978414271275,-1.13553670347127,-1.18402780115626
VisualCogA_Task-2,2,F3,0.1,1,0.5,Delta,-0.09375,0.943412663868598,-1.09233019623426,-1.29106113497289
VisualCogA_Task-2,2,F3,0.1,1,0.5,Delta,-0.08984375,1.19969267718771,-1.20702312885624,-1.56455225352875
VisualCogA_Task-2,2,F3,0.1,1,0.5,Delta,-0.0859375,1.35378417901646,-1.39346466928417,-1.9230425027635
VisualCogA_Task-2,2,F3,0.1,1,0.5,Delta,-0.08203125,1.47186254327527,-1.54050778561273,-2.25573539267219
VisualCogA_Task-2,2,F3,0.1,1,0.5,Delta,-0.078125,1.62206620549939,-1.53911767789919,-2.44682110154675
VisualCogA_Task-2,2,F3,0.1,1,0.5,Delta,-0.07421875,1.85567396375527,-1.28785124329274,-2.37640033793857
VisualCogA_Task-2,2,F3,0.1,1,0.5,Delta,-0.0703125,2.19348157193666,-0.72370792622709,-1.96082260981616
VisualCogA_Task-2,2,F3,0.1,1,0.5,Delta,-0.06640625,2.62084736020873,0.150376284301571,-1.1963527722229
VisualCogA_Task-2,2,F3,0.1,1,0.5,Delta,-0.0625,3.09242581771844,1.2538899772703,-0.172347933522325
VisualCogA_Task-2,2,F3,0.1,1,0.5,Delta,-0.05859375,3.54495242517383,2.45122057858232,0.948302369520223
VisualCogA_Task-2,2,F3,0.1,1,0.5,Delta,-0.0546875,3.91436140345973,3.60325928622507,1.99975461127724
VisualCogA_Task-2,2,F3,0.1,1,0.5,Delta,-0.05078125,4.15256611430371,4.61066914857012,2.85016671415217
VisualCogA_Task-2,2,F3,0.1,1,0.5,Delta,-0.046875,4.23959224687305,5.40720996186801,3.42684780422607
VisualCogA_Task-2,2,F3,0.1,1,0.5,Delta,-0.04296875,4.18822515629412,5.95345231126318,3.71926557437881
VisualCogA_Task-2,2,F3,0.1,1,0.5,Delta,-0.0390625,4.04043129766673,6.25053401063039,3.75958557325895
VisualCogA_Task-2,2,F3,0.1,1,0.5,Delta,-0.03515625,3.85694060743011,6.33066867150851,3.60663711974527
VisualCogA_Task-2,2,F3,0.1,1,0.5,Delta,-0.03125,3.70299382513034,6.26046390329353,3.3364604072893
VisualCogA_Task-2,2,F3,0.1,1,0.5,Delta,-0.02734375,3.63402037289421,6.13265568222215,3.02203003669639
VisualCogA_Task-2,2,F3,0.1,1,0.5,Delta,-0.0234375,3.68481481921171,6.02901839927985,2.72398765898539
VisualCogA_Task-2,2,F3,0.1,1,0.5,Delta,-0.01953125,3.86473600711406,6.01509393550022,2.49155379733846
VisualCogA_Task-2,2,F3,0.1,1,0.5,Delta,-0.015625,4.15983443167316,6.1291006378199,2.36936343193384
VisualCogA_Task-2,2,F3,0.1,1,0.5,Delta,-0.01171875,4.54099807328442,6.38580126566189,2.38832146849188
VisualCogA_Task-2,2,F3,0.1,1,0.5,Delta,-0.0078125,4.97562615836969,6.78471900981553,2.56645990845884
VisualCogA_Task-2,2,F3,0.1,1,0.5,Delta,-0.00390625,5.43940039372384,7.31176145861957,2.90297908741953
VisualCogA_Task-2,2,F3,0.1,1,0.5,Delta,0,5.92469284197804,7.94286597473431,3.37791306567663
VisualCogA_Task-2,2,F3,0.1,1,0.5,Delta,0.00390625,6.44305848092792,8.65528921950068,3.96445583230469
VisualCogA_Task-2,2,F3,0.1,1,0.5,Delta,0.0078125,7.02087187969611,9.42231128237802,4.63909075868135
VisualCogA_Task-2,2,F3,0.1,1,0.5,Delta,0.01171875,7.68905085473976,10.2131965709051,5.36044478438755
VisualCogA_Task-2,2,F3,0.1,1,0.5,Delta,0.015625,8.46947642246681,10.9894184459492,6.0753931895265
VisualCogA_Task-2,2,F3,0.1,1,0.5,Delta,0.01953125,9.36175163810053,11.7004523070096,6.71773333745354
VisualCogA_Task-2,2,F3,0.1,1,0.5,Delta,0.0234375,10.3340849483038,12.2960148627073,7.20845960328197
VisualCogA_Task-2,2,F3,0.1,1,0.5,Delta,0.02734375,11.3212795266731,12.7301334666561,7.4720160682147
VisualCogA_Task-2,2,F3,0.1,1,0.5,Delta,0.03125,12.231211412492,12.9582519296739,7.45647463201569
VisualCogA_Task-2,2,F3,0.1,1,0.5,Delta,0.03515625,12.9591279299621,12.941204933125,7.12957599565226
VisualCogA_Task-2,2,F3,0.1,1,0.5,Delta,0.0390625,13.4070652003362,12.6465631987372,6.48539541415136
VisualCogA_Task-2,2,F3,0.1,1,0.5,Delta,0.04296875,13.5041749301955,12.0580745460143,5.54985659913782
VisualCogA_Task-2,2,F3,0.1,1,0.5,Delta,0.046875,13.2231930568116,11.175640885462,4.37060570849304
VisualCogA_Task-2,2,F3,0.1,1,0.5,Delta,0.05078125,12.5889131396635,10.0173983096972,3.01997374060364
VisualCogA_Task-2,2,F3,0.1,1,0.5,Delta,0.0546875,11.6762938608168,8.65184316995775,1.56931437174766
VisualCogA_Task-2,2,F3,0.1,1,0.5,Delta,0.05859375,10.5983414107765,7.19741449679559,0.105265181390386
VisualCogA_Task-2,2,F3,0.1,1,0.5,Delta,0.0625,9.48648892967832,5.79855086873373,-1.28169968697345
VisualCogA_Task-2,2,F3,0.1,1,0.5,Delta,0.06640625,8.46807942896326,4.60483302669456,-2.49715731340312
VisualCogA_Task-2,2,F3,0.1,1,0.5,Delta,0.0703125,7.64616019573912,3.72386168799479,-3.45315278103239
VisualCogA_Task-2,2,F3,0.1,1,0.5,Delta,0.07421875,7.08594561676465,3.19934262990851,-4.08854029273109
VisualCogA_Task-2,2,F3,0.1,1,0.5,Delta,0.078125,6.81032187861495,3.01604340006168,-4.39852646989811
VisualCogA_Task-2,2,F3,0.1,1,0.5,Delta,0.08203125,6.80432988208272,3.11789820400816,-4.43962143006063
VisualCogA_Task-2,2,F3,0.1,1,0.5,Delta,0.0859375,7.02642973900346,3.42791663123127,-4.29027994146866
VisualCogA_Task-2,2,F3,0.1,1,0.5,Delta,0.08984375,7.42307049949323,3.86169807364897,-4.02679520721641
VisualCogA_Task-2,2,F3,0.1,1,0.5,Delta,0.09375,7.94284873236513,4.35047517169364,-3.70093909779196
VisualCogA_Task-2,2,F3,0.1,1,0.5,Delta,0.09765625,8.54719489707627,4.85620339342686,-3.32885039582495
VisualCogA_Task-2,2,F3,0.1,1,0.5,Delta,0.1015625,9.21575116358157,5.39742296036982,-2.88691953562056
VisualCogA_Task-2,2,F3,0.1,1,0.5,Delta,0.10546875,9.94603517998603,6.0317688270199,-2.32365716233641
VisualCogA_Task-2,2,F3,0.1,1,0.5,Delta,0.109375,10.7482918033893,6.82947889687301,-1.571212350843
VisualCogA_Task-2,2,F3,0.1,1,0.5,Delta,0.11328125,11.6373506981832,7.85390708263042,-0.585650728238589
VisualCogA_Task-2,2,F3,0.1,1,0.5,Delta,0.1171875,12.6236706279258,9.1460311877157,0.631657371056745
VisualCogA_Task-2,2,F3,0.1,1,0.5,Delta,0.12109375,13.7055720480804,10.6904072848221,2.02125752923722
VisualCogA_Task-2,2,F3,0.1,1,0.5,Delta,0.125,14.8641334196053,12.3985016475533,3.50307430673364
VisualCogA_Task-2,2,F3,0.1,1,0.5,Delta,0.12890625,16.0616311585585,14.1528581981286,5.00016421499022
VisualCogA_Task-2,2,F3,0.1,1,0.5,Delta,0.1328125,17.2439197398274,15.8374009865984,6.4301298430389
VisualCogA_Task-2,2,F3,0.1,1,0.5,Delta,0.13671875,18.3467387403341,17.3497515941328,7.70761063898703
VisualCogA_Task-2,2,F3,0.1,1,0.5,Delta,0.140625,19.3053947393237,18.6005503439839,8.75645034020434
VisualCogA_Task-2,2,F3,0.1,1,0.5,Delta,0.14453125,20.0664564722191,19.5213142767572,9.5155947706482
VisualCogA_Task-2,2,F3,0.1,1,0.5,Delta,0.1484375,20.5991653175621,20.0816128647834,9.94797335885393
VisualCogA_Task-2,2,F3,0.1,1,0.5,Delta,0.15234375,20.9036450480842,20.3084238704199,10.0687025164662
VisualCogA_Task-2,2,F3,0.1,1,0.5,Delta,0.15625,21.0131956513378,20.2791022473311,9.94088475168158
VisualCogA_Task-2,2,F3,0.1,1,0.5,Delta,0.16015625,20.9891915999832,20.1151304876319,9.65839380691835
VisualCogA_Task-2,2,F3,0.1,1,0.5,Delta,0.1640625,20.9091151242985,19.952227076991,9.32919630807421
VisualCogA_Task-2,2,F3,0.1,1,0.5,Delta,0.16796875,20.8503890507154,19.9070161658931,9.06184955572388
VisualCogA_Task-2,2,F3,0.1,1,0.5,Delta,0.171875,20.8741768770785,20.0661969631499,8.95264329341603
VisualCogA_Task-2,2,F3,0.1,1,0.5,Delta,0.17578125,21.0136359077418,20.4650647211109,9.05437724640691
VisualCogA_Task-2,2,F3,0.1,1,0.5,Delta,0.1796875,21.2700674541011,21.080179114372,9.36005760077656
VisualCogA_Task-2,2,F3,0.1,1,0.5,Delta,0.18359375,21.6182368377778,21.8142563403837,9.80260984376785
VisualCogA_Task-2,2,F3,0.1,1,0.5,Delta,0.1875,22.019404632874,22.5453049601848,10.2835092484946
VisualCogA_Task-2,2,F3,0.1,1,0.5,Delta,0.19140625,22.4381136719453,23.1787539187843,10.7213772347526
VisualCogA_Task-2,2,F3,0.1,1,0.5,Delta,0.1953125,22.857353411125,23.6832069994189,11.0814524791153
VisualCogA_Task-2,2,F3,0.1,1,0.5,Delta,0.19921875,23.2869871311528,24.099532685314,11.3789758784395
VisualCogA_Task-2,2,F3,0.1,1,0.5,Delta,0.203125,23.7623664959936,24.5027098511575,11.6645704392271
VisualCogA_Task-2,2,F3,0.1,1,0.5,Delta,0.20703125,24.3332813438054,24.9628618140508,12.012234218731
VisualCogA_Task-2,2,F3,0.1,1,0.5,Delta,0.2109375,25.0466718450732,25.5076087753606,12.4693216044432
VisualCogA_Task-2,2,F3,0.1,1,0.5,Delta,0.21484375,25.928636712811,26.1215999689764,13.0326167083229
VisualCogA_Task-2,2,F3,0.1,1,0.5,Delta,0.21875,26.9714191744655,26.7561013967363,13.6599707108531
VisualCogA_Task-2,2,F3,0.1,1,0.5,Delta,0.22265625,28.1292633277588,27.345549819042,14.2883972575709
VisualCogA_Task-2,2,F3,0.1,1,0.5,Delta,0.2265625,29.3241088729914,27.8277971720844,14.8563122760198
VisualCogA_Task-2,2,F3,0.1,1,0.5,Delta,0.23046875,30.4591976802783,28.1794388598943,15.3133957710189
VisualCogA_Task-2,2,F3,0.1,1,0.5,Delta,0.234375,31.4367652884985,28.4400120511681,15.6219691245268
VisualCogA_Task-2,2,F3,0.1,1,0.5,Delta,0.23828125,32.1754609074787,28.662129149564,15.765141893731
VisualCogA_Task-2,2,F3,0.1,1,0.5,Delta,0.2421875,32.6237586354292,28.8534892877026,15.734628780056
VisualCogA_Task-2,2,F3,0.1,1,0.5,Delta,0.24609375,32.7668699628709,28.9834099961792,15.5347859012892
VisualCogA_Task-2,2,F3,0.1,1,0.5,Delta,0.25,32.6260895293363,29.0156083490369,15.1792810735938
VisualCogA_Task-2,2,F3,0.1,1,0.5,Delta,0.25390625,32.2509024785115,28.9306634179978,14.6818627273656
VisualCogA_Task-2,2,F3,0.1,1,0.5,Delta,0.2578125,31.705534665857,28.7219209070329,14.0724774446389
VisualCogA_Task-2,2,F3,0.1,1,0.5,Delta,0.26171875,31.0528813772454,28.3872418070057,13.3873672477241
VisualCogA_Task-2,2,F3,0.1,1,0.5,Delta,0.265625,30.3396499622443,27.9235282274024,12.6576600078707
VisualCogA_Task-2,2,F3,0.1,1,0.5,Delta,0.26953125,29.5866776598597,27.3198956636872,11.8707260489704
VisualCogA_Task-2,2,F3,0.1,1,0.5,Delta,0.2734375,28.7873910666191,26.5553767085577,10.9755971954298
VisualCogA_Task-2,2,F3,0.1,1,0.5,Delta,0.27734375,27.9152704168596,25.6068900553932,9.93209925139397
VisualCogA_Task-2,2,F3,0.1,1,0.5,Delta,0.28125,26.9384871237072,24.4590279774134,8.7109806941501
VisualCogA_Task-2,2,F3,0.1,1,0.5,Delta,0.28515625,25.8374999699309,23.1135824149906,7.29505679590458
VisualCogA_Task-2,2,F3,0.1,1,0.5,Delta,0.2890625,24.6202517006597,21.6056674185692,5.70451842242949
VisualCogA_Task-2,2,F3,0.1,1,0.5,Delta,0.29296875,23.3302200052867,20.0097420683973,4.00171191763968
VisualCogA_Task-2,2,F3,0.1,1,0.5,Delta,0.296875,22.0447732184868,18.4319416763114,2.2827354052213
VisualCogA_Task-2,2,F3,0.1,1,0.5,Delta,0.30078125,20.8642497823811,16.9914606873688,0.667495704949156
VisualCogA_Task-2,2,F3,0.1,1,0.5,Delta,0.3046875,19.8948332514942,15.8036336744462,-0.723956818271972
VisualCogA_Task-2,2,F3,0.1,1,0.5,Delta,0.30859375,19.2297524961225,14.9641289364293,-1.79155217773737
VisualCogA_Task-2,2,F3,0.1,1,0.5,Delta,0.3125,18.9332781921199,14.5384692976442,-2.46325708832726
VisualCogA_Task-2,2,F3,0.1,1,0.5,Delta,0.31640625,19.0306924537784,14.5633217418506,-2.7058453788654
VisualCogA_Task-2,2,F3,0.1,1,0.5,Delta,0.3203125,19.5055306520525,15.0334381634878,-2.5297013360472
VisualCogA_Task-2,2,F3,0.1,1,0.5,Delta,0.32421875,20.3036202280014,15.893914065802,-1.96870667700128
VisualCogA_Task-2,2,F3,0.1,1,0.5,Delta,0.328125,21.3422308634993,17.0548001467046,-1.06761809475956
VisualCogA_Task-2,2,F3,0.1,1,0.5,Delta,0.33203125,22.5221382829064,18.4019154587691,0.107823782721447
VisualCogA_Task-2,2,F3,0.1,1,0.5,Delta,0.3359375,23.7404567746054,19.8132148247925,1.45677849672086
VisualCogA_Task-2,2,F3,0.1,1,0.5,Delta,0.33984375,24.902460294999,21.1690104983977,2.84654619246004
VisualCogA_Task-2,2,F3,0.1,1,0.5,Delta,0.34375,25.9310677312847,22.3752662070554,4.15331343498634
VisualCogA_Task-2,2,F3,0.1,1,0.5,Delta,0.34765625,26.7731069570824,23.3723142642837,5.27985870455957
VisualCogA_Task-2,2,F3,0.1,1,0.5,Delta,0.3515625,27.4018929033873,24.1306555706895,6.1610327664954
VisualCogA_Task-2,2,F3,0.1,1,0.5,Delta,0.35546875,27.8161010187178,24.6563543790657,6.76032305939558
VisualCogA_Task-2,2,F3,0.1,1,0.5,Delta,0.359375,28.0354170213648,24.9864259238653,7.08441987810816
VisualCogA_Task-2,2,F3,0.1,1,0.5,Delta,0.36328125,28.0939672035395,25.1704934617318,7.17448816953173
VisualCogA_Task-2,2,F3,0.1,1,0.5,Delta,0.3671875,28.0329744427219,25.2576078470845,7.10146557018045
VisualCogA_Task-2,2,F3,0.1,1,0.5,Delta,0.37109375,27.8942716523326,25.296658607428,6.93985400775724
VisualCogA_Task-2,2,F3,0.1,1,0.5,Delta,0.375,27.716061547499,25.3243530467414,6.75025630842558
VisualCogA_Task-2,2,F3,0.1,1,0.5,Delta,0.37890625,27.5315732256562,25.3627299713354,6.56866079297683
VisualCogA_Task-2,2,F3,0.1,1,0.5,Delta,0.3828125,27.3701836627924,25.4151407654267,6.40645651929726
VisualCogA_Task-2,2,F3,0.1,1,0.5,Delta,0.38671875,27.2595303578436,25.4849463315462,6.25913064458804
VisualCogA_Task-2,2,F3,0.1,1,0.5,Delta,0.390625,27.2266231465075,25.5745023756682,6.12632079681033
VisualCogA_Task-2,2,F3,0.1,1,0.5,Delta,0.39453125,27.2963080090687,25.6924972308022,6.02578983295927
VisualCogA_Task-2,2,F3,0.1,1,0.5,Delta,0.3984375,27.4866239080895,25.8569041393736,5.98178253796837
VisualCogA_Task-2,2,F3,0.1,1,0.5,Delta,0.40234375,27.8021972917195,26.0905375375908,6.03178733242567
VisualCogA_Task-2,2,F3,0.1,1,0.5,Delta,0.40625,28.2281612357614,26.4095680693835,6.20908996024562
VisualCogA_Task-2,2,F3,0.1,1,0.5,Delta,0.41015625,28.7275338427409,26.8149696547177,6.52381659285898
VisualCogA_Task-2,2,F3,0.1,1,0.5,Delta,0.4140625,29.2442364969496,27.2964470813802,6.95914773646743
VisualCogA_Task-2,2,F3,0.1,1,0.5,Delta,0.41796875,29.7121481321299,27.8276058952699,7.47285844969722
VisualCogA_Task-2,2,F3,0.1,1,0.5,Delta,0.421875,30.0683888251299,28.3542022255279,7.98939396058187
VisualCogA_Task-2,2,F3,0.1,1,0.5,Delta,0.42578125,30.2672428606749,28.795656891364,8.4134682252487
VisualCogA_Task-2,2,F3,0.1,1,0.5,Delta,0.4296875,30.290510330569,29.068394375306,8.65346027635526
VisualCogA_Task-2,2,F3,0.1,1,0.5,Delta,0.43359375,30.1509520704507,29.1160009345964,8.64201590175056
VisualCogA_Task-2,2,F3,0.1,1,0.5,Delta,0.4375,29.8876236430017,28.9299792374962,8.35171991396599
VisualCogA_Task-2,2,F3,0.1,1,0.5,Delta,0.44140625,29.5545271269083,28.5696630450364,7.82535177405066
VisualCogA_Task-2,2,F3,0.1,1,0.5,Delta,0.4453125,29.2061673744152,28.1381722112599,7.15932863048713
VisualCogA_Task-2,2,F3,0.1,1,0.5,Delta,0.44921875,28.8844719141022,27.7284368557587,6.46872884620323
VisualCogA_Task-2,2,F3,0.1,1,0.5,Delta,0.453125,28.6108081027112,27.3878255767821,5.82859602072952
VisualCogA_Task-2,2,F3,0.1,1,0.5,Delta,0.45703125,28.384823731231,27.1134923441768,5.24607434406297
VisualCogA_Task-2,2,F3,0.1,1,0.5,Delta,0.4609375,28.1893647118118,26.8748607259831,4.70430398560826
VisualCogA_Task-2,2,F3,0.1,1,0.5,Delta,0.46484375,27.9987583591089,26.6249702498197,4.17051026010735
VisualCogA_Task-2,2,F3,0.1,1,0.5,Delta,0.46875,27.7870092015288,26.3114188818312,3.60554243304387
VisualCogA_Task-2,2,F3,0.1,1,0.5,Delta,0.47265625,27.5331079609232,25.8891713713733,2.97311439845497
VisualCogA_Task-2,2,F3,0.1,1,0.5,Delta,0.4765625,27.2223018528738,25.332456256417,2.26284258475171
VisualCogA_Task-2,2,F3,0.1,1,0.5,Delta,0.48046875,26.8440655345937,24.6405917047616,1.49472213802596
VisualCogA_Task-2,2,F3,0.1,1,0.5,Delta,0.484375,26.3888904688054,23.8311597668155,0.703919608094267
VisualCogA_Task-2,2,F3,0.1,1,0.5,Delta,0.48828125,25.8464005425052,22.9317657130935,-0.0884539266275735
VisualCogA_Task-2,2,F3,0.1,1,0.5,Delta,0.4921875,25.2066320400924,21.9801537118537,-0.877433850874668
VisualCogA_Task-2,2,F3,0.1,1,0.5,Delta,0.49609375,24.4648776317428,21.0117707326531,-1.67257337873698
VisualCogA_Task-2,2,F3,0.1,1,0.5,Delta,0.5,23.6288042275578,20.0439994500972,-2.48854780902944
VisualCogA_Task-2,2,F3,0.1,1,0.5,Delta,0.50390625,22.7252001636748,19.0896370441742,-3.33451480531485
VisualCogA_Task-2,2,F3,0.1,1,0.5,Delta,0.5078125,21.8031992993093,18.1901004344581,-4.19346321231474
VisualCogA_Task-2,2,F3,0.1,1,0.5,Delta,0.51171875,20.9314641064654,17.4092916253441,-5.03284610973039
VisualCogA_Task-2,2,F3,0.1,1,0.5,Delta,0.515625,20.1885358655299,16.8091911141303,-5.79020702864809
VisualCogA_Task-2,2,F3,0.1,1,0.5,Delta,0.51953125,19.6479098446888,16.4547405684267,-6.38834674903711
VisualCogA_Task-2,2,F3,0.1,1,0.5,Delta,0.5234375,19.3615637894394,16.4026413511509,-6.75089763622663
VisualCogA_Task-2,2,F3,0.1,1,0.5,Delta,0.52734375,19.3467951259455,16.67223857567,-6.82433596716808
VisualCogA_Task-2,2,F3,0.1,1,0.5,Delta,0.53125,19.5807547757934,17.2360950999269,-6.57554608510358
VisualCogA_Task-2,2,F3,0.1,1,0.5,Delta,0.53515625,20.005039398622,18.0407913167884,-6.03985634982861
VisualCogA_Task-2,2,F3,0.1,1,0.5,Delta,0.5390625,20.5397538019206,19.0108821408775,-5.29476461763648
VisualCogA_Task-2,2,F3,0.1,1,0.5,Delta,0.54296875,21.1035583018546,20.0509414197761,-4.44010224599342
VisualCogA_Task-2,2,F3,0.1,1,0.5,Delta,0.546875,21.6343140582698,21.0600844743924,-3.57910652490073
VisualCogA_Task-2,2,F3,0.1,1,0.5,Delta,0.55078125,22.10462118301,21.9488155715754,-2.7916097418714
VisualCogA_Task-2,2,F3,0.1,1,0.5,Delta,0.5546875,22.5278910542586,22.6569793321176,-2.10652333831511
VisualCogA_Task-2,2,F3,0.1,1,0.5,Delta,0.55859375,22.9531986738374,23.1770335269716,-1.50138278117237
VisualCogA_Task-2,2,F3,0.1,1,0.5,Delta,0.5625,23.4502689534123,23.5740354993009,-0.909628882372147
VisualCogA_Task-2,2,F3,0.1,1,0.5,Delta,0.56640625,24.0886733152816,23.9871155136257,-0.238432175946482
VisualCogA_Task-2,2,F3,0.1,1,0.5,Delta,0.5703125,24.9168676698825,24.5700445419867,0.596805291488735
VisualCogA_Task-2,2,F3,0.1,1,0.5,Delta,0.57421875,25.946640143529,25.4158379225027,1.62620693011415
VisualCogA_Task-2,2,F3,0.1,1,0.5,Delta,0.578125,27.1468878267093,26.5323162966101,2.81902735863284
VisualCogA_Task-2,2,F3,0.1,1,0.5,Delta,0.58203125,28.4479278792892,27.8418364018496,4.09086538452284
VisualCogA_Task-2,2,F3,0.1,1,0.5,Delta,0.5859375,29.7546290713955,29.2164186246921,5.31672362616798
VisualCogA_Task-2,2,F3,0.1,1,0.5,Delta,0.58984375,30.9644402456607,30.5137409544986,6.36566395686698
VisualCogA_Task-2,2,F3,0.1,1,0.5,Delta,0.59375,31.9855442029373,31.616965602415,7.13436089667442
VisualCogA_Task-2,2,F3,0.1,1,0.5,Delta,0.59765625,32.7510369205957,32.4510094502523,7.58142171002725
VisualCogA_Task-2,2,F3,0.1,1,0.5,Delta,0.6015625,33.2268388856504,32.9902734624975,7.71894905081713
VisualCogA_Task-2,2,F3,0.1,1,0.5,Delta,0.60546875,33.4132210653534,33.2418357186474,7.5854074866506
VisualCogA_Task-2,2,F3,0.1,1,0.5,Delta,0.609375,33.3415330693469,33.2372052207054,7.23571259457071
VisualCogA_Task-2,2,F3,0.1,1,0.5,Delta,0.61328125,33.0683874045296,33.0156096293451,6.73506917919778
VisualCogA_Task-2,2,F3,0.1,1,0.5,Delta,0.6171875,32.6691176048627,32.5997114207671,6.13910963850346
VisualCogA_Task-2,2,F3,0.1,1,0.5,Delta,0.62109375,32.2312305007001,32.0016646018952,5.50635806006854
VisualCogA_Task-2,2,F3,0.1,1,0.5,Delta,0.625,31.8475147295414,31.2499169571673,4.90644032728407
VisualCogA_Task-2,2,F3,0.1,1,0.5,Delta,0.62890625,31.6080424128886,30.4356235470908,4.41202472203565
VisualCogA_Task-2,2,F3,0.1,1,0.5,Delta,0.6328125,31.5907059927413,29.6703440230052,4.08690547362345
VisualCogA_Task-2,2,F3,0.1,1,0.5,Delta,0.63671875,31.8509098720429,29.0904702504041,3.99399662271187
VisualCogA_Task-2,2,F3,0.1,1,0.5,Delta,0.640625,32.4120582586851,28.794333112952,4.1748840681328
VisualCogA_Task-2,2,F3,0.1,1,0.5,Delta,0.64453125,33.2590414958316,28.8353733451217,4.63020281960419
VisualCogA_Task-2,2,F3,0.1,1,0.5,Delta,0.6484375,34.3367647111281,29.2811254609425,5.29894429199513
VisualCogA_Task-2,2,F3,0.1,1,0.5,Delta,0.65234375,35.5549215931293,30.1096424253335,6.11358841608168
VisualCogA_Task-2,2,F3,0.1,1,0.5,Delta,0.65625,36.7989321608444,31.1614675822326,7.00343479699179
VisualCogA_Task-2,2,F3,0.1,1,0.5,Delta,0.66015625,37.9455578316484,32.2382308414782,7.88980165639302
VisualCogA_Task-2,2,F3,0.1,1,0.5,Delta,0.6640625,38.8805131744014,33.1948048947252,8.68789521415401
VisualCogA_Task-2,2,F3,0.1,1,0.5,Delta,0.66796875,39.5147292779697,33.9242322456972,9.31235813204828
VisualCogA_Task-2,2,F3,0.1,1,0.5,Delta,0.671875,39.7960425116896,34.3685648413688,9.68657513689643
VisualCogA_Task-2,2,F3,0.1,1,0.5,Delta,0.67578125,39.7140701682138,34.529534339519,9.75931917767451
VisualCogA_Task-2,2,F3,0.1,1,0.5,Delta,0.6796875,39.2976956805227,34.4392939826009,9.52106466956278
VisualCogA_Task-2,2,F3,0.1,1,0.5,Delta,0.68359375,38.6064292185762,34.1447840346285,8.99570794742328
VisualCogA_Task-2,2,F3,0.1,1,0.5,Delta,0.6875,37.718303466798,33.7063678953869,8.24029030377572
VisualCogA_Task-2,2,F3,0.1,1,0.5,Delta,0.69140625,36.7174234994982,33.1836330775554,7.33657768583914
VisualCogA_Task-2,2,F3,0.1,1,0.5,Delta,0.6953125,35.6837233488167,32.62704736013,6.37568033353877
VisualCogA_Task-2,2,F3,0.1,1,0.5,Delta,0.69921875,34.6862395236057,32.0861014318587,5.44782858343242
VisualCogA_Task-2,2,F3,0.1,1,0.5,Delta,0.703125,33.7798832672333,31.6146693084865,4.63634313416742
VisualCogA_Task-2,2,F3,0.1,1,0.5,Delta,0.70703125,33.0047954100459,31.2488402133169,4.00493833728347
VisualCogA_Task-2,2,F3,0.1,1,0.5,Delta,0.7109375,32.3871134429253,31.008456524247,3.58452153277857
VisualCogA_Task-2,2,F3,0.1,1,0.5,Delta,0.71484375,31.940250442244,30.9006859855461,3.37279259997982
VisualCogA_Task-2,2,F3,0.1,1,0.5,Delta,0.71875,31.6662722739737,30.9341617038927,3.35967971388833
VisualCogA_Task-2,2,F3,0.1,1,0.5,Delta,0.72265625,31.5573644699318,31.1108115021328,3.53444080547592
VisualCogA_Task-2,2,F3,0.1,1,0.5,Delta,0.7265625,31.5975469440566,31.4117245454499,3.87551841382062
VisualCogA_Task-2,2,F3,0.1,1,0.5,Delta,0.73046875,31.7647349585315,31.7949732645392,4.33441394193877
VisualCogA_Task-2,2,F3,0.1,1,0.5,Delta,0.734375,32.0330809755275,32.2141112263752,4.83146302291027
VisualCogA_Task-2,2,F3,0.1,1,0.5,Delta,0.73828125,32.3754095989031,32.6188001670951,5.27670707601168
VisualCogA_Task-2,2,F3,0.1,1,0.5,Delta,0.7421875,32.7655676256432,32.9460266628475,5.57929896105892
VisualCogA_Task-2,2,F3,0.1,1,0.5,Delta,0.74609375,33.180645824049,33.16198483922,5.6892533014972
VisualCogA_Task-2,2,F3,0.1,1,0.5,Delta,0.75,33.6031861314874,33.2648881780333,5.626915990357
VisualCogA_Task-2,2,F3,0.1,1,0.5,Delta,0.75390625,34.0235260593346,33.3017500505975,5.48030016875129
VisualCogA_Task-2,2,F3,0.1,1,0.5,Delta,0.7578125,34.4422569128853,33.3486686546501,5.37227847653559
VisualCogA_Task-2,2,F3,0.1,1,0.5,Delta,0.76171875,34.8724055168581,33.4818143873331,5.418290806203
VisualCogA_Task-2,2,F3,0.1,1,0.5,Delta,0.765625,35.3405365546454,33.7501277921306,5.69224561259507
VisualCogA_Task-2,2,F3,0.1,1,0.5,Delta,0.76953125,35.8857305441163,34.1629835388546,6.22616905742576
VisualCogA_Task-2,2,F3,0.1,1,0.5,Delta,0.7734375,36.5555215746978,34.7000437871371,7.02336440920681
VisualCogA_Task-2,2,F3,0.1,1,0.5,Delta,0.77734375,37.3984836206397,35.323397782021,8.0704617306073
VisualCogA_Task-2,2,F3,0.1,1,0.5,Delta,0.78125,38.4541858519056,35.9994070103271,9.34494349852627
VisualCogA_Task-2,2,F3,0.1,1,0.5,Delta,0.78515625,39.7424716724626,36.7207346050506,10.8195418605165
VisualCogA_Task-2,2,F3,0.1,1,0.5,Delta,0.7890625,41.2550818966986,37.5053360052219,12.4494722746316
VisualCogA_Task-2,2,F3,0.1,1,0.5,Delta,0.79296875,42.9531167057616,38.3770212687695,14.1804058662505
VisualCogA_Task-2,2,F3,0.1,1,0.5,Delta,0.796875,44.7733867103588,39.3156242621008,15.9541413482531
VisualCogA_Task-2,2,F3,0.1,1,0.5,Delta,0.80078125,46.6452380812016,40.2842439165796,17.736436516833
VisualCogA_Task-2,2,F3,0.5,1,0.1,Left,-0.19921875,1.731927585532,1.0306746088692,1.51461873518902
VisualCogA_Task-2,2,F3,0.5,1,0.1,Left,-0.1953125,2.32583437905446,1.45883774893168,1.93396526918798
VisualCogA_Task-2,2,F3,0.5,1,0.1,Left,-0.19140625,2.86752777838342,1.83108381687016,2.300582704696
VisualCogA_Task-2,2,F3,0.5,1,0.1,Left,-0.1875,3.28629565153823,2.07445637190333,2.54623293720861
VisualCogA_Task-2,2,F3,0.5,1,0.1,Left,-0.18359375,3.51948938601389,2.12544735667417,2.60642316092819
VisualCogA_Task-2,2,F3,0.5,1,0.1,Left,-0.1796875,3.5298995752827,1.95583161108657,2.45084493762806
VisualCogA_Task-2,2,F3,0.5,1,0.1,Left,-0.17578125,3.31391927423398,1.58594364399053,2.09838050418897
VisualCogA_Task-2,2,F3,0.5,1,0.1,Left,-0.171875,2.90164236131681,1.08049469262427,1.60716299685793
VisualCogA_Task-2,2,F3,0.5,1,0.1,Left,-0.16796875,2.35063940568186,0.530300228076135,1.06571347565336
VisualCogA_Task-2,2,F3,0.5,1,0.1,Left,-0.1640625,1.73543968204636,0.0286013126299957,0.565693733869371
VisualCogA_Task-2,2,F3,0.5,1,0.1,Left,-0.16015625,1.13490660981425,-0.3559384038112,0.172217875806138
VisualCogA_Task-2,2,F3,0.5,1,0.1,Left,-0.15625,0.619742191315393,-0.592577475130045,-0.0821984086742066
VisualCogA_Task-2,2,F3,0.5,1,0.1,Left,-0.15234375,0.24217821198178,-0.686862268618665,-0.196744208043113
VisualCogA_Task-2,2,F3,0.5,1,0.1,Left,-0.1484375,0.0293937980953078,-0.668127250004126,-0.196913948506718
VisualCogA_Task-2,2,F3,0.5,1,0.1,Left,-0.14453125,-0.0186269600057921,-0.572964725431627,-0.120091277682282
VisualCogA_Task-2,2,F3,0.5,1,0.1,Left,-0.140625,0.0730032439114448,-0.433353710388028,-0.000401479673322992
VisualCogA_Task-2,2,F3,0.5,1,0.1,Left,-0.13671875,0.259515787052889,-0.271570975822034,0.13568899057083
VisualCogA_Task-2,2,F3,0.5,1,0.1,Left,-0.1328125,0.484085283388066,-0.10933553209305,0.262807793252082
VisualCogA_Task-2,2,F3,0.5,1,0.1,Left,-0.12890625,0.686491883515819,0.028681240477646,0.355199219671092
VisualCogA_Task-2,2,F3,0.5,1,0.1,Left,-0.125,0.811970507586631,0.118617121345413,0.392037844106849
VisualCogA_Task-2,2,F3,0.5,1,0.1,Left,-0.12109375,0.819441362295898,0.139732449314539,0.359591520353952
VisualCogA_Task-2,2,F3,0.5,1,0.1,Left,-0.1171875,0.688135418428175,0.0871932072788286,0.256588646918712
VisualCogA_Task-2,2,F3,0.5,1,0.1,Left,-0.11328125,0.421363137472453,-0.0288309346391149,0.0940624057681011
VisualCogA_Task-2,2,F3,0.5,1,0.1,Left,-0.109375,0.0461691910432467,-0.186174490136745,-0.10639457359651
VisualCogA_Task-2,2,F3,0.5,1,0.1,Left,-0.10546875,-0.391829567583437,-0.357701229847554,-0.319198050012544
VisualCogA_Task-2,2,F3,0.5,1,0.1,Left,-0.1015625,-0.837973431937408,-0.517158483690963,-0.520373986858709
VisualCogA_Task-2,2,F3,0.5,1,0.1,Left,-0.09765625,-1.24056943791979,-0.643254514983726,-0.690865320646761
VisualCogA_Task-2,2,F3,0.5,1,0.1,Left,-0.09375,-1.5623367679067,-0.718433266414695,-0.815024998667752
VisualCogA_Task-2,2,F3,0.5,1,0.1,Left,-0.08984375,-1.78794283173678,-0.73102074728278,-0.881510053560062
VisualCogA_Task-2,2,F3,0.5,1,0.1,Left,-0.0859375,-1.92515004382897,-0.684733758121324,-0.89257317156548
VisualCogA_Task-2,2,F3,0.5,1,0.1,Left,-0.08203125,-1.9989820787947,-0.600629612500961,-0.864878220853266
VisualCogA_Task-2,2,F3,0.5,1,0.1,Left,-0.078125,-2.0406391479105,-0.504059302854907,-0.821211549214317
VisualCogA_Task-2,2,F3,0.5,1,0.1,Left,-0.07421875,-2.07480170638639,-0.430653359356937,-0.7971018855852
VisualCogA_Task-2,2,F3,0.5,1,0.1,Left,-0.0703125,-2.10969168901178,-0.411445845262818,-0.830400711364113
VisualCogA_Task-2,2,F3,0.5,1,0.1,Left,-0.06640625,-2.13344141475111,-0.455576723064458,-0.939537766489463
VisualCogA_Task-2,2,F3,0.5,1,0.1,Left,-0.0625,-2.1181739601547,-0.539281827321153,-1.10747392334417
VisualCogA_Task-2,2,F3,0.5,1,0.1,Left,-0.05859375,-2.03048627188167,-0.615571236313013,-1.27941480297839
VisualCogA_Task-2,2,F3,0.5,1,0.1,Left,-0.0546875,-1.84475924449268,-0.643533728171748,-1.39677696161105
VisualCogA_Task-2,2,F3,0.5,1,0.1,Left,-0.05078125,-1.55474737333789,-0.608130735885151,-1.4132435198226
VisualCogA_Task-2,2,F3,0.5,1,0.1,Left,-0.046875,-1.17956315028831,-0.504215780356965,-1.31282977466215
VisualCogA_Task-2,2,F3,0.5,1,0.1,Left,-0.04296875,-0.762168423495904,-0.315853959731185,-1.10987046302949
VisualCogA_Task-2,2,F3,0.5,1,0.1,Left,-0.0390625,-0.361024521461689,-0.0481460691905941,-0.834169997045707
VisualCogA_Task-2,2,F3,0.5,1,0.1,Left,-0.03515625,-0.0376925496530382,0.272706947082069,-0.527030346018985
VisualCogA_Task-2,2,F3,0.5,1,0.1,Left,-0.03125,0.155800139509876,0.595456866877531,-0.230984891627965
VisualCogA_Task-2,2,F3,0.5,1,0.1,Left,-0.02734375,0.186336710832213,0.851229586431181,-0.00216297181635245
VisualCogA_Task-2,2,F3,0.5,1,0.1,Left,-0.0234375,0.0437373324211092,0.98391489268517,0.10488227937619
VisualCogA_Task-2,2,F3,0.5,1,0.1,Left,-0.01953125,-0.260804598926917,0.954446098697999,0.0536116152417343
VisualCogA_Task-2,2,F3,0.5,1,0.1,Left,-0.015625,-0.700476623235662,0.747807982801872,-0.170971904412154
VisualCogA_Task-2,2,F3,0.5,1,0.1,Left,-0.01171875,-1.24044376451506,0.372030549109228,-0.558753145258403
VisualCogA_Task-2,2,F3,0.5,1,0.1,Left,-0.0078125,-1.84485301081235,-0.142990609928124,-1.07968347924965
VisualCogA_Task-2,2,F3,0.5,1,0.1,Left,-0.00390625,-2.48146933737886,-0.749012428314964,-1.69010024376196
VisualCogA_Task-2,2,F3,0.5,1,0.1,Left,0,-3.12326315292407,-1.38441732656967,-2.33198434449164
VisualCogA_Task-2,2,F3,0.5,1,0.1,Left,0.00390625,-3.74742095580968,-1.98316448204814,-2.9406224385308
VisualCogA_Task-2,2,F3,0.5,1,0.1,Left,0.0078125,-4.33309949466745,-2.48201815505357,-3.45174054126495
VisualCogA_Task-2,2,F3,0.5,1,0.1,Left,0.01171875,-4.85953887123079,-2.83794367606204,-3.81514491994636
VisualCogA_Task-2,2,F3,0.5,1,0.1,Left,0.015625,-5.30581875377758,-3.03155553865995,-4.00589592492917
VisualCogA_Task-2,2,F3,0.5,1,0.1,Left,0.01953125,-5.65271866693121,-3.05721486554726,-4.01694495066057
VisualCogA_Task-2,2,F3,0.5,1,0.1,Left,0.0234375,-5.88613935703403,-2.92281433246267,-3.84843168378651
VisualCogA_Task-2,2,F3,0.5,1,0.1,Left,0.02734375,-6.00074681429999,-2.64583625009408,-3.51334356692642
VisualCogA_Task-2,2,F3,0.5,1,0.1,Left,0.03125,-6.00223970856389,-2.25260187577069,-3.0440216797967
VisualCogA_Task-2,2,F3,0.5,1,0.1,Left,0.03515625,-5.90704436912463,-1.78263604084365,-2.49692905429174
VisualCogA_Task-2,2,F3,0.5,1,0.1,Left,0.0390625,-5.73917484173564,-1.28629287107885,-1.93909780656472
VisualCogA_Task-2,2,F3,0.5,1,0.1,Left,0.04296875,-5.52509697575822,-0.808738920526898,-1.43256275716392
VisualCogA_Task-2,2,F3,0.5,1,0.1,Left,0.046875,-5.28825062787312,-0.37473201136489,-1.018400928134
VisualCogA_Task-2,2,F3,0.5,1,0.1,Left,0.05078125,-5.04505399974269,0.0160767183229017,-0.712404877101261
VisualCogA_Task-2,2,F3,0.5,1,0.1,Left,0.0546875,-4.8036399125378,0.369716548495415,-0.504786551310674
VisualCogA_Task-2,2,F3,0.5,1,0.1,Left,0.05859375,-4.56548169767823,0.701048066464684,-0.363229260715548
VisualCogA_Task-2,2,F3,0.5,1,0.1,Left,0.0625,-4.3289282807501,1.02969066084081,-0.24293251699644
VisualCogA_Task-2,2,F3,0.5,1,0.1,Left,0.06640625,-4.09299417025143,1.36994355929718,-0.101507798675518
VisualCogA_Task-2,2,F3,0.5,1,0.1,Left,0.0703125,-3.85984250950302,1.73766934439519,0.093447665952512
VisualCogA_Task-2,2,F3,0.5,1,0.1,Left,0.07421875,-3.63519375970328,2.14343152412349,0.354641324130793
VisualCogA_Task-2,2,F3,0.5,1,0.1,Left,0.078125,-3.42698227331896,2.59073747266284,0.678950253060082
VisualCogA_Task-2,2,F3,0.5,1,0.1,Left,0.08203125,-3.24342326548463,3.06958739190293,1.05236004377364
VisualCogA_Task-2,2,F3,0.5,1,0.1,Left,0.0859375,-3.09183909779748,3.55322999819854,1.45370527065365
VisualCogA_Task-2,2,F3,0.5,1,0.1,Left,0.08984375,-2.97906294029956,4.01002769310421,1.85592707122277
VisualCogA_Task-2,2,F3,0.5,1,0.1,Left,0.09375,-2.91328267965409,4.4124158662634,2.2255667559684
VisualCogA_Task-2,2,F3,0.5,1,0.1,Left,0.09765625,-2.90628947007824,4.73672318924493,2.52245436838033
VisualCogA_Task-2,2,F3,0.5,1,0.1,Left,0.1015625,-2.97467723421752,4.94398225037777,2.69917140202426
VisualCogA_Task-2,2,F3,0.5,1,0.1,Left,0.10546875,-3.13878116687893,4.98742572194488,2.70861586250883
VisualCogA_Task-2,2,F3,0.5,1,0.1,Left,0.109375,-3.41893335727922,4.82489822274397,2.51301622031616
VisualCogA_Task-2,2,F3,0.5,1,0.1,Left,0.11328125,-3.8296348492188,4.42940673977771,2.09176855596303
VisualCogA_Task-2,2,F3,0.5,1,0.1,Left,0.1171875,-4.37312159882958,3.8067721701494,1.44782527939459
VisualCogA_Task-2,2,F3,0.5,1,0.1,Left,0.12109375,-5.03424193285518,2.99243774642546,0.608452748388204
VisualCogA_Task-2,2,F3,0.5,1,0.1,Left,0.125,-5.77842893625444,2.04466672535277,-0.376235340546117
VisualCogA_Task-2,2,F3,0.5,1,0.1,Left,0.12890625,-6.55388009957682,1.034953211728,-1.43740094259123
VisualCogA_Task-2,2,F3,0.5,1,0.1,Left,0.1328125,-7.29802666143451,0.0408886180681597,-2.49642491392919
VisualCogA_Task-2,2,F3,0.5,1,0.1,Left,0.13671875,-7.94724782004512,-0.85967887128426,-3.47809180605334
VisualCogA_Task-2,2,F3,0.5,1,0.1,Left,0.140625,-8.4478435869977,-1.59253103088843,-4.31466217659569
VisualCogA_Task-2,2,F3,0.5,1,0.1,Left,0.14453125,-8.76577449276867,-2.09688729047127,-4.95246033880809
VisualCogA_Task-2,2,F3,0.5,1,0.1,Left,0.1484375,-8.89277455740132,-2.33961736355331,-5.35975697006534
VisualCogA_Task-2,2,F3,0.5,1,0.1,Left,0.15234375,-8.84718598290103,-2.33008518137593,-5.53274824162494
VisualCogA_Task-2,2,F3,0.5,1,0.1,Left,0.15625,-8.66912501667704,-2.12600007724735,-5.49851705780939
VisualCogA_Task-2,2,F3,0.5,1,0.1,Left,0.16015625,-8.41107096995079,-1.81596561502509,-5.31069425138197
VisualCogA_Task-2,2,F3,0.5,1,0.1,Left,0.1640625,-8.12625461632342,-1.48225869970057,-5.03738412622998
VisualCogA_Task-2,2,F3,0.5,1,0.1,Left,0.16796875,-7.85788617319624,-1.18637465341355,-4.74572905277126
VisualCogA_Task-2,2,F3,0.5,1,0.1,Left,0.171875,-7.63204395278032,-0.969856434149382,-4.49170770063319
VisualCogA_Task-2,2,F3,0.5,1,0.1,Left,0.17578125,-7.45596768219817,-0.849355808163707,-4.31061320335555
VisualCogA_Task-2,2,F3,0.5,1,0.1,Left,0.1796875,-7.32189710232886,-0.820876504206032,-4.21033234051366
VisualCogA_Task-2,2,F3,0.5,1,0.1,Left,0.18359375,-7.21498851517248,-0.840616379766075,-4.16895794250555
VisualCogA_Task-2,2,F3,0.5,1,0.1,Left,0.1875,-7.12274046875199,-0.854376123074864,-4.14711714745346
VisualCogA_Task-2,2,F3,0.5,1,0.1,Left,0.19140625,-7.0430748332801,-0.832245069772447,-4.11084689857616
VisualCogA_Task-2,2,F3,0.5,1,0.1,Left,0.1953125,-6.98876467663663,-0.786304584139398,-4.06221202941603
VisualCogA_Task-2,2,F3,0.5,1,0.1,Left,0.19921875,-6.98702366414938,-0.770651740361509,-4.04591219740225
VisualCogA_Task-2,2,F3,0.5,1,0.1,Left,0.203125,-7.07438522924455,-0.845092817079555,-4.12529579410469
VisualCogA_Task-2,2,F3,0.5,1,0.1,Left,0.20703125,-7.28813842701923,-1.05273622336019,-4.35298337167853
VisualCogA_Task-2,2,F3,0.5,1,0.1,Left,0.2109375,-7.65632325706042,-1.39904762649469,-4.74795850131389
VisualCogA_Task-2,2,F3,0.5,1,0.1,Left,0.21484375,-8.1885561694211,-1.85412337841102,-5.29121226292239
VisualCogA_Task-2,2,F3,0.5,1,0.1,Left,0.21875,-8.86979918033805,-2.36058964786542,-5.93577674119328
VisualCogA_Task-2,2,F3,0.5,1,0.1,Left,0.22265625,-9.65867289632977,-2.84797437164935,-6.61755953669865
VisualCogA_Task-2,2,F3,0.5,1,0.1,Left,0.2265625,-10.4910977876842,-3.25286285789373,-7.26752962108935
VisualCogA_Task-2,2,F3,0.5,1,0.1,Left,0.23046875,-11.2889906066381,-3.54275157760538,-7.82291017252087
VisualCogA_Task-2,2,F3,0.5,1,0.1,Left,0.234375,-11.9725790225068,-3.7356193134584,-8.23489744776385
VisualCogA_Task-2,2,F3,0.5,1,0.1,Left,0.23828125,-12.4738787868167,-3.85869057932765,-8.4716542357392
VisualCogA_Task-2,2,F3,0.5,1,0.1,Left,0.2421875,-12.7483357700078,-3.9029810556894,-8.51687216490014
VisualCogA_Task-2,2,F3,0.5,1,0.1,Left,0.24609375,-12.7818580394835,-3.8352848141703,-8.37395115795775
VisualCogA_Task-2,2,F3,0.5,1,0.1,Left,0.25,-12.5915324343447,-3.63385439260234,-8.06623854691338
VisualCogA_Task-2,2,F3,0.5,1,0.1,Left,0.25390625,-12.2199992887052,-3.30776223884269,-7.63376731964424
VisualCogA_Task-2,2,F3,0.5,1,0.1,Left,0.2578125,-11.7252175270368,-2.88587588512229,-7.12676083646002
VisualCogA_Task-2,2,F3,0.5,1,0.1,Left,0.26171875,-11.1685525778566,-2.40151877459293,-6.59333329553091
VisualCogA_Task-2,2,F3,0.5,1,0.1,Left,0.265625,-10.6042994707989,-1.88297371976584,-6.06745602802672
VisualCogA_Task-2,2,F3,0.5,1,0.1,Left,0.26953125,-10.0728649790308,-1.34672005397104,-5.56361641287273
VisualCogA_Task-2,2,F3,0.5,1,0.1,Left,0.2734375,-9.59829305176155,-0.797395330882784,-5.08274525110737
VisualCogA_Task-2,2,F3,0.5,1,0.1,Left,0.27734375,-9.1893226595364,-0.236344576869557,-4.61531566053884
VisualCogA_Task-2,2,F3,0.5,1,0.1,Left,0.28125,-8.84234776233841,0.333148004626816,-4.14896229583676
VisualCogA_Task-2,2,F3,0.5,1,0.1,Left,0.28515625,-8.54475628064576,0.906508898780713,-3.67643518307623
VisualCogA_Task-2,2,F3,0.5,1,0.1,Left,0.2890625,-8.27791736785342,1.47407521265292,-3.19310033843456
VisualCogA_Task-2,2,F3,0.5,1,0.1,Left,0.29296875,-8.01998696981451,2.02361586903425,-2.69856801790802
VisualCogA_Task-2,2,F3,0.5,1,0.1,Left,0.296875,-7.74913364540372,2.54754560009733,-2.19422748486504
VisualCogA_Task-2,2,F3,0.5,1,0.1,Left,0.30078125,-7.44749716559447,3.05032498052886,-1.6834670692476
VisualCogA_Task-2,2,F3,0.5,1,0.1,Left,0.3046875,-7.10538539394054,3.54582860156988,-1.17398070897153
VisualCogA_Task-2,2,F3,0.5,1,0.1,Left,0.30859375,-6.72442362958062,4.05054776699418,-0.673499252086367
VisualCogA_Task-2,2,F3,0.5,1,0.1,Left,0.3125,-6.3181491347105,4.57429233701154,-0.184576788406638
VisualCogA_Task-2,2,F3,0.5,1,0.1,Left,0.31640625,-5.90915152842441,5.10647162382036,0.287947553819183
VisualCogA_Task-2,2,F3,0.5,1,0.1,Left,0.3203125,-5.523109036003,5.62616164150003,0.733535598599427
VisualCogA_Task-2,2,F3,0.5,1,0.1,Left,0.32421875,-5.18141111563372,6.11585278998362,1.14110356925241
VisualCogA_Task-2,2,F3,0.5,1,0.1,Left,0.328125,-4.89485105622116,6.5596067763437,1.4966425497747
VisualCogA_Task-2,2,F3,0.5,1,0.1,Left,0.33203125,-4.66070652544365,6.94885717970667,1.79308498659528
VisualCogA_Task-2,2,F3,0.5,1,0.1,Left,0.3359375,-4.46441511584837,7.28377095438327,2.04237349929726
VisualCogA_Task-2,2,F3,0.5,1,0.1,Left,0.33984375,-4.28542074283147,7.57957142004593,2.26735703511515
VisualCogA_Task-2,2,F3,0.5,1,0.1,Left,0.34375,-4.10525252703555,7.85646753240788,2.49429181724445
VisualCogA_Task-2,2,F3,0.5,1,0.1,Left,0.34765625,-3.91507563987505,8.12807820994172,2.74681806976568
VisualCogA_Task-2,2,F3,0.5,1,0.1,Left,0.3515625,-3.72011529925362,8.40137800555058,3.03752429430508
VisualCogA_Task-2,2,F3,0.5,1,0.1,Left,0.35546875,-3.53942212402936,8.66835769574601,3.35604127162318
VisualCogA_Task-2,2,F3,0.5,1,0.1,Left,0.359375,-3.40102832241593,8.90410000360647,3.66687686951205
VisualCogA_Task-2,2,F3,0.5,1,0.1,Left,0.36328125,-3.33409227289823,9.07096848655736,3.91315807003858
VisualCogA_Task-2,2,F3,0.5,1,0.1,Left,0.3671875,-3.36062487734193,9.12460783604714,4.03467544682652
VisualCogA_Task-2,2,F3,0.5,1,0.1,Left,0.37109375,-3.48950018427777,9.02065222228657,3.984564348815
VisualCogA_Task-2,2,F3,0.5,1,0.1,Left,0.375,-3.71462421698582,8.73250923477223,3.74228991339187
VisualCogA_Task-2,2,F3,0.5,1,0.1,Left,0.37890625,-4.01763074965689,8.26383704191694,3.31443697377189
VisualCogA_Task-2,2,F3,0.5,1,0.1,Left,0.3828125,-4.37380898864974,7.65601595108973,2.73541257690789
VisualCogA_Task-2,2,F3,0.5,1,0.1,Left,0.38671875,-4.75877113078491,6.97478707233317,2.06431779803662
VisualCogA_Task-2,2,F3,0.5,1,0.1,Left,0.390625,-5.15314358038895,6.2968405727416,1.36386554051616
VisualCogA_Task-2,2,F3,0.5,1,0.1,Left,0.39453125,-5.54346854419658,5.69248577155175,0.685827911249769
VisualCogA_Task-2,2,F3,0.5,1,0.1,Left,0.3984375,-5.91921328647256,5.21472537074313,0.0724696107356468
VisualCogA_Task-2,2,F3,0.5,1,0.1,Left,0.40234375,-6.26759386093314,4.89368680947623,-0.445297633470092
VisualCogA_Task-2,2,F3,0.5,1,0.1,Left,0.40625,-6.56902141002058,4.73667261435945,-0.852559782628513
VisualCogA_Task-2,2,F3,0.5,1,0.1,Left,0.41015625,-6.79583797139441,4.73228812083541,-1.14314723034149
VisualCogA_Task-2,2,F3,0.5,1,0.1,Left,0.4140625,-6.91562981949726,4.85645498984334,-1.31292859308487
VisualCogA_Task-2,2,F3,0.5,1,0.1,Left,0.41796875,-6.89835417455327,5.08216833784526,-1.35699756337394
VisualCogA_Task-2,2,F3,0.5,1,0.1,Left,0.421875,-6.72467691524526,5.39295008352323,-1.27092023343165
VisualCogA_Task-2,2,F3,0.5,1,0.1,Left,0.42578125,-6.39211968361148,5.79097471153167,-1.04702028111521
VisualCogA_Task-2,2,F3,0.5,1,0.1,Left,0.4296875,-5.91625417295828,6.28556674226002,-0.674788074636211
VisualCogA_Task-2,2,F3,0.5,1,0.1,Left,0.43359375,-5.32604904165613,6.8874728352594,-0.132260372779213
VisualCogA_Task-2,2,F3,0.5,1,0.1,Left,0.4375,-4.65482478474771,7.6059121733527,0.605800940384588
VisualCogA_Task-2,2,F3,0.5,1,0.1,Left,0.44140625,-3.93012931201697,8.44430338064825,1.54078811558095
VisualCogA_Task-2,2,F3,0.5,1,0.1,Left,0.4453125,-3.16641940780431,9.39653058962809,2.6449685077437
VisualCogA_Task-2,2,F3,0.5,1,0.1,Left,0.44921875,-2.36344829271805,10.4458206223659,3.88648754776338
VisualCogA_Task-2,2,F3,0.5,1,0.1,Left,0.453125,-1.51108383344651,11.5673152871733,5.20133775483136
VisualCogA_Task-2,2,F3,0.5,1,0.1,Left,0.45703125,-0.598771321198102,12.7336182038206,6.53317798866325
VisualCogA_Task-2,2,F3,0.5,1,0.1,Left,0.4609375,0.373999279203113,13.9210855191641,7.84798563035851
VisualCogA_Task-2,2,F3,0.5,1,0.1,Left,0.46484375,1.39033796101309,15.106286829365,9.12414836959276
VisualCogA_Task-2,2,F3,0.5,1,0.1,Left,0.46875,2.41476180333414,16.2642701053703,10.3338262994137
VisualCogA_Task-2,2,F3,0.5,1,0.1,Left,0.47265625,3.39904590666689,17.3720339494705,11.4451823840496
VisualCogA_Task-2,2,F3,0.5,1,0.1,Left,0.4765625,4.29356021805772,18.4104845525054,12.433403063728
VisualCogA_Task-2,2,F3,0.5,1,0.1,Left,0.48046875,5.06069920244638,19.3646890311452,13.2771491753626
VisualCogA_Task-2,2,F3,0.5,1,0.1,Left,0.484375,5.68636092217417,20.2293643371179,13.9618198768182
VisualCogA_Task-2,2,F3,0.5,1,0.1,Left,0.48828125,6.18607990958717,21.0122157535485,14.5046074322727
VisualCogA_Task-2,2,F3,0.5,1,0.1,Left,0.4921875,6.60404002497268,21.7290672035067,14.9581101762951
VisualCogA_Task-2,2,F3,0.5,1,0.1,Left,0.49609375,7.00520741644375,22.4128948382712,15.395557408372
VisualCogA_Task-2,2,F3,0.5,1,0.1,Left,0.5,7.46262202955522,23.1262237972741,15.9066477434878
VisualCogA_Task-2,2,F3,0.5,1,0.1,Left,0.50390625,8.04302396045874,23.9421816503354,16.5826035967252
VisualCogA_Task-2,2,F3,0.5,1,0.1,Left,0.5078125,8.79427196526237,24.90279760129,17.4811635387786
VisualCogA_Task-2,2,F3,0.5,1,0.1,Left,0.51171875,9.73746494903063,26.014904193003,18.6077044928773
VisualCogA_Task-2,2,F3,0.5,1,0.1,Left,0.515625,10.8654787377245,27.265532887089,19.922879151019
VisualCogA_Task-2,2,F3,0.5,1,0.1,Left,0.51953125,12.1480402020388,28.6121279432692,21.3583473957601
VisualCogA_Task-2,2,F3,0.5,1,0.1,Left,0.5234375,13.5418124612345,29.9940334081143,22.8331638210287
VisualCogA_Task-2,2,F3,0.5,1,0.1,Left,0.52734375,15.0026587081499,31.3658955128025,24.2747708745584
VisualCogA_Task-2,2,F3,0.5,1,0.1,Left,0.53125,16.4966822992945,32.7136023561274,25.6496139976385
VisualCogA_Task-2,2,F3,0.5,1,0.1,Left,0.53515625,18.0070474154903,34.0386511737228,26.9605548988653
VisualCogA_Task-2,2,F3,0.5,1,0.1,Left,0.5390625,19.53491130728,35.3593799513427,28.2405751519859
VisualCogA_Task-2,2,F3,0.5,1,0.1,Left,0.54296875,21.0946569961344,36.7142393962284,29.5413624847897
VisualCogA_Task-2,2,F3,0.5,1,0.1,Left,0.546875,22.7053957902953,38.1532908395332,30.9162882372621
VisualCogA_Task-2,2,F3,0.5,1,0.1,Left,0.55078125,24.3818021819402,39.727629567246,32.4045093104924
VisualCogA_Task-2,2,F3,0.5,1,0.1,Left,0.5546875,26.1273710776352,41.4764566018947,34.0191048502777
VisualCogA_Task-2,2,F3,0.5,1,0.1,Left,0.55859375,27.9321540915313,43.405802611665,35.7460041416743
VisualCogA_Task-2,2,F3,0.5,1,0.1,Left,0.5625,29.7753323673591,45.4664637927074,37.5479858242276
VisualCogA_Task-2,2,F3,0.5,1,0.1,Left,0.56640625,31.6312518128741,47.5468097515078,39.3764923171762
VisualCogA_Task-2,2,F3,0.5,1,0.1,Left,0.5703125,33.4764106605856,49.5377986717473,41.1865040632381
VisualCogA_Task-2,2,F3,0.5,1,0.1,Left,0.57421875,35.2947357791281,51.381764279136,42.9448874678369
VisualCogA_Task-2,2,F3,0.5,1,0.1,Left,0.578125,37.0793263766653,53.0749061538308,44.6427733606248
VisualCogA_Task-2,2,F3,0.5,1,0.1,Left,0.58203125,38.8303311921625,54.6565579972861,46.2911366132285
VisualCogA_Task-2,2,F3,0.5,1,0.1,Left,0.5859375,40.5501793005338,56.1753831849327,47.9015364428793
VisualCogA_Task-2,2,F3,0.5,1,0.1,Left,0.58984375,42.2384075717246,57.6635877257987,49.4829357193845
VisualCogA_Task-2,2,F3,0.5,1,0.1,Left,0.59375,43.8884198747444,59.1308637428829,51.0277660029961
VisualCogA_Task-2,2,F3,0.5,1,0.1,Left,0.59765625,45.4876290896301,60.5707322404526,52.5153036701139
VisualCogA_Task-2,2,F3,0.5,1,0.1,Left,0.6015625,47.0209192967366,61.9585204639494,53.921882433343
VisualCogA_Task-2,2,F3,0.5,1,0.1,Left,0.60546875,48.4758468200776,63.2812821371206,55.2355961312315
VisualCogA_Task-2,2,F3,0.5,1,0.1,Left,0.609375,49.8471348934108,64.5330588526327,56.4708308866189
VisualCogA_Task-2,2,F3,0.5,1,0.1,Left,0.61328125,51.1382151692772,65.715250965436,57.6618403066889
VisualCogA_Task-2,2,F3,0.5,1,0.1,Left,0.6171875,52.3587837687507,66.8498405320297,58.8450432432703
VisualCogA_Task-2,2,F3,0.5,1,0.1,Left,0.62109375,53.5190658522206,67.9732583830889,60.0488043032383
VisualCogA_Task-2,2,F3,0.5,1,0.1,Left,0.625,54.6229746983487,69.123121615329,61.2866499017116
VisualCogA_Task-2,2,F3,0.5,1,0.1,Left,0.62890625,55.6629606160922,70.3126383598332,62.5530223708196
VisualCogA_Task-2,2,F3,0.5,1,0.1,Left,0.6328125,56.6188142188394,71.5303349945736,63.8221509222785
VisualCogA_Task-2,2,F3,0.5,1,0.1,Left,0.63671875,57.4612525904106,72.7280349547233,65.0505448521955
VisualCogA_Task-2,2,F3,0.5,1,0.1,Left,0.640625,58.1593745106698,73.8532031049346,66.1811582697537
VisualCogA_Task-2,2,F3,0.5,1,0.1,Left,0.64453125,58.6897067005786,74.8711674382541,67.146000406073
VisualCogA_Task-2,2,F3,0.5,1,0.1,Left,0.6484375,59.0440602535205,75.7265060955206,67.8685211684272
VisualCogA_Task-2,2,F3,0.5,1,0.1,Left,0.65234375,59.2338863120682,76.3575910213296,68.2999845494092
VisualCogA_Task-2,2,F3,0.5,1,0.1,Left,0.65625,59.2900029700562,76.7407459338785,68.4447390273331
VisualCogA_Task-2,2,F3,0.5,1,0.1,Left,0.66015625,59.2579774970974,76.8837834111747,68.3566062839463
VisualCogA_Task-2,2,F3,0.5,1,0.1,Left,0.6640625,59.1905922310058,76.809153492272,68.1320084117993
VisualCogA_Task-2,2,F3,0.5,1,0.1,Left,0.66796875,59.1393724579617,76.5719626931932,67.8664527598661
VisualCogA_Task-2,2,F3,0.5,1,0.1,Left,0.671875,59.1470471444612,76.2650651600532,67.6339339062002
VisualCogA_Task-2,2,F3,0.5,1,0.1,Left,0.67578125,59.2422278653002,75.9922383084193,67.486788825338
VisualCogA_Task-2,2,F3,0.5,1,0.1,Left,0.6796875,59.4368367279885,75.8401155490725,67.4584907948495
VisualCogA_Task-2,2,F3,0.5,1,0.1,Left,0.68359375,59.7261798900204,75.8525050760893,67.5625502148971
VisualCogA_Task-2,2,F3,0.5,1,0.1,Left,0.6875,60.091201726998,76.0324247969792,67.7959957962801
VisualCogA_Task-2,2,F3,0.5,1,0.1,Left,0.69140625,60.5023468075829,76.3531761014887,68.1360476086708
VisualCogA_Task-2,2,F3,0.5,1,0.1,Left,0.6953125,60.9244690481604,76.7724840667065,68.543058648455
VisualCogA_Task-2,2,F3,0.5,1,0.1,Left,0.69921875,61.3222189985241,77.2398335280789,68.9559867186738
VisualCogA_Task-2,2,F3,0.5,1,0.1,Left,0.703125,61.6652541258539,77.6985203232097,69.3079856887412
VisualCogA_Task-2,2,F3,0.5,1,0.1,Left,0.70703125,61.9325053625998,78.1081928834071,69.5548704501273
VisualCogA_Task-2,2,F3,0.5,1,0.1,Left,0.7109375,62.1147150619085,78.43200160733,69.684779494038
VisualCogA_Task-2,2,F3,0.5,1,0.1,Left,0.71484375,62.2146474069025,78.6473359179019,69.7089811243946
VisualCogA_Task-2,2,F3,0.5,1,0.1,Left,0.71875,62.2447958787087,78.7527875131978,69.6481205525791
VisualCogA_Task-2,2,F3,0.5,1,0.1,Left,0.72265625,62.2229963643914,78.7624876407557,69.5317498205148
VisualCogA_Task-2,2,F3,0.5,1,0.1,Left,0.7265625,62.1669265096107,78.7035979400307,69.3872525100725
VisualCogA_Task-2,2,F3,0.5,1,0.1,Left,0.73046875,62.0888278502563,78.6081382509748,69.2427936144133
VisualCogA_Task-2,2,F3,0.5,1,0.1,Left,0.734375,61.9917767367509,78.4960788517623,69.1184565569275
VisualCogA_Task-2,2,F3,0.5,1,0.1,Left,0.73828125,61.8684260983624,78.3738662918036,69.0107358300376
VisualCogA_Task-2,2,F3,0.5,1,0.1,Left,0.7421875,61.7024612806933,78.2319413051998,68.8945172829995
VisualCogA_Task-2,2,F3,0.5,1,0.1,Left,0.74609375,61.4722843992607,78.0397400955341,68.7294457754317
VisualCogA_Task-2,2,F3,0.5,1,0.1,Left,0.75,61.1559019339023,77.7634260502329,68.4759148878387
VisualCogA_Task-2,2,F3,0.5,1,0.1,Left,0.75390625,60.7357878594628,77.3717089240757,68.0974306384385
VisualCogA_Task-2,2,F3,0.5,1,0.1,Left,0.7578125,60.2026299268098,76.8424598126463,67.5692045369776
VisualCogA_Task-2,2,F3,0.5,1,0.1,Left,0.76171875,59.5572226753664,76.170219805583,66.8856754239969
VisualCogA_Task-2,2,F3,0.5,1,0.1,Left,0.765625,58.8102059209783,75.3730646871616,66.0653303577868
VisualCogA_Task-2,2,F3,0.5,1,0.1,Left,0.76953125,57.9797776829914,74.4918603189231,65.1508346000164
VisualCogA_Task-2,2,F3,0.5,1,0.1,Left,0.7734375,57.0879168644883,73.5775538837121,64.2027854549312
VisualCogA_Task-2,2,F3,0.5,1,0.1,Left,0.77734375,56.1560173040583,72.6862109479354,63.2856878240314
VisualCogA_Task-2,2,F3,0.5,1,0.1,Left,0.78125,55.2010802616438,71.8694300856028,62.4390882598082
VisualCogA_Task-2,2,F3,0.5,1,0.1,Left,0.78515625,54.233590267067,71.1501857422807,61.6738540136612
VisualCogA_Task-2,2,F3,0.5,1,0.1,Left,0.7890625,53.257777513953,70.5231738883828,60.9838329915977
VisualCogA_Task-2,2,F3,0.5,1,0.1,Left,0.79296875,52.2741422177552,69.9605456713071,60.3527110368755
VisualCogA_Task-2,2,F3,0.5,1,0.1,Left,0.796875,51.2830683447933,69.4284213680199,59.7541789965414
VisualCogA_Task-2,2,F3,0.5,1,0.1,Left,0.80078125,50.2874404916867,68.9027556976377,59.1697969720839
VisualCogA_Task-2,2,F3,0.5,1,0.1,Right,-0.19921875,0.874805805177957,0.757486651591192,1.04081078793806
VisualCogA_Task-2,2,F3,0.5,1,0.1,Right,-0.1953125,1.02216855712353,0.639518471948746,0.972077185995767
VisualCogA_Task-2,2,F3,0.5,1,0.1,Right,-0.19140625,1.16834985535301,0.52175472514158,0.906413108431908
VisualCogA_Task-2,2,F3,0.5,1,0.1,Right,-0.1875,1.31065963744642,0.413999511047441,0.852579722903559
VisualCogA_Task-2,2,F3,0.5,1,0.1,Right,-0.18359375,1.44325336473961,0.328316037996461,0.820544793254882
VisualCogA_Task-2,2,F3,0.5,1,0.1,Right,-0.1796875,1.55567835537591,0.271090211482583,0.81557544673227
VisualCogA_Task-2,2,F3,0.5,1,0.1,Right,-0.17578125,1.63295811443875,0.245944689347005,0.837038926152253
VisualCogA_Task-2,2,F3,0.5,1,0.1,Right,-0.171875,1.65774851617224,0.256373590989151,0.877383161002865
VisualCogA_Task-2,2,F3,0.5,1,0.1,Right,-0.16796875,1.61404717821107,0.295374848203557,0.918874856150944
VisualCogA_Task-2,2,F3,0.5,1,0.1,Right,-0.1640625,1.49118163297256,0.322972188087249,0.928603245844497
VisualCogA_Task-2,2,F3,0.5,1,0.1,Right,-0.16015625,1.28671425590116,0.294608411702597,0.862739320545777
VisualCogA_Task-2,2,F3,0.5,1,0.1,Right,-0.15625,1.00747079545636,0.168425076350081,0.683387263556508
VisualCogA_Task-2,2,F3,0.5,1,0.1,Right,-0.15234375,0.668746864571067,-0.0690176628593485,0.374817574250212
VisualCogA_Task-2,2,F3,0.5,1,0.1,Right,-0.1484375,0.292377078346972,-0.389902044130213,-0.0392963086449331
VisualCogA_Task-2,2,F3,0.5,1,0.1,Right,-0.14453125,-0.0955382157975209,-0.771646817655522,-0.502532662940415
VisualCogA_Task-2,2,F3,0.5,1,0.1,Right,-0.140625,-0.466812463853845,-1.19121048729571,-0.97550582657619
VisualCogA_Task-2,2,F3,0.5,1,0.1,Right,-0.13671875,-0.793325731124978,-1.61498636679634,-1.43482573294188
VisualCogA_Task-2,2,F3,0.5,1,0.1,Right,-0.1328125,-1.04950274929617,-1.99453850554683,-1.84117926134176
VisualCogA_Task-2,2,F3,0.5,1,0.1,Right,-0.12890625,-1.21535185295936,-2.27910464403203,-2.14943097832125
VisualCogA_Task-2,2,F3,0.5,1,0.1,Right,-0.125,-1.27985624180676,-2.43280418623315,-2.32323588202078
VisualCogA_Task-2,2,F3,0.5,1,0.1,Right,-0.12109375,-1.24399065346352,-2.43970240391502,-2.34738908591752
VisualCogA_Task-2,2,F3,0.5,1,0.1,Right,-0.1171875,-1.12232880691234,-2.30986519364165,-2.23237807563487
VisualCogA_Task-2,2,F3,0.5,1,0.1,Right,-0.11328125,-0.942292244541494,-2.08517345595391,-2.02142160145696
VisualCogA_Task-2,2,F3,0.5,1,0.1,Right,-0.109375,-0.740585300470934,-1.82370690950398,-1.77335780771811
VisualCogA_Task-2,2,F3,0.5,1,0.1,Right,-0.10546875,-0.557122342300936,-1.59324037016172,-1.55758448208483
VisualCogA_Task-2,2,F3,0.5,1,0.1,Right,-0.1015625,-0.427541632802003,-1.45557236373956,-1.43772562647821
VisualCogA_Task-2,2,F3,0.5,1,0.1,Right,-0.09765625,-0.375954627736428,-1.45396055098438,-1.45856799132871
VisualCogA_Task-2,2,F3,0.5,1,0.1,Right,-0.09375,-0.409699627571537,-1.60153898618239,-1.63590899474321
VisualCogA_Task-2,2,F3,0.5,1,0.1,Right,-0.08984375,-0.517480621927109,-1.86727434351707,-1.93952219909036
VisualCogA_Task-2,2,F3,0.5,1,0.1,Right,-0.0859375,-0.671465733181556,-2.17829829577457,-2.2981965383934
VisualCogA_Task-2,2,F3,0.5,1,0.1,Right,-0.08203125,-0.832932620483157,-2.44695048307745,-2.61937912869953
VisualCogA_Task-2,2,F3,0.5,1,0.1,Right,-0.078125,-0.960187125730565,-2.58479116407359,-2.8045644255516
VisualCogA_Task-2,2,F3,0.5,1,0.1,Right,-0.07421875,-1.01700185006793,-2.51637871008652,-2.76787118163111
VisualCogA_Task-2,2,F3,0.5,1,0.1,Right,-0.0703125,-0.979823578563053,-2.19876723297787,-2.46004680681402
VisualCogA_Task-2,2,F3,0.5,1,0.1,Right,-0.06640625,-0.842399683499424,-1.63500606771996,-1.88909017752698
VisualCogA_Task-2,2,F3,0.5,1,0.1,Right,-0.0625,-0.617076572590676,-0.876720280205288,-1.12194518730728
VisualCogA_Task-2,2,F3,0.5,1,0.1,Right,-0.05859375,-0.332638746718288,-0.0114555577411486,-0.254000953101633
VisualCogA_Task-2,2,F3,0.5,1,0.1,Right,-0.0546875,-0.0290962034245941,0.861027195661676,0.614302329919483
VisualCogA_Task-2,2,F3,0.5,1,0.1,Right,-0.05078125,0.249699554128217,1.65441922584738,1.40149585453972
VisualCogA_Task-2,2,F3,0.5,1,0.1,Right,-0.046875,0.464302239902179,2.30726732482847,2.0559561900037
VisualCogA_Task-2,2,F3,0.5,1,0.1,Right,-0.04296875,0.58714462260946,2.79868624134323,2.55748679397322
VisualCogA_Task-2,2,F3,0.5,1,0.1,Right,-0.0390625,0.607533621347658,3.13051478658239,2.91122961236023
VisualCogA_Task-2,2,F3,0.5,1,0.1,Right,-0.03515625,0.532820664304133,3.31694822511761,3.13061775398996
VisualCogA_Task-2,2,F3,0.5,1,0.1,Right,-0.03125,0.385252411936319,3.38237921746713,3.2212848039381
VisualCogA_Task-2,2,F3,0.5,1,0.1,Right,-0.02734375,0.195198604853925,3.3587267897808,3.19310659615893
VisualCogA_Task-2,2,F3,0.5,1,0.1,Right,-0.0234375,-0.00737668552150072,3.27700445481068,3.07063215710052
VisualCogA_Task-2,2,F3,0.5,1,0.1,Right,-0.01953125,-0.200639919771791,3.16496870623929,2.89293123236821
VisualCogA_Task-2,2,F3,0.5,1,0.1,Right,-0.015625,-0.375371629469588,3.04217918271473,2.69778423839212
VisualCogA_Task-2,2,F3,0.5,1,0.1,Right,-0.01171875,-0.534759097283848,2.92251840871798,2.51215542120081
VisualCogA_Task-2,2,F3,0.5,1,0.1,Right,-0.0078125,-0.689597164311532,2.8213580880186,2.35469306753228
VisualCogA_Task-2,2,F3,0.5,1,0.1,Right,-0.00390625,-0.850561608141072,2.75425636581859,2.24341907325815
VisualCogA_Task-2,2,F3,0.5,1,0.1,Right,0,-1.02024649889291,2.73677246021779,2.20049657342403
VisualCogA_Task-2,2,F3,0.5,1,0.1,Right,0.00390625,-1.1878018698208,2.7886853425135,2.24804062682363
VisualCogA_Task-2,2,F3,0.5,1,0.1,Right,0.0078125,-1.32825177628208,2.92426896601368,2.40195141714156
VisualCogA_Task-2,2,F3,0.5,1,0.1,Right,0.01171875,-1.40718689308905,3.13855401824499,2.65278092902139
VisualCogA_Task-2,2,F3,0.5,1,0.1,Right,0.015625,-1.38993683932813,3.40426839927185,2.96656602044935
VisualCogA_Task-2,2,F3,0.5,1,0.1,Right,0.01953125,-1.2529645289378,3.68123994135522,3.28996895365065
VisualCogA_Task-2,2,F3,0.5,1,0.1,Right,0.0234375,-0.994418710976138,3.93083622799872,3.57574814383885
VisualCogA_Task-2,2,F3,0.5,1,0.1,Right,0.02734375,-0.640727421480951,4.12303708270802,3.78184957859774
VisualCogA_Task-2,2,F3,0.5,1,0.1,Right,0.03125,-0.246867124867237,4.22981122510786,3.86169941379363
VisualCogA_Task-2,2,F3,0.5,1,0.1,Right,0.03515625,0.110608797232876,4.21709412867679,3.78195284407839
VisualCogA_Task-2,2,F3,0.5,1,0.1,Right,0.0390625,0.346845831929292,4.03922580098709,3.51031064167478
VisualCogA_Task-2,2,F3,0.5,1,0.1,Right,0.04296875,0.385534868459155,3.6557925395093,3.01906667067446
VisualCogA_Task-2,2,F3,0.5,1,0.1,Right,0.046875,0.175382998421158,3.04134944357984,2.29809369303259
VisualCogA_Task-2,2,F3,0.5,1,0.1,Right,0.05078125,-0.297935559788659,2.19168032831072,1.3585718840261
VisualCogA_Task-2,2,F3,0.5,1,0.1,Right,0.0546875,-1.00751545110949,1.1413903190647,0.239779852811693
VisualCogA_Task-2,2,F3,0.5,1,0.1,Right,0.05859375,-1.88986819058044,-0.0242653404183496,-0.983158275858082
VisualCogA_Task-2,2,F3,0.5,1,0.1,Right,0.0625,-2.85734276044591,-1.18666187979957,-2.19340895632085
VisualCogA_Task-2,2,F3,0.5,1,0.1,Right,0.06640625,-3.81509800475265,-2.21540667747273,-3.26824285502171
VisualCogA_Task-2,2,F3,0.5,1,0.1,Right,0.0703125,-4.67824247316643,-3.00302912701256,-4.10049492396511
VisualCogA_Task-2,2,F3,0.5,1,0.1,Right,0.07421875,-5.38486636888808,-3.49284407191748,-4.62462124995667
VisualCogA_Task-2,2,F3,0.5,1,0.1,Right,0.078125,-5.90203580369904,-3.67859453627057,-4.82259002395258
VisualCogA_Task-2,2,F3,0.5,1,0.1,Right,0.08203125,-6.2239895352167,-3.59741055590378,-4.72611063256428
VisualCogA_Task-2,2,F3,0.5,1,0.1,Right,0.0859375,-6.36410865796629,-3.31755266974255,-4.40420944264179
VisualCogA_Task-2,2,F3,0.5,1,0.1,Right,0.08984375,-6.34399694485388,-2.91627873729447,-3.93632798009636
VisualCogA_Task-2,2,F3,0.5,1,0.1,Right,0.09375,-6.18364664764628,-2.45032166240038,-3.38692470616993
VisualCogA_Task-2,2,F3,0.5,1,0.1,Right,0.09765625,-5.89595214928617,-1.94393099361249,-2.78889126364608
VisualCogA_Task-2,2,F3,0.5,1,0.1,Right,0.1015625,-5.48700740665756,-1.38667612527409,-2.15584950058223
VisualCogA_Task-2,2,F3,0.5,1,0.1,Right,0.10546875,-4.96133295517649,-0.749392419318871,-1.47327726848812
VisualCogA_Task-2,2,F3,0.5,1,0.1,Right,0.109375,-4.32927821356935,-0.00425954006253001,-0.709256780229187
VisualCogA_Task-2,2,F3,0.5,1,0.1,Right,0.11328125,-3.61306712594466,0.862530847498967,0.160554579711109
VisualCogA_Task-2,2,F3,0.5,1,0.1,Right,0.1171875,-2.84860199631559,1.85365233245325,1.12002272517183
VisualCogA_Task-2,2,F3,0.5,1,0.1,Right,0.12109375,-2.08193638478716,2.92957853123516,2.11198416614621
VisualCogA_Task-2,2,F3,0.5,1,0.1,Right,0.125,-1.36151806316202,3.99594582639313,3.05303411529461
VisualCogA_Task-2,2,F3,0.5,1,0.1,Right,0.12890625,-0.728970988617144,4.95108936225774,3.86417435047903
VisualCogA_Task-2,2,F3,0.5,1,0.1,Right,0.1328125,-0.211657189667552,5.72073933660614,4.49454265032125
VisualCogA_Task-2,2,F3,0.5,1,0.1,Right,0.13671875,0.180598209918469,6.27118001247801,4.92863980080911
VisualCogA_Task-2,2,F3,0.5,1,0.1,Right,0.140625,0.453972086446596,6.60444024721596,5.17934771494839
VisualCogA_Task-2,2,F3,0.5,1,0.1,Right,0.14453125,0.625462665274781,6.74920767211019,5.27095127006482
VisualCogA_Task-2,2,F3,0.5,1,0.1,Right,0.1484375,0.716341387878271,6.75194612894756,5.23073721310155
VisualCogA_Task-2,2,F3,0.5,1,0.1,Right,0.15234375,0.74654586412728,6.66842548798809,5.10097349873107
VisualCogA_Task-2,2,F3,0.5,1,0.1,Right,0.15625,0.73141445908912,6.54044599451208,4.9399364270605
VisualCogA_Task-2,2,F3,0.5,1,0.1,Right,0.16015625,0.680879714063589,6.40192395663806,4.80481931113997
VisualCogA_Task-2,2,F3,0.5,1,0.1,Right,0.1640625,0.600249220791255,6.28735709010663,4.73510926459822
VisualCogA_Task-2,2,F3,0.5,1,0.1,Right,0.16796875,0.491442583011705,6.21958121797207,4.75171548972543
VisualCogA_Task-2,2,F3,0.5,1,0.1,Right,0.171875,0.354017603909899,6.20822520861232,4.84717795426716
VisualCogA_Task-2,2,F3,0.5,1,0.1,Right,0.17578125,0.186103904323764,6.24414459172735,4.99111219411095
VisualCogA_Task-2,2,F3,0.5,1,0.1,Right,0.1796875,-0.0140871363786076,6.29704512201511,5.13456036735292
VisualCogA_Task-2,2,F3,0.5,1,0.1,Right,0.18359375,-0.245577372077776,6.3248142659345,5.22567179333599
VisualCogA_Task-2,2,F3,0.5,1,0.1,Right,0.1875,-0.500857174243813,6.29340749874409,5.22488689249859
VisualCogA_Task-2,2,F3,0.5,1,0.1,Right,0.19140625,-0.762078056917801,6.18939195342889,5.11557692016923
VisualCogA_Task-2,2,F3,0.5,1,0.1,Right,0.1953125,-0.998884558706406,6.02942912208471,4.91532827608324
VisualCogA_Task-2,2,F3,0.5,1,0.1,Right,0.19921875,-1.16949664251124,5.85942083543781,4.68815805882131
VisualCogA_Task-2,2,F3,0.5,1,0.1,Right,0.203125,-1.22579046354017,5.74384530378864,4.52252376238583
VisualCogA_Task-2,2,F3,0.5,1,0.1,Right,0.20703125,-1.12176906237279,5.7432136115316,4.49000798808109
VisualCogA_Task-2,2,F3,0.5,1,0.1,Right,0.2109375,-0.823499507248842,5.89471305360422,4.63282491928604
VisualCogA_Task-2,2,F3,0.5,1,0.1,Right,0.21484375,-0.317851199956062,6.20954484721932,4.95607565953374
VisualCogA_Task-2,2,F3,0.5,1,0.1,Right,0.21875,0.382489962896573,6.6763817176399,5.43548584098473
VisualCogA_Task-2,2,F3,0.5,1,0.1,Right,0.22265625,1.23927229802317,7.26625731398663,6.02541671744487
VisualCogA_Task-2,2,F3,0.5,1,0.1,Right,0.2265625,2.19426896802355,7.93619219690691,6.67271619702549
VisualCogA_Task-2,2,F3,0.5,1,0.1,Right,0.23046875,3.1788673155205,8.64534752416917,7.33002375570564
VisualCogA_Task-2,2,F3,0.5,1,0.1,Right,0.234375,4.12540944390781,9.36561591562582,7.9647590831176
VisualCogA_Task-2,2,F3,0.5,1,0.1,Right,0.23828125,4.9778372095691,10.0796936591433,8.5636881427349
VisualCogA_Task-2,2,F3,0.5,1,0.1,Right,0.2421875,5.69959698646437,10.7746823530561,9.135360054332
VisualCogA_Task-2,2,F3,0.5,1,0.1,Right,0.24609375,6.27748937301395,11.4406026316354,9.69852376799439
VisualCogA_Task-2,2,F3,0.5,1,0.1,Right,0.25,6.72096267051381,12.0681595319568,10.2545206731611
VisualCogA_Task-2,2,F3,0.5,1,0.1,Right,0.25390625,7.05714672119546,12.6491447105443,10.7919323160916
VisualCogA_Task-2,2,F3,0.5,1,0.1,Right,0.2578125,7.32270404937294,13.1784319324632,11.2926774176755
VisualCogA_Task-2,2,F3,0.5,1,0.1,Right,0.26171875,7.55429219051763,13.6556864235414,11.7372927767134
VisualCogA_Task-2,2,F3,0.5,1,0.1,Right,0.265625,7.77989936533946,14.0851033815305,12.1270941108267
VisualCogA_Task-2,2,F3,0.5,1,0.1,Right,0.26953125,8.01326660970491,14.4726295385921,12.4719885936432
VisualCogA_Task-2,2,F3,0.5,1,0.1,Right,0.2734375,8.2528716983349,14.8217550611523,12.7831412119579
VisualCogA_Task-2,2,F3,0.5,1,0.1,Right,0.27734375,8.48562361428147,15.1302213354819,13.0679922624089
VisualCogA_Task-2,2,F3,0.5,1,0.1,Right,0.28125,8.69390620401594,15.3899428246874,13.3259701575701
VisualCogA_Task-2,2,F3,0.5,1,0.1,Right,0.28515625,8.86348077114861,15.5908283956348,13.5524134266609
VisualCogA_Task-2,2,F3,0.5,1,0.1,Right,0.2890625,8.98948232028887,15.7268906187049,13.7429573806248
VisualCogA_Task-2,2,F3,0.5,1,0.1,Right,0.29296875,9.07847948129534,15.8016043832548,13.8963117090325
VisualCogA_Task-2,2,F3,0.5,1,0.1,Right,0.296875,9.14606895639349,15.8299166597193,14.0129403634913
VisualCogA_Task-2,2,F3,0.5,1,0.1,Right,0.30078125,9.21118366136896,15.8362167124801,14.0924104313335
VisualCogA_Task-2,2,F3,0.5,1,0.1,Right,0.3046875,9.28955485984219,15.8495692783046,14.128786222929
VisualCogA_Task-2,2,F3,0.5,1,0.1,Right,0.30859375,9.3890835085566,15.8984313454382,14.142158950232
VisualCogA_Task-2,2,F3,0.5,1,0.1,Right,0.3125,9.50909485635731,16.0067274336037,14.1741615925307
VisualCogA_Task-2,2,F3,0.5,1,0.1,Right,0.31640625,9.64384018649711,16.1920926268141,14.2596135285655
VisualCogA_Task-2,2,F3,0.5,1,0.1,Right,0.3203125,9.78877327727276,16.4659514662112,14.4193845461299
VisualCogA_Task-2,2,F3,0.5,1,0.1,Right,0.32421875,9.94679558162212,16.8343533250401,14.6717174035571
VisualCogA_Task-2,2,F3,0.5,1,0.1,Right,0.328125,10.1314125890115,17.2984397047816,15.0438150255403
VisualCogA_Task-2,2,F3,0.5,1,0.1,Right,0.33203125,10.3647585863473,17.8540994673604,15.5423346318913
VisualCogA_Task-2,2,F3,0.5,1,0.1,Right,0.3359375,10.6704080562155,18.4913521766343,16.1593374149905
VisualCogA_Task-2,2,F3,0.5,1,0.1,Right,0.33984375,11.0630683649451,19.1946107312212,16.8737883417827
VisualCogA_Task-2,2,F3,0.5,1,0.1,Right,0.34375,11.5387741863597,19.9446927215737,17.6534666891964
VisualCogA_Task-2,2,F3,0.5,1,0.1,Right,0.34765625,12.0694266584786,20.7117878154967,18.45621203421
VisualCogA_Task-2,2,F3,0.5,1,0.1,Right,0.3515625,12.6042750554985,21.4545310276049,19.2308372143065
VisualCogA_Task-2,2,F3,0.5,1,0.1,Right,0.35546875,13.0786354566452,22.1266686367685,19.9229381617192
VisualCogA_Task-2,2,F3,0.5,1,0.1,Right,0.359375,13.4276218102228,22.6837590387458,20.4823407958837
VisualCogA_Task-2,2,F3,0.5,1,0.1,Right,0.36328125,13.6008813675706,23.0824683852185,20.8657088020771
VisualCogA_Task-2,2,F3,0.5,1,0.1,Right,0.3671875,13.5739532393797,23.2838193571313,21.0415936659286
VisualCogA_Task-2,2,F3,0.5,1,0.1,Right,0.37109375,13.3530175027102,23.26555686437,20.9964685033838
VisualCogA_Task-2,2,F3,0.5,1,0.1,Right,0.375,12.9719782255865,23.027403176587,20.7390924323419
VisualCogA_Task-2,2,F3,0.5,1,0.1,Right,0.37890625,12.4831620282531,22.5957865655062,20.3009423220496
VisualCogA_Task-2,2,F3,0.5,1,0.1,Right,0.3828125,11.9445806077177,22.0193626500914,19.7319943766833
VisualCogA_Task-2,2,F3,0.5,1,0.1,Right,0.38671875,11.4072517722536,21.3662259490743,19.0842759837302
VisualCogA_Task-2,2,F3,0.5,1,0.1,Right,0.390625,10.905556613601,20.7034199958923,18.4093441072086
VisualCogA_Task-2,2,F3,0.5,1,0.1,Right,0.39453125,10.4524510059534,20.0845945434351,17.7530732845489
VisualCogA_Task-2,2,F3,0.5,1,0.1,Right,0.3984375,10.0400462362986,19.5442651247985,17.1464542012294
VisualCogA_Task-2,2,F3,0.5,1,0.1,Right,0.40234375,9.64496626728672,19.0945871835674,16.6041259195115
VisualCogA_Task-2,2,F3,0.5,1,0.1,Right,0.40625,9.23709172912772,18.7241925871299,16.1273771445479
VisualCogA_Task-2,2,F3,0.5,1,0.1,Right,0.41015625,8.78978871847857,18.4053506226852,15.7095828020064
VisualCogA_Task-2,2,F3,0.5,1,0.1,Right,0.4140625,8.28946606360527,18.1137614573765,15.3410643932361
VisualCogA_Task-2,2,F3,0.5,1,0.1,Right,0.41796875,7.74235032768158,17.8383306032202,15.0131904665543
VisualCogA_Task-2,2,F3,0.5,1,0.1,Right,0.421875,7.17679833327693,17.5802387324436,14.7207858827085
VisualCogA_Task-2,2,F3,0.5,1,0.1,Right,0.42578125,6.64031670351361,17.351825129346,14.4662158575718
VisualCogA_Task-2,2,F3,0.5,1,0.1,Right,0.4296875,6.19162509271562,17.1713300526711,14.2670585845365
VisualCogA_Task-2,2,F3,0.5,1,0.1,Right,0.43359375,5.88932871362105,17.0678994546825,14.1495441913079
VisualCogA_Task-2,2,F3,0.5,1,0.1,Right,0.4375,5.77971218387542,17.0828047364705,14.1482275452231
VisualCogA_Task-2,2,F3,0.5,1,0.1,Right,0.44140625,5.8865174920666,17.2760861028601,14.3156557805004
VisualCogA_Task-2,2,F3,0.5,1,0.1,Right,0.4453125,6.20516472163721,17.7001195559144,14.6941498436258
VisualCogA_Task-2,2,F3,0.5,1,0.1,Right,0.44921875,6.70278607136073,18.3560199281013,15.2820476092863
VisualCogA_Task-2,2,F3,0.5,1,0.1,Right,0.453125,7.32397110014992,19.1793876948407,16.0305241907384
VisualCogA_Task-2,2,F3,0.5,1,0.1,Right,0.45703125,8.0007045863873,20.0617627243518,16.8619293411134
VisualCogA_Task-2,2,F3,0.5,1,0.1,Right,0.4609375,8.66405090218479,20.8966331563171,17.6781255093405
VisualCogA_Task-2,2,F3,0.5,1,0.1,Right,0.46484375,9.25496777071425,21.5971285297769,18.3864660636271
VisualCogA_Task-2,2,F3,0.5,1,0.1,Right,0.46875,9.73221605025594,22.1061340325945,18.9172790220746
VisualCogA_Task-2,2,F3,0.5,1,0.1,Right,0.47265625,10.0763990995167,22.4054505527701,19.2425166295778
VisualCogA_Task-2,2,F3,0.5,1,0.1,Right,0.4765625,10.2902842199435,22.5173629579342,19.374640640183
VisualCogA_Task-2,2,F3,0.5,1,0.1,Right,0.48046875,10.3963218852658,22.4968378841325,19.3584839435233
VisualCogA_Task-2,2,F3,0.5,1,0.1,Right,0.484375,10.4324787675693,22.4177514805232,19.2637907447677
VisualCogA_Task-2,2,F3,0.5,1,0.1,Right,0.48828125,10.4472172433309,22.3587182578806,19.1715204193463
VisualCogA_Task-2,2,F3,0.5,1,0.1,Right,0.4921875,10.4939969038483,22.3925457541437,19.1693884582922
VisualCogA_Task-2,2,F3,0.5,1,0.1,Right,0.49609375,10.6254050772373,22.5799855999751,19.3366739627138
VisualCogA_Task-2,2,F3,0.5,1,0.1,Right,0.5,10.8871506375432,22.9659476278016,19.7285108257989
VisualCogA_Task-2,2,F3,0.5,1,0.1,Right,0.50390625,11.3126088394064,23.5762034097826,20.3724092157095
VisualCogA_Task-2,2,F3,0.5,1,0.1,Right,0.5078125,11.9190744417227,24.4145012128993,21.2630203137202
VisualCogA_Task-2,2,F3,0.5,1,0.1,Right,0.51171875,12.7069889663207,25.4622557291719,22.3626391899292
VisualCogA_Task-2,2,F3,0.5,1,0.1,Right,0.515625,13.6629256340861,26.6836350320512,23.6200687232938
VisualCogA_Task-2,2,F3,0.5,1,0.1,Right,0.51953125,14.766098947202,28.0370174121705,24.98880252096
VisualCogA_Task-2,2,F3,0.5,1,0.1,Right,0.5234375,15.9969534476068,29.4902519561982,26.4463319850182
VisualCogA_Task-2,2,F3,0.5,1,0.1,Right,0.52734375,17.3454554638879,31.034135718265,27.9941748505019
VisualCogA_Task-2,2,F3,0.5,1,0.1,Right,0.53125,18.8164721440947,32.688732525061,29.660359390099
VisualCogA_Task-2,2,F3,0.5,1,0.1,Right,0.53515625,20.430241202577,34.497596878976,31.4788572828329
VisualCogA_Task-2,2,F3,0.5,1,0.1,Right,0.5390625,22.2172703200917,36.5128673031113,33.4949816541205
VisualCogA_Task-2,2,F3,0.5,1,0.1,Right,0.54296875,24.2086616223373,38.7756271403529,35.7492035633241
VisualCogA_Task-2,2,F3,0.5,1,0.1,Right,0.546875,26.424329710782,41.2979951761426,38.2472763214384
VisualCogA_Task-2,2,F3,0.5,1,0.1,Right,0.55078125,28.862421935971,44.0524437098419,40.9607198691022
VisualCogA_Task-2,2,F3,0.5,1,0.1,Right,0.5546875,31.4931848637528,46.9713586658711,43.8227737772671
VisualCogA_Task-2,2,F3,0.5,1,0.1,Right,0.55859375,34.2595126654487,49.9569960387164,46.7370829291952
VisualCogA_Task-2,2,F3,0.5,1,0.1,Right,0.5625,37.0846611334786,52.8995591047153,49.5890017323883
VisualCogA_Task-2,2,F3,0.5,1,0.1,Right,0.56640625,39.8855283805982,55.6995285175758,52.2868902327289
VisualCogA_Task-2,2,F3,0.5,1,0.1,Right,0.5703125,42.5880626070902,58.3026274903559,54.7775838071236
VisualCogA_Task-2,2,F3,0.5,1,0.1,Right,0.57421875,45.1403798842081,60.6966061631896,57.0435829969775
VisualCogA_Task-2,2,F3,0.5,1,0.1,Right,0.578125,47.5195393566165,62.9005476036828,59.1037660014186
VisualCogA_Task-2,2,F3,0.5,1,0.1,Right,0.58203125,49.7297249485955,64.9498602762796,61.0060135037691
VisualCogA_Task-2,2,F3,0.5,1,0.1,Right,0.5859375,51.7923619797681,66.8793554174638,62.8022233302349
VisualCogA_Task-2,2,F3,0.5,1,0.1,Right,0.58984375,53.7314948865908,68.705975749503,64.5269379933129
VisualCogA_Task-2,2,F3,0.5,1,0.1,Right,0.59375,55.5594602008134,70.43332546843,66.1953545159143
VisualCogA_Task-2,2,F3,0.5,1,0.1,Right,0.59765625,57.2677664878156,72.0508421682951,67.810682477937
VisualCogA_Task-2,2,F3,0.5,1,0.1,Right,0.6015625,58.826162275509,73.5271980195694,69.3397035051644
VisualCogA_Task-2,2,F3,0.5,1,0.1,Right,0.60546875,60.189933748369,74.8239837187064,70.725950306642
VisualCogA_Task-2,2,F3,0.5,1,0.1,Right,0.609375,61.3127108791911,75.894306989772,71.9122127371975
VisualCogA_Task-2,2,F3,0.5,1,0.1,Right,0.61328125,62.1604820249496,76.6847400459243,72.8488058978306
VisualCogA_Task-2,2,F3,0.5,1,0.1,Right,0.6171875,62.7225469263583,77.1441975055419,73.5009305787689
VisualCogA_Task-2,2,F3,0.5,1,0.1,Right,0.62109375,63.0165409223084,77.241167554372,73.8538221056908
VisualCogA_Task-2,2,F3,0.5,1,0.1,Right,0.625,63.0867565164826,76.9893056610888,73.9152202157413
VisualCogA_Task-2,2,F3,0.5,1,0.1,Right,0.62890625,62.9969751399177,76.4742340178606,73.7279826085637
VisualCogA_Task-2,2,F3,0.5,1,0.1,Right,0.6328125,62.8202850406805,75.8114438466783,73.3778988897088
VisualCogA_Task-2,2,F3,0.5,1,0.1,Right,0.63671875,62.6286367598863,75.1349795025598,72.9818115757915
VisualCogA_Task-2,2,F3,0.5,1,0.1,Right,0.640625,62.4842937299309,74.5603971784622,72.6589911934016
VisualCogA_Task-2,2,F3,0.5,1,0.1,Right,0.64453125,62.4342703625562,74.1920629495214,72.4864288320156
VisualCogA_Task-2,2,F3,0.5,1,0.1,Right,0.6484375,62.5078010047099,74.1346075965241,72.476762683278
VisualCogA_Task-2,2,F3,0.5,1,0.1,Right,0.65234375,62.7162201604166,74.394645701882,72.6295592045433
VisualCogA_Task-2,2,F3,0.5,1,0.1,Right,0.65625,63.0544739180822,74.8677523032926,72.9091607107765
VisualCogA_Task-2,2,F3,0.5,1,0.1,Right,0.66015625,63.5036832085027,75.4221621324098,73.2573069010309
VisualCogA_Task-2,2,F3,0.5,1,0.1,Right,0.6640625,64.0344639499861,75.9673169315761,73.6263455625923
VisualCogA_Task-2,2,F3,0.5,1,0.1,Right,0.66796875,64.6108396355629,76.452932838522,73.9875812407657
VisualCogA_Task-2,2,F3,0.5,1,0.1,Right,0.671875,65.1944893148014,76.8850296600726,74.3273858325925
VisualCogA_Task-2,2,F3,0.5,1,0.1,Right,0.67578125,65.7488705418449,77.3143451562691,74.6450846409406
VisualCogA_Task-2,2,F3,0.5,1,0.1,Right,0.6796875,66.2426386148099,77.787515737972,74.9480048229767
VisualCogA_Task-2,2,F3,0.5,1,0.1,Right,0.68359375,66.6518919895722,78.3165719916934,75.2482127865464
VisualCogA_Task-2,2,F3,0.5,1,0.1,Right,0.6875,66.9611046047284,78.8903921032986,75.565391355013
VisualCogA_Task-2,2,F3,0.5,1,0.1,Right,0.69140625,67.1630095100307,79.4800483819938,75.9063175584338
VisualCogA_Task-2,2,F3,0.5,1,0.1,Right,0.6953125,67.2579641501969,80.0493031800564,76.2602246520489
VisualCogA_Task-2,2,F3,0.5,1,0.1,Right,0.69921875,67.2533010560631,80.5707774938708,76.5994123497447
VisualCogA_Task-2,2,F3,0.5,1,0.1,Right,0.703125,67.1628398973974,81.0308921360062,76.9038370988849
VisualCogA_Task-2,2,F3,0.5,1,0.1,Right,0.70703125,67.0062667722319,81.4259990963098,77.1704575084914
VisualCogA_Task-2,2,F3,0.5,1,0.1,Right,0.7109375,66.8077380734116,81.7463677001546,77.4056304513874
VisualCogA_Task-2,2,F3,0.5,1,0.1,Right,0.71484375,66.5930819712302,81.9862060255317,77.6214962090704
VisualCogA_Task-2,2,F3,0.5,1,0.1,Right,0.71875,66.3854374857425,82.1613185501506,77.8271155776127
VisualCogA_Task-2,2,F3,0.5,1,0.1,Right,0.72265625,66.199948470511,82.2928867790764,78.015643443309
VisualCogA_Task-2,2,F3,0.5,1,0.1,Right,0.7265625,66.0388883307741,82.3897373625877,78.170355939751
VisualCogA_Task-2,2,F3,0.5,1,0.1,Right,0.73046875,65.8889557887977,82.4385044955242,78.2640726154914
VisualCogA_Task-2,2,F3,0.5,1,0.1,Right,0.734375,65.7222085534551,82.4075409193145,78.249018277935
VisualCogA_Task-2,2,F3,0.5,1,0.1,Right,0.73828125,65.5011996037773,82.2500303654108,78.0610964411459
VisualCogA_Task-2,2,F3,0.5,1,0.1,Right,0.7421875,65.1876212788268,81.8975603405377,77.6294310257927
VisualCogA_Task-2,2,F3,0.5,1,0.1,Right,0.74609375,64.7525764531508,81.3013711645953,76.9087109409636
VisualCogA_Task-2,2,F3,0.5,1,0.1,Right,0.75,64.1859099985304,80.455136161407,75.9175506701578
VisualCogA_Task-2,2,F3,0.5,1,0.1,Right,0.75390625,63.5021080388379,79.416253094714,74.7476026708503
VisualCogA_Task-2,2,F3,0.5,1,0.1,Right,0.7578125,62.7411022428139,78.2873438704153,73.5259651523203
VisualCogA_Task-2,2,F3,0.5,1,0.1,Right,0.76171875,61.9636298691628,77.1860358698547,72.3856920833937
VisualCogA_Task-2,2,F3,0.5,1,0.1,Right,0.765625,61.2421625823153,76.2146125859841,71.4414384943243
VisualCogA_Task-2,2,F3,0.5,1,0.1,Right,0.76953125,60.6494033385997,75.4387389692698,70.7697030952486
VisualCogA_Task-2,2,F3,0.5,1,0.1,Right,0.7734375,60.2467166634293,74.8808758950925,70.4014930813111
VisualCogA_Task-2,2,F3,0.5,1,0.1,Right,0.77734375,60.0746259412643,74.5297337465229,70.3335649189813
VisualCogA_Task-2,2,F3,0.5,1,0.1,Right,0.78125,60.1469243205289,74.3604953029093,70.5432988726696
VisualCogA_Task-2,2,F3,0.5,1,0.1,Right,0.78515625,60.4493034426443,74.344161850446,70.9989418312572
VisualCogA_Task-2,2,F3,0.5,1,0.1,Right,0.7890625,60.9428715956271,74.4585220785802,71.6590186357362
VisualCogA_Task-2,2,F3,0.5,1,0.1,Right,0.79296875,61.5724328899604,74.6827409065203,72.4680757761769
VisualCogA_Task-2,2,F3,0.5,1,0.1,Right,0.796875,62.2786698100765,74.966260385045,73.3657432673289
VisualCogA_Task-2,2,F3,0.5,1,0.1,Right,0.80078125,63.0121780658333,75.2664991071624,74.2977224515589
VisualCogA_Task-2,2,F3,0.5,1,0.1,Delta,-0.19921875,-0.857121780354043,-0.273187957278007,-0.473807947250956
VisualCogA_Task-2,2,F3,0.5,1,0.1,Delta,-0.1953125,-1.30366582193094,-0.81931927698293,-0.961888083192216
VisualCogA_Task-2,2,F3,0.5,1,0.1,Delta,-0.19140625,-1.69917792303041,-1.30932909172858,-1.39416959626409
VisualCogA_Task-2,2,F3,0.5,1,0.1,Delta,-0.1875,-1.97563601409181,-1.66045686085589,-1.69365321430505
VisualCogA_Task-2,2,F3,0.5,1,0.1,Delta,-0.18359375,-2.07623602127428,-1.79713131867771,-1.78587836767331
VisualCogA_Task-2,2,F3,0.5,1,0.1,Delta,-0.1796875,-1.97422121990679,-1.68474139960399,-1.63526949089579
VisualCogA_Task-2,2,F3,0.5,1,0.1,Delta,-0.17578125,-1.68096115979524,-1.33999895464353,-1.26134157803672
VisualCogA_Task-2,2,F3,0.5,1,0.1,Delta,-0.171875,-1.24389384514457,-0.824121101635123,-0.729779835855065
VisualCogA_Task-2,2,F3,0.5,1,0.1,Delta,-0.16796875,-0.736592227470788,-0.234925379872578,-0.146838619502414
VisualCogA_Task-2,2,F3,0.5,1,0.1,Delta,-0.1640625,-0.244258049073795,0.294370875457253,0.362909511975126
VisualCogA_Task-2,2,F3,0.5,1,0.1,Delta,-0.16015625,0.15180764608691,0.650546815513797,0.690521444739639
VisualCogA_Task-2,2,F3,0.5,1,0.1,Delta,-0.15625,0.387728604140964,0.761002551480126,0.765585672230715
VisualCogA_Task-2,2,F3,0.5,1,0.1,Delta,-0.15234375,0.426568652589286,0.617844605759316,0.571561782293325
VisualCogA_Task-2,2,F3,0.5,1,0.1,Delta,-0.1484375,0.262983280251664,0.278225205873913,0.157617639861785
VisualCogA_Task-2,2,F3,0.5,1,0.1,Delta,-0.14453125,-0.0769112557917288,-0.198682092223896,-0.382441385258133
VisualCogA_Task-2,2,F3,0.5,1,0.1,Delta,-0.140625,-0.53981570776529,-0.757856776907684,-0.975104346902867
VisualCogA_Task-2,2,F3,0.5,1,0.1,Delta,-0.13671875,-1.05284151817787,-1.34341539097431,-1.57051472351271
VisualCogA_Task-2,2,F3,0.5,1,0.1,Delta,-0.1328125,-1.53358803268423,-1.88520297345378,-2.10398705459384
VisualCogA_Task-2,2,F3,0.5,1,0.1,Delta,-0.12890625,-1.90184373647518,-2.30778588450967,-2.50463019799235
VisualCogA_Task-2,2,F3,0.5,1,0.1,Delta,-0.125,-2.09182674939339,-2.55142130757856,-2.71527372612762
VisualCogA_Task-2,2,F3,0.5,1,0.1,Delta,-0.12109375,-2.06343201575942,-2.57943485322956,-2.70698060627147
VisualCogA_Task-2,2,F3,0.5,1,0.1,Delta,-0.1171875,-1.81046422534052,-2.39705840092048,-2.48896672255358
VisualCogA_Task-2,2,F3,0.5,1,0.1,Delta,-0.11328125,-1.36365538201395,-2.05634252131479,-2.11548400722506
VisualCogA_Task-2,2,F3,0.5,1,0.1,Delta,-0.109375,-0.78675449151418,-1.63753241936723,-1.6669632341216
VisualCogA_Task-2,2,F3,0.5,1,0.1,Delta,-0.10546875,-0.1652927747175,-1.23553914031417,-1.23838643207228
VisualCogA_Task-2,2,F3,0.5,1,0.1,Delta,-0.1015625,0.410431799135404,-0.938413880048598,-0.917351639619506
VisualCogA_Task-2,2,F3,0.5,1,0.1,Delta,-0.09765625,0.864614810183359,-0.810706036000657,-0.767702670681948
VisualCogA_Task-2,2,F3,0.5,1,0.1,Delta,-0.09375,1.15263714033516,-0.883105719767697,-0.820883996075454
VisualCogA_Task-2,2,F3,0.5,1,0.1,Delta,-0.08984375,1.27046220980967,-1.13625359623429,-1.0580121455303
VisualCogA_Task-2,2,F3,0.5,1,0.1,Delta,-0.0859375,1.25368431064741,-1.49356453765324,-1.40562336682791
VisualCogA_Task-2,2,F3,0.5,1,0.1,Delta,-0.08203125,1.16604945831155,-1.84632087057649,-1.75450090784626
VisualCogA_Task-2,2,F3,0.5,1,0.1,Delta,-0.078125,1.08045202217993,-2.08073186121868,-1.98335287633729
VisualCogA_Task-2,2,F3,0.5,1,0.1,Delta,-0.07421875,1.05779985631846,-2.08572535072958,-1.97076929604591
VisualCogA_Task-2,2,F3,0.5,1,0.1,Delta,-0.0703125,1.12986811044872,-1.78732138771505,-1.62964609544991
VisualCogA_Task-2,2,F3,0.5,1,0.1,Delta,-0.06640625,1.29104173125168,-1.1794293446555,-0.949552411037519
VisualCogA_Task-2,2,F3,0.5,1,0.1,Delta,-0.0625,1.50109738756402,-0.337438452884135,-0.0144712639631159
VisualCogA_Task-2,2,F3,0.5,1,0.1,Delta,-0.05859375,1.69784752516338,0.604115678571864,1.02541384987676
VisualCogA_Task-2,2,F3,0.5,1,0.1,Delta,-0.0546875,1.81566304106808,1.50456092383342,2.01107929153054
VisualCogA_Task-2,2,F3,0.5,1,0.1,Delta,-0.05078125,1.80444692746611,2.26254996173253,2.81473937436231
VisualCogA_Task-2,2,F3,0.5,1,0.1,Delta,-0.046875,1.64386539019049,2.81148310518544,3.36878596466584
VisualCogA_Task-2,2,F3,0.5,1,0.1,Delta,-0.04296875,1.34931304610536,3.11454020107442,3.66735725700271
VisualCogA_Task-2,2,F3,0.5,1,0.1,Delta,-0.0390625,0.968558142809347,3.17866085577299,3.74539960940594
VisualCogA_Task-2,2,F3,0.5,1,0.1,Delta,-0.03515625,0.570513213957171,3.04424127803554,3.65764810000895
VisualCogA_Task-2,2,F3,0.5,1,0.1,Delta,-0.03125,0.229452272426443,2.7869223505896,3.45226969556607
VisualCogA_Task-2,2,F3,0.5,1,0.1,Delta,-0.02734375,0.00886189402171222,2.50749720334962,3.19526956797529
VisualCogA_Task-2,2,F3,0.5,1,0.1,Delta,-0.0234375,-0.0511140179426099,2.29308956212551,2.96574987772433
VisualCogA_Task-2,2,F3,0.5,1,0.1,Delta,-0.01953125,0.0601646791551269,2.2105226075413,2.83931961712647
VisualCogA_Task-2,2,F3,0.5,1,0.1,Delta,-0.015625,0.325104993766074,2.29437119991286,2.86875614280427
VisualCogA_Task-2,2,F3,0.5,1,0.1,Delta,-0.01171875,0.70568466723121,2.55048785960875,3.07090856645922
VisualCogA_Task-2,2,F3,0.5,1,0.1,Delta,-0.0078125,1.15525584650082,2.96434869794672,3.43437654678192
VisualCogA_Task-2,2,F3,0.5,1,0.1,Delta,-0.00390625,1.63090772923779,3.50326879413356,3.93351931702011
VisualCogA_Task-2,2,F3,0.5,1,0.1,Delta,0,2.10301665403116,4.12118978678745,4.53248091791567
VisualCogA_Task-2,2,F3,0.5,1,0.1,Delta,0.00390625,2.55961908598888,4.77184982456163,5.18866306535443
VisualCogA_Task-2,2,F3,0.5,1,0.1,Delta,0.0078125,3.00484771838538,5.40628712106725,5.85369195840651
VisualCogA_Task-2,2,F3,0.5,1,0.1,Delta,0.01171875,3.45235197814174,5.97649769430703,6.46792584896775
VisualCogA_Task-2,2,F3,0.5,1,0.1,Delta,0.015625,3.91588191444945,6.4358239379318,6.97246194537852
VisualCogA_Task-2,2,F3,0.5,1,0.1,Delta,0.01953125,4.39975413799341,6.73845480690248,7.30691390431122
VisualCogA_Task-2,2,F3,0.5,1,0.1,Delta,0.0234375,4.89172064605789,6.8536505604614,7.42417982762536
VisualCogA_Task-2,2,F3,0.5,1,0.1,Delta,0.02734375,5.36001939281904,6.76887333280211,7.29519314552417
VisualCogA_Task-2,2,F3,0.5,1,0.1,Delta,0.03125,5.75537258369666,6.48241310087855,6.90572109359033
VisualCogA_Task-2,2,F3,0.5,1,0.1,Delta,0.03515625,6.01765316635751,5.99973016952044,6.27888189837013
VisualCogA_Task-2,2,F3,0.5,1,0.1,Delta,0.0390625,6.08602067366494,5.32551867206594,5.4494084482395
VisualCogA_Task-2,2,F3,0.5,1,0.1,Delta,0.04296875,5.91063184421737,4.46453146003619,4.45162942783838
VisualCogA_Task-2,2,F3,0.5,1,0.1,Delta,0.046875,5.46363362629428,3.41608145494473,3.3164946211666
VisualCogA_Task-2,2,F3,0.5,1,0.1,Delta,0.05078125,4.74711843995403,2.17560360998782,2.07097676112736
VisualCogA_Task-2,2,F3,0.5,1,0.1,Delta,0.0546875,3.7961244614283,0.771673770569283,0.744566404122367
VisualCogA_Task-2,2,F3,0.5,1,0.1,Delta,0.05859375,2.67561350709779,-0.725313406883034,-0.619929015142534
VisualCogA_Task-2,2,F3,0.5,1,0.1,Delta,0.0625,1.47158552030419,-2.21635254064037,-1.95047643932441
VisualCogA_Task-2,2,F3,0.5,1,0.1,Delta,0.06640625,0.277896165498779,-3.58535023676991,-3.16673505634619
VisualCogA_Task-2,2,F3,0.5,1,0.1,Delta,0.0703125,-0.818399963663415,-4.74069847140776,-4.19394258991762
VisualCogA_Task-2,2,F3,0.5,1,0.1,Delta,0.07421875,-1.7496726091848,-5.63627559604097,-4.97926257408747
VisualCogA_Task-2,2,F3,0.5,1,0.1,Delta,0.078125,-2.47505353038007,-6.26933200893341,-5.50154027701266
VisualCogA_Task-2,2,F3,0.5,1,0.1,Delta,0.08203125,-2.98056626973207,-6.66699794780671,-5.77847067633793
VisualCogA_Task-2,2,F3,0.5,1,0.1,Delta,0.0859375,-3.27226956016881,-6.87078266794109,-5.85791471329544
VisualCogA_Task-2,2,F3,0.5,1,0.1,Delta,0.08984375,-3.36493400455432,-6.92630643039868,-5.79225505131913
VisualCogA_Task-2,2,F3,0.5,1,0.1,Delta,0.09375,-3.27036396799219,-6.86273752866378,-5.61249146213833
VisualCogA_Task-2,2,F3,0.5,1,0.1,Delta,0.09765625,-2.98966267920793,-6.68065418285742,-5.31134563202641
VisualCogA_Task-2,2,F3,0.5,1,0.1,Delta,0.1015625,-2.51233017244005,-6.33065837565186,-4.8550209026065
VisualCogA_Task-2,2,F3,0.5,1,0.1,Delta,0.10546875,-1.82255178829756,-5.73681814126376,-4.18189313099695
VisualCogA_Task-2,2,F3,0.5,1,0.1,Delta,0.109375,-0.91034485629013,-4.8291577628065,-3.22227300054534
VisualCogA_Task-2,2,F3,0.5,1,0.1,Delta,0.11328125,0.216567723274138,-3.56687589227874,-1.93121397625192
VisualCogA_Task-2,2,F3,0.5,1,0.1,Delta,0.1171875,1.52451960251399,-1.95311983769615,-0.327802554222752
VisualCogA_Task-2,2,F3,0.5,1,0.1,Delta,0.12109375,2.95230554806802,-0.0628592151903025,1.503531417758
VisualCogA_Task-2,2,F3,0.5,1,0.1,Delta,0.125,4.41691087309242,1.95127910104036,3.42926945584073
VisualCogA_Task-2,2,F3,0.5,1,0.1,Delta,0.12890625,5.82490911095968,3.91613615052975,5.30157529307027
VisualCogA_Task-2,2,F3,0.5,1,0.1,Delta,0.1328125,7.08636947176696,5.67985071853798,6.99096756425044
VisualCogA_Task-2,2,F3,0.5,1,0.1,Delta,0.13671875,8.12784602996359,7.13085888376227,8.40673160686246
VisualCogA_Task-2,2,F3,0.5,1,0.1,Delta,0.140625,8.9018156734443,8.19697127810439,9.49400989154408
VisualCogA_Task-2,2,F3,0.5,1,0.1,Delta,0.14453125,9.39123715804345,8.84609496258146,10.2234116088729
VisualCogA_Task-2,2,F3,0.5,1,0.1,Delta,0.1484375,9.60911594527959,9.09156349250087,10.5904941831669
VisualCogA_Task-2,2,F3,0.5,1,0.1,Delta,0.15234375,9.59373184702832,8.99851066936402,10.633721740356
VisualCogA_Task-2,2,F3,0.5,1,0.1,Delta,0.15625,9.40053947576616,8.66644607175942,10.4384534848699
VisualCogA_Task-2,2,F3,0.5,1,0.1,Delta,0.16015625,9.09195068401437,8.21788957166315,10.1155135625219
VisualCogA_Task-2,2,F3,0.5,1,0.1,Delta,0.1640625,8.72650383711467,7.7696157898072,9.7724933908282
VisualCogA_Task-2,2,F3,0.5,1,0.1,Delta,0.16796875,8.34932875620794,7.40595587138563,9.49744454249669
VisualCogA_Task-2,2,F3,0.5,1,0.1,Delta,0.171875,7.98606155669022,7.1780816427617,9.33888565490034
VisualCogA_Task-2,2,F3,0.5,1,0.1,Delta,0.17578125,7.64207158652193,7.09350039989106,9.3017253974665
VisualCogA_Task-2,2,F3,0.5,1,0.1,Delta,0.1796875,7.30780996595025,7.11792162622115,9.34489270786658
VisualCogA_Task-2,2,F3,0.5,1,0.1,Delta,0.18359375,6.9694111430947,7.16543064570058,9.39462973584154
VisualCogA_Task-2,2,F3,0.5,1,0.1,Delta,0.1875,6.62188329450818,7.14778362181896,9.37200403995205
VisualCogA_Task-2,2,F3,0.5,1,0.1,Delta,0.19140625,6.2809967763623,7.02163702320133,9.2264238187454
VisualCogA_Task-2,2,F3,0.5,1,0.1,Delta,0.1953125,5.98988011793023,6.8157337062241,8.97754030549926
VisualCogA_Task-2,2,F3,0.5,1,0.1,Delta,0.19921875,5.81752702163814,6.63007257579932,8.73407025622355
VisualCogA_Task-2,2,F3,0.5,1,0.1,Delta,0.203125,5.84859476570437,6.5889381208682,8.64781955649052
VisualCogA_Task-2,2,F3,0.5,1,0.1,Delta,0.20703125,6.16636936464644,6.79594983489179,8.84299135975962
VisualCogA_Task-2,2,F3,0.5,1,0.1,Delta,0.2109375,6.83282374981158,7.2937606800989,9.38078342059992
VisualCogA_Task-2,2,F3,0.5,1,0.1,Delta,0.21484375,7.87070496946503,8.06366822563034,10.2472879224561
VisualCogA_Task-2,2,F3,0.5,1,0.1,Delta,0.21875,9.25228914323462,9.03697136550532,11.371262582178
VisualCogA_Task-2,2,F3,0.5,1,0.1,Delta,0.22265625,10.8979451943529,10.114231685636,12.6429762541435
VisualCogA_Task-2,2,F3,0.5,1,0.1,Delta,0.2265625,12.6853667557077,11.1890550548006,13.9402458181148
VisualCogA_Task-2,2,F3,0.5,1,0.1,Delta,0.23046875,14.4678579221586,12.1880991017746,15.1529339282265
VisualCogA_Task-2,2,F3,0.5,1,0.1,Delta,0.234375,16.0979884664147,13.1012352290842,16.1996565308815
VisualCogA_Task-2,2,F3,0.5,1,0.1,Delta,0.23828125,17.4517159963858,13.9383842384709,17.0353423784741
VisualCogA_Task-2,2,F3,0.5,1,0.1,Delta,0.2421875,18.4479327564722,14.6776634087455,17.6522322192321
VisualCogA_Task-2,2,F3,0.5,1,0.1,Delta,0.24609375,19.0593474124974,15.2758874458057,18.0724749259521
VisualCogA_Task-2,2,F3,0.5,1,0.1,Delta,0.25,19.3124951048585,15.7020139245591,18.3207592200745
VisualCogA_Task-2,2,F3,0.5,1,0.1,Delta,0.25390625,19.2771460099007,15.956906949387,18.4256996357358
VisualCogA_Task-2,2,F3,0.5,1,0.1,Delta,0.2578125,19.0479215764097,16.0643078175855,18.4194382541355
VisualCogA_Task-2,2,F3,0.5,1,0.1,Delta,0.26171875,18.7228447683742,16.0572051981343,18.3306260722443
VisualCogA_Task-2,2,F3,0.5,1,0.1,Delta,0.265625,18.3841988361383,15.9680771012964,18.1945501388535
VisualCogA_Task-2,2,F3,0.5,1,0.1,Delta,0.26953125,18.0861315887357,15.8193495925632,18.035605006516
VisualCogA_Task-2,2,F3,0.5,1,0.1,Delta,0.2734375,17.8511647500964,15.6191503920351,17.8658864630653
VisualCogA_Task-2,2,F3,0.5,1,0.1,Delta,0.27734375,17.6749462738179,15.3665659123515,17.6833079229478
VisualCogA_Task-2,2,F3,0.5,1,0.1,Delta,0.28125,17.5362539663544,15.0567948200606,17.4749324534069
VisualCogA_Task-2,2,F3,0.5,1,0.1,Delta,0.28515625,17.4082370517944,14.6843194968541,17.2288486097371
VisualCogA_Task-2,2,F3,0.5,1,0.1,Delta,0.2890625,17.2673996881423,14.2528154060519,16.9360577190594
VisualCogA_Task-2,2,F3,0.5,1,0.1,Delta,0.29296875,17.0984664511098,13.7779885142205,16.5948797269405
VisualCogA_Task-2,2,F3,0.5,1,0.1,Delta,0.296875,16.8952026017972,13.2823710596219,16.2071678483563
VisualCogA_Task-2,2,F3,0.5,1,0.1,Delta,0.30078125,16.6586808269634,12.7858917319512,15.7758775005811
VisualCogA_Task-2,2,F3,0.5,1,0.1,Delta,0.3046875,16.3949402537827,12.3037406767348,15.3027669319005
VisualCogA_Task-2,2,F3,0.5,1,0.1,Delta,0.30859375,16.1135071381372,11.847883578444,14.8156582023184
VisualCogA_Task-2,2,F3,0.5,1,0.1,Delta,0.3125,15.8272439910678,11.4324350965921,14.3587383809373
VisualCogA_Task-2,2,F3,0.5,1,0.1,Delta,0.31640625,15.5529917149215,11.0856210029937,13.9716659747464
VisualCogA_Task-2,2,F3,0.5,1,0.1,Delta,0.3203125,15.3118823132758,10.8397898247112,13.6858489475305
VisualCogA_Task-2,2,F3,0.5,1,0.1,Delta,0.32421875,15.1282066972558,10.7185005350564,13.5306138343046
VisualCogA_Task-2,2,F3,0.5,1,0.1,Delta,0.328125,15.0262636452326,10.7388329284379,13.5471724757656
VisualCogA_Task-2,2,F3,0.5,1,0.1,Delta,0.33203125,15.0254651117909,10.9052422876537,13.749249645296
VisualCogA_Task-2,2,F3,0.5,1,0.1,Delta,0.3359375,15.1348231720639,11.207581222251,14.1169639156933
VisualCogA_Task-2,2,F3,0.5,1,0.1,Delta,0.33984375,15.3484891077766,11.6150393111753,14.6064313066675
VisualCogA_Task-2,2,F3,0.5,1,0.1,Delta,0.34375,15.6440267133953,12.0882251891659,15.159174871952
VisualCogA_Task-2,2,F3,0.5,1,0.1,Delta,0.34765625,15.9845022983537,12.5837096055549,15.7093939644443
VisualCogA_Task-2,2,F3,0.5,1,0.1,Delta,0.3515625,16.3243903547522,13.0531530220543,16.1933129200014
VisualCogA_Task-2,2,F3,0.5,1,0.1,Delta,0.35546875,16.6180575806746,13.4583109410224,16.566896890096
VisualCogA_Task-2,2,F3,0.5,1,0.1,Delta,0.359375,16.8286501326387,13.7796590351393,16.8154639263716
VisualCogA_Task-2,2,F3,0.5,1,0.1,Delta,0.36328125,16.9349736404689,14.0114998986611,16.9525507320385
VisualCogA_Task-2,2,F3,0.5,1,0.1,Delta,0.3671875,16.9345781167216,14.1592115210842,17.0069182191021
VisualCogA_Task-2,2,F3,0.5,1,0.1,Delta,0.37109375,16.8425176869879,14.2449046420834,17.0119041545688
VisualCogA_Task-2,2,F3,0.5,1,0.1,Delta,0.375,16.6866024425724,14.2948939418147,16.99680251895
VisualCogA_Task-2,2,F3,0.5,1,0.1,Delta,0.37890625,16.50079277791,14.3319495235893,16.9865053482777
VisualCogA_Task-2,2,F3,0.5,1,0.1,Delta,0.3828125,16.3183895963674,14.3633466990016,16.9965817997754
VisualCogA_Task-2,2,F3,0.5,1,0.1,Delta,0.38671875,16.1660229030385,14.3914388767411,17.0199581856936
VisualCogA_Task-2,2,F3,0.5,1,0.1,Delta,0.390625,16.0587001939899,14.4065794231507,17.0454785666925
VisualCogA_Task-2,2,F3,0.5,1,0.1,Delta,0.39453125,15.9959195501499,14.3921087718834,17.0672453732991
VisualCogA_Task-2,2,F3,0.5,1,0.1,Delta,0.3984375,15.9592595227712,14.3295397540554,17.0739845904938
VisualCogA_Task-2,2,F3,0.5,1,0.1,Delta,0.40234375,15.9125601282199,14.2009003740911,17.0494235529816
VisualCogA_Task-2,2,F3,0.5,1,0.1,Delta,0.40625,15.8061131391483,13.9875199727704,16.9799369271765
VisualCogA_Task-2,2,F3,0.5,1,0.1,Delta,0.41015625,15.585626689873,13.6730625018498,16.8527300323479
VisualCogA_Task-2,2,F3,0.5,1,0.1,Delta,0.4140625,15.2050958831025,13.2573064675332,16.653992986321
VisualCogA_Task-2,2,F3,0.5,1,0.1,Delta,0.41796875,14.6407045022349,12.7561622653749,16.3701880299283
VisualCogA_Task-2,2,F3,0.5,1,0.1,Delta,0.421875,13.9014752485222,12.1872886489204,15.9917061161401
VisualCogA_Task-2,2,F3,0.5,1,0.1,Delta,0.42578125,13.0324363871251,11.5608504178143,15.513236138687
VisualCogA_Task-2,2,F3,0.5,1,0.1,Delta,0.4296875,12.1078792656739,10.8857633104111,14.9418466591728
VisualCogA_Task-2,2,F3,0.5,1,0.1,Delta,0.43359375,11.2153777552772,10.1804266194231,14.2818045640871
VisualCogA_Task-2,2,F3,0.5,1,0.1,Delta,0.4375,10.4345369686231,9.47689256311776,13.5424266048385
VisualCogA_Task-2,2,F3,0.5,1,0.1,Delta,0.44140625,9.81664680408356,8.83178272221184,12.7748676649194
VisualCogA_Task-2,2,F3,0.5,1,0.1,Delta,0.4453125,9.37158412944151,8.30358896628632,12.0491813358821
VisualCogA_Task-2,2,F3,0.5,1,0.1,Delta,0.44921875,9.06623436407877,7.91019930573537,11.3955600615229
VisualCogA_Task-2,2,F3,0.5,1,0.1,Delta,0.453125,8.83505493359643,7.61207240766746,10.829186435907
VisualCogA_Task-2,2,F3,0.5,1,0.1,Delta,0.45703125,8.5994759075854,7.32814452053122,10.3287513524501
VisualCogA_Task-2,2,F3,0.5,1,0.1,Delta,0.4609375,8.29005162298168,6.97554763715302,9.83013987898203
VisualCogA_Task-2,2,F3,0.5,1,0.1,Delta,0.46484375,7.86462980970117,6.49084170041192,9.26231769403439
VisualCogA_Task-2,2,F3,0.5,1,0.1,Delta,0.46875,7.31745424692181,5.84186392722413,8.58345272266085
VisualCogA_Task-2,2,F3,0.5,1,0.1,Delta,0.47265625,6.67735319284977,5.03341660329965,7.79733424552816
VisualCogA_Task-2,2,F3,0.5,1,0.1,Delta,0.4765625,5.99672400188578,4.10687840542884,6.94123757645497
VisualCogA_Task-2,2,F3,0.5,1,0.1,Delta,0.48046875,5.33562268281938,3.13214885298728,6.08133476816067
VisualCogA_Task-2,2,F3,0.5,1,0.1,Delta,0.484375,4.74611784539516,2.18838714340531,5.30197086794947
VisualCogA_Task-2,2,F3,0.5,1,0.1,Delta,0.48828125,4.26113733374372,1.34650250433209,4.66691298707359
VisualCogA_Task-2,2,F3,0.5,1,0.1,Delta,0.4921875,3.88995687887567,0.663478550637024,4.21127828199706
VisualCogA_Task-2,2,F3,0.5,1,0.1,Delta,0.49609375,3.62019766079359,0.16709076170396,3.94111655434178
VisualCogA_Task-2,2,F3,0.5,1,0.1,Delta,0.5,3.42452860798801,-0.16027616947256,3.82186308231109
VisualCogA_Task-2,2,F3,0.5,1,0.1,Delta,0.50390625,3.26958487894768,-0.365978240552824,3.78980561898429
VisualCogA_Task-2,2,F3,0.5,1,0.1,Delta,0.5078125,3.12480247646034,-0.488296388390697,3.78185677494158
VisualCogA_Task-2,2,F3,0.5,1,0.1,Delta,0.51171875,2.96952401729006,-0.55264846383114,3.75493469705197
VisualCogA_Task-2,2,F3,0.5,1,0.1,Delta,0.515625,2.79744689636168,-0.581897855037845,3.69718957227478
VisualCogA_Task-2,2,F3,0.5,1,0.1,Delta,0.51953125,2.61805874516326,-0.575110531098723,3.63045512519991
VisualCogA_Task-2,2,F3,0.5,1,0.1,Delta,0.5234375,2.45514098637226,-0.503781451916097,3.61316816398958
VisualCogA_Task-2,2,F3,0.5,1,0.1,Delta,0.52734375,2.34279675573802,-0.331759794537501,3.71940397594348
VisualCogA_Task-2,2,F3,0.5,1,0.1,Delta,0.53125,2.31978984480011,-0.0248698310663542,4.01074539246053
VisualCogA_Task-2,2,F3,0.5,1,0.1,Delta,0.53515625,2.42319378708672,0.458945705253214,4.51830238396754
VisualCogA_Task-2,2,F3,0.5,1,0.1,Delta,0.5390625,2.6823590128117,1.15348735176865,5.25440650213461
VisualCogA_Task-2,2,F3,0.5,1,0.1,Delta,0.54296875,3.11400462620289,2.06138774412445,6.20784107853441
VisualCogA_Task-2,2,F3,0.5,1,0.1,Delta,0.546875,3.71893392048675,3.14470433660939,7.33098808417635
VisualCogA_Task-2,2,F3,0.5,1,0.1,Delta,0.55078125,4.48061975403073,4.32481414259599,8.55621055860982
VisualCogA_Task-2,2,F3,0.5,1,0.1,Delta,0.5546875,5.36581378611764,5.49490206397647,9.8036689269894
VisualCogA_Task-2,2,F3,0.5,1,0.1,Delta,0.55859375,6.32735857391732,6.5511934270514,10.9910787875209
VisualCogA_Task-2,2,F3,0.5,1,0.1,Delta,0.5625,7.30932876611948,7.43309531200794,12.0410159081607
VisualCogA_Task-2,2,F3,0.5,1,0.1,Delta,0.56640625,8.25427656772412,8.15271876606798,12.9103979155527
VisualCogA_Task-2,2,F3,0.5,1,0.1,Delta,0.5703125,9.11165194650462,8.76482881860864,13.5910797438855
VisualCogA_Task-2,2,F3,0.5,1,0.1,Delta,0.57421875,9.84564410508008,9.31484188405362,14.0986955291406
VisualCogA_Task-2,2,F3,0.5,1,0.1,Delta,0.578125,10.4402129799512,9.82564144985191,14.4609926407938
VisualCogA_Task-2,2,F3,0.5,1,0.1,Delta,0.58203125,10.899393756433,10.2933022789935,14.7148768905406
VisualCogA_Task-2,2,F3,0.5,1,0.1,Delta,0.5859375,11.2421826792343,10.703972232531,14.9006868873556
VisualCogA_Task-2,2,F3,0.5,1,0.1,Delta,0.58984375,11.4930873148662,11.0423880237043,15.0440022739284
VisualCogA_Task-2,2,F3,0.5,1,0.1,Delta,0.59375,11.671040326069,11.3024617255471,15.1675885129181
VisualCogA_Task-2,2,F3,0.5,1,0.1,Delta,0.59765625,11.7801373981855,11.4801099278425,15.2953788078231
VisualCogA_Task-2,2,F3,0.5,1,0.1,Delta,0.6015625,11.8052429787725,11.56867755562,15.4178210718214
VisualCogA_Task-2,2,F3,0.5,1,0.1,Delta,0.60546875,11.7140869282914,11.5427015815858,15.4903541754105
VisualCogA_Task-2,2,F3,0.5,1,0.1,Delta,0.609375,11.4655759857803,11.3612481371393,15.4413818505786
VisualCogA_Task-2,2,F3,0.5,1,0.1,Delta,0.61328125,11.0222668556724,10.9694890804883,15.1869655911417
VisualCogA_Task-2,2,F3,0.5,1,0.1,Delta,0.6171875,10.3637631576075,10.2943569735122,14.6558873354986
VisualCogA_Task-2,2,F3,0.5,1,0.1,Delta,0.62109375,9.49747507008781,9.26790917128307,13.8050178024524
VisualCogA_Task-2,2,F3,0.5,1,0.1,Delta,0.625,8.4637818181339,7.86618404575981,12.6285703140297
VisualCogA_Task-2,2,F3,0.5,1,0.1,Delta,0.62890625,7.33401452382549,6.16159565802747,11.1749602377441
VisualCogA_Task-2,2,F3,0.5,1,0.1,Delta,0.6328125,6.20147082184109,4.28110885210471,9.55574796743025
VisualCogA_Task-2,2,F3,0.5,1,0.1,Delta,0.63671875,5.16738416947576,2.40694454783652,7.93126672359593
VisualCogA_Task-2,2,F3,0.5,1,0.1,Delta,0.640625,4.3249192192611,0.707194073527617,6.47783292364792
VisualCogA_Task-2,2,F3,0.5,1,0.1,Delta,0.64453125,3.74456366197756,-0.679104488732705,5.34042842594259
VisualCogA_Task-2,2,F3,0.5,1,0.1,Delta,0.6484375,3.46374075118938,-1.59189849899654,4.60824151485086
VisualCogA_Task-2,2,F3,0.5,1,0.1,Delta,0.65234375,3.48233384834836,-1.96294531944757,4.32957465513408
VisualCogA_Task-2,2,F3,0.5,1,0.1,Delta,0.65625,3.76447094802601,-1.87299363058588,4.46442168344343
VisualCogA_Task-2,2,F3,0.5,1,0.1,Delta,0.66015625,4.24570571140532,-1.46162127876488,4.9007006170846
VisualCogA_Task-2,2,F3,0.5,1,0.1,Delta,0.6640625,4.84387171898035,-0.841836560695882,5.49433715079302
VisualCogA_Task-2,2,F3,0.5,1,0.1,Delta,0.66796875,5.47146717760126,-0.119029854671197,6.12112848089961
VisualCogA_Task-2,2,F3,0.5,1,0.1,Delta,0.671875,6.04744217034025,0.619964500019364,6.69345192639227
VisualCogA_Task-2,2,F3,0.5,1,0.1,Delta,0.67578125,6.5066426765447,1.32210684784984,7.1582958156026
VisualCogA_Task-2,2,F3,0.5,1,0.1,Delta,0.6796875,6.80580188682146,1.94740018889951,7.48951402812722
VisualCogA_Task-2,2,F3,0.5,1,0.1,Delta,0.68359375,6.92571209955181,2.46406691560408,7.68566257164925
VisualCogA_Task-2,2,F3,0.5,1,0.1,Delta,0.6875,6.86990287773038,2.85796730631938,7.76939555873285
VisualCogA_Task-2,2,F3,0.5,1,0.1,Delta,0.69140625,6.66066270244781,3.12687228050511,7.77026994976299
VisualCogA_Task-2,2,F3,0.5,1,0.1,Delta,0.6953125,6.33349510203655,3.27681911334987,7.71716600359386
VisualCogA_Task-2,2,F3,0.5,1,0.1,Delta,0.69921875,5.93108205753902,3.33094396579187,7.64342563107087
VisualCogA_Task-2,2,F3,0.5,1,0.1,Delta,0.703125,5.49758577154356,3.33237181279641,7.59585141014371
VisualCogA_Task-2,2,F3,0.5,1,0.1,Delta,0.70703125,5.0737614096321,3.31780621290268,7.61558705836406
VisualCogA_Task-2,2,F3,0.5,1,0.1,Delta,0.7109375,4.69302301150314,3.31436609282457,7.72085095734943
VisualCogA_Task-2,2,F3,0.5,1,0.1,Delta,0.71484375,4.37843456432771,3.33887010762975,7.91251508467586
VisualCogA_Task-2,2,F3,0.5,1,0.1,Delta,0.71875,4.14064160703386,3.40853103695285,8.17899502503359
VisualCogA_Task-2,2,F3,0.5,1,0.1,Delta,0.72265625,3.97695210611953,3.53039913832065,8.48389362279417
VisualCogA_Task-2,2,F3,0.5,1,0.1,Delta,0.7265625,3.87196182116342,3.68613942255699,8.78310342967855
VisualCogA_Task-2,2,F3,0.5,1,0.1,Delta,0.73046875,3.80012793854137,3.8303662445494,9.02127900107811
VisualCogA_Task-2,2,F3,0.5,1,0.1,Delta,0.734375,3.7304318167042,3.91146206755215,9.13056172100752
VisualCogA_Task-2,2,F3,0.5,1,0.1,Delta,0.73828125,3.63277350541498,3.87616407360711,9.05036061110827
VisualCogA_Task-2,2,F3,0.5,1,0.1,Delta,0.7421875,3.48515999813348,3.66561903533793,8.73491374279318
VisualCogA_Task-2,2,F3,0.5,1,0.1,Delta,0.74609375,3.28029205389011,3.26163106906117,8.17926516553193
VisualCogA_Task-2,2,F3,0.5,1,0.1,Delta,0.75,3.03000806462806,2.6917101111741,7.44163578231907
VisualCogA_Task-2,2,F3,0.5,1,0.1,Delta,0.75390625,2.76632017937516,2.04454417063823,6.65017203241172
VisualCogA_Task-2,2,F3,0.5,1,0.1,Delta,0.7578125,2.53847231600404,1.44488405776906,5.95676061534269
VisualCogA_Task-2,2,F3,0.5,1,0.1,Delta,0.76171875,2.40640719379646,1.01581606427175,5.50001665939675
VisualCogA_Task-2,2,F3,0.5,1,0.1,Delta,0.765625,2.43195666133695,0.841547898822498,5.37610813653747
VisualCogA_Task-2,2,F3,0.5,1,0.1,Delta,0.76953125,2.6696256556083,0.946878650346761,5.61886849523219
VisualCogA_Task-2,2,F3,0.5,1,0.1,Delta,0.7734375,3.15879979894095,1.3033220113804,6.19870762637989
VisualCogA_Task-2,2,F3,0.5,1,0.1,Delta,0.77734375,3.91860863720598,1.84352279858741,7.04787709494985
VisualCogA_Task-2,2,F3,0.5,1,0.1,Delta,0.78125,4.94584405888506,2.49106521730656,8.10421061286145
VisualCogA_Task-2,2,F3,0.5,1,0.1,Delta,0.78515625,6.21571317557735,3.19397610816532,9.32508781759602
VisualCogA_Task-2,2,F3,0.5,1,0.1,Delta,0.7890625,7.68509408167412,3.93534819019746,10.6751856441385
VisualCogA_Task-2,2,F3,0.5,1,0.1,Delta,0.79296875,9.29829067220525,4.72219523521318,12.1153647393014
VisualCogA_Task-2,2,F3,0.5,1,0.1,Delta,0.796875,10.9956014652832,5.53783901702518,13.6115642707874
VisualCogA_Task-2,2,F3,0.5,1,0.1,Delta,0.80078125,12.7247375741466,6.36374340952466,15.127925479475
VisualCogA_Task-2,2,F3,0.5,1,0.2,Left,-0.19921875,1.731927585532,1.0306746088692,2.34435349802519
VisualCogA_Task-2,2,F3,0.5,1,0.2,Left,-0.1953125,2.32583437905446,1.45883774893168,2.76688573185216
VisualCogA_Task-2,2,F3,0.5,1,0.2,Left,-0.19140625,2.86752777838342,1.83108381687016,3.14216821740257
VisualCogA_Task-2,2,F3,0.5,1,0.2,Left,-0.1875,3.28629565153823,2.07445637190333,3.39954321407197
VisualCogA_Task-2,2,F3,0.5,1,0.2,Left,-0.18359375,3.51948938601389,2.12544735667417,3.4614200018861
VisualCogA_Task-2,2,F3,0.5,1,0.2,Left,-0.1796875,3.5298995752827,1.95583161108657,3.29601291093121
VisualCogA_Task-2,2,F3,0.5,1,0.2,Left,-0.17578125,3.31391927423398,1.58594364399053,2.92199425229577
VisualCogA_Task-2,2,F3,0.5,1,0.2,Left,-0.171875,2.90164236131681,1.08049469262427,2.4066441004997
VisualCogA_Task-2,2,F3,0.5,1,0.2,Left,-0.16796875,2.35063940568186,0.530300228076135,1.84488413030079
VisualCogA_Task-2,2,F3,0.5,1,0.2,Left,-0.1640625,1.73543968204636,0.0286013126299957,1.32395781973873
VisualCogA_Task-2,2,F3,0.5,1,0.2,Left,-0.16015625,1.13490660981425,-0.3559384038112,0.904650424085933
VisualCogA_Task-2,2,F3,0.5,1,0.2,Left,-0.15625,0.619742191315393,-0.592577475130045,0.618931279508531
VisualCogA_Task-2,2,F3,0.5,1,0.2,Left,-0.15234375,0.24217821198178,-0.686862268618665,0.470963820616079
VisualCogA_Task-2,2,F3,0.5,1,0.2,Left,-0.1484375,0.0293937980953078,-0.668127250004126,0.438459602481539
VisualCogA_Task-2,2,F3,0.5,1,0.2,Left,-0.14453125,-0.0186269600057921,-0.572964725431627,0.483070946954599
VisualCogA_Task-2,2,F3,0.5,1,0.2,Left,-0.140625,0.0730032439114448,-0.433353710388028,0.56969555509635
VisualCogA_Task-2,2,F3,0.5,1,0.2,Left,-0.13671875,0.259515787052889,-0.271570975822034,0.668647018476684
VisualCogA_Task-2,2,F3,0.5,1,0.2,Left,-0.1328125,0.484085283388066,-0.10933553209305,0.75078368185653
VisualCogA_Task-2,2,F3,0.5,1,0.2,Left,-0.12890625,0.686491883515819,0.028681240477646,0.790068436323319
VisualCogA_Task-2,2,F3,0.5,1,0.2,Left,-0.125,0.811970507586631,0.118617121345413,0.767761655082225
VisualCogA_Task-2,2,F3,0.5,1,0.2,Left,-0.12109375,0.819441362295898,0.139732449314539,0.671974036243799
VisualCogA_Task-2,2,F3,0.5,1,0.2,Left,-0.1171875,0.688135418428175,0.0871932072788286,0.504535522141827
VisualCogA_Task-2,2,F3,0.5,1,0.2,Left,-0.11328125,0.421363137472453,-0.0288309346391149,0.279120018061254
VisualCogA_Task-2,2,F3,0.5,1,0.2,Left,-0.109375,0.0461691910432467,-0.186174490136745,0.01769276590154
VisualCogA_Task-2,2,F3,0.5,1,0.2,Left,-0.10546875,-0.391829567583437,-0.357701229847554,-0.2541380645025
VisualCogA_Task-2,2,F3,0.5,1,0.2,Left,-0.1015625,-0.837973431937408,-0.517158483690963,-0.51258834366639
VisualCogA_Task-2,2,F3,0.5,1,0.2,Left,-0.09765625,-1.24056943791979,-0.643254514983726,-0.738730142232006
VisualCogA_Task-2,2,F3,0.5,1,0.2,Left,-0.09375,-1.5623367679067,-0.718433266414695,-0.917370387258042
VisualCogA_Task-2,2,F3,0.5,1,0.2,Left,-0.08984375,-1.78794283173678,-0.73102074728278,-1.03718850850088
VisualCogA_Task-2,2,F3,0.5,1,0.2,Left,-0.0859375,-1.92515004382897,-0.684733758121324,-1.0981773647522
VisualCogA_Task-2,2,F3,0.5,1,0.2,Left,-0.08203125,-1.9989820787947,-0.600629612500961,-1.11396021773984
VisualCogA_Task-2,2,F3,0.5,1,0.2,Left,-0.078125,-2.0406391479105,-0.504059302854907,-1.10664069894921
VisualCogA_Task-2,2,F3,0.5,1,0.2,Left,-0.07421875,-2.07480170638639,-0.430653359356937,-1.11577273764797
VisualCogA_Task-2,2,F3,0.5,1,0.2,Left,-0.0703125,-2.10969168901178,-0.411445845262818,-1.18229095914284
VisualCogA_Task-2,2,F3,0.5,1,0.2,Left,-0.06640625,-2.13344141475111,-0.455576723064458,-1.32780149783054
VisualCogA_Task-2,2,F3,0.5,1,0.2,Left,-0.0625,-2.1181739601547,-0.539281827321153,-1.53756897221475
VisualCogA_Task-2,2,F3,0.5,1,0.2,Left,-0.05859375,-2.03048627188167,-0.615571236313013,-1.75906647505424
VisualCogA_Task-2,2,F3,0.5,1,0.2,Left,-0.0546875,-1.84475924449268,-0.643533728171748,-1.93196597753132
VisualCogA_Task-2,2,F3,0.5,1,0.2,Left,-0.05078125,-1.55474737333789,-0.608130735885151,-2.00836509317609
VisualCogA_Task-2,2,F3,0.5,1,0.2,Left,-0.046875,-1.17956315028831,-0.504215780356965,-1.9729239480951
VisualCogA_Task-2,2,F3,0.5,1,0.2,Left,-0.04296875,-0.762168423495904,-0.315853959731185,-1.83531833665928
VisualCogA_Task-2,2,F3,0.5,1,0.2,Left,-0.0390625,-0.361024521461689,-0.0481460691905941,-1.62241088617966
VisualCogA_Task-2,2,F3,0.5,1,0.2,Left,-0.03515625,-0.0376925496530382,0.272706947082069,-1.37746087996113
VisualCogA_Task-2,2,F3,0.5,1,0.2,Left,-0.03125,0.155800139509876,0.595456866877531,-1.15309290474553
VisualCogA_Task-2,2,F3,0.5,1,0.2,Left,-0.02734375,0.186336710832213,0.851229586431181,-1.00224908365114
VisualCogA_Task-2,2,F3,0.5,1,0.2,Left,-0.0234375,0.0437373324211092,0.98391489268517,-0.966541019114459
VisualCogA_Task-2,2,F3,0.5,1,0.2,Left,-0.01953125,-0.260804598926917,0.954446098697999,-1.07556579965848
VisualCogA_Task-2,2,F3,0.5,1,0.2,Left,-0.015625,-0.700476623235662,0.747807982801872,-1.34328978588528
VisualCogA_Task-2,2,F3,0.5,1,0.2,Left,-0.01171875,-1.24044376451506,0.372030549109228,-1.76775112536804
VisualCogA_Task-2,2,F3,0.5,1,0.2,Left,-0.0078125,-1.84485301081235,-0.142990609928124,-2.32467377904801
VisualCogA_Task-2,2,F3,0.5,1,0.2,Left,-0.00390625,-2.48146933737886,-0.749012428314964,-2.97072631882885
VisualCogA_Task-2,2,F3,0.5,1,0.2,Left,0,-3.12326315292407,-1.38441732656967,-3.64956923084961
VisualCogA_Task-2,2,F3,0.5,1,0.2,Left,0.00390625,-3.74742095580968,-1.98316448204814,-4.29729824768096
VisualCogA_Task-2,2,F3,0.5,1,0.2,Left,0.0078125,-4.33309949466745,-2.48201815505357,-4.85855817796757
VisualCogA_Task-2,2,F3,0.5,1,0.2,Left,0.01171875,-4.85953887123079,-2.83794367606204,-5.28561948655902
VisualCogA_Task-2,2,F3,0.5,1,0.2,Left,0.015625,-5.30581875377758,-3.03155553865995,-5.54577019045881
VisualCogA_Task-2,2,F3,0.5,1,0.2,Left,0.01953125,-5.65271866693121,-3.05721486554726,-5.61984491201857
VisualCogA_Task-2,2,F3,0.5,1,0.2,Left,0.0234375,-5.88613935703403,-2.92281433246267,-5.50214213360894
VisualCogA_Task-2,2,F3,0.5,1,0.2,Left,0.02734375,-6.00074681429999,-2.64583625009408,-5.20541889031661
VisualCogA_Task-2,2,F3,0.5,1,0.2,Left,0.03125,-6.00223970856389,-2.25260187577069,-4.76775432487264
VisualCogA_Task-2,2,F3,0.5,1,0.2,Left,0.03515625,-5.90704436912463,-1.78263604084365,-4.25164545755896
VisualCogA_Task-2,2,F3,0.5,1,0.2,Left,0.0390625,-5.73917484173564,-1.28629287107885,-3.72749655893529
VisualCogA_Task-2,2,F3,0.5,1,0.2,Left,0.04296875,-5.52509697575822,-0.808738920526898,-3.25826850768543
VisualCogA_Task-2,2,F3,0.5,1,0.2,Left,0.046875,-5.28825062787312,-0.37473201136489,-2.88543158444428
VisualCogA_Task-2,2,F3,0.5,1,0.2,Left,0.05078125,-5.04505399974269,0.0160767183229017,-2.62767535055849
VisualCogA_Task-2,2,F3,0.5,1,0.2,Left,0.0546875,-4.8036399125378,0.369716548495415,-2.47901167482317
VisualCogA_Task-2,2,F3,0.5,1,0.2,Left,0.05859375,-4.56548169767823,0.701048066464684,-2.4105782290007
VisualCogA_Task-2,2,F3,0.5,1,0.2,Left,0.0625,-4.3289282807501,1.02969066084081,-2.37453475535286
VisualCogA_Task-2,2,F3,0.5,1,0.2,Left,0.06640625,-4.09299417025143,1.36994355929718,-2.32314314302536
VisualCogA_Task-2,2,F3,0.5,1,0.2,Left,0.0703125,-3.85984250950302,1.73766934439519,-2.21600999855857
VisualCogA_Task-2,2,F3,0.5,1,0.2,Left,0.07421875,-3.63519375970328,2.14343152412349,-2.03467748943469
VisualCogA_Task-2,2,F3,0.5,1,0.2,Left,0.078125,-3.42698227331896,2.59073747266284,-1.78076034775605
VisualCogA_Task-2,2,F3,0.5,1,0.2,Left,0.08203125,-3.24342326548463,3.06958739190293,-1.46898451419919
VisualCogA_Task-2,2,F3,0.5,1,0.2,Left,0.0859375,-3.09183909779748,3.55322999819854,-1.12221876103733
VisualCogA_Task-2,2,F3,0.5,1,0.2,Left,0.08984375,-2.97906294029956,4.01002769310421,-0.769724407523479
VisualCogA_Task-2,2,F3,0.5,1,0.2,Left,0.09375,-2.91328267965409,4.4124158662634,-0.447762193909023
VisualCogA_Task-2,2,F3,0.5,1,0.2,Left,0.09765625,-2.90628947007824,4.73672318924493,-0.199971864240631
VisualCogA_Task-2,2,F3,0.5,1,0.2,Left,0.1015625,-2.97467723421752,4.94398225037777,-0.0747792342014832
VisualCogA_Task-2,2,F3,0.5,1,0.2,Left,0.10546875,-3.13878116687893,4.98742572194488,-0.118747120177944
VisualCogA_Task-2,2,F3,0.5,1,0.2,Left,0.109375,-3.41893335727922,4.82489822274397,-0.372246964953385
VisualCogA_Task-2,2,F3,0.5,1,0.2,Left,0.11328125,-3.8296348492188,4.42940673977771,-0.859327561632362
VisualCogA_Task-2,2,F3,0.5,1,0.2,Left,0.1171875,-4.37312159882958,3.8067721701494,-1.57769614877686
VisualCogA_Task-2,2,F3,0.5,1,0.2,Left,0.12109375,-5.03424193285518,2.99243774642546,-2.49665718528569
VisualCogA_Task-2,2,F3,0.5,1,0.2,Left,0.125,-5.77842893625444,2.04466672535277,-3.56534073390912
VisualCogA_Task-2,2,F3,0.5,1,0.2,Left,0.12890625,-6.55388009957682,1.034953211728,-4.71154785289798
VisualCogA_Task-2,2,F3,0.5,1,0.2,Left,0.1328125,-7.29802666143451,0.0408886180681597,-5.84845727379652
VisualCogA_Task-2,2,F3,0.5,1,0.2,Left,0.13671875,-7.94724782004512,-0.85967887128426,-6.88984638393475
VisualCogA_Task-2,2,F3,0.5,1,0.2,Left,0.140625,-8.4478435869977,-1.59253103088843,-7.76645256748185
VisualCogA_Task-2,2,F3,0.5,1,0.2,Left,0.14453125,-8.76577449276867,-2.09688729047127,-8.42859130586648
VisualCogA_Task-2,2,F3,0.5,1,0.2,Left,0.1484375,-8.89277455740132,-2.33961736355331,-8.85301641157765
VisualCogA_Task-2,2,F3,0.5,1,0.2,Left,0.15234375,-8.84718598290103,-2.33008518137593,-9.04840142673652
VisualCogA_Task-2,2,F3,0.5,1,0.2,Left,0.15625,-8.66912501667704,-2.12600007724735,-9.04854707222355
VisualCogA_Task-2,2,F3,0.5,1,0.2,Left,0.16015625,-8.41107096995079,-1.81596561502509,-8.90835148681245
VisualCogA_Task-2,2,F3,0.5,1,0.2,Left,0.1640625,-8.12625461632342,-1.48225869970057,-8.69109430898659
VisualCogA_Task-2,2,F3,0.5,1,0.2,Left,0.16796875,-7.85788617319624,-1.18637465341355,-8.45871152318668
VisualCogA_Task-2,2,F3,0.5,1,0.2,Left,0.171875,-7.63204395278032,-0.969856434149382,-8.26287308145175
VisualCogA_Task-2,2,F3,0.5,1,0.2,Left,0.17578125,-7.45596768219817,-0.849355808163707,-8.13640150179583
VisualCogA_Task-2,2,F3,0.5,1,0.2,Left,0.1796875,-7.32189710232886,-0.820876504206032,-8.08669629702841
VisualCogA_Task-2,2,F3,0.5,1,0.2,Left,0.18359375,-7.21498851517248,-0.840616379766075,-8.09684615661749
VisualCogA_Task-2,2,F3,0.5,1,0.2,Left,0.1875,-7.12274046875199,-0.854376123074864,-8.13124455829618
VisualCogA_Task-2,2,F3,0.5,1,0.2,Left,0.19140625,-7.0430748332801,-0.832245069772447,-8.15878112667955
VisualCogA_Task-2,2,F3,0.5,1,0.2,Left,0.1953125,-6.98876467663663,-0.786304584139398,-8.17623573288797
VisualCogA_Task-2,2,F3,0.5,1,0.2,Left,0.19921875,-6.98702366414938,-0.770651740361509,-8.21309843065235
VisualCogA_Task-2,2,F3,0.5,1,0.2,Left,0.203125,-7.07438522924455,-0.845092817079555,-8.33077993839802
VisualCogA_Task-2,2,F3,0.5,1,0.2,Left,0.20703125,-7.28813842701923,-1.05273622336019,-8.59250749723563
VisualCogA_Task-2,2,F3,0.5,1,0.2,Left,0.2109375,-7.65632325706042,-1.39904762649469,-9.02743145649166
VisualCogA_Task-2,2,F3,0.5,1,0.2,Left,0.21484375,-8.1885561694211,-1.85412337841102,-9.61859156079117
VisualCogA_Task-2,2,F3,0.5,1,0.2,Left,0.21875,-8.86979918033805,-2.36058964786542,-10.3175598361331
VisualCogA_Task-2,2,F3,0.5,1,0.2,Left,0.22265625,-9.65867289632977,-2.84797437164935,-11.0587855488127
VisualCogA_Task-2,2,F3,0.5,1,0.2,Left,0.2265625,-10.4910977876842,-3.25286285789373,-11.7762452148616
VisualCogA_Task-2,2,F3,0.5,1,0.2,Left,0.23046875,-11.2889906066381,-3.54275157760538,-12.4100498961691
VisualCogA_Task-2,2,F3,0.5,1,0.2,Left,0.234375,-11.9725790225068,-3.7356193134584,-12.9061997628866
VisualCogA_Task-2,2,F3,0.5,1,0.2,Left,0.23828125,-12.4738787868167,-3.85869057932765,-13.2204378137125
VisualCogA_Task-2,2,F3,0.5,1,0.2,Left,0.2421875,-12.7483357700078,-3.9029810556894,-13.3242755884698
VisualCogA_Task-2,2,F3,0.5,1,0.2,Left,0.24609375,-12.7818580394835,-3.8352848141703,-13.2140526254834
VisualCogA_Task-2,2,F3,0.5,1,0.2,Left,0.25,-12.5915324343447,-3.63385439260234,-12.9101386136449
VisualCogA_Task-2,2,F3,0.5,1,0.2,Left,0.25390625,-12.2199992887052,-3.30776223884269,-12.4557457229845
VisualCogA_Task-2,2,F3,0.5,1,0.2,Left,0.2578125,-11.7252175270368,-2.88587588512229,-11.9154669381879
VisualCogA_Task-2,2,F3,0.5,1,0.2,Left,0.26171875,-11.1685525778566,-2.40151877459293,-11.359955498681
VisualCogA_Task-2,2,F3,0.5,1,0.2,Left,0.265625,-10.6042994707989,-1.88297371976584,-10.848095630842
VisualCogA_Task-2,2,F3,0.5,1,0.2,Left,0.26953125,-10.0728649790308,-1.34672005397104,-10.4115122004415
VisualCogA_Task-2,2,F3,0.5,1,0.2,Left,0.2734375,-9.59829305176155,-0.797395330882784,-10.0443932817395
VisualCogA_Task-2,2,F3,0.5,1,0.2,Left,0.27734375,-9.1893226595364,-0.236344576869557,-9.71620202472177
VisualCogA_Task-2,2,F3,0.5,1,0.2,Left,0.28125,-8.84234776233841,0.333148004626816,-9.3863462088644
VisualCogA_Task-2,2,F3,0.5,1,0.2,Left,0.28515625,-8.54475628064576,0.906508898780713,-9.03051685622646
VisualCogA_Task-2,2,F3,0.5,1,0.2,Left,0.2890625,-8.27791736785342,1.47407521265292,-8.64794176511501
VisualCogA_Task-2,2,F3,0.5,1,0.2,Left,0.29296875,-8.01998696981451,2.02361586903425,-8.24669592542579
VisualCogA_Task-2,2,F3,0.5,1,0.2,Left,0.296875,-7.74913364540372,2.54754560009733,-7.83857390165086
VisualCogA_Task-2,2,F3,0.5,1,0.2,Left,0.30078125,-7.44749716559447,3.05032498052886,-7.43232733679836
VisualCogA_Task-2,2,F3,0.5,1,0.2,Left,0.3046875,-7.10538539394054,3.54582860156988,-7.02888780631526
VisualCogA_Task-2,2,F3,0.5,1,0.2,Left,0.30859375,-6.72442362958062,4.05054776699418,-6.62534032586882
VisualCogA_Task-2,2,F3,0.5,1,0.2,Left,0.3125,-6.3181491347105,4.57429233701154,-6.22075846081399
VisualCogA_Task-2,2,F3,0.5,1,0.2,Left,0.31640625,-5.90915152842441,5.10647162382036,-5.81412811521291
VisualCogA_Task-2,2,F3,0.5,1,0.2,Left,0.3203125,-5.523109036003,5.62616164150003,-5.41326879802441
VisualCogA_Task-2,2,F3,0.5,1,0.2,Left,0.32421875,-5.18141111563372,6.11585278998362,-5.04324460469296
VisualCogA_Task-2,2,F3,0.5,1,0.2,Left,0.328125,-4.89485105622116,6.5596067763437,-4.73193340483542
VisualCogA_Task-2,2,F3,0.5,1,0.2,Left,0.33203125,-4.66070652544365,6.94885717970667,-4.49649370849322
VisualCogA_Task-2,2,F3,0.5,1,0.2,Left,0.3359375,-4.46441511584837,7.28377095438327,-4.33401249640549
VisualCogA_Task-2,2,F3,0.5,1,0.2,Left,0.33984375,-4.28542074283147,7.57957142004593,-4.22188685410031
VisualCogA_Task-2,2,F3,0.5,1,0.2,Left,0.34375,-4.10525252703555,7.85646753240788,-4.12273496986497
VisualCogA_Task-2,2,F3,0.5,1,0.2,Left,0.34765625,-3.91507563987505,8.12807820994172,-3.99704060940147
VisualCogA_Task-2,2,F3,0.5,1,0.2,Left,0.3515625,-3.72011529925362,8.40137800555058,-3.82187390415029
VisualCogA_Task-2,2,F3,0.5,1,0.2,Left,0.35546875,-3.53942212402936,8.66835769574601,-3.60118414027785
VisualCogA_Task-2,2,F3,0.5,1,0.2,Left,0.359375,-3.40102832241593,8.90410000360647,-3.36727074594541
VisualCogA_Task-2,2,F3,0.5,1,0.2,Left,0.36328125,-3.33409227289823,9.07096848655736,-3.17446226924788
VisualCogA_Task-2,2,F3,0.5,1,0.2,Left,0.3671875,-3.36062487734193,9.12460783604714,-3.08703393114842
VisualCogA_Task-2,2,F3,0.5,1,0.2,Left,0.37109375,-3.48950018427777,9.02065222228657,-3.16221991126239
VisualCogA_Task-2,2,F3,0.5,1,0.2,Left,0.375,-3.71462421698582,8.73250923477223,-3.43346966487118
VisualCogA_Task-2,2,F3,0.5,1,0.2,Left,0.37890625,-4.01763074965689,8.26383704191694,-3.90345800232145
VisualCogA_Task-2,2,F3,0.5,1,0.2,Left,0.3828125,-4.37380898864974,7.65601595108973,-4.54793308054896
VisualCogA_Task-2,2,F3,0.5,1,0.2,Left,0.38671875,-4.75877113078491,6.97478707233317,-5.29898626897352
VisualCogA_Task-2,2,F3,0.5,1,0.2,Left,0.390625,-5.15314358038895,6.2968405727416,-6.0578733756334
VisualCogA_Task-2,2,F3,0.5,1,0.2,Left,0.39453125,-5.54346854419658,5.69248577155175,-6.75529719618267
VisualCogA_Task-2,2,F3,0.5,1,0.2,Left,0.3984375,-5.91921328647256,5.21472537074313,-7.35929598376982
VisualCogA_Task-2,2,F3,0.5,1,0.2,Left,0.40234375,-6.26759386093314,4.89368680947623,-7.8547730189698
VisualCogA_Task-2,2,F3,0.5,1,0.2,Left,0.40625,-6.56902141002058,4.73667261435945,-8.2368181692038
VisualCogA_Task-2,2,F3,0.5,1,0.2,Left,0.41015625,-6.79583797139441,4.73228812083541,-8.50386158112638
VisualCogA_Task-2,2,F3,0.5,1,0.2,Left,0.4140625,-6.91562981949726,4.85645498984334,-8.65235313719352
VisualCogA_Task-2,2,F3,0.5,1,0.2,Left,0.41796875,-6.89835417455327,5.08216833784526,-8.67822458182539
VisualCogA_Task-2,2,F3,0.5,1,0.2,Left,0.421875,-6.72467691524526,5.39295008352323,-8.57535358624707
VisualCogA_Task-2,2,F3,0.5,1,0.2,Left,0.42578125,-6.39211968361148,5.79097471153167,-8.33486147466681
VisualCogA_Task-2,2,F3,0.5,1,0.2,Left,0.4296875,-5.91625417295828,6.28556674226002,-7.9428532380142
VisualCogA_Task-2,2,F3,0.5,1,0.2,Left,0.43359375,-5.32604904165613,6.8874728352594,-7.3843694806296
VisualCogA_Task-2,2,F3,0.5,1,0.2,Left,0.4375,-4.65482478474771,7.6059121733527,-6.65818926496514
VisualCogA_Task-2,2,F3,0.5,1,0.2,Left,0.44140625,-3.93012931201697,8.44430338064825,-5.78293370945518
VisualCogA_Task-2,2,F3,0.5,1,0.2,Left,0.4453125,-3.16641940780431,9.39653058962809,-4.78774735641
VisualCogA_Task-2,2,F3,0.5,1,0.2,Left,0.44921875,-2.36344829271805,10.4458206223659,-3.69775402546001
VisualCogA_Task-2,2,F3,0.5,1,0.2,Left,0.453125,-1.51108383344651,11.5673152871733,-2.53924791924815
VisualCogA_Task-2,2,F3,0.5,1,0.2,Left,0.45703125,-0.598771321198102,12.7336182038206,-1.33823008960323
VisualCogA_Task-2,2,F3,0.5,1,0.2,Left,0.4609375,0.373999279203113,13.9210855191641,-0.11694988819858
VisualCogA_Task-2,2,F3,0.5,1,0.2,Left,0.46484375,1.39033796101309,15.106286829365,1.09277842492503
VisualCogA_Task-2,2,F3,0.5,1,0.2,Left,0.46875,2.41476180333414,16.2642701053703,2.2550937161481
VisualCogA_Task-2,2,F3,0.5,1,0.2,Left,0.47265625,3.39904590666689,17.3720339494705,3.33815367959477
VisualCogA_Task-2,2,F3,0.5,1,0.2,Left,0.4765625,4.29356021805772,18.4104845525054,4.30181511372849
VisualCogA_Task-2,2,F3,0.5,1,0.2,Left,0.48046875,5.06069920244638,19.3646890311452,5.1016229681675
VisualCogA_Task-2,2,F3,0.5,1,0.2,Left,0.484375,5.68636092217417,20.2293643371179,5.71416148983116
VisualCogA_Task-2,2,F3,0.5,1,0.2,Left,0.48828125,6.18607990958717,21.0122157535485,6.16491767964033
VisualCogA_Task-2,2,F3,0.5,1,0.2,Left,0.4921875,6.60404002497268,21.7290672035067,6.51866688918309
VisualCogA_Task-2,2,F3,0.5,1,0.2,Left,0.49609375,7.00520741644375,22.4128948382712,6.86908592919665
VisualCogA_Task-2,2,F3,0.5,1,0.2,Left,0.5,7.46262202955522,23.1262237972741,7.31991989795162
VisualCogA_Task-2,2,F3,0.5,1,0.2,Left,0.50390625,8.04302396045874,23.9421816503354,7.95803757805034
VisualCogA_Task-2,2,F3,0.5,1,0.2,Left,0.5078125,8.79427196526237,24.90279760129,8.82579556137362
VisualCogA_Task-2,2,F3,0.5,1,0.2,Left,0.51171875,9.73746494903063,26.014904193003,9.91292820835186
VisualCogA_Task-2,2,F3,0.5,1,0.2,Left,0.515625,10.8654787377245,27.265532887089,11.1717088745852
VisualCogA_Task-2,2,F3,0.5,1,0.2,Left,0.51953125,12.1480402020388,28.6121279432692,12.5310307861102
VisualCogA_Task-2,2,F3,0.5,1,0.2,Left,0.5234375,13.5418124612345,29.9940334081143,13.9176586729142
VisualCogA_Task-2,2,F3,0.5,1,0.2,Left,0.52734375,15.0026587081499,31.3658955128025,15.2790146655386
VisualCogA_Task-2,2,F3,0.5,1,0.2,Left,0.53125,16.4966822992945,32.7136023561274,16.5952724932182
VisualCogA_Task-2,2,F3,0.5,1,0.2,Left,0.53515625,18.0070474154903,34.0386511737228,17.8745104761656
VisualCogA_Task-2,2,F3,0.5,1,0.2,Left,0.5390625,19.53491130728,35.3593799513427,19.1415799095278
VisualCogA_Task-2,2,F3,0.5,1,0.2,Left,0.54296875,21.0946569961344,36.7142393962284,20.4335150735078
VisualCogA_Task-2,2,F3,0.5,1,0.2,Left,0.546875,22.7053957902953,38.1532908395332,21.7892992375119
VisualCogA_Task-2,2,F3,0.5,1,0.2,Left,0.55078125,24.3818021819402,39.727629567246,23.2374508348092
VisualCogA_Task-2,2,F3,0.5,1,0.2,Left,0.5546875,26.1273710776352,41.4764566018947,24.7875662175819
VisualCogA_Task-2,2,F3,0.5,1,0.2,Left,0.55859375,27.9321540915313,43.405802611665,26.4197365229346
VisualCogA_Task-2,2,F3,0.5,1,0.2,Left,0.5625,29.7753323673591,45.4664637927074,28.0921412452463
VisualCogA_Task-2,2,F3,0.5,1,0.2,Left,0.56640625,31.6312518128741,47.5468097515078,29.753953146221
VisualCogA_Task-2,2,F3,0.5,1,0.2,Left,0.5703125,33.4764106605856,49.5377986717473,31.3719601647394
VisualCogA_Task-2,2,F3,0.5,1,0.2,Left,0.57421875,35.2947357791281,51.381764279136,32.9394035989945
VisualCogA_Task-2,2,F3,0.5,1,0.2,Left,0.578125,37.0793263766653,53.0749061538308,34.4656486766448
VisualCogA_Task-2,2,F3,0.5,1,0.2,Left,0.58203125,38.8303311921625,54.6565579972861,35.9676193135536
VisualCogA_Task-2,2,F3,0.5,1,0.2,Left,0.5859375,40.5501793005338,56.1753831849327,37.4653978176623
VisualCogA_Task-2,2,F3,0.5,1,0.2,Left,0.58984375,42.2384075717246,57.6635877257987,38.9762781201675
VisualCogA_Task-2,2,F3,0.5,1,0.2,Left,0.59375,43.8884198747444,59.1308637428829,40.5022309713701
VisualCogA_Task-2,2,F3,0.5,1,0.2,Left,0.59765625,45.4876290896301,60.5707322404526,42.0296254557487
VisualCogA_Task-2,2,F3,0.5,1,0.2,Left,0.6015625,47.0209192967366,61.9585204639494,43.5295409080522
VisualCogA_Task-2,2,F3,0.5,1,0.2,Left,0.60546875,48.4758468200776,63.2812821371206,44.9735569261596
VisualCogA_Task-2,2,F3,0.5,1,0.2,Left,0.609375,49.8471348934108,64.5330588526327,46.3507826426923
VisualCogA_Task-2,2,F3,0.5,1,0.2,Left,0.61328125,51.1382151692772,65.715250965436,47.6716467560144
VisualCogA_Task-2,2,F3,0.5,1,0.2,Left,0.6171875,52.3587837687507,66.8498405320297,48.9548536212869
VisualCogA_Task-2,2,F3,0.5,1,0.2,Left,0.62109375,53.5190658522206,67.9732583830889,50.2196969197735
VisualCogA_Task-2,2,F3,0.5,1,0.2,Left,0.625,54.6229746983487,69.123121615329,51.4775573266698
VisualCogA_Task-2,2,F3,0.5,1,0.2,Left,0.62890625,55.6629606160922,70.3126383598332,52.7136994925566
VisualCogA_Task-2,2,F3,0.5,1,0.2,Left,0.6328125,56.6188142188394,71.5303349945736,53.8882245670013
VisualCogA_Task-2,2,F3,0.5,1,0.2,Left,0.63671875,57.4612525904106,72.7280349547233,54.9581447818822
VisualCogA_Task-2,2,F3,0.5,1,0.2,Left,0.640625,58.1593745106698,73.8532031049346,55.8764796722341
VisualCogA_Task-2,2,F3,0.5,1,0.2,Left,0.64453125,58.6897067005786,74.8711674382541,56.6118425238688
VisualCogA_Task-2,2,F3,0.5,1,0.2,Left,0.6484375,59.0440602535205,75.7265060955206,57.1475692258371
VisualCogA_Task-2,2,F3,0.5,1,0.2,Left,0.65234375,59.2338863120682,76.3575910213296,57.4785380742283
VisualCogA_Task-2,2,F3,0.5,1,0.2,Left,0.65625,59.2900029700562,76.7407459338785,57.6124778783304
VisualCogA_Task-2,2,F3,0.5,1,0.2,Left,0.66015625,59.2579774970974,76.8837834111747,57.562956350894
VisualCogA_Task-2,2,F3,0.5,1,0.2,Left,0.6640625,59.1905922310058,76.809153492272,57.356961564321
VisualCogA_Task-2,2,F3,0.5,1,0.2,Left,0.66796875,59.1393724579617,76.5719626931932,57.039892696739
VisualCogA_Task-2,2,F3,0.5,1,0.2,Left,0.671875,59.1470471444612,76.2650651600532,56.6679586293968
VisualCogA_Task-2,2,F3,0.5,1,0.2,Left,0.67578125,59.2422278653002,75.9922383084193,56.3153288564733
VisualCogA_Task-2,2,F3,0.5,1,0.2,Left,0.6796875,59.4368367279885,75.8401155490725,56.0586585057316
VisualCogA_Task-2,2,F3,0.5,1,0.2,Left,0.68359375,59.7261798900204,75.8525050760893,55.9479011656801
VisualCogA_Task-2,2,F3,0.5,1,0.2,Left,0.6875,60.091201726998,76.0324247969792,56.0023581427309
VisualCogA_Task-2,2,F3,0.5,1,0.2,Left,0.69140625,60.5023468075829,76.3531761014887,56.2098899171571
VisualCogA_Task-2,2,F3,0.5,1,0.2,Left,0.6953125,60.9244690481604,76.7724840667065,56.5311460528613
VisualCogA_Task-2,2,F3,0.5,1,0.2,Left,0.69921875,61.3222189985241,77.2398335280789,56.9016243899256
VisualCogA_Task-2,2,F3,0.5,1,0.2,Left,0.703125,61.6652541258539,77.6985203232097,57.2459909636571
VisualCogA_Task-2,2,F3,0.5,1,0.2,Left,0.70703125,61.9325053625998,78.1081928834071,57.5034796318519
VisualCogA_Task-2,2,F3,0.5,1,0.2,Left,0.7109375,62.1147150619085,78.43200160733,57.6488698365973
VisualCogA_Task-2,2,F3,0.5,1,0.2,Left,0.71484375,62.2146474069025,78.6473359179019,57.685664982999
VisualCogA_Task-2,2,F3,0.5,1,0.2,Left,0.71875,62.2447958787087,78.7527875131978,57.6351838918113
VisualCogA_Task-2,2,F3,0.5,1,0.2,Left,0.72265625,62.2229963643914,78.7624876407557,57.5208137659531
VisualCogA_Task-2,2,F3,0.5,1,0.2,Left,0.7265625,62.1669265096107,78.7035979400307,57.3741006435345
VisualCogA_Task-2,2,F3,0.5,1,0.2,Left,0.73046875,62.0888278502563,78.6081382509748,57.227531024112
VisualCogA_Task-2,2,F3,0.5,1,0.2,Left,0.734375,61.9917767367509,78.4960788517623,57.0988603626423
VisualCogA_Task-2,2,F3,0.5,1,0.2,Left,0.73828125,61.8684260983624,78.3738662918036,56.9905881429867
VisualCogA_Task-2,2,F3,0.5,1,0.2,Left,0.7421875,61.7024612806933,78.2319413051998,56.882624865279
VisualCogA_Task-2,2,F3,0.5,1,0.2,Left,0.74609375,61.4722843992607,78.0397400955341,56.7346815440224
VisualCogA_Task-2,2,F3,0.5,1,0.2,Left,0.75,61.1559019339023,77.7634260502329,56.5021136496194
VisualCogA_Task-2,2,F3,0.5,1,0.2,Left,0.75390625,60.7357878594628,77.3717089240757,56.1442080155311
VisualCogA_Task-2,2,F3,0.5,1,0.2,Left,0.7578125,60.2026299268098,76.8424598126463,55.6282675027747
VisualCogA_Task-2,2,F3,0.5,1,0.2,Left,0.76171875,59.5572226753664,76.170219805583,54.9431053586501
VisualCogA_Task-2,2,F3,0.5,1,0.2,Left,0.765625,58.8102059209783,75.3730646871616,54.0997342762065
VisualCogA_Task-2,2,F3,0.5,1,0.2,Left,0.76953125,57.9797776829914,74.4918603189231,53.1329022158092
VisualCogA_Task-2,2,F3,0.5,1,0.2,Left,0.7734375,57.0879168644883,73.5775538837121,52.088361186604
VisualCogA_Task-2,2,F3,0.5,1,0.2,Left,0.77734375,56.1560173040583,72.6862109479354,51.0234039585505
VisualCogA_Task-2,2,F3,0.5,1,0.2,Left,0.78125,55.2010802616438,71.8694300856028,49.9962490631715
VisualCogA_Task-2,2,F3,0.5,1,0.2,Left,0.78515625,54.233590267067,71.1501857422807,49.0440553623563
VisualCogA_Task-2,2,F3,0.5,1,0.2,Left,0.7890625,53.257777513953,70.5231738883828,48.1651118749018
VisualCogA_Task-2,2,F3,0.5,1,0.2,Left,0.79296875,52.2741422177552,69.9605456713071,47.3354384002174
VisualCogA_Task-2,2,F3,0.5,1,0.2,Left,0.796875,51.2830683447933,69.4284213680199,46.5291912300541
VisualCogA_Task-2,2,F3,0.5,1,0.2,Left,0.80078125,50.2874404916867,68.9027556976377,45.7287956105935
VisualCogA_Task-2,2,F3,0.5,1,0.2,Right,-0.19921875,0.874805805177957,0.757486651591192,2.16370707462166
VisualCogA_Task-2,2,F3,0.5,1,0.2,Right,-0.1953125,1.02216855712353,0.639518471948746,2.04892565579845
VisualCogA_Task-2,2,F3,0.5,1,0.2,Right,-0.19140625,1.16834985535301,0.52175472514158,1.93817922857483
VisualCogA_Task-2,2,F3,0.5,1,0.2,Right,-0.1875,1.31065963744642,0.413999511047441,1.83962573502549
VisualCogA_Task-2,2,F3,0.5,1,0.2,Right,-0.18359375,1.44325336473961,0.328316037996461,1.76139618661799
VisualCogA_Task-2,2,F3,0.5,1,0.2,Right,-0.1796875,1.55567835537591,0.271090211482583,1.70597644361802
VisualCogA_Task-2,2,F3,0.5,1,0.2,Right,-0.17578125,1.63295811443875,0.245944689347005,1.66940390004246
VisualCogA_Task-2,2,F3,0.5,1,0.2,Right,-0.171875,1.65774851617224,0.256373590989151,1.64899957240118
VisualCogA_Task-2,2,F3,0.5,1,0.2,Right,-0.16796875,1.61404717821107,0.295374848203557,1.63338818634924
VisualCogA_Task-2,2,F3,0.5,1,0.2,Right,-0.1640625,1.49118163297256,0.322972188087249,1.60054297206085
VisualCogA_Task-2,2,F3,0.5,1,0.2,Right,-0.16015625,1.28671425590116,0.294608411702597,1.5051868359984
VisualCogA_Task-2,2,F3,0.5,1,0.2,Right,-0.15625,1.00747079545636,0.168425076350081,1.3083896309277
VisualCogA_Task-2,2,F3,0.5,1,0.2,Right,-0.15234375,0.668746864571067,-0.0690176628593485,0.992252307495918
VisualCogA_Task-2,2,F3,0.5,1,0.2,Right,-0.1484375,0.292377078346972,-0.389902044130213,0.569720952499823
VisualCogA_Task-2,2,F3,0.5,1,0.2,Right,-0.14453125,-0.0955382157975209,-0.771646817655522,0.0794604951529455
VisualCogA_Task-2,2,F3,0.5,1,0.2,Right,-0.140625,-0.466812463853845,-1.19121048729571,-0.438236011565741
VisualCogA_Task-2,2,F3,0.5,1,0.2,Right,-0.13671875,-0.793325731124978,-1.61498636679634,-0.952960780257636
VisualCogA_Task-2,2,F3,0.5,1,0.2,Right,-0.1328125,-1.04950274929617,-1.99453850554683,-1.41939990321187
VisualCogA_Task-2,2,F3,0.5,1,0.2,Right,-0.12890625,-1.21535185295936,-2.27910464403203,-1.78958082208348
VisualCogA_Task-2,2,F3,0.5,1,0.2,Right,-0.125,-1.27985624180676,-2.43280418623315,-2.02521147208067
VisualCogA_Task-2,2,F3,0.5,1,0.2,Right,-0.12109375,-1.24399065346352,-2.43970240391502,-2.10528626217144
VisualCogA_Task-2,2,F3,0.5,1,0.2,Right,-0.1171875,-1.12232880691234,-2.30986519364165,-2.03957660893258
VisualCogA_Task-2,2,F3,0.5,1,0.2,Right,-0.11328125,-0.942292244541494,-2.08517345595391,-1.87245127942691
VisualCogA_Task-2,2,F3,0.5,1,0.2,Right,-0.109375,-0.740585300470934,-1.82370690950398,-1.66437026644969
VisualCogA_Task-2,2,F3,0.5,1,0.2,Right,-0.10546875,-0.557122342300936,-1.59324037016172,-1.48653327242423
VisualCogA_Task-2,2,F3,0.5,1,0.2,Right,-0.1015625,-0.427541632802003,-1.45557236373956,-1.40408122622832
VisualCogA_Task-2,2,F3,0.5,1,0.2,Right,-0.09765625,-0.375954627736428,-1.45396055098438,-1.46328013952756
VisualCogA_Task-2,2,F3,0.5,1,0.2,Right,-0.09375,-0.409699627571537,-1.60153898618239,-1.68128727774432
VisualCogA_Task-2,2,F3,0.5,1,0.2,Right,-0.08984375,-0.517480621927109,-1.86727434351707,-2.02821713689099
VisualCogA_Task-2,2,F3,0.5,1,0.2,Right,-0.0859375,-0.671465733181556,-2.17829829577457,-2.43105851997729
VisualCogA_Task-2,2,F3,0.5,1,0.2,Right,-0.08203125,-0.832932620483157,-2.44695048307745,-2.79355982294905
VisualCogA_Task-2,2,F3,0.5,1,0.2,Right,-0.078125,-0.960187125730565,-2.58479116407359,-3.01560949108693
VisualCogA_Task-2,2,F3,0.5,1,0.2,Right,-0.07421875,-1.01700185006793,-2.51637871008652,-3.00953712583701
VisualCogA_Task-2,2,F3,0.5,1,0.2,Right,-0.0703125,-0.979823578563053,-2.19876723297787,-2.72530340031151
VisualCogA_Task-2,2,F3,0.5,1,0.2,Right,-0.06640625,-0.842399683499424,-1.63500606771996,-2.17366616571105
VisualCogA_Task-2,2,F3,0.5,1,0.2,Right,-0.0625,-0.617076572590676,-0.876720280205288,-1.42678359713259
VisualCogA_Task-2,2,F3,0.5,1,0.2,Right,-0.05859375,-0.332638746718288,-0.0114555577411486,-0.587755642883714
VisualCogA_Task-2,2,F3,0.5,1,0.2,Right,-0.0546875,-0.0290962034245941,0.861027195661676,0.237122691204899
VisualCogA_Task-2,2,F3,0.5,1,0.2,Right,-0.05078125,0.249699554128217,1.65441922584738,0.960874304816728
VisualCogA_Task-2,2,F3,0.5,1,0.2,Right,-0.046875,0.464302239902179,2.30726732482847,1.52706399671677
VisualCogA_Task-2,2,F3,0.5,1,0.2,Right,-0.04296875,0.58714462260946,2.79868624134323,1.92298050770831
VisualCogA_Task-2,2,F3,0.5,1,0.2,Right,-0.0390625,0.607533621347658,3.13051478658239,2.16167676498236
VisualCogA_Task-2,2,F3,0.5,1,0.2,Right,-0.03515625,0.532820664304133,3.31694822511761,2.26849002807742
VisualCogA_Task-2,2,F3,0.5,1,0.2,Right,-0.03125,0.385252411936319,3.38237921746713,2.2672661970978
VisualCogA_Task-2,2,F3,0.5,1,0.2,Right,-0.02734375,0.195198604853925,3.3587267897808,2.18251076438596
VisualCogA_Task-2,2,F3,0.5,1,0.2,Right,-0.0234375,-0.00737668552150072,3.27700445481068,2.02983732295887
VisualCogA_Task-2,2,F3,0.5,1,0.2,Right,-0.01953125,-0.200639919771791,3.16496870623929,1.83108633567798
VisualCogA_Task-2,2,F3,0.5,1,0.2,Right,-0.015625,-0.375371629469588,3.04217918271473,1.61099892148744
VisualCogA_Task-2,2,F3,0.5,1,0.2,Right,-0.01171875,-0.534759097283848,2.92251840871798,1.39364590778442
VisualCogA_Task-2,2,F3,0.5,1,0.2,Right,-0.0078125,-0.689597164311532,2.8213580880186,1.19899772970691
VisualCogA_Task-2,2,F3,0.5,1,0.2,Right,-0.00390625,-0.850561608141072,2.75425636581859,1.04871937404372
VisualCogA_Task-2,2,F3,0.5,1,0.2,Right,0,-1.02024649889291,2.73677246021779,0.96871863530114
VisualCogA_Task-2,2,F3,0.5,1,0.2,Right,0.00390625,-1.1878018698208,2.7886853425135,0.98754699793272
VisualCogA_Task-2,2,F3,0.5,1,0.2,Right,0.0078125,-1.32825177628208,2.92426896601368,1.12298017686201
VisualCogA_Task-2,2,F3,0.5,1,0.2,Right,0.01171875,-1.40718689308905,3.13855401824499,1.36964451130284
VisualCogA_Task-2,2,F3,0.5,1,0.2,Right,0.015625,-1.38993683932813,3.40426839927185,1.69354565057752
VisualCogA_Task-2,2,F3,0.5,1,0.2,Right,0.01953125,-1.2529645289378,3.68123994135522,2.036080350105
VisualCogA_Task-2,2,F3,0.5,1,0.2,Right,0.0234375,-0.994418710976138,3.93083622799872,2.33645767856317
VisualCogA_Task-2,2,F3,0.5,1,0.2,Right,0.02734375,-0.640727421480951,4.12303708270802,2.54192834545782
VisualCogA_Task-2,2,F3,0.5,1,0.2,Right,0.03125,-0.246867124867237,4.22981122510786,2.61716230280214
VisualCogA_Task-2,2,F3,0.5,1,0.2,Right,0.03515625,0.110608797232876,4.21709412867679,2.52667662898004
VisualCogA_Task-2,2,F3,0.5,1,0.2,Right,0.0390625,0.346845831929292,4.03922580098709,2.23175976789076
VisualCogA_Task-2,2,F3,0.5,1,0.2,Right,0.04296875,0.385534868459155,3.6557925395093,1.70110551788157
VisualCogA_Task-2,2,F3,0.5,1,0.2,Right,0.046875,0.175382998421158,3.04134944357984,0.917673801513972
VisualCogA_Task-2,2,F3,0.5,1,0.2,Right,0.05078125,-0.297935559788659,2.19168032831072,-0.104493745465885
VisualCogA_Task-2,2,F3,0.5,1,0.2,Right,0.0546875,-1.00751545110949,1.1413903190647,-1.30703662601976
VisualCogA_Task-2,2,F3,0.5,1,0.2,Right,0.05859375,-1.88986819058044,-0.0242653404183496,-2.60238896202955
VisualCogA_Task-2,2,F3,0.5,1,0.2,Right,0.0625,-2.85734276044591,-1.18666187979957,-3.88962853666357
VisualCogA_Task-2,2,F3,0.5,1,0.2,Right,0.06640625,-3.81509800475265,-2.21540667747273,-5.0449927748368
VisualCogA_Task-2,2,F3,0.5,1,0.2,Right,0.0703125,-4.67824247316643,-3.00302912701256,-5.9583742862596
VisualCogA_Task-2,2,F3,0.5,1,0.2,Right,0.07421875,-5.38486636888808,-3.49284407191748,-6.56167311726229
VisualCogA_Task-2,2,F3,0.5,1,0.2,Right,0.078125,-5.90203580369904,-3.67859453627057,-6.84613524920371
VisualCogA_Task-2,2,F3,0.5,1,0.2,Right,0.08203125,-6.2239895352167,-3.59741055590378,-6.83356597941886
VisualCogA_Task-2,2,F3,0.5,1,0.2,Right,0.0859375,-6.36410865796629,-3.31755266974255,-6.59157069419888
VisualCogA_Task-2,2,F3,0.5,1,0.2,Right,0.08984375,-6.34399694485388,-2.91627873729447,-6.20393581450559
VisualCogA_Task-2,2,F3,0.5,1,0.2,Right,0.09375,-6.18364664764628,-2.45032166240038,-5.73858888762433
VisualCogA_Task-2,2,F3,0.5,1,0.2,Right,0.09765625,-5.89595214928617,-1.94393099361249,-5.23046225239544
VisualCogA_Task-2,2,F3,0.5,1,0.2,Right,0.1015625,-5.48700740665756,-1.38667612527409,-4.66590616313251
VisualCogA_Task-2,2,F3,0.5,1,0.2,Right,0.10546875,-4.96133295517649,-0.749392419318871,-4.01416019383231
VisualCogA_Task-2,2,F3,0.5,1,0.2,Right,0.109375,-4.32927821356935,-0.00425954006253001,-3.2449742060022
VisualCogA_Task-2,2,F3,0.5,1,0.2,Right,0.11328125,-3.61306712594466,0.862530847498967,-2.3575064871545
VisualCogA_Task-2,2,F3,0.5,1,0.2,Right,0.1171875,-2.84860199631559,1.85365233245325,-1.39672707987196
VisualCogA_Task-2,2,F3,0.5,1,0.2,Right,0.12109375,-2.08193638478716,2.92957853123516,-0.435743923851827
VisualCogA_Task-2,2,F3,0.5,1,0.2,Right,0.125,-1.36151806316202,3.99594582639313,0.448042068834999
VisualCogA_Task-2,2,F3,0.5,1,0.2,Right,0.12890625,-0.728970988617144,4.95108936225774,1.19329428173568
VisualCogA_Task-2,2,F3,0.5,1,0.2,Right,0.1328125,-0.211657189667552,5.72073933660614,1.76224061098651
VisualCogA_Task-2,2,F3,0.5,1,0.2,Right,0.13671875,0.180598209918469,6.27118001247801,2.14264014619923
VisualCogA_Task-2,2,F3,0.5,1,0.2,Right,0.140625,0.453972086446596,6.60444024721596,2.33925618956785
VisualCogA_Task-2,2,F3,0.5,1,0.2,Right,0.14453125,0.625462665274781,6.74920767211019,2.37144900796466
VisualCogA_Task-2,2,F3,0.5,1,0.2,Right,0.1484375,0.716341387878271,6.75194612894756,2.27582155505227
VisualCogA_Task-2,2,F3,0.5,1,0.2,Right,0.15234375,0.74654586412728,6.66842548798809,2.0941573109147
VisualCogA_Task-2,2,F3,0.5,1,0.2,Right,0.15625,0.73141445908912,6.54044599451208,1.87522730547069
VisualCogA_Task-2,2,F3,0.5,1,0.2,Right,0.16015625,0.680879714063589,6.40192395663806,1.66554613216067
VisualCogA_Task-2,2,F3,0.5,1,0.2,Right,0.1640625,0.600249220791255,6.28735709010663,1.50054519865848
VisualCogA_Task-2,2,F3,0.5,1,0.2,Right,0.16796875,0.491442583011705,6.21958121797207,1.40471796996886
VisualCogA_Task-2,2,F3,0.5,1,0.2,Right,0.171875,0.354017603909899,6.20822520861232,1.374366383451
VisualCogA_Task-2,2,F3,0.5,1,0.2,Right,0.17578125,0.186103904323764,6.24414459172735,1.38965348824646
VisualCogA_Task-2,2,F3,0.5,1,0.2,Right,0.1796875,-0.0140871363786076,6.29704512201511,1.42056538197176
VisualCogA_Task-2,2,F3,0.5,1,0.2,Right,0.18359375,-0.245577372077776,6.3248142659345,1.42483655333932
VisualCogA_Task-2,2,F3,0.5,1,0.2,Right,0.1875,-0.500857174243813,6.29340749874409,1.36623611775066
VisualCogA_Task-2,2,F3,0.5,1,0.2,Right,0.19140625,-0.762078056917801,6.18939195342889,1.22686150635036
VisualCogA_Task-2,2,F3,0.5,1,0.2,Right,0.1953125,-0.998884558706406,6.02942912208471,1.01441111541308
VisualCogA_Task-2,2,F3,0.5,1,0.2,Right,0.19921875,-1.16949664251124,5.85942083543781,0.765218856921495
VisualCogA_Task-2,2,F3,0.5,1,0.2,Right,0.203125,-1.22579046354017,5.74384530378864,0.543382956448951
VisualCogA_Task-2,2,F3,0.5,1,0.2,Right,0.20703125,-1.12176906237279,5.7432136115316,0.438857998608949
VisualCogA_Task-2,2,F3,0.5,1,0.2,Right,0.2109375,-0.823499507248842,5.89471305360422,0.502742020648501
VisualCogA_Task-2,2,F3,0.5,1,0.2,Right,0.21484375,-0.317851199956062,6.20954484721932,0.747195960008113
VisualCogA_Task-2,2,F3,0.5,1,0.2,Right,0.21875,0.382489962896573,6.6763817176399,1.15212317800628
VisualCogA_Task-2,2,F3,0.5,1,0.2,Right,0.22265625,1.23927229802317,7.26625731398663,1.67460057754675
VisualCogA_Task-2,2,F3,0.5,1,0.2,Right,0.2265625,2.19426896802355,7.93619219690691,2.26377344811812
VisualCogA_Task-2,2,F3,0.5,1,0.2,Right,0.23046875,3.1788673155205,8.64534752416917,2.87460178596254
VisualCogA_Task-2,2,F3,0.5,1,0.2,Right,0.234375,4.12540944390781,9.36561591562582,3.47649660396982
VisualCogA_Task-2,2,F3,0.5,1,0.2,Right,0.23828125,4.9778372095691,10.0796936591433,4.05654664944225
VisualCogA_Task-2,2,F3,0.5,1,0.2,Right,0.2421875,5.69959698646437,10.7746823530561,4.61946310743892
VisualCogA_Task-2,2,F3,0.5,1,0.2,Right,0.24609375,6.27748937301395,11.4406026316354,5.18544441293315
VisualCogA_Task-2,2,F3,0.5,1,0.2,Right,0.25,6.72096267051381,12.0681595319568,5.7584765142359
VisualCogA_Task-2,2,F3,0.5,1,0.2,Right,0.25390625,7.05714672119546,12.6491447105443,6.32568524794187
VisualCogA_Task-2,2,F3,0.5,1,0.2,Right,0.2578125,7.32270404937294,13.1784319324632,6.85936570483648
VisualCogA_Task-2,2,F3,0.5,1,0.2,Right,0.26171875,7.55429219051763,13.6556864235414,7.32988947932841
VisualCogA_Task-2,2,F3,0.5,1,0.2,Right,0.265625,7.77989936533946,14.0851033815305,7.70431831793405
VisualCogA_Task-2,2,F3,0.5,1,0.2,Right,0.26953125,8.01326660970491,14.4726295385921,7.96553936638411
VisualCogA_Task-2,2,F3,0.5,1,0.2,Right,0.2734375,8.2528716983349,14.8217550611523,8.12110710400744
VisualCogA_Task-2,2,F3,0.5,1,0.2,Right,0.27734375,8.48562361428147,15.1302213354819,8.21223836294943
VisualCogA_Task-2,2,F3,0.5,1,0.2,Right,0.28125,8.69390620401594,15.3899428246874,8.27420068129569
VisualCogA_Task-2,2,F3,0.5,1,0.2,Right,0.28515625,8.86348077114861,15.5908283956348,8.31431422900744
VisualCogA_Task-2,2,F3,0.5,1,0.2,Right,0.2890625,8.98948232028887,15.7268906187049,8.32722169474378
VisualCogA_Task-2,2,F3,0.5,1,0.2,Right,0.29296875,9.07847948129534,15.8016043832548,8.30630741787924
VisualCogA_Task-2,2,F3,0.5,1,0.2,Right,0.296875,9.14606895639349,15.8299166597193,8.24861523978596
VisualCogA_Task-2,2,F3,0.5,1,0.2,Right,0.30078125,9.21118366136896,15.8362167124801,8.16556643507495
VisualCogA_Task-2,2,F3,0.5,1,0.2,Right,0.3046875,9.28955485984219,15.8495692783046,8.07448965484334
VisualCogA_Task-2,2,F3,0.5,1,0.2,Right,0.30859375,9.3890835085566,15.8984313454382,8.0009062345039
VisualCogA_Task-2,2,F3,0.5,1,0.2,Right,0.3125,9.50909485635731,16.0067274336037,7.97020619176738
VisualCogA_Task-2,2,F3,0.5,1,0.2,Right,0.31640625,9.64384018649711,16.1920926268141,8.00415536578638
VisualCogA_Task-2,2,F3,0.5,1,0.2,Right,0.3203125,9.78877327727276,16.4659514662112,8.12090916502141
VisualCogA_Task-2,2,F3,0.5,1,0.2,Right,0.32421875,9.94679558162212,16.8343533250401,8.33259618246163
VisualCogA_Task-2,2,F3,0.5,1,0.2,Right,0.328125,10.1314125890115,17.2984397047816,8.64827759646734
VisualCogA_Task-2,2,F3,0.5,1,0.2,Right,0.33203125,10.3647585863473,17.8540994673604,9.08675171072186
VisualCogA_Task-2,2,F3,0.5,1,0.2,Right,0.3359375,10.6704080562155,18.4913521766343,9.64775393046835
VisualCogA_Task-2,2,F3,0.5,1,0.2,Right,0.33984375,11.0630683649451,19.1946107312212,10.3081581308203
VisualCogA_Task-2,2,F3,0.5,1,0.2,Right,0.34375,11.5387741863597,19.9446927215737,11.0357761564381
VisualCogA_Task-2,2,F3,0.5,1,0.2,Right,0.34765625,12.0694266584786,20.7117878154967,11.8019192848128
VisualCogA_Task-2,2,F3,0.5,1,0.2,Right,0.3515625,12.6042750554985,21.4545310276049,12.5598553963318
VisualCogA_Task-2,2,F3,0.5,1,0.2,Right,0.35546875,13.0786354566452,22.1266686367685,13.241802474735
VisualCogA_Task-2,2,F3,0.5,1,0.2,Right,0.359375,13.4276218102228,22.6837590387458,13.7852088411806
VisualCogA_Task-2,2,F3,0.5,1,0.2,Right,0.36328125,13.6008813675706,23.0824683852185,14.1408916010524
VisualCogA_Task-2,2,F3,0.5,1,0.2,Right,0.3671875,13.5739532393797,23.2838193571313,14.2772822337428
VisualCogA_Task-2,2,F3,0.5,1,0.2,Right,0.37109375,13.3530175027102,23.26555686437,14.1827948887891
VisualCogA_Task-2,2,F3,0.5,1,0.2,Right,0.375,12.9719782255865,23.027403176587,13.8682912841484
VisualCogA_Task-2,2,F3,0.5,1,0.2,Right,0.37890625,12.4831620282531,22.5957865655062,13.3664317646065
VisualCogA_Task-2,2,F3,0.5,1,0.2,Right,0.3828125,11.9445806077177,22.0193626500914,12.7270198896215
VisualCogA_Task-2,2,F3,0.5,1,0.2,Right,0.38671875,11.4072517722536,21.3662259490743,12.0091163776246
VisualCogA_Task-2,2,F3,0.5,1,0.2,Right,0.390625,10.905556613601,20.7034199958923,11.2717138938522
VisualCogA_Task-2,2,F3,0.5,1,0.2,Right,0.39453125,10.4524510059534,20.0845945434351,10.5606683998387
VisualCogA_Task-2,2,F3,0.5,1,0.2,Right,0.3984375,10.0400462362986,19.5442651247985,9.90200857054834
VisualCogA_Task-2,2,F3,0.5,1,0.2,Right,0.40234375,9.64496626728672,19.0945871835674,9.30482082167545
VisualCogA_Task-2,2,F3,0.5,1,0.2,Right,0.40625,9.23709172912772,18.7241925871299,8.7633719114421
VisualCogA_Task-2,2,F3,0.5,1,0.2,Right,0.41015625,8.78978871847857,18.4053506226852,8.26999716807746
VisualCogA_Task-2,2,F3,0.5,1,0.2,Right,0.4140625,8.28946606360527,18.1137614573765,7.81658821602536
VisualCogA_Task-2,2,F3,0.5,1,0.2,Right,0.41796875,7.74235032768158,17.8383306032202,7.40136677112307
VisualCogA_Task-2,2,F3,0.5,1,0.2,Right,0.421875,7.17679833327693,17.5802387324436,7.02391453160474
VisualCogA_Task-2,2,F3,0.5,1,0.2,Right,0.42578125,6.64031670351361,17.351825129346,6.69238634516724
VisualCogA_Task-2,2,F3,0.5,1,0.2,Right,0.4296875,6.19162509271562,17.1713300526711,6.42251600104724
VisualCogA_Task-2,2,F3,0.5,1,0.2,Right,0.43359375,5.88932871362105,17.0678994546825,6.24116471875176
VisualCogA_Task-2,2,F3,0.5,1,0.2,Right,0.4375,5.77971218387542,17.0828047364705,6.19083950437827
VisualCogA_Task-2,2,F3,0.5,1,0.2,Right,0.44140625,5.8865174920666,17.2760861028601,6.31391614672879
VisualCogA_Task-2,2,F3,0.5,1,0.2,Right,0.4453125,6.20516472163721,17.7001195559144,6.63644478949641
VisualCogA_Task-2,2,F3,0.5,1,0.2,Right,0.44921875,6.70278607136073,18.3560199281013,7.15933342082786
VisualCogA_Task-2,2,F3,0.5,1,0.2,Right,0.453125,7.32397110014992,19.1793876948407,7.83984637299257
VisualCogA_Task-2,2,F3,0.5,1,0.2,Right,0.45703125,8.0007045863873,20.0617627243518,8.60095066111002
VisualCogA_Task-2,2,F3,0.5,1,0.2,Right,0.4609375,8.66405090218479,20.8966331563171,9.35083880382687
VisualCogA_Task-2,2,F3,0.5,1,0.2,Right,0.46484375,9.25496777071425,21.5971285297769,9.9991028629207
VisualCogA_Task-2,2,F3,0.5,1,0.2,Right,0.46875,9.73221605025594,22.1061340325945,10.4751932931599
VisualCogA_Task-2,2,F3,0.5,1,0.2,Right,0.47265625,10.0763990995167,22.4054505527701,10.7412025007052
VisualCogA_Task-2,2,F3,0.5,1,0.2,Right,0.4765625,10.2902842199435,22.5173629579342,10.8014849554287
VisualCogA_Task-2,2,F3,0.5,1,0.2,Right,0.48046875,10.3963218852658,22.4968378841325,10.70385653056
VisualCogA_Task-2,2,F3,0.5,1,0.2,Right,0.484375,10.4324787675693,22.4177514805232,10.5304519314878
VisualCogA_Task-2,2,F3,0.5,1,0.2,Right,0.48828125,10.4472172433309,22.3587182578806,10.3638639111797
VisualCogA_Task-2,2,F3,0.5,1,0.2,Right,0.4921875,10.4939969038483,22.3925457541437,10.2919047106847
VisualCogA_Task-2,2,F3,0.5,1,0.2,Right,0.49609375,10.6254050772373,22.5799855999751,10.3996058490566
VisualCogA_Task-2,2,F3,0.5,1,0.2,Right,0.5,10.8871506375432,22.9659476278016,10.7426130437404
VisualCogA_Task-2,2,F3,0.5,1,0.2,Right,0.50390625,11.3126088394064,23.5762034097826,11.3385448972913
VisualCogA_Task-2,2,F3,0.5,1,0.2,Right,0.5078125,11.9190744417227,24.4145012128993,12.1697987995749
VisualCogA_Task-2,2,F3,0.5,1,0.2,Right,0.51171875,12.7069889663207,25.4622557291719,13.190165553659
VisualCogA_Task-2,2,F3,0.5,1,0.2,Right,0.515625,13.6629256340861,26.6836350320512,14.3524050599082
VisualCogA_Task-2,2,F3,0.5,1,0.2,Right,0.51953125,14.766098947202,28.0370174121705,15.6011508026478
VisualCogA_Task-2,2,F3,0.5,1,0.2,Right,0.5234375,15.9969534476068,29.4902519561982,16.9013184741782
VisualCogA_Task-2,2,F3,0.5,1,0.2,Right,0.52734375,17.3454554638879,31.034135718265,18.260779366578
VisualCogA_Task-2,2,F3,0.5,1,0.2,Right,0.53125,18.8164721440947,32.688732525061,19.7322043161305
VisualCogA_Task-2,2,F3,0.5,1,0.2,Right,0.53515625,20.430241202577,34.497596878976,21.3737945712528
VisualCogA_Task-2,2,F3,0.5,1,0.2,Right,0.5390625,22.2172703200917,36.5128673031113,23.23243696776
VisualCogA_Task-2,2,F3,0.5,1,0.2,Right,0.54296875,24.2086616223373,38.7756271403529,25.3569840554116
VisualCogA_Task-2,2,F3,0.5,1,0.2,Right,0.546875,26.424329710782,41.2979951761426,27.7679247243514
VisualCogA_Task-2,2,F3,0.5,1,0.2,Right,0.55078125,28.862421935971,44.0524437098419,30.4353126200619
VisualCogA_Task-2,2,F3,0.5,1,0.2,Right,0.5546875,31.4931848637528,46.9713586658711,33.2842198772874
VisualCogA_Task-2,2,F3,0.5,1,0.2,Right,0.55859375,34.2595126654487,49.9569960387164,36.2121769229935
VisualCogA_Task-2,2,F3,0.5,1,0.2,Right,0.5625,37.0846611334786,52.8995591047153,39.1087307693995
VisualCogA_Task-2,2,F3,0.5,1,0.2,Right,0.56640625,39.8855283805982,55.6995285175758,41.8754769315805
VisualCogA_Task-2,2,F3,0.5,1,0.2,Right,0.5703125,42.5880626070902,58.3026274903559,44.4430367642752
VisualCogA_Task-2,2,F3,0.5,1,0.2,Right,0.57421875,45.1403798842081,60.6966061631896,46.7808623876508
VisualCogA_Task-2,2,F3,0.5,1,0.2,Right,0.578125,47.5195393566165,62.9005476036828,48.8983305722029
VisualCogA_Task-2,2,F3,0.5,1,0.2,Right,0.58203125,49.7297249485955,64.9498602762796,50.8262039605064
VisualCogA_Task-2,2,F3,0.5,1,0.2,Right,0.5859375,51.7923619797681,66.8793554174638,52.6016953704539
VisualCogA_Task-2,2,F3,0.5,1,0.2,Right,0.58984375,53.7314948865908,68.705975749503,54.2553207337795
VisualCogA_Task-2,2,F3,0.5,1,0.2,Right,0.59375,55.5594602008134,70.43332546843,55.8026136266728
VisualCogA_Task-2,2,F3,0.5,1,0.2,Right,0.59765625,57.2677664878156,72.0508421682951,57.2441611984554
VisualCogA_Task-2,2,F3,0.5,1,0.2,Right,0.6015625,58.826162275509,73.5271980195694,58.5695647116327
VisualCogA_Task-2,2,F3,0.5,1,0.2,Right,0.60546875,60.189933748369,74.8239837187064,59.7548424925943
VisualCogA_Task-2,2,F3,0.5,1,0.2,Right,0.609375,61.3127108791911,75.894306989772,60.76357508355
VisualCogA_Task-2,2,F3,0.5,1,0.2,Right,0.61328125,62.1604820249496,76.6847400459243,61.5594238146409
VisualCogA_Task-2,2,F3,0.5,1,0.2,Right,0.6171875,62.7225469263583,77.1441975055419,62.115037861737
VisualCogA_Task-2,2,F3,0.5,1,0.2,Right,0.62109375,63.0165409223084,77.241167554372,62.4195567963583
VisualCogA_Task-2,2,F3,0.5,1,0.2,Right,0.625,63.0867565164826,76.9893056610888,62.487745480089
VisualCogA_Task-2,2,F3,0.5,1,0.2,Right,0.62890625,62.9969751399177,76.4742340178606,62.3638838006168
VisualCogA_Task-2,2,F3,0.5,1,0.2,Right,0.6328125,62.8202850406805,75.8114438466783,62.1212035399498
VisualCogA_Task-2,2,F3,0.5,1,0.2,Right,0.63671875,62.6286367598863,75.1349795025598,61.8337539875756
VisualCogA_Task-2,2,F3,0.5,1,0.2,Right,0.640625,62.4842937299309,74.5603971784622,61.5553442644314
VisualCogA_Task-2,2,F3,0.5,1,0.2,Right,0.64453125,62.4342703625562,74.1920629495214,61.3381336920942
VisualCogA_Task-2,2,F3,0.5,1,0.2,Right,0.6484375,62.5078010047099,74.1346075965241,61.2201017466876
VisualCogA_Task-2,2,F3,0.5,1,0.2,Right,0.65234375,62.7162201604166,74.394645701882,61.2203793493888
VisualCogA_Task-2,2,F3,0.5,1,0.2,Right,0.65625,63.0544739180822,74.8677523032926,61.344151183137
VisualCogA_Task-2,2,F3,0.5,1,0.2,Right,0.66015625,63.5036832085027,75.4221621324098,61.5779698622993
VisualCogA_Task-2,2,F3,0.5,1,0.2,Right,0.6640625,64.0344639499861,75.9673169315761,61.889618249888
VisualCogA_Task-2,2,F3,0.5,1,0.2,Right,0.66796875,64.6108396355629,76.452932838522,62.2354571095082
VisualCogA_Task-2,2,F3,0.5,1,0.2,Right,0.671875,65.1944893148014,76.8850296600726,62.5737086360107
VisualCogA_Task-2,2,F3,0.5,1,0.2,Right,0.67578125,65.7488705418449,77.3143451562691,62.8789486570341
VisualCogA_Task-2,2,F3,0.5,1,0.2,Right,0.6796875,66.2426386148099,77.787515737972,63.1496803430993
VisualCogA_Task-2,2,F3,0.5,1,0.2,Right,0.68359375,66.6518919895722,78.3165719916934,63.3970085245815
VisualCogA_Task-2,2,F3,0.5,1,0.2,Right,0.6875,66.9611046047284,78.8903921032986,63.6267248714826
VisualCogA_Task-2,2,F3,0.5,1,0.2,Right,0.69140625,67.1630095100307,79.4800483819938,63.8375312657351
VisualCogA_Task-2,2,F3,0.5,1,0.2,Right,0.6953125,67.2579641501969,80.0493031800564,64.0261998133658
VisualCogA_Task-2,2,F3,0.5,1,0.2,Right,0.69921875,67.2533010560631,80.5707774938708,64.1880622299412
VisualCogA_Task-2,2,F3,0.5,1,0.2,Right,0.703125,67.1628398973974,81.0308921360062,64.3185429403796
VisualCogA_Task-2,2,F3,0.5,1,0.2,Right,0.70703125,67.0062667722319,81.4259990963098,64.4189782157004
VisualCogA_Task-2,2,F3,0.5,1,0.2,Right,0.7109375,66.8077380734116,81.7463677001546,64.5044173994102
VisualCogA_Task-2,2,F3,0.5,1,0.2,Right,0.71484375,66.5930819712302,81.9862060255317,64.5990956738868
VisualCogA_Task-2,2,F3,0.5,1,0.2,Right,0.71875,66.3854374857425,82.1613185501506,64.7204431010161
VisualCogA_Task-2,2,F3,0.5,1,0.2,Right,0.72265625,66.199948470511,82.2928867790764,64.8718113630546
VisualCogA_Task-2,2,F3,0.5,1,0.2,Right,0.7265625,66.0388883307741,82.3897373625877,65.0395240162453
VisualCogA_Task-2,2,F3,0.5,1,0.2,Right,0.73046875,65.8889557887977,82.4385044955242,65.1878733280132
VisualCogA_Task-2,2,F3,0.5,1,0.2,Right,0.734375,65.7222085534551,82.4075409193145,65.2480178886102
VisualCogA_Task-2,2,F3,0.5,1,0.2,Right,0.73828125,65.5011996037773,82.2500303654108,65.1238938038451
VisualCogA_Task-2,2,F3,0.5,1,0.2,Right,0.7421875,65.1876212788268,81.8975603405377,64.7149113303283
VisualCogA_Task-2,2,F3,0.5,1,0.2,Right,0.74609375,64.7525764531508,81.3013711645953,63.972605359596
VisualCogA_Task-2,2,F3,0.5,1,0.2,Right,0.75,64.1859099985304,80.455136161407,62.9264919883902
VisualCogA_Task-2,2,F3,0.5,1,0.2,Right,0.75390625,63.5021080388379,79.416253094714,61.6760632635876
VisualCogA_Task-2,2,F3,0.5,1,0.2,Right,0.7578125,62.7411022428139,78.2873438704153,60.3531453643608
VisualCogA_Task-2,2,F3,0.5,1,0.2,Right,0.76171875,61.9636298691628,77.1860358698547,59.0909243774278
VisualCogA_Task-2,2,F3,0.5,1,0.2,Right,0.765625,61.2421625823153,76.2146125859841,57.9982540387613
VisualCogA_Task-2,2,F3,0.5,1,0.2,Right,0.76953125,60.6494033385997,75.4387389692698,57.1481713791512
VisualCogA_Task-2,2,F3,0.5,1,0.2,Right,0.7734375,60.2467166634293,74.8808758950925,56.581515325952
VisualCogA_Task-2,2,F3,0.5,1,0.2,Right,0.77734375,60.0746259412643,74.5297337465229,56.3139275092328
VisualCogA_Task-2,2,F3,0.5,1,0.2,Right,0.78125,60.1469243205289,74.3604953029093,56.3480966448522
VisualCogA_Task-2,2,F3,0.5,1,0.2,Right,0.78515625,60.4493034426443,74.344161850446,56.665474722993
VisualCogA_Task-2,2,F3,0.5,1,0.2,Right,0.7890625,60.9428715956271,74.4585220785802,57.217545089259
VisualCogA_Task-2,2,F3,0.5,1,0.2,Right,0.79296875,61.5724328899604,74.6827409065203,57.9389197919348
VisualCogA_Task-2,2,F3,0.5,1,0.2,Right,0.796875,62.2786698100765,74.966260385045,58.7587535646646
VisualCogA_Task-2,2,F3,0.5,1,0.2,Right,0.80078125,63.0121780658333,75.2664991071624,59.6147284227075
VisualCogA_Task-2,2,F3,0.5,1,0.2,Delta,-0.19921875,-0.857121780354043,-0.273187957278007,-0.180646423403524
VisualCogA_Task-2,2,F3,0.5,1,0.2,Delta,-0.1953125,-1.30366582193094,-0.81931927698293,-0.717960076053714
VisualCogA_Task-2,2,F3,0.5,1,0.2,Delta,-0.19140625,-1.69917792303041,-1.30932909172858,-1.20398898882774
VisualCogA_Task-2,2,F3,0.5,1,0.2,Delta,-0.1875,-1.97563601409181,-1.66045686085589,-1.55991747904649
VisualCogA_Task-2,2,F3,0.5,1,0.2,Delta,-0.18359375,-2.07623602127428,-1.79713131867771,-1.70002381526811
VisualCogA_Task-2,2,F3,0.5,1,0.2,Delta,-0.1796875,-1.97422121990679,-1.68474139960399,-1.5900364673132
VisualCogA_Task-2,2,F3,0.5,1,0.2,Delta,-0.17578125,-1.68096115979524,-1.33999895464353,-1.25259035225331
VisualCogA_Task-2,2,F3,0.5,1,0.2,Delta,-0.171875,-1.24389384514457,-0.824121101635123,-0.757644528098518
VisualCogA_Task-2,2,F3,0.5,1,0.2,Delta,-0.16796875,-0.736592227470788,-0.234925379872578,-0.211495943951548
VisualCogA_Task-2,2,F3,0.5,1,0.2,Delta,-0.1640625,-0.244258049073795,0.294370875457253,0.276585152322119
VisualCogA_Task-2,2,F3,0.5,1,0.2,Delta,-0.16015625,0.15180764608691,0.650546815513797,0.600536411912466
VisualCogA_Task-2,2,F3,0.5,1,0.2,Delta,-0.15625,0.387728604140964,0.761002551480126,0.689458351419164
VisualCogA_Task-2,2,F3,0.5,1,0.2,Delta,-0.15234375,0.426568652589286,0.617844605759316,0.521288486879839
VisualCogA_Task-2,2,F3,0.5,1,0.2,Delta,-0.1484375,0.262983280251664,0.278225205873913,0.131261350018284
VisualCogA_Task-2,2,F3,0.5,1,0.2,Delta,-0.14453125,-0.0769112557917288,-0.198682092223896,-0.403610451801653
VisualCogA_Task-2,2,F3,0.5,1,0.2,Delta,-0.140625,-0.53981570776529,-0.757856776907684,-1.00793156666209
VisualCogA_Task-2,2,F3,0.5,1,0.2,Delta,-0.13671875,-1.05284151817787,-1.34341539097431,-1.62160779873432
VisualCogA_Task-2,2,F3,0.5,1,0.2,Delta,-0.1328125,-1.53358803268423,-1.88520297345378,-2.1701835850684
VisualCogA_Task-2,2,F3,0.5,1,0.2,Delta,-0.12890625,-1.90184373647518,-2.30778588450967,-2.5796492584068
VisualCogA_Task-2,2,F3,0.5,1,0.2,Delta,-0.125,-2.09182674939339,-2.55142130757856,-2.79297312716289
VisualCogA_Task-2,2,F3,0.5,1,0.2,Delta,-0.12109375,-2.06343201575942,-2.57943485322956,-2.77726029841524
VisualCogA_Task-2,2,F3,0.5,1,0.2,Delta,-0.1171875,-1.81046422534052,-2.39705840092048,-2.54411213107441
VisualCogA_Task-2,2,F3,0.5,1,0.2,Delta,-0.11328125,-1.36365538201395,-2.05634252131479,-2.15157129748816
VisualCogA_Task-2,2,F3,0.5,1,0.2,Delta,-0.109375,-0.78675449151418,-1.63753241936723,-1.68206303235123
VisualCogA_Task-2,2,F3,0.5,1,0.2,Delta,-0.10546875,-0.1652927747175,-1.23553914031417,-1.23239520792173
VisualCogA_Task-2,2,F3,0.5,1,0.2,Delta,-0.1015625,0.410431799135404,-0.938413880048598,-0.891492882561929
VisualCogA_Task-2,2,F3,0.5,1,0.2,Delta,-0.09765625,0.864614810183359,-0.810706036000657,-0.724549997295554
VisualCogA_Task-2,2,F3,0.5,1,0.2,Delta,-0.09375,1.15263714033516,-0.883105719767697,-0.763916890486274
VisualCogA_Task-2,2,F3,0.5,1,0.2,Delta,-0.08984375,1.27046220980967,-1.13625359623429,-0.991028628390111
VisualCogA_Task-2,2,F3,0.5,1,0.2,Delta,-0.0859375,1.25368431064741,-1.49356453765324,-1.33288115522509
VisualCogA_Task-2,2,F3,0.5,1,0.2,Delta,-0.08203125,1.16604945831155,-1.84632087057649,-1.67959960520921
VisualCogA_Task-2,2,F3,0.5,1,0.2,Delta,-0.078125,1.08045202217993,-2.08073186121868,-1.90896879213772
VisualCogA_Task-2,2,F3,0.5,1,0.2,Delta,-0.07421875,1.05779985631846,-2.08572535072958,-1.89376438818904
VisualCogA_Task-2,2,F3,0.5,1,0.2,Delta,-0.0703125,1.12986811044872,-1.78732138771505,-1.54301244116868
VisualCogA_Task-2,2,F3,0.5,1,0.2,Delta,-0.06640625,1.29104173125168,-1.1794293446555,-0.845864667880509
VisualCogA_Task-2,2,F3,0.5,1,0.2,Delta,-0.0625,1.50109738756402,-0.337438452884135,0.110785375082159
VisualCogA_Task-2,2,F3,0.5,1,0.2,Delta,-0.05859375,1.69784752516338,0.604115678571864,1.17131083217053
VisualCogA_Task-2,2,F3,0.5,1,0.2,Delta,-0.0546875,1.81566304106808,1.50456092383342,2.16908866873622
VisualCogA_Task-2,2,F3,0.5,1,0.2,Delta,-0.05078125,1.80444692746611,2.26254996173253,2.96923939799282
VisualCogA_Task-2,2,F3,0.5,1,0.2,Delta,-0.046875,1.64386539019049,2.81148310518544,3.49998794481187
VisualCogA_Task-2,2,F3,0.5,1,0.2,Delta,-0.04296875,1.34931304610536,3.11454020107442,3.7582988443676
VisualCogA_Task-2,2,F3,0.5,1,0.2,Delta,-0.0390625,0.968558142809347,3.17866085577299,3.78408765116202
VisualCogA_Task-2,2,F3,0.5,1,0.2,Delta,-0.03515625,0.570513213957171,3.04424127803554,3.64595090803855
VisualCogA_Task-2,2,F3,0.5,1,0.2,Delta,-0.03125,0.229452272426443,2.7869223505896,3.42035910184334
VisualCogA_Task-2,2,F3,0.5,1,0.2,Delta,-0.02734375,0.00886189402171222,2.50749720334962,3.1847598480371
VisualCogA_Task-2,2,F3,0.5,1,0.2,Delta,-0.0234375,-0.0511140179426099,2.29308956212551,2.99637834207333
VisualCogA_Task-2,2,F3,0.5,1,0.2,Delta,-0.01953125,0.0601646791551269,2.2105226075413,2.90665213533646
VisualCogA_Task-2,2,F3,0.5,1,0.2,Delta,-0.015625,0.325104993766074,2.29437119991286,2.95428870737272
VisualCogA_Task-2,2,F3,0.5,1,0.2,Delta,-0.01171875,0.70568466723121,2.55048785960875,3.16139703315247
VisualCogA_Task-2,2,F3,0.5,1,0.2,Delta,-0.0078125,1.15525584650082,2.96434869794672,3.52367150875492
VisualCogA_Task-2,2,F3,0.5,1,0.2,Delta,-0.00390625,1.63090772923779,3.50326879413356,4.01944569287256
VisualCogA_Task-2,2,F3,0.5,1,0.2,Delta,0,2.10301665403116,4.12118978678745,4.61828786615075
VisualCogA_Task-2,2,F3,0.5,1,0.2,Delta,0.00390625,2.55961908598888,4.77184982456163,5.28484524561368
VisualCogA_Task-2,2,F3,0.5,1,0.2,Delta,0.0078125,3.00484771838538,5.40628712106725,5.98153835482959
VisualCogA_Task-2,2,F3,0.5,1,0.2,Delta,0.01171875,3.45235197814174,5.97649769430703,6.65526399786186
VisualCogA_Task-2,2,F3,0.5,1,0.2,Delta,0.015625,3.91588191444945,6.4358239379318,7.23931584103633
VisualCogA_Task-2,2,F3,0.5,1,0.2,Delta,0.01953125,4.39975413799341,6.73845480690248,7.65592526212357
VisualCogA_Task-2,2,F3,0.5,1,0.2,Delta,0.0234375,4.89172064605789,6.8536505604614,7.83859981217211
VisualCogA_Task-2,2,F3,0.5,1,0.2,Delta,0.02734375,5.36001939281904,6.76887333280211,7.74734723577444
VisualCogA_Task-2,2,F3,0.5,1,0.2,Delta,0.03125,5.75537258369666,6.48241310087855,7.38491662767478
VisualCogA_Task-2,2,F3,0.5,1,0.2,Delta,0.03515625,6.01765316635751,5.99973016952044,6.778322086539
VisualCogA_Task-2,2,F3,0.5,1,0.2,Delta,0.0390625,6.08602067366494,5.32551867206594,5.95925632682605
VisualCogA_Task-2,2,F3,0.5,1,0.2,Delta,0.04296875,5.91063184421737,4.46453146003619,4.959374025567
VisualCogA_Task-2,2,F3,0.5,1,0.2,Delta,0.046875,5.46363362629428,3.41608145494473,3.80310538595825
VisualCogA_Task-2,2,F3,0.5,1,0.2,Delta,0.05078125,4.74711843995403,2.17560360998782,2.5231816050926
VisualCogA_Task-2,2,F3,0.5,1,0.2,Delta,0.0546875,3.7961244614283,0.771673770569283,1.17197504880341
VisualCogA_Task-2,2,F3,0.5,1,0.2,Delta,0.05859375,2.67561350709779,-0.725313406883034,-0.191810733028853
VisualCogA_Task-2,2,F3,0.5,1,0.2,Delta,0.0625,1.47158552030419,-2.21635254064037,-1.51509378131071
VisualCogA_Task-2,2,F3,0.5,1,0.2,Delta,0.06640625,0.277896165498779,-3.58535023676991,-2.72184963181144
VisualCogA_Task-2,2,F3,0.5,1,0.2,Delta,0.0703125,-0.818399963663415,-4.74069847140776,-3.74236428770104
VisualCogA_Task-2,2,F3,0.5,1,0.2,Delta,0.07421875,-1.7496726091848,-5.63627559604097,-4.52699562782759
VisualCogA_Task-2,2,F3,0.5,1,0.2,Delta,0.078125,-2.47505353038007,-6.26933200893341,-5.06537490144766
VisualCogA_Task-2,2,F3,0.5,1,0.2,Delta,0.08203125,-2.98056626973207,-6.66699794780671,-5.36458146521967
VisualCogA_Task-2,2,F3,0.5,1,0.2,Delta,0.0859375,-3.27226956016881,-6.87078266794109,-5.46935193316155
VisualCogA_Task-2,2,F3,0.5,1,0.2,Delta,0.08984375,-3.36493400455432,-6.92630643039868,-5.43421140698212
VisualCogA_Task-2,2,F3,0.5,1,0.2,Delta,0.09375,-3.27036396799219,-6.86273752866378,-5.29082669371531
VisualCogA_Task-2,2,F3,0.5,1,0.2,Delta,0.09765625,-2.98966267920793,-6.68065418285742,-5.03049038815481
VisualCogA_Task-2,2,F3,0.5,1,0.2,Delta,0.1015625,-2.51233017244005,-6.33065837565186,-4.59112692893102
VisualCogA_Task-2,2,F3,0.5,1,0.2,Delta,0.10546875,-1.82255178829756,-5.73681814126376,-3.89541307365437
VisualCogA_Task-2,2,F3,0.5,1,0.2,Delta,0.109375,-0.91034485629013,-4.8291577628065,-2.87272724104881
VisualCogA_Task-2,2,F3,0.5,1,0.2,Delta,0.11328125,0.216567723274138,-3.56687589227874,-1.49817892552214
VisualCogA_Task-2,2,F3,0.5,1,0.2,Delta,0.1171875,1.52451960251399,-1.95311983769615,0.180969068904908
VisualCogA_Task-2,2,F3,0.5,1,0.2,Delta,0.12109375,2.95230554806802,-0.0628592151903025,2.06091326143387
VisualCogA_Task-2,2,F3,0.5,1,0.2,Delta,0.125,4.41691087309242,1.95127910104036,4.01338280274412
VisualCogA_Task-2,2,F3,0.5,1,0.2,Delta,0.12890625,5.82490911095968,3.91613615052975,5.90484213463366
VisualCogA_Task-2,2,F3,0.5,1,0.2,Delta,0.1328125,7.08636947176696,5.67985071853798,7.61069788478302
VisualCogA_Task-2,2,F3,0.5,1,0.2,Delta,0.13671875,8.12784602996359,7.13085888376227,9.03248653013398
VisualCogA_Task-2,2,F3,0.5,1,0.2,Delta,0.140625,8.9018156734443,8.19697127810439,10.1057087570497
VisualCogA_Task-2,2,F3,0.5,1,0.2,Delta,0.14453125,9.39123715804345,8.84609496258146,10.8000403138311
VisualCogA_Task-2,2,F3,0.5,1,0.2,Delta,0.1484375,9.60911594527959,9.09156349250087,11.1288379666299
VisualCogA_Task-2,2,F3,0.5,1,0.2,Delta,0.15234375,9.59373184702832,8.99851066936402,11.1425587376512
VisualCogA_Task-2,2,F3,0.5,1,0.2,Delta,0.15625,9.40053947576616,8.66644607175942,10.9237743776942
VisualCogA_Task-2,2,F3,0.5,1,0.2,Delta,0.16015625,9.09195068401437,8.21788957166315,10.5738976189731
VisualCogA_Task-2,2,F3,0.5,1,0.2,Delta,0.1640625,8.72650383711467,7.7696157898072,10.1916395076451
VisualCogA_Task-2,2,F3,0.5,1,0.2,Delta,0.16796875,8.34932875620794,7.40595587138563,9.86342949315554
VisualCogA_Task-2,2,F3,0.5,1,0.2,Delta,0.171875,7.98606155669022,7.1780816427617,9.63723946490275
VisualCogA_Task-2,2,F3,0.5,1,0.2,Delta,0.17578125,7.64207158652193,7.09350039989106,9.52605499004229
VisualCogA_Task-2,2,F3,0.5,1,0.2,Delta,0.1796875,7.30780996595025,7.11792162622115,9.50726167900017
VisualCogA_Task-2,2,F3,0.5,1,0.2,Delta,0.18359375,6.9694111430947,7.16543064570058,9.52168270995681
VisualCogA_Task-2,2,F3,0.5,1,0.2,Delta,0.1875,6.62188329450818,7.14778362181896,9.49748067604684
VisualCogA_Task-2,2,F3,0.5,1,0.2,Delta,0.19140625,6.2809967763623,7.02163702320133,9.3856426330299
VisualCogA_Task-2,2,F3,0.5,1,0.2,Delta,0.1953125,5.98988011793023,6.8157337062241,9.19064684830105
VisualCogA_Task-2,2,F3,0.5,1,0.2,Delta,0.19921875,5.81752702163814,6.63007257579932,8.97831728757385
VisualCogA_Task-2,2,F3,0.5,1,0.2,Delta,0.203125,5.84859476570437,6.5889381208682,8.87416289484697
VisualCogA_Task-2,2,F3,0.5,1,0.2,Delta,0.20703125,6.16636936464644,6.79594983489179,9.03136549584458
VisualCogA_Task-2,2,F3,0.5,1,0.2,Delta,0.2109375,6.83282374981158,7.2937606800989,9.53017347714016
VisualCogA_Task-2,2,F3,0.5,1,0.2,Delta,0.21484375,7.87070496946503,8.06366822563034,10.3657875207993
VisualCogA_Task-2,2,F3,0.5,1,0.2,Delta,0.21875,9.25228914323462,9.03697136550532,11.4696830141394
VisualCogA_Task-2,2,F3,0.5,1,0.2,Delta,0.22265625,10.8979451943529,10.114231685636,12.7333861263595
VisualCogA_Task-2,2,F3,0.5,1,0.2,Delta,0.2265625,12.6853667557077,11.1890550548006,14.0400186629797
VisualCogA_Task-2,2,F3,0.5,1,0.2,Delta,0.23046875,14.4678579221586,12.1880991017746,15.2846516821317
VisualCogA_Task-2,2,F3,0.5,1,0.2,Delta,0.234375,16.0979884664147,13.1012352290842,16.3826963668565
VisualCogA_Task-2,2,F3,0.5,1,0.2,Delta,0.23828125,17.4517159963858,13.9383842384709,17.2769844631548
VisualCogA_Task-2,2,F3,0.5,1,0.2,Delta,0.2421875,18.4479327564722,14.6776634087455,17.9437386959087
VisualCogA_Task-2,2,F3,0.5,1,0.2,Delta,0.24609375,19.0593474124974,15.2758874458057,18.3994970384165
VisualCogA_Task-2,2,F3,0.5,1,0.2,Delta,0.25,19.3124951048585,15.7020139245591,18.6686151278808
VisualCogA_Task-2,2,F3,0.5,1,0.2,Delta,0.25390625,19.2771460099007,15.956906949387,18.7814309709264
VisualCogA_Task-2,2,F3,0.5,1,0.2,Delta,0.2578125,19.0479215764097,16.0643078175855,18.7748326430244
VisualCogA_Task-2,2,F3,0.5,1,0.2,Delta,0.26171875,18.7228447683742,16.0572051981343,18.6898449780094
VisualCogA_Task-2,2,F3,0.5,1,0.2,Delta,0.265625,18.3841988361383,15.9680771012964,18.5524139487761
VisualCogA_Task-2,2,F3,0.5,1,0.2,Delta,0.26953125,18.0861315887357,15.8193495925632,18.3770515668256
VisualCogA_Task-2,2,F3,0.5,1,0.2,Delta,0.2734375,17.8511647500964,15.6191503920351,18.1655003857469
VisualCogA_Task-2,2,F3,0.5,1,0.2,Delta,0.27734375,17.6749462738179,15.3665659123515,17.9284403876712
VisualCogA_Task-2,2,F3,0.5,1,0.2,Delta,0.28125,17.5362539663544,15.0567948200606,17.6605468901601
VisualCogA_Task-2,2,F3,0.5,1,0.2,Delta,0.28515625,17.4082370517944,14.6843194968541,17.3448310852339
VisualCogA_Task-2,2,F3,0.5,1,0.2,Delta,0.2890625,17.2673996881423,14.2528154060519,16.9751634598588
VisualCogA_Task-2,2,F3,0.5,1,0.2,Delta,0.29296875,17.0984664511098,13.7779885142205,16.553003343305
VisualCogA_Task-2,2,F3,0.5,1,0.2,Delta,0.296875,16.8952026017972,13.2823710596219,16.0871891414368
VisualCogA_Task-2,2,F3,0.5,1,0.2,Delta,0.30078125,16.6586808269634,12.7858917319512,15.5978937718733
VisualCogA_Task-2,2,F3,0.5,1,0.2,Delta,0.3046875,16.3949402537827,12.3037406767348,15.1033774611586
VisualCogA_Task-2,2,F3,0.5,1,0.2,Delta,0.30859375,16.1135071381372,11.847883578444,14.6262465603727
VisualCogA_Task-2,2,F3,0.5,1,0.2,Delta,0.3125,15.8272439910678,11.4324350965921,14.1909646525814
VisualCogA_Task-2,2,F3,0.5,1,0.2,Delta,0.31640625,15.5529917149215,11.0856210029937,13.8182834809993
VisualCogA_Task-2,2,F3,0.5,1,0.2,Delta,0.3203125,15.3118823132758,10.8397898247112,13.5341779630458
VisualCogA_Task-2,2,F3,0.5,1,0.2,Delta,0.32421875,15.1282066972558,10.7185005350564,13.3758407871546
VisualCogA_Task-2,2,F3,0.5,1,0.2,Delta,0.328125,15.0262636452326,10.7388329284379,13.3802110013028
VisualCogA_Task-2,2,F3,0.5,1,0.2,Delta,0.33203125,15.0254651117909,10.9052422876537,13.5832454192151
VisualCogA_Task-2,2,F3,0.5,1,0.2,Delta,0.3359375,15.1348231720639,11.207581222251,13.9817664268738
VisualCogA_Task-2,2,F3,0.5,1,0.2,Delta,0.33984375,15.3484891077766,11.6150393111753,14.5300449849206
VisualCogA_Task-2,2,F3,0.5,1,0.2,Delta,0.34375,15.6440267133953,12.0882251891659,15.1585111263031
VisualCogA_Task-2,2,F3,0.5,1,0.2,Delta,0.34765625,15.9845022983537,12.5837096055549,15.7989598942143
VisualCogA_Task-2,2,F3,0.5,1,0.2,Delta,0.3515625,16.3243903547522,13.0531530220543,16.381729300482
VisualCogA_Task-2,2,F3,0.5,1,0.2,Delta,0.35546875,16.6180575806746,13.4583109410224,16.8429866150129
VisualCogA_Task-2,2,F3,0.5,1,0.2,Delta,0.359375,16.8286501326387,13.7796590351393,17.152479587126
VisualCogA_Task-2,2,F3,0.5,1,0.2,Delta,0.36328125,16.9349736404689,14.0114998986611,17.3153538703003
VisualCogA_Task-2,2,F3,0.5,1,0.2,Delta,0.3671875,16.9345781167216,14.1592115210842,17.3643161648912
VisualCogA_Task-2,2,F3,0.5,1,0.2,Delta,0.37109375,16.8425176869879,14.2449046420834,17.3450148000515
VisualCogA_Task-2,2,F3,0.5,1,0.2,Delta,0.375,16.6866024425724,14.2948939418147,17.3017609490196
VisualCogA_Task-2,2,F3,0.5,1,0.2,Delta,0.37890625,16.50079277791,14.3319495235893,17.2698897669279
VisualCogA_Task-2,2,F3,0.5,1,0.2,Delta,0.3828125,16.3183895963674,14.3633466990016,17.2749529701704
VisualCogA_Task-2,2,F3,0.5,1,0.2,Delta,0.38671875,16.1660229030385,14.3914388767411,17.3081026465981
VisualCogA_Task-2,2,F3,0.5,1,0.2,Delta,0.390625,16.0587001939899,14.4065794231507,17.3295872694856
VisualCogA_Task-2,2,F3,0.5,1,0.2,Delta,0.39453125,15.9959195501499,14.3921087718834,17.3159655960213
VisualCogA_Task-2,2,F3,0.5,1,0.2,Delta,0.3984375,15.9592595227712,14.3295397540554,17.2613045543182
VisualCogA_Task-2,2,F3,0.5,1,0.2,Delta,0.40234375,15.9125601282199,14.2009003740911,17.1595938406453
VisualCogA_Task-2,2,F3,0.5,1,0.2,Delta,0.40625,15.8061131391483,13.9875199727704,17.0001900806459
VisualCogA_Task-2,2,F3,0.5,1,0.2,Delta,0.41015625,15.585626689873,13.6730625018498,16.7738587492038
VisualCogA_Task-2,2,F3,0.5,1,0.2,Delta,0.4140625,15.2050958831025,13.2573064675332,16.4689413532189
VisualCogA_Task-2,2,F3,0.5,1,0.2,Delta,0.41796875,14.6407045022349,12.7561622653749,16.0795913529485
VisualCogA_Task-2,2,F3,0.5,1,0.2,Delta,0.421875,13.9014752485222,12.1872886489204,15.5992681178518
VisualCogA_Task-2,2,F3,0.5,1,0.2,Delta,0.42578125,13.0324363871251,11.5608504178143,15.0272478198341
VisualCogA_Task-2,2,F3,0.5,1,0.2,Delta,0.4296875,12.1078792656739,10.8857633104111,14.3653692390614
VisualCogA_Task-2,2,F3,0.5,1,0.2,Delta,0.43359375,11.2153777552772,10.1804266194231,13.6255341993814
VisualCogA_Task-2,2,F3,0.5,1,0.2,Delta,0.4375,10.4345369686231,9.47689256311776,12.8490287693434
VisualCogA_Task-2,2,F3,0.5,1,0.2,Delta,0.44140625,9.81664680408356,8.83178272221184,12.096849856184
VisualCogA_Task-2,2,F3,0.5,1,0.2,Delta,0.4453125,9.37158412944151,8.30358896628632,11.4241921459064
VisualCogA_Task-2,2,F3,0.5,1,0.2,Delta,0.44921875,9.06623436407877,7.91019930573537,10.8570874462879
VisualCogA_Task-2,2,F3,0.5,1,0.2,Delta,0.453125,8.83505493359643,7.61207240766746,10.3790942922407
VisualCogA_Task-2,2,F3,0.5,1,0.2,Delta,0.45703125,8.5994759075854,7.32814452053122,9.93918075071326
VisualCogA_Task-2,2,F3,0.5,1,0.2,Delta,0.4609375,8.29005162298168,6.97554763715302,9.46778869202545
VisualCogA_Task-2,2,F3,0.5,1,0.2,Delta,0.46484375,7.86462980970117,6.49084170041192,8.90632443799567
VisualCogA_Task-2,2,F3,0.5,1,0.2,Delta,0.46875,7.31745424692181,5.84186392722413,8.22009957701175
VisualCogA_Task-2,2,F3,0.5,1,0.2,Delta,0.47265625,6.67735319284977,5.03341660329965,7.40304882111042
VisualCogA_Task-2,2,F3,0.5,1,0.2,Delta,0.4765625,5.99672400188578,4.10687840542884,6.49966984170022
VisualCogA_Task-2,2,F3,0.5,1,0.2,Delta,0.48046875,5.33562268281938,3.13214885298728,5.60223356239248
VisualCogA_Task-2,2,F3,0.5,1,0.2,Delta,0.484375,4.74611784539516,2.18838714340531,4.81629044165661
VisualCogA_Task-2,2,F3,0.5,1,0.2,Delta,0.48828125,4.26113733374372,1.34650250433209,4.19894623153939
VisualCogA_Task-2,2,F3,0.5,1,0.2,Delta,0.4921875,3.88995687887567,0.663478550637024,3.77323782150165
VisualCogA_Task-2,2,F3,0.5,1,0.2,Delta,0.49609375,3.62019766079359,0.16709076170396,3.53051991985995
VisualCogA_Task-2,2,F3,0.5,1,0.2,Delta,0.5,3.42452860798801,-0.16027616947256,3.42269314578875
VisualCogA_Task-2,2,F3,0.5,1,0.2,Delta,0.50390625,3.26958487894768,-0.365978240552824,3.38050731924097
VisualCogA_Task-2,2,F3,0.5,1,0.2,Delta,0.5078125,3.12480247646034,-0.488296388390697,3.34400323820127
VisualCogA_Task-2,2,F3,0.5,1,0.2,Delta,0.51171875,2.96952401729006,-0.55264846383114,3.27723734530714
VisualCogA_Task-2,2,F3,0.5,1,0.2,Delta,0.515625,2.79744689636168,-0.581897855037845,3.180696185323
VisualCogA_Task-2,2,F3,0.5,1,0.2,Delta,0.51953125,2.61805874516326,-0.575110531098723,3.07012001653758
VisualCogA_Task-2,2,F3,0.5,1,0.2,Delta,0.5234375,2.45514098637226,-0.503781451916097,2.98365980126399
VisualCogA_Task-2,2,F3,0.5,1,0.2,Delta,0.52734375,2.34279675573802,-0.331759794537501,2.98176470103946
VisualCogA_Task-2,2,F3,0.5,1,0.2,Delta,0.53125,2.31978984480011,-0.0248698310663542,3.13693182291227
VisualCogA_Task-2,2,F3,0.5,1,0.2,Delta,0.53515625,2.42319378708672,0.458945705253214,3.49928409508719
VisualCogA_Task-2,2,F3,0.5,1,0.2,Delta,0.5390625,2.6823590128117,1.15348735176865,4.09085705823218
VisualCogA_Task-2,2,F3,0.5,1,0.2,Delta,0.54296875,3.11400462620289,2.06138774412445,4.92346898190376
VisualCogA_Task-2,2,F3,0.5,1,0.2,Delta,0.546875,3.71893392048675,3.14470433660939,5.97862548683946
VisualCogA_Task-2,2,F3,0.5,1,0.2,Delta,0.55078125,4.48061975403073,4.32481414259599,7.19786178525271
VisualCogA_Task-2,2,F3,0.5,1,0.2,Delta,0.5546875,5.36581378611764,5.49490206397647,8.49665365970549
VisualCogA_Task-2,2,F3,0.5,1,0.2,Delta,0.55859375,6.32735857391732,6.5511934270514,9.79244040005889
VisualCogA_Task-2,2,F3,0.5,1,0.2,Delta,0.5625,7.30932876611948,7.43309531200794,11.0165895241532
VisualCogA_Task-2,2,F3,0.5,1,0.2,Delta,0.56640625,8.25427656772412,8.15271876606798,12.1215237853595
VisualCogA_Task-2,2,F3,0.5,1,0.2,Delta,0.5703125,9.11165194650462,8.76482881860864,13.0710765995358
VisualCogA_Task-2,2,F3,0.5,1,0.2,Delta,0.57421875,9.84564410508008,9.31484188405362,13.8414587886563
VisualCogA_Task-2,2,F3,0.5,1,0.2,Delta,0.578125,10.4402129799512,9.82564144985191,14.4326818955581
VisualCogA_Task-2,2,F3,0.5,1,0.2,Delta,0.58203125,10.899393756433,10.2933022789935,14.8585846469528
VisualCogA_Task-2,2,F3,0.5,1,0.2,Delta,0.5859375,11.2421826792343,10.703972232531,15.1362975527916
VisualCogA_Task-2,2,F3,0.5,1,0.2,Delta,0.58984375,11.4930873148662,11.0423880237043,15.279042613612
VisualCogA_Task-2,2,F3,0.5,1,0.2,Delta,0.59375,11.671040326069,11.3024617255471,15.3003826553027
VisualCogA_Task-2,2,F3,0.5,1,0.2,Delta,0.59765625,11.7801373981855,11.4801099278425,15.2145357427067
VisualCogA_Task-2,2,F3,0.5,1,0.2,Delta,0.6015625,11.8052429787725,11.56867755562,15.0400238035805
VisualCogA_Task-2,2,F3,0.5,1,0.2,Delta,0.60546875,11.7140869282914,11.5427015815858,14.7812855664347
VisualCogA_Task-2,2,F3,0.5,1,0.2,Delta,0.609375,11.4655759857803,11.3612481371393,14.4127924408577
VisualCogA_Task-2,2,F3,0.5,1,0.2,Delta,0.61328125,11.0222668556724,10.9694890804883,13.8877770586265
VisualCogA_Task-2,2,F3,0.5,1,0.2,Delta,0.6171875,10.3637631576075,10.2943569735122,13.1601842404501
VisualCogA_Task-2,2,F3,0.5,1,0.2,Delta,0.62109375,9.49747507008781,9.26790917128307,12.1998598765848
VisualCogA_Task-2,2,F3,0.5,1,0.2,Delta,0.625,8.4637818181339,7.86618404575981,11.0101881534192
VisualCogA_Task-2,2,F3,0.5,1,0.2,Delta,0.62890625,7.33401452382549,6.16159565802747,9.65018430806018
VisualCogA_Task-2,2,F3,0.5,1,0.2,Delta,0.6328125,6.20147082184109,4.28110885210471,8.23297897294857
VisualCogA_Task-2,2,F3,0.5,1,0.2,Delta,0.63671875,5.16738416947576,2.40694454783652,6.87560920569339
VisualCogA_Task-2,2,F3,0.5,1,0.2,Delta,0.640625,4.3249192192611,0.707194073527617,5.67886459219729
VisualCogA_Task-2,2,F3,0.5,1,0.2,Delta,0.64453125,3.74456366197756,-0.679104488732705,4.7262911682254
VisualCogA_Task-2,2,F3,0.5,1,0.2,Delta,0.6484375,3.46374075118938,-1.59189849899654,4.07253252085057
VisualCogA_Task-2,2,F3,0.5,1,0.2,Delta,0.65234375,3.48233384834836,-1.96294531944757,3.7418412751605
VisualCogA_Task-2,2,F3,0.5,1,0.2,Delta,0.65625,3.76447094802601,-1.87299363058588,3.73167330480662
VisualCogA_Task-2,2,F3,0.5,1,0.2,Delta,0.66015625,4.24570571140532,-1.46162127876488,4.01501351140529
VisualCogA_Task-2,2,F3,0.5,1,0.2,Delta,0.6640625,4.84387171898035,-0.841836560695882,4.53265668556702
VisualCogA_Task-2,2,F3,0.5,1,0.2,Delta,0.66796875,5.47146717760126,-0.119029854671197,5.19556441276922
VisualCogA_Task-2,2,F3,0.5,1,0.2,Delta,0.671875,6.04744217034025,0.619964500019364,5.90575000661381
VisualCogA_Task-2,2,F3,0.5,1,0.2,Delta,0.67578125,6.5066426765447,1.32210684784984,6.56361980056079
VisualCogA_Task-2,2,F3,0.5,1,0.2,Delta,0.6796875,6.80580188682146,1.94740018889951,7.09102183736776
VisualCogA_Task-2,2,F3,0.5,1,0.2,Delta,0.68359375,6.92571209955181,2.46406691560408,7.44910735890143
VisualCogA_Task-2,2,F3,0.5,1,0.2,Delta,0.6875,6.86990287773038,2.85796730631938,7.62436672875168
VisualCogA_Task-2,2,F3,0.5,1,0.2,Delta,0.69140625,6.66066270244781,3.12687228050511,7.62764134857801
VisualCogA_Task-2,2,F3,0.5,1,0.2,Delta,0.6953125,6.33349510203655,3.27681911334987,7.49505376050457
VisualCogA_Task-2,2,F3,0.5,1,0.2,Delta,0.69921875,5.93108205753902,3.33094396579187,7.28643784001559
VisualCogA_Task-2,2,F3,0.5,1,0.2,Delta,0.703125,5.49758577154356,3.33237181279641,7.07255197672251
VisualCogA_Task-2,2,F3,0.5,1,0.2,Delta,0.70703125,5.0737614096321,3.31780621290268,6.91549858384852
VisualCogA_Task-2,2,F3,0.5,1,0.2,Delta,0.7109375,4.69302301150314,3.31436609282457,6.85554756281294
VisualCogA_Task-2,2,F3,0.5,1,0.2,Delta,0.71484375,4.37843456432771,3.33887010762975,6.91343069088781
VisualCogA_Task-2,2,F3,0.5,1,0.2,Delta,0.71875,4.14064160703386,3.40853103695285,7.08525920920486
VisualCogA_Task-2,2,F3,0.5,1,0.2,Delta,0.72265625,3.97695210611953,3.53039913832065,7.35099759710144
VisualCogA_Task-2,2,F3,0.5,1,0.2,Delta,0.7265625,3.87196182116342,3.68613942255699,7.66542337271074
VisualCogA_Task-2,2,F3,0.5,1,0.2,Delta,0.73046875,3.80012793854137,3.8303662445494,7.96034230390119
VisualCogA_Task-2,2,F3,0.5,1,0.2,Delta,0.734375,3.7304318167042,3.91146206755215,8.14915752596789
VisualCogA_Task-2,2,F3,0.5,1,0.2,Delta,0.73828125,3.63277350541498,3.87616407360711,8.13330566085836
VisualCogA_Task-2,2,F3,0.5,1,0.2,Delta,0.7421875,3.48515999813348,3.66561903533793,7.83228646504934
VisualCogA_Task-2,2,F3,0.5,1,0.2,Delta,0.74609375,3.28029205389011,3.26163106906117,7.23792381557364
VisualCogA_Task-2,2,F3,0.5,1,0.2,Delta,0.75,3.03000806462806,2.6917101111741,6.42437833877082
VisualCogA_Task-2,2,F3,0.5,1,0.2,Delta,0.75390625,2.76632017937516,2.04454417063823,5.53185524805644
VisualCogA_Task-2,2,F3,0.5,1,0.2,Delta,0.7578125,2.53847231600404,1.44488405776906,4.72487786158614
VisualCogA_Task-2,2,F3,0.5,1,0.2,Delta,0.76171875,2.40640719379646,1.01581606427175,4.14781901877776
VisualCogA_Task-2,2,F3,0.5,1,0.2,Delta,0.765625,2.43195666133695,0.841547898822498,3.89851976255485
VisualCogA_Task-2,2,F3,0.5,1,0.2,Delta,0.76953125,2.6696256556083,0.946878650346761,4.01526916334195
VisualCogA_Task-2,2,F3,0.5,1,0.2,Delta,0.7734375,3.15879979894095,1.3033220113804,4.49315413934792
VisualCogA_Task-2,2,F3,0.5,1,0.2,Delta,0.77734375,3.91860863720598,1.84352279858741,5.29052355068228
VisualCogA_Task-2,2,F3,0.5,1,0.2,Delta,0.78125,4.94584405888506,2.49106521730656,6.35184758168066
VisualCogA_Task-2,2,F3,0.5,1,0.2,Delta,0.78515625,6.21571317557735,3.19397610816532,7.62141936063667
VisualCogA_Task-2,2,F3,0.5,1,0.2,Delta,0.7890625,7.68509408167412,3.93534819019746,9.0524332143572
VisualCogA_Task-2,2,F3,0.5,1,0.2,Delta,0.79296875,9.29829067220525,4.72219523521318,10.6034813917174
VisualCogA_Task-2,2,F3,0.5,1,0.2,Delta,0.796875,10.9956014652832,5.53783901702518,12.2295623346105
VisualCogA_Task-2,2,F3,0.5,1,0.2,Delta,0.80078125,12.7247375741466,6.36374340952466,13.885932812114
VisualCogA_Task-2,2,F3,0.5,1,0.25,Left,-0.19921875,1.731927585532,1.0306746088692,2.56419260575077
VisualCogA_Task-2,2,F3,0.5,1,0.25,Left,-0.1953125,2.32583437905446,1.45883774893168,2.96722890076783
VisualCogA_Task-2,2,F3,0.5,1,0.25,Left,-0.19140625,2.86752777838342,1.83108381687016,3.31809781100462
VisualCogA_Task-2,2,F3,0.5,1,0.25,Left,-0.1875,3.28629565153823,2.07445637190333,3.54280923466263
VisualCogA_Task-2,2,F3,0.5,1,0.25,Left,-0.18359375,3.51948938601389,2.12544735667417,3.57348104530531
VisualCogA_Task-2,2,F3,0.5,1,0.25,Left,-0.1796875,3.5298995752827,1.95583161108657,3.38219202642784
VisualCogA_Task-2,2,F3,0.5,1,0.25,Left,-0.17578125,3.31391927423398,1.58594364399053,2.99532402752963
VisualCogA_Task-2,2,F3,0.5,1,0.25,Left,-0.171875,2.90164236131681,1.08049469262427,2.48069479923632
VisualCogA_Task-2,2,F3,0.5,1,0.25,Left,-0.16796875,2.35063940568186,0.530300228076135,1.92419953239347
VisualCogA_Task-2,2,F3,0.5,1,0.25,Left,-0.1640625,1.73543968204636,0.0286013126299957,1.4066158471982
VisualCogA_Task-2,2,F3,0.5,1,0.25,Left,-0.16015625,1.13490660981425,-0.3559384038112,0.988420820990738
VisualCogA_Task-2,2,F3,0.5,1,0.25,Left,-0.15625,0.619742191315393,-0.592577475130045,0.703387996908784
VisualCogA_Task-2,2,F3,0.5,1,0.25,Left,-0.15234375,0.24217821198178,-0.686862268618665,0.557053461068652
VisualCogA_Task-2,2,F3,0.5,1,0.25,Left,-0.1484375,0.0293937980953078,-0.668127250004126,0.525319940505621
VisualCogA_Task-2,2,F3,0.5,1,0.25,Left,-0.14453125,-0.0186269600057921,-0.572964725431627,0.570087615280652
VisualCogA_Task-2,2,F3,0.5,1,0.25,Left,-0.140625,0.0730032439114448,-0.433353710388028,0.655753994078142
VisualCogA_Task-2,2,F3,0.5,1,0.25,Left,-0.13671875,0.259515787052889,-0.271570975822034,0.753188995081942
VisualCogA_Task-2,2,F3,0.5,1,0.25,Left,-0.1328125,0.484085283388066,-0.10933553209305,0.833385123032255
VisualCogA_Task-2,2,F3,0.5,1,0.25,Left,-0.12890625,0.686491883515819,0.028681240477646,0.868868699539866
VisualCogA_Task-2,2,F3,0.5,1,0.25,Left,-0.125,0.811970507586631,0.118617121345413,0.839718760399498
VisualCogA_Task-2,2,F3,0.5,1,0.25,Left,-0.12109375,0.819441362295898,0.139732449314539,0.734921112954628
VisualCogA_Task-2,2,F3,0.5,1,0.25,Left,-0.1171875,0.688135418428175,0.0871932072788286,0.557146523469529
VisualCogA_Task-2,2,F3,0.5,1,0.25,Left,-0.11328125,0.421363137472453,-0.0288309346391149,0.321219170893866
VisualCogA_Task-2,2,F3,0.5,1,0.25,Left,-0.109375,0.0461691910432467,-0.186174490136745,0.0492586551985056
VisualCogA_Task-2,2,F3,0.5,1,0.25,Left,-0.10546875,-0.391829567583437,-0.357701229847554,-0.232879087494734
VisualCogA_Task-2,2,F3,0.5,1,0.25,Left,-0.1015625,-0.837973431937408,-0.517158483690963,-0.501476211963751
VisualCogA_Task-2,2,F3,0.5,1,0.25,Left,-0.09765625,-1.24056943791979,-0.643254514983726,-0.737574393206661
VisualCogA_Task-2,2,F3,0.5,1,0.25,Left,-0.09375,-1.5623367679067,-0.718433266414695,-0.925998875709106
VisualCogA_Task-2,2,F3,0.5,1,0.25,Left,-0.08984375,-1.78794283173678,-0.73102074728278,-1.05513536953951
VisualCogA_Task-2,2,F3,0.5,1,0.25,Left,-0.0859375,-1.92515004382897,-0.684733758121324,-1.12335690511414
VisualCogA_Task-2,2,F3,0.5,1,0.25,Left,-0.08203125,-1.9989820787947,-0.600629612500961,-1.14218005059833
VisualCogA_Task-2,2,F3,0.5,1,0.25,Left,-0.078125,-2.0406391479105,-0.504059302854907,-1.13320970640148
VisualCogA_Task-2,2,F3,0.5,1,0.25,Left,-0.07421875,-2.07480170638639,-0.430653359356937,-1.13750764560062
VisualCogA_Task-2,2,F3,0.5,1,0.25,Left,-0.0703125,-2.10969168901178,-0.411445845262818,-1.19996758959817
VisualCogA_Task-2,2,F3,0.5,1,0.25,Left,-0.06640625,-2.13344141475111,-0.455576723064458,-1.34426117439544
VisualCogA_Task-2,2,F3,0.5,1,0.25,Left,-0.0625,-2.1181739601547,-0.539281827321153,-1.55742789445015
VisualCogA_Task-2,2,F3,0.5,1,0.25,Left,-0.05859375,-2.03048627188167,-0.615571236313013,-1.78560122755068
VisualCogA_Task-2,2,F3,0.5,1,0.25,Left,-0.0546875,-1.84475924449268,-0.643533728171748,-1.96918871819402
VisualCogA_Task-2,2,F3,0.5,1,0.25,Left,-0.05078125,-1.55474737333789,-0.608130735885151,-2.0627737582888
VisualCogA_Task-2,2,F3,0.5,1,0.25,Left,-0.046875,-1.17956315028831,-0.504215780356965,-2.04931668662921
VisualCogA_Task-2,2,F3,0.5,1,0.25,Left,-0.04296875,-0.762168423495904,-0.315853959731185,-1.9342098130133
VisualCogA_Task-2,2,F3,0.5,1,0.25,Left,-0.0390625,-0.361024521461689,-0.0481460691905941,-1.74051268170369
VisualCogA_Task-2,2,F3,0.5,1,0.25,Left,-0.03515625,-0.0376925496530382,0.272706947082069,-1.50780353132076
VisualCogA_Task-2,2,F3,0.5,1,0.25,Left,-0.03125,0.155800139509876,0.595456866877531,-1.29031612458971
VisualCogA_Task-2,2,F3,0.5,1,0.25,Left,-0.02734375,0.186336710832213,0.851229586431181,-1.14119062523083
VisualCogA_Task-2,2,F3,0.5,1,0.25,Left,-0.0234375,0.0437373324211092,0.98391489268517,-1.10142957462018
VisualCogA_Task-2,2,F3,0.5,1,0.25,Left,-0.01953125,-0.260804598926917,0.954446098697999,-1.20177209015724
VisualCogA_Task-2,2,F3,0.5,1,0.25,Left,-0.015625,-0.700476623235662,0.747807982801872,-1.46316675617538
VisualCogA_Task-2,2,F3,0.5,1,0.25,Left,-0.01171875,-1.24044376451506,0.372030549109228,-1.88988878885543
VisualCogA_Task-2,2,F3,0.5,1,0.25,Left,-0.0078125,-1.84485301081235,-0.142990609928124,-2.46809046790833
VisualCogA_Task-2,2,F3,0.5,1,0.25,Left,-0.00390625,-2.48146933737886,-0.749012428314964,-3.15200451161921
VisualCogA_Task-2,2,F3,0.5,1,0.25,Left,0,-3.12326315292407,-1.38441732656967,-3.87590881566816
VisualCogA_Task-2,2,F3,0.5,1,0.25,Left,0.00390625,-3.74742095580968,-1.98316448204814,-4.56784317887145
VisualCogA_Task-2,2,F3,0.5,1,0.25,Left,0.0078125,-4.33309949466745,-2.48201815505357,-5.1655121542099
VisualCogA_Task-2,2,F3,0.5,1,0.25,Left,0.01171875,-4.85953887123079,-2.83794367606204,-5.61982846522919
VisualCogA_Task-2,2,F3,0.5,1,0.25,Left,0.015625,-5.30581875377758,-3.03155553865995,-5.8994610838995
VisualCogA_Task-2,2,F3,0.5,1,0.25,Left,0.01953125,-5.65271866693121,-3.05721486554726,-5.98968198796193
VisualCogA_Task-2,2,F3,0.5,1,0.25,Left,0.0234375,-5.88613935703403,-2.92281433246267,-5.88722334543103
VisualCogA_Task-2,2,F3,0.5,1,0.25,Left,0.02734375,-6.00074681429999,-2.64583625009408,-5.60502458343718
VisualCogA_Task-2,2,F3,0.5,1,0.25,Left,0.03125,-6.00223970856389,-2.25260187577069,-5.17893275968442
VisualCogA_Task-2,2,F3,0.5,1,0.25,Left,0.03515625,-5.90704436912463,-1.78263604084365,-4.66322696052186
VisualCogA_Task-2,2,F3,0.5,1,0.25,Left,0.0390625,-5.73917484173564,-1.28629287107885,-4.12736957332206
VisualCogA_Task-2,2,F3,0.5,1,0.25,Left,0.04296875,-5.52509697575822,-0.808738920526898,-3.64318071959915
VisualCogA_Task-2,2,F3,0.5,1,0.25,Left,0.046875,-5.28825062787312,-0.37473201136489,-3.26683550938592
VisualCogA_Task-2,2,F3,0.5,1,0.25,Left,0.05078125,-5.04505399974269,0.0160767183229017,-3.02079447834654
VisualCogA_Task-2,2,F3,0.5,1,0.25,Left,0.0546875,-4.8036399125378,0.369716548495415,-2.89194809339309
VisualCogA_Task-2,2,F3,0.5,1,0.25,Left,0.05859375,-4.56548169767823,0.701048066464684,-2.84757062540535
VisualCogA_Task-2,2,F3,0.5,1,0.25,Left,0.0625,-4.3289282807501,1.02969066084081,-2.83722740642658
VisualCogA_Task-2,2,F3,0.5,1,0.25,Left,0.06640625,-4.09299417025143,1.36994355929718,-2.80541051249135
VisualCogA_Task-2,2,F3,0.5,1,0.25,Left,0.0703125,-3.85984250950302,1.73766934439519,-2.71249112818424
VisualCogA_Task-2,2,F3,0.5,1,0.25,Left,0.07421875,-3.63519375970328,2.14343152412349,-2.54262729894502
VisualCogA_Task-2,2,F3,0.5,1,0.25,Left,0.078125,-3.42698227331896,2.59073747266284,-2.29898423302231
VisualCogA_Task-2,2,F3,0.5,1,0.25,Left,0.08203125,-3.24342326548463,3.06958739190293,-1.99699262238304
VisualCogA_Task-2,2,F3,0.5,1,0.25,Left,0.0859375,-3.09183909779748,3.55322999819854,-1.65970938556693
VisualCogA_Task-2,2,F3,0.5,1,0.25,Left,0.08984375,-2.97906294029956,4.01002769310421,-1.31644717589717
VisualCogA_Task-2,2,F3,0.5,1,0.25,Left,0.09375,-2.91328267965409,4.4124158662634,-1.00379600101437
VisualCogA_Task-2,2,F3,0.5,1,0.25,Left,0.09765625,-2.90628947007824,4.73672318924493,-0.766448183761705
VisualCogA_Task-2,2,F3,0.5,1,0.25,Left,0.1015625,-2.97467723421752,4.94398225037777,-0.655053958660258
VisualCogA_Task-2,2,F3,0.5,1,0.25,Left,0.10546875,-3.13878116687893,4.98742572194488,-0.719936321398491
VisualCogA_Task-2,2,F3,0.5,1,0.25,Left,0.109375,-3.41893335727922,4.82489822274397,-1.001858347135
VisualCogA_Task-2,2,F3,0.5,1,0.25,Left,0.11328125,-3.8296348492188,4.42940673977771,-1.52254552521444
VisualCogA_Task-2,2,F3,0.5,1,0.25,Left,0.1171875,-4.37312159882958,3.8067721701494,-2.27741632279373
VisualCogA_Task-2,2,F3,0.5,1,0.25,Left,0.12109375,-5.03424193285518,2.99243774642546,-3.2314875671517
VisualCogA_Task-2,2,F3,0.5,1,0.25,Left,0.125,-5.77842893625444,2.04466672535277,-4.32747203667338
VisualCogA_Task-2,2,F3,0.5,1,0.25,Left,0.12890625,-6.55388009957682,1.034953211728,-5.49316185646454
VisualCogA_Task-2,2,F3,0.5,1,0.25,Left,0.1328125,-7.29802666143451,0.0408886180681597,-6.64564115236153
VisualCogA_Task-2,2,F3,0.5,1,0.25,Left,0.13671875,-7.94724782004512,-0.85967887128426,-7.70198470460449
VisualCogA_Task-2,2,F3,0.5,1,0.25,Left,0.140625,-8.4478435869977,-1.59253103088843,-8.58840302853657
VisualCogA_Task-2,2,F3,0.5,1,0.25,Left,0.14453125,-8.76577449276867,-2.09688729047127,-9.25728088862178
VisualCogA_Task-2,2,F3,0.5,1,0.25,Left,0.1484375,-8.89277455740132,-2.33961736355331,-9.68526322603226
VisualCogA_Task-2,2,F3,0.5,1,0.25,Left,0.15234375,-8.84718598290103,-2.33008518137593,-9.88264412124409
VisualCogA_Task-2,2,F3,0.5,1,0.25,Left,0.15625,-8.66912501667704,-2.12600007724735,-9.88666804648754
VisualCogA_Task-2,2,F3,0.5,1,0.25,Left,0.16015625,-8.41107096995079,-1.81596561502509,-9.75360908094993
VisualCogA_Task-2,2,F3,0.5,1,0.25,Left,0.1640625,-8.12625461632342,-1.48225869970057,-9.54685588584133
VisualCogA_Task-2,2,F3,0.5,1,0.25,Left,0.16796875,-7.85788617319624,-1.18637465341355,-9.32369173002619
VisualCogA_Task-2,2,F3,0.5,1,0.25,Left,0.171875,-7.63204395278032,-0.969856434149382,-9.13097761626719
VisualCogA_Task-2,2,F3,0.5,1,0.25,Left,0.17578125,-7.45596768219817,-0.849355808163707,-8.99720260362514
VisualCogA_Task-2,2,F3,0.5,1,0.25,Left,0.1796875,-7.32189710232886,-0.820876504206032,-8.92705649319809
VisualCogA_Task-2,2,F3,0.5,1,0.25,Left,0.18359375,-7.21498851517248,-0.840616379766075,-8.90679670732597
VisualCogA_Task-2,2,F3,0.5,1,0.25,Left,0.1875,-7.12274046875199,-0.854376123074864,-8.90848486237746
VisualCogA_Task-2,2,F3,0.5,1,0.25,Left,0.19140625,-7.0430748332801,-0.832245069772447,-8.91335290889914
VisualCogA_Task-2,2,F3,0.5,1,0.25,Left,0.1953125,-6.98876467663663,-0.786304584139398,-8.93595023825093
VisualCogA_Task-2,2,F3,0.5,1,0.25,Left,0.19921875,-6.98702366414938,-0.770651740361509,-9.01134435951203
VisualCogA_Task-2,2,F3,0.5,1,0.25,Left,0.203125,-7.07438522924455,-0.845092817079555,-9.18587273420236
VisualCogA_Task-2,2,F3,0.5,1,0.25,Left,0.20703125,-7.28813842701923,-1.05273622336019,-9.50428408458852
VisualCogA_Task-2,2,F3,0.5,1,0.25,Left,0.2109375,-7.65632325706042,-1.39904762649469,-9.98628926337972
VisualCogA_Task-2,2,F3,0.5,1,0.25,Left,0.21484375,-8.1885561694211,-1.85412337841102,-10.6167622393262
VisualCogA_Task-2,2,F3,0.5,1,0.25,Left,0.21875,-8.86979918033805,-2.36058964786542,-11.3508849107354
VisualCogA_Task-2,2,F3,0.5,1,0.25,Left,0.22265625,-9.65867289632977,-2.84797437164935,-12.1267224609943
VisualCogA_Task-2,2,F3,0.5,1,0.25,Left,0.2265625,-10.4910977876842,-3.25286285789373,-12.880460307336
VisualCogA_Task-2,2,F3,0.5,1,0.25,Left,0.23046875,-11.2889906066381,-3.54275157760538,-13.5549281547439
VisualCogA_Task-2,2,F3,0.5,1,0.25,Left,0.234375,-11.9725790225068,-3.7356193134584,-14.0898864985898
VisualCogA_Task-2,2,F3,0.5,1,0.25,Left,0.23828125,-12.4738787868167,-3.85869057932765,-14.4345682810681
VisualCogA_Task-2,2,F3,0.5,1,0.25,Left,0.2421875,-12.7483357700078,-3.9029810556894,-14.5532388349832
VisualCogA_Task-2,2,F3,0.5,1,0.25,Left,0.24609375,-12.7818580394835,-3.8352848141703,-14.4342608680207
VisualCogA_Task-2,2,F3,0.5,1,0.25,Left,0.25,-12.5915324343447,-3.63385439260234,-14.0962102782208
VisualCogA_Task-2,2,F3,0.5,1,0.25,Left,0.25390625,-12.2199992887052,-3.30776223884269,-13.5910969692904
VisualCogA_Task-2,2,F3,0.5,1,0.25,Left,0.2578125,-11.7252175270368,-2.88587588512229,-13.0027105103335
VisualCogA_Task-2,2,F3,0.5,1,0.25,Left,0.26171875,-11.1685525778566,-2.40151877459293,-12.4242009880719
VisualCogA_Task-2,2,F3,0.5,1,0.25,Left,0.265625,-10.6042994707989,-1.88297371976584,-11.9282636880148
VisualCogA_Task-2,2,F3,0.5,1,0.25,Left,0.26953125,-10.0728649790308,-1.34672005397104,-11.5403909005944
VisualCogA_Task-2,2,F3,0.5,1,0.25,Left,0.2734375,-9.59829305176155,-0.797395330882784,-11.2346778271749
VisualCogA_Task-2,2,F3,0.5,1,0.25,Left,0.27734375,-9.1893226595364,-0.236344576869557,-10.9659597725528
VisualCogA_Task-2,2,F3,0.5,1,0.25,Left,0.28125,-8.84234776233841,0.333148004626816,-10.6883295993861
VisualCogA_Task-2,2,F3,0.5,1,0.25,Left,0.28515625,-8.54475628064576,0.906508898780713,-10.37420654783
VisualCogA_Task-2,2,F3,0.5,1,0.25,Left,0.2890625,-8.27791736785342,1.47407521265292,-10.0234027446568
VisualCogA_Task-2,2,F3,0.5,1,0.25,Left,0.29296875,-8.01998696981451,2.02361586903425,-9.6511661762029
VisualCogA_Task-2,2,F3,0.5,1,0.25,Left,0.296875,-7.74913364540372,2.54754560009733,-9.27103900131528
VisualCogA_Task-2,2,F3,0.5,1,0.25,Left,0.30078125,-7.44749716559447,3.05032498052886,-8.88826131501187
VisualCogA_Task-2,2,F3,0.5,1,0.25,Left,0.3046875,-7.10538539394054,3.54582860156988,-8.50181166532268
VisualCogA_Task-2,2,F3,0.5,1,0.25,Left,0.30859375,-6.72442362958062,4.05054776699418,-8.11043113666855
VisualCogA_Task-2,2,F3,0.5,1,0.25,Left,0.3125,-6.3181491347105,4.57429233701154,-7.7139580592912
VisualCogA_Task-2,2,F3,0.5,1,0.25,Left,0.31640625,-5.90915152842441,5.10647162382036,-7.3146637633921
VisualCogA_Task-2,2,F3,0.5,1,0.25,Left,0.3203125,-5.523109036003,5.62616164150003,-6.92471715736212
VisualCogA_Task-2,2,F3,0.5,1,0.25,Left,0.32421875,-5.18141111563372,6.11585278998362,-6.57083636250489
VisualCogA_Task-2,2,F3,0.5,1,0.25,Left,0.328125,-4.89485105622116,6.5596067763437,-6.27933647773749
VisualCogA_Task-2,2,F3,0.5,1,0.25,Left,0.33203125,-4.66070652544365,6.94885717970667,-6.06698370314062
VisualCogA_Task-2,2,F3,0.5,1,0.25,Left,0.3359375,-4.46441511584837,7.28377095438327,-5.93188261664799
VisualCogA_Task-2,2,F3,0.5,1,0.25,Left,0.33984375,-4.28542074283147,7.57957142004593,-5.85475118709119
VisualCogA_Task-2,2,F3,0.5,1,0.25,Left,0.34375,-4.10525252703555,7.85646753240788,-5.79805902218526
VisualCogA_Task-2,2,F3,0.5,1,0.25,Left,0.34765625,-3.91507563987505,8.12807820994172,-5.72245805353008
VisualCogA_Task-2,2,F3,0.5,1,0.25,Left,0.3515625,-3.72011529925362,8.40137800555058,-5.60080686396932
VisualCogA_Task-2,2,F3,0.5,1,0.25,Left,0.35546875,-3.53942212402936,8.66835769574601,-5.43308325546778
VisualCogA_Task-2,2,F3,0.5,1,0.25,Left,0.359375,-3.40102832241593,8.90410000360647,-5.25052549809088
VisualCogA_Task-2,2,F3,0.5,1,0.25,Left,0.36328125,-3.33409227289823,9.07096848655736,-5.10809180033676
VisualCogA_Task-2,2,F3,0.5,1,0.25,Left,0.3671875,-3.36062487734193,9.12460783604714,-5.0697380503183
VisualCogA_Task-2,2,F3,0.5,1,0.25,Left,0.37109375,-3.48950018427777,9.02065222228657,-5.19072797645418
VisualCogA_Task-2,2,F3,0.5,1,0.25,Left,0.375,-3.71462421698582,8.73250923477223,-5.50048948529036
VisualCogA_Task-2,2,F3,0.5,1,0.25,Left,0.37890625,-4.01763074965689,8.26383704191694,-5.99890312531848
VisualCogA_Task-2,2,F3,0.5,1,0.25,Left,0.3828125,-4.37380898864974,7.65601595108973,-6.65455505783743
VisualCogA_Task-2,2,F3,0.5,1,0.25,Left,0.38671875,-4.75877113078491,6.97478707233317,-7.39889134102531
VisualCogA_Task-2,2,F3,0.5,1,0.25,Left,0.390625,-5.15314358038895,6.2968405727416,-8.14890029369154
VisualCogA_Task-2,2,F3,0.5,1,0.25,Left,0.39453125,-5.54346854419658,5.69248577155175,-8.84081359290119
VisualCogA_Task-2,2,F3,0.5,1,0.25,Left,0.3984375,-5.91921328647256,5.21472537074313,-9.43996566599081
VisualCogA_Task-2,2,F3,0.5,1,0.25,Left,0.40234375,-6.26759386093314,4.89368680947623,-9.93504669024356
VisualCogA_Task-2,2,F3,0.5,1,0.25,Left,0.40625,-6.56902141002058,4.73667261435945,-10.3258585598299
VisualCogA_Task-2,2,F3,0.5,1,0.25,Left,0.41015625,-6.79583797139441,4.73228812083541,-10.6104553414787
VisualCogA_Task-2,2,F3,0.5,1,0.25,Left,0.4140625,-6.91562981949726,4.85645498984334,-10.7806896100133
VisualCogA_Task-2,2,F3,0.5,1,0.25,Left,0.41796875,-6.89835417455327,5.08216833784526,-10.827340723558
VisualCogA_Task-2,2,F3,0.5,1,0.25,Left,0.421875,-6.72467691524526,5.39295008352323,-10.7425459967602
VisualCogA_Task-2,2,F3,0.5,1,0.25,Left,0.42578125,-6.39211968361148,5.79097471153167,-10.5119318856915
VisualCogA_Task-2,2,F3,0.5,1,0.25,Left,0.4296875,-5.91625417295828,6.28556674226002,-10.1303249460805
VisualCogA_Task-2,2,F3,0.5,1,0.25,Left,0.43359375,-5.32604904165613,6.8874728352594,-9.58287099998691
VisualCogA_Task-2,2,F3,0.5,1,0.25,Left,0.4375,-4.65482478474771,7.6059121733527,-8.87145490176741
VisualCogA_Task-2,2,F3,0.5,1,0.25,Left,0.44140625,-3.93012931201697,8.44430338064825,-8.0086491713479
VisualCogA_Task-2,2,F3,0.5,1,0.25,Left,0.4453125,-3.16641940780431,9.39653058962809,-7.02367069119831
VisualCogA_Task-2,2,F3,0.5,1,0.25,Left,0.44921875,-2.36344829271805,10.4458206223659,-5.94128925735669
VisualCogA_Task-2,2,F3,0.5,1,0.25,Left,0.453125,-1.51108383344651,11.5673152871733,-4.78638366181233
VisualCogA_Task-2,2,F3,0.5,1,0.25,Left,0.45703125,-0.598771321198102,12.7336182038206,-3.58353294209014
VisualCogA_Task-2,2,F3,0.5,1,0.25,Left,0.4609375,0.373999279203113,13.9210855191641,-2.35789327436595
VisualCogA_Task-2,2,F3,0.5,1,0.25,Left,0.46484375,1.39033796101309,15.106286829365,-1.14216931108636
VisualCogA_Task-2,2,F3,0.5,1,0.25,Left,0.46875,2.41476180333414,16.2642701053703,0.0216908348905374
VisualCogA_Task-2,2,F3,0.5,1,0.25,Left,0.47265625,3.39904590666689,17.3720339494705,1.08624336280042
VisualCogA_Task-2,2,F3,0.5,1,0.25,Left,0.4765625,4.29356021805772,18.4104845525054,2.00745438031484
VisualCogA_Task-2,2,F3,0.5,1,0.25,Left,0.48046875,5.06069920244638,19.3646890311452,2.75052953297434
VisualCogA_Task-2,2,F3,0.5,1,0.25,Left,0.484375,5.68636092217417,20.2293643371179,3.30419948200651
VisualCogA_Task-2,2,F3,0.5,1,0.25,Left,0.48828125,6.18607990958717,21.0122157535485,3.7023356865565
VisualCogA_Task-2,2,F3,0.5,1,0.25,Left,0.4921875,6.60404002497268,21.7290672035067,4.0118866348301
VisualCogA_Task-2,2,F3,0.5,1,0.25,Left,0.49609375,7.00520741644375,22.4128948382712,4.32563999799226
VisualCogA_Task-2,2,F3,0.5,1,0.25,Left,0.5,7.46262202955522,23.1262237972741,4.74530373417304
VisualCogA_Task-2,2,F3,0.5,1,0.25,Left,0.50390625,8.04302396045874,23.9421816503354,5.35584945875932
VisualCogA_Task-2,2,F3,0.5,1,0.25,Left,0.5078125,8.79427196526237,24.90279760129,6.19870817266209
VisualCogA_Task-2,2,F3,0.5,1,0.25,Left,0.51171875,9.73746494903063,26.014904193003,7.26102664396318
VisualCogA_Task-2,2,F3,0.5,1,0.25,Left,0.515625,10.8654787377245,27.265532887089,8.49524774850863
VisualCogA_Task-2,2,F3,0.5,1,0.25,Left,0.51953125,12.1480402020388,28.6121279432692,9.83073879713199
VisualCogA_Task-2,2,F3,0.5,1,0.25,Left,0.5234375,13.5418124612345,29.9940334081143,11.1956115367926
VisualCogA_Task-2,2,F3,0.5,1,0.25,Left,0.52734375,15.0026587081499,31.3658955128025,12.539471629017
VisualCogA_Task-2,2,F3,0.5,1,0.25,Left,0.53125,16.4966822992945,32.7136023561274,13.844109354512
VisualCogA_Task-2,2,F3,0.5,1,0.25,Left,0.53515625,18.0070474154903,34.0386511737228,15.1141501084724
VisualCogA_Task-2,2,F3,0.5,1,0.25,Left,0.5390625,19.53491130728,35.3593799513427,16.3720071963757
VisualCogA_Task-2,2,F3,0.5,1,0.25,Left,0.54296875,21.0946569961344,36.7142393962284,17.6527909137817
VisualCogA_Task-2,2,F3,0.5,1,0.25,Left,0.546875,22.7053957902953,38.1532908395332,18.9935163054596
VisualCogA_Task-2,2,F3,0.5,1,0.25,Left,0.55078125,24.3818021819402,39.727629567246,20.4243313369056
VisualCogA_Task-2,2,F3,0.5,1,0.25,Left,0.5546875,26.1273710776352,41.4764566018947,21.954667696172
VisualCogA_Task-2,2,F3,0.5,1,0.25,Left,0.55859375,27.9321540915313,43.405802611665,23.5661876312397
VisualCogA_Task-2,2,F3,0.5,1,0.25,Left,0.5625,29.7753323673591,45.4664637927074,25.2167801621898
VisualCogA_Task-2,2,F3,0.5,1,0.25,Left,0.56640625,31.6312518128741,47.5468097515078,26.8533743409533
VisualCogA_Task-2,2,F3,0.5,1,0.25,Left,0.5703125,33.4764106605856,49.5377986717473,28.4385433847661
VisualCogA_Task-2,2,F3,0.5,1,0.25,Left,0.57421875,35.2947357791281,51.381764279136,29.9695258301073
VisualCogA_Task-2,2,F3,0.5,1,0.25,Left,0.578125,37.0793263766653,53.0749061538308,31.4603515987693
VisualCogA_Task-2,2,F3,0.5,1,0.25,Left,0.58203125,38.8303311921625,54.6565579972861,32.9380588635551
VisualCogA_Task-2,2,F3,0.5,1,0.25,Left,0.5859375,40.5501793005338,56.1753831849327,34.4230513380294
VisualCogA_Task-2,2,F3,0.5,1,0.25,Left,0.58984375,42.2384075717246,57.6635877257987,35.9328960330702
VisualCogA_Task-2,2,F3,0.5,1,0.25,Left,0.59375,43.8884198747444,59.1308637428829,37.4694918075057
VisualCogA_Task-2,2,F3,0.5,1,0.25,Left,0.59765625,45.4876290896301,60.5707322404526,39.0198843158905
VisualCogA_Task-2,2,F3,0.5,1,0.25,Left,0.6015625,47.0209192967366,61.9585204639494,40.5558844816357
VisualCogA_Task-2,2,F3,0.5,1,0.25,Left,0.60546875,48.4758468200776,63.2812821371206,42.0413750685067
VisualCogA_Task-2,2,F3,0.5,1,0.25,Left,0.609375,49.8471348934108,64.5330588526327,43.4561432068333
VisualCogA_Task-2,2,F3,0.5,1,0.25,Left,0.61328125,51.1382151692772,65.715250965436,44.800748863343
VisualCogA_Task-2,2,F3,0.5,1,0.25,Left,0.6171875,52.3587837687507,66.8498405320297,46.0901920660817
VisualCogA_Task-2,2,F3,0.5,1,0.25,Left,0.62109375,53.5190658522206,67.9732583830889,47.3412622912353
VisualCogA_Task-2,2,F3,0.5,1,0.25,Left,0.625,54.6229746983487,69.123121615329,48.5643620454903
VisualCogA_Task-2,2,F3,0.5,1,0.25,Left,0.62890625,55.6629606160922,70.3126383598332,49.7444763582115
VisualCogA_Task-2,2,F3,0.5,1,0.25,Left,0.6328125,56.6188142188394,71.5303349945736,50.8479086076092
VisualCogA_Task-2,2,F3,0.5,1,0.25,Left,0.63671875,57.4612525904106,72.7280349547233,51.839309198861
VisualCogA_Task-2,2,F3,0.5,1,0.25,Left,0.640625,58.1593745106698,73.8532031049346,52.6836564447573
VisualCogA_Task-2,2,F3,0.5,1,0.25,Left,0.64453125,58.6897067005786,74.8711674382541,53.3581242648513
VisualCogA_Task-2,2,F3,0.5,1,0.25,Left,0.6484375,59.0440602535205,75.7265060955206,53.857086937706
VisualCogA_Task-2,2,F3,0.5,1,0.25,Left,0.65234375,59.2338863120682,76.3575910213296,54.1763801301128
VisualCogA_Task-2,2,F3,0.5,1,0.25,Left,0.65625,59.2900029700562,76.7407459338785,54.3154550872948
VisualCogA_Task-2,2,F3,0.5,1,0.25,Left,0.66015625,59.2579774970974,76.8837834111747,54.2761938966409
VisualCogA_Task-2,2,F3,0.5,1,0.25,Left,0.6640625,59.1905922310058,76.809153492272,54.0723140152058
VisualCogA_Task-2,2,F3,0.5,1,0.25,Left,0.66796875,59.1393724579617,76.5719626931932,53.7407302208467
VisualCogA_Task-2,2,F3,0.5,1,0.25,Left,0.671875,59.1470471444612,76.2650651600532,53.3390426945043
VisualCogA_Task-2,2,F3,0.5,1,0.25,Left,0.67578125,59.2422278653002,75.9922383084193,52.9438439770926
VisualCogA_Task-2,2,F3,0.5,1,0.25,Left,0.6796875,59.4368367279885,75.8401155490725,52.6382430993658
VisualCogA_Task-2,2,F3,0.5,1,0.25,Left,0.68359375,59.7261798900204,75.8525050760893,52.4777094581786
VisualCogA_Task-2,2,F3,0.5,1,0.25,Left,0.6875,60.091201726998,76.0324247969792,52.4871522032924
VisualCogA_Task-2,2,F3,0.5,1,0.25,Left,0.69140625,60.5023468075829,76.3531761014887,52.6513171268508
VisualCogA_Task-2,2,F3,0.5,1,0.25,Left,0.6953125,60.9244690481604,76.7724840667065,52.9312466446978
VisualCogA_Task-2,2,F3,0.5,1,0.25,Left,0.69921875,61.3222189985241,77.2398335280789,53.2670990043223
VisualCogA_Task-2,2,F3,0.5,1,0.25,Left,0.703125,61.6652541258539,77.6985203232097,53.5952480721272
VisualCogA_Task-2,2,F3,0.5,1,0.25,Left,0.70703125,61.9325053625998,78.1081928834071,53.8639663327363
VisualCogA_Task-2,2,F3,0.5,1,0.25,Left,0.7109375,62.1147150619085,78.43200160733,54.0434951023807
VisualCogA_Task-2,2,F3,0.5,1,0.25,Left,0.71484375,62.2146474069025,78.6473359179019,54.1270308031164
VisualCogA_Task-2,2,F3,0.5,1,0.25,Left,0.71875,62.2447958787087,78.7527875131978,54.1233459609281
VisualCogA_Task-2,2,F3,0.5,1,0.25,Left,0.72265625,62.2229963643914,78.7624876407557,54.0565138145954
VisualCogA_Task-2,2,F3,0.5,1,0.25,Left,0.7265625,62.1669265096107,78.7035979400307,53.9494796310531
VisualCogA_Task-2,2,F3,0.5,1,0.25,Left,0.73046875,62.0888278502563,78.6081382509748,53.823323106026
VisualCogA_Task-2,2,F3,0.5,1,0.25,Left,0.734375,61.9917767367509,78.4960788517623,53.6910777022769
VisualCogA_Task-2,2,F3,0.5,1,0.25,Left,0.73828125,61.8684260983624,78.3738662918036,53.5500650774406
VisualCogA_Task-2,2,F3,0.5,1,0.25,Left,0.7421875,61.7024612806933,78.2319413051998,53.3866246648589
VisualCogA_Task-2,2,F3,0.5,1,0.25,Left,0.74609375,61.4722843992607,78.0397400955341,53.1740777324525
VisualCogA_Task-2,2,F3,0.5,1,0.25,Left,0.75,61.1559019339023,77.7634260502329,52.8799466761157
VisualCogA_Task-2,2,F3,0.5,1,0.25,Left,0.75390625,60.7357878594628,77.3717089240757,52.4718621280289
VisualCogA_Task-2,2,F3,0.5,1,0.25,Left,0.7578125,60.2026299268098,76.8424598126463,51.9181291407027
VisualCogA_Task-2,2,F3,0.5,1,0.25,Left,0.76171875,59.5572226753664,76.170219805583,51.1972422711412
VisualCogA_Task-2,2,F3,0.5,1,0.25,Left,0.765625,58.8102059209783,75.3730646871616,50.3155605301021
VisualCogA_Task-2,2,F3,0.5,1,0.25,Left,0.76953125,57.9797776829914,74.4918603189231,49.3107523726866
VisualCogA_Task-2,2,F3,0.5,1,0.25,Left,0.7734375,57.0879168644883,73.5775538837121,48.2440541551218
VisualCogA_Task-2,2,F3,0.5,1,0.25,Left,0.77734375,56.1560173040583,72.6862109479354,47.1765476087885
VisualCogA_Task-2,2,F3,0.5,1,0.25,Left,0.78125,55.2010802616438,71.8694300856028,46.1524743852239
VisualCogA_Task-2,2,F3,0.5,1,0.25,Left,0.78515625,54.233590267067,71.1501857422807,45.1918573674639
VisualCogA_Task-2,2,F3,0.5,1,0.25,Left,0.7890625,53.257777513953,70.5231738883828,44.2880969969134
VisualCogA_Task-2,2,F3,0.5,1,0.25,Left,0.79296875,52.2741422177552,69.9605456713071,43.4214055136834
VisualCogA_Task-2,2,F3,0.5,1,0.25,Left,0.796875,51.2830683447933,69.4284213680199,42.5730935735138
VisualCogA_Task-2,2,F3,0.5,1,0.25,Left,0.80078125,50.2874404916867,68.9027556976377,41.7298747082843
VisualCogA_Task-2,2,F3,0.5,1,0.25,Right,-0.19921875,0.874805805177957,0.757486651591192,2.29480165034101
VisualCogA_Task-2,2,F3,0.5,1,0.25,Right,-0.1953125,1.02216855712353,0.639518471948746,2.15962340413559
VisualCogA_Task-2,2,F3,0.5,1,0.25,Right,-0.19140625,1.16834985535301,0.52175472514158,2.03251093482508
VisualCogA_Task-2,2,F3,0.5,1,0.25,Right,-0.1875,1.31065963744642,0.413999511047441,1.92268408399315
VisualCogA_Task-2,2,F3,0.5,1,0.25,Right,-0.18359375,1.44325336473961,0.328316037996461,1.83745603257568
VisualCogA_Task-2,2,F3,0.5,1,0.25,Right,-0.1796875,1.55567835537591,0.271090211482583,1.77750511695305
VisualCogA_Task-2,2,F3,0.5,1,0.25,Right,-0.17578125,1.63295811443875,0.245944689347005,1.73659195824119
VisualCogA_Task-2,2,F3,0.5,1,0.25,Right,-0.171875,1.65774851617224,0.256373590989151,1.70959301646312
VisualCogA_Task-2,2,F3,0.5,1,0.25,Right,-0.16796875,1.61404717821107,0.295374848203557,1.68468491357062
VisualCogA_Task-2,2,F3,0.5,1,0.25,Right,-0.1640625,1.49118163297256,0.322972188087249,1.64341474591128
VisualCogA_Task-2,2,F3,0.5,1,0.25,Right,-0.16015625,1.28671425590116,0.294608411702597,1.54656138290379
VisualCogA_Task-2,2,F3,0.5,1,0.25,Right,-0.15625,1.00747079545636,0.168425076350081,1.35776141628083
VisualCogA_Task-2,2,F3,0.5,1,0.25,Right,-0.15234375,0.668746864571067,-0.0690176628593485,1.05717592569836
VisualCogA_Task-2,2,F3,0.5,1,0.25,Right,-0.1484375,0.292377078346972,-0.389902044130213,0.650358507066273
VisualCogA_Task-2,2,F3,0.5,1,0.25,Right,-0.14453125,-0.0955382157975209,-0.771646817655522,0.166933448405641
VisualCogA_Task-2,2,F3,0.5,1,0.25,Right,-0.140625,-0.466812463853845,-1.19121048729571,-0.353739818526227
VisualCogA_Task-2,2,F3,0.5,1,0.25,Right,-0.13671875,-0.793325731124978,-1.61498636679634,-0.876843051974171
VisualCogA_Task-2,2,F3,0.5,1,0.25,Right,-0.1328125,-1.04950274929617,-1.99453850554683,-1.35418324111709
VisualCogA_Task-2,2,F3,0.5,1,0.25,Right,-0.12890625,-1.21535185295936,-2.27910464403203,-1.73618188664347
VisualCogA_Task-2,2,F3,0.5,1,0.25,Right,-0.125,-1.27985624180676,-2.43280418623315,-1.98348184817322
VisualCogA_Task-2,2,F3,0.5,1,0.25,Right,-0.12109375,-1.24399065346352,-2.43970240391502,-2.07311025200708
VisualCogA_Task-2,2,F3,0.5,1,0.25,Right,-0.1171875,-1.12232880691234,-2.30986519364165,-2.01335910766084
VisualCogA_Task-2,2,F3,0.5,1,0.25,Right,-0.11328125,-0.942292244541494,-2.08517345595391,-1.84924621627639
VisualCogA_Task-2,2,F3,0.5,1,0.25,Right,-0.109375,-0.740585300470934,-1.82370690950398,-1.64222304787717
VisualCogA_Task-2,2,F3,0.5,1,0.25,Right,-0.10546875,-0.557122342300936,-1.59324037016172,-1.46444203020308
VisualCogA_Task-2,2,F3,0.5,1,0.25,Right,-0.1015625,-0.427541632802003,-1.45557236373956,-1.38175594100716
VisualCogA_Task-2,2,F3,0.5,1,0.25,Right,-0.09765625,-0.375954627736428,-1.45396055098438,-1.44105170577112
VisualCogA_Task-2,2,F3,0.5,1,0.25,Right,-0.09375,-0.409699627571537,-1.60153898618239,-1.65952963284899
VisualCogA_Task-2,2,F3,0.5,1,0.25,Right,-0.08984375,-0.517480621927109,-1.86727434351707,-2.00797261259258
VisualCogA_Task-2,2,F3,0.5,1,0.25,Right,-0.0859375,-0.671465733181556,-2.17829829577457,-2.41256492057775
VisualCogA_Task-2,2,F3,0.5,1,0.25,Right,-0.08203125,-0.832932620483157,-2.44695048307745,-2.77570425711552
VisualCogA_Task-2,2,F3,0.5,1,0.25,Right,-0.078125,-0.960187125730565,-2.58479116407359,-2.99761077757526
VisualCogA_Task-2,2,F3,0.5,1,0.25,Right,-0.07421875,-1.01700185006793,-2.51637871008652,-2.98973427649515
VisualCogA_Task-2,2,F3,0.5,1,0.25,Right,-0.0703125,-0.979823578563053,-2.19876723297787,-2.70275577201245
VisualCogA_Task-2,2,F3,0.5,1,0.25,Right,-0.06640625,-0.842399683499424,-1.63500606771996,-2.14825179414627
VisualCogA_Task-2,2,F3,0.5,1,0.25,Right,-0.0625,-0.617076572590676,-0.876720280205288,-1.39876837480137
VisualCogA_Task-2,2,F3,0.5,1,0.25,Right,-0.05859375,-0.332638746718288,-0.0114555577411486,-0.560210428021831
VisualCogA_Task-2,2,F3,0.5,1,0.25,Right,-0.0546875,-0.0290962034245941,0.861027195661676,0.26090554421838
VisualCogA_Task-2,2,F3,0.5,1,0.25,Right,-0.05078125,0.249699554128217,1.65441922584738,0.974793270318396
VisualCogA_Task-2,2,F3,0.5,1,0.25,Right,-0.046875,0.464302239902179,2.30726732482847,1.52209519236289
VisualCogA_Task-2,2,F3,0.5,1,0.25,Right,-0.04296875,0.58714462260946,2.79868624134323,1.88980155800509
VisualCogA_Task-2,2,F3,0.5,1,0.25,Right,-0.0390625,0.607533621347658,3.13051478658239,2.09280178083052
VisualCogA_Task-2,2,F3,0.5,1,0.25,Right,-0.03515625,0.532820664304133,3.31694822511761,2.16017765800551
VisualCogA_Task-2,2,F3,0.5,1,0.25,Right,-0.03125,0.385252411936319,3.38237921746713,2.12310266481866
VisualCogA_Task-2,2,F3,0.5,1,0.25,Right,-0.02734375,0.195198604853925,3.3587267897808,2.00933927262294
VisualCogA_Task-2,2,F3,0.5,1,0.25,Right,-0.0234375,-0.00737668552150072,3.27700445481068,1.84113265497065
VisualCogA_Task-2,2,F3,0.5,1,0.25,Right,-0.01953125,-0.200639919771791,3.16496870623929,1.63833969239612
VisualCogA_Task-2,2,F3,0.5,1,0.25,Right,-0.015625,-0.375371629469588,3.04217918271473,1.42227678605633
VisualCogA_Task-2,2,F3,0.5,1,0.25,Right,-0.01171875,-0.534759097283848,2.92251840871798,1.21271958259839
VisualCogA_Task-2,2,F3,0.5,1,0.25,Right,-0.0078125,-0.689597164311532,2.8213580880186,1.02686996109093
VisualCogA_Task-2,2,F3,0.5,1,0.25,Right,-0.00390625,-0.850561608141072,2.75425636581859,0.883671830003793
VisualCogA_Task-2,2,F3,0.5,1,0.25,Right,0,-1.02024649889291,2.73677246021779,0.805800819758815
VisualCogA_Task-2,2,F3,0.5,1,0.25,Right,0.00390625,-1.1878018698208,2.7886853425135,0.817569740407482
VisualCogA_Task-2,2,F3,0.5,1,0.25,Right,0.0078125,-1.32825177628208,2.92426896601368,0.939208963883666
VisualCogA_Task-2,2,F3,0.5,1,0.25,Right,0.01171875,-1.40718689308905,3.13855401824499,1.16872449536812
VisualCogA_Task-2,2,F3,0.5,1,0.25,Right,0.015625,-1.38993683932813,3.40426839927185,1.47934483303542
VisualCogA_Task-2,2,F3,0.5,1,0.25,Right,0.01953125,-1.2529645289378,3.68123994135522,1.81876796471148
VisualCogA_Task-2,2,F3,0.5,1,0.25,Right,0.0234375,-0.994418710976138,3.93083622799872,2.1262102611534
VisualCogA_Task-2,2,F3,0.5,1,0.25,Right,0.02734375,-0.640727421480951,4.12303708270802,2.35234548883852
VisualCogA_Task-2,2,F3,0.5,1,0.25,Right,0.03125,-0.246867124867237,4.22981122510786,2.45181871151874
VisualCogA_Task-2,2,F3,0.5,1,0.25,Right,0.03515625,0.110608797232876,4.21709412867679,2.38026438431119
VisualCogA_Task-2,2,F3,0.5,1,0.25,Right,0.0390625,0.346845831929292,4.03922580098709,2.09778258624945
VisualCogA_Task-2,2,F3,0.5,1,0.25,Right,0.04296875,0.385534868459155,3.6557925395093,1.57285772468471
VisualCogA_Task-2,2,F3,0.5,1,0.25,Right,0.046875,0.175382998421158,3.04134944357984,0.795015359348808
VisualCogA_Task-2,2,F3,0.5,1,0.25,Right,0.05078125,-0.297935559788659,2.19168032831072,-0.21623732105319
VisualCogA_Task-2,2,F3,0.5,1,0.25,Right,0.0546875,-1.00751545110949,1.1413903190647,-1.39565063262756
VisualCogA_Task-2,2,F3,0.5,1,0.25,Right,0.05859375,-1.88986819058044,-0.0242653404183496,-2.67315557789738
VisualCogA_Task-2,2,F3,0.5,1,0.25,Right,0.0625,-2.85734276044591,-1.18666187979957,-3.95224196402948
VisualCogA_Task-2,2,F3,0.5,1,0.25,Right,0.06640625,-3.81509800475265,-2.21540667747273,-5.11377616867387
VisualCogA_Task-2,2,F3,0.5,1,0.25,Right,0.0703125,-4.67824247316643,-3.00302912701256,-6.04710139198252
VisualCogA_Task-2,2,F3,0.5,1,0.25,Right,0.07421875,-5.38486636888808,-3.49284407191748,-6.67659869844601
VisualCogA_Task-2,2,F3,0.5,1,0.25,Right,0.078125,-5.90203580369904,-3.67859453627057,-6.98303724095987
VisualCogA_Task-2,2,F3,0.5,1,0.25,Right,0.08203125,-6.2239895352167,-3.59741055590378,-7.00514679361877
VisualCogA_Task-2,2,F3,0.5,1,0.25,Right,0.0859375,-6.36410865796629,-3.31755266974255,-6.8098340907792
VisualCogA_Task-2,2,F3,0.5,1,0.25,Right,0.08984375,-6.34399694485388,-2.91627873729447,-6.4700405654134
VisualCogA_Task-2,2,F3,0.5,1,0.25,Right,0.09375,-6.18364664764628,-2.45032166240038,-6.04415598199725
VisualCogA_Task-2,2,F3,0.5,1,0.25,Right,0.09765625,-5.89595214928617,-1.94393099361249,-5.56185004972378
VisualCogA_Task-2,2,F3,0.5,1,0.25,Right,0.1015625,-5.48700740665756,-1.38667612527409,-5.01745504550631
VisualCogA_Task-2,2,F3,0.5,1,0.25,Right,0.10546875,-4.96133295517649,-0.749392419318871,-4.38536561667334
VisualCogA_Task-2,2,F3,0.5,1,0.25,Right,0.109375,-4.32927821356935,-0.00425954006253001,-3.63745478105468
VisualCogA_Task-2,2,F3,0.5,1,0.25,Right,0.11328125,-3.61306712594466,0.862530847498967,-2.77054367540978
VisualCogA_Task-2,2,F3,0.5,1,0.25,Right,0.1171875,-2.84860199631559,1.85365233245325,-1.82140959761628
VisualCogA_Task-2,2,F3,0.5,1,0.25,Right,0.12109375,-2.08193638478716,2.92957853123516,-0.865231435443894
VisualCogA_Task-2,2,F3,0.5,1,0.25,Right,0.125,-1.36151806316202,3.99594582639313,0.0143970039995537
VisualCogA_Task-2,2,F3,0.5,1,0.25,Right,0.12890625,-0.728970988617144,4.95108936225774,0.752960294042529
VisualCogA_Task-2,2,F3,0.5,1,0.25,Right,0.1328125,-0.211657189667552,5.72073933660614,1.31095336388137
VisualCogA_Task-2,2,F3,0.5,1,0.25,Right,0.13671875,0.180598209918469,6.27118001247801,1.67661452939543
VisualCogA_Task-2,2,F3,0.5,1,0.25,Right,0.140625,0.453972086446596,6.60444024721596,1.859217964643
VisualCogA_Task-2,2,F3,0.5,1,0.25,Right,0.14453125,0.625462665274781,6.74920767211019,1.88081169040847
VisualCogA_Task-2,2,F3,0.5,1,0.25,Right,0.1484375,0.716341387878271,6.75194612894756,1.77036540925364
VisualCogA_Task-2,2,F3,0.5,1,0.25,Right,0.15234375,0.74654586412728,6.66842548798809,1.56890636876485
VisualCogA_Task-2,2,F3,0.5,1,0.25,Right,0.15625,0.73141445908912,6.54044599451208,1.32583107852935
VisualCogA_Task-2,2,F3,0.5,1,0.25,Right,0.16015625,0.680879714063589,6.40192395663806,1.08871572233501
VisualCogA_Task-2,2,F3,0.5,1,0.25,Right,0.1640625,0.600249220791255,6.28735709010663,0.883720086527699
VisualCogA_Task-2,2,F3,0.5,1,0.25,Right,0.16796875,0.491442583011705,6.21958121797207,0.73074417376507
VisualCogA_Task-2,2,F3,0.5,1,0.25,Right,0.171875,0.354017603909899,6.20822520861232,0.635941074905488
VisualCogA_Task-2,2,F3,0.5,1,0.25,Right,0.17578125,0.186103904323764,6.24414459172735,0.593720488860496
VisualCogA_Task-2,2,F3,0.5,1,0.25,Right,0.1796875,-0.0140871363786076,6.29704512201511,0.576822696229839
VisualCogA_Task-2,2,F3,0.5,1,0.25,Right,0.18359375,-0.245577372077776,6.3248142659345,0.544829382996876
VisualCogA_Task-2,2,F3,0.5,1,0.25,Right,0.1875,-0.500857174243813,6.29340749874409,0.458188084436393
VisualCogA_Task-2,2,F3,0.5,1,0.25,Right,0.19140625,-0.762078056917801,6.18939195342889,0.303829277919646
VisualCogA_Task-2,2,F3,0.5,1,0.25,Right,0.1953125,-0.998884558706406,6.02942912208471,0.0958314936499909
VisualCogA_Task-2,2,F3,0.5,1,0.25,Right,0.19921875,-1.16949664251124,5.85942083543781,-0.126678106625925
VisualCogA_Task-2,2,F3,0.5,1,0.25,Right,0.203125,-1.22579046354017,5.74384530378864,-0.309453177078782
VisualCogA_Task-2,2,F3,0.5,1,0.25,Right,0.20703125,-1.12176906237279,5.7432136115316,-0.381492064833075
VisualCogA_Task-2,2,F3,0.5,1,0.25,Right,0.2109375,-0.823499507248842,5.89471305360422,-0.297038796599327
VisualCogA_Task-2,2,F3,0.5,1,0.25,Right,0.21484375,-0.317851199956062,6.20954484721932,-0.0453997829167171
VisualCogA_Task-2,2,F3,0.5,1,0.25,Right,0.21875,0.382489962896573,6.6763817176399,0.354252139495719
VisualCogA_Task-2,2,F3,0.5,1,0.25,Right,0.22265625,1.23927229802317,7.26625731398663,0.866065345860463
VisualCogA_Task-2,2,F3,0.5,1,0.25,Right,0.2265625,2.19426896802355,7.93619219690691,1.44576141553835
VisualCogA_Task-2,2,F3,0.5,1,0.25,Right,0.23046875,3.1788673155205,8.64534752416917,2.05389006205919
VisualCogA_Task-2,2,F3,0.5,1,0.25,Right,0.234375,4.12540944390781,9.36561591562582,2.66386425128576
VisualCogA_Task-2,2,F3,0.5,1,0.25,Right,0.23828125,4.9778372095691,10.0796936591433,3.26401021871307
VisualCogA_Task-2,2,F3,0.5,1,0.25,Right,0.2421875,5.69959698646437,10.7746823530561,3.85292280686268
VisualCogA_Task-2,2,F3,0.5,1,0.25,Right,0.24609375,6.27748937301395,11.4406026316354,4.43779170742243
VisualCogA_Task-2,2,F3,0.5,1,0.25,Right,0.25,6.72096267051381,12.0681595319568,5.02058513052121
VisualCogA_Task-2,2,F3,0.5,1,0.25,Right,0.25390625,7.05714672119546,12.6491447105443,5.58826326197562
VisualCogA_Task-2,2,F3,0.5,1,0.25,Right,0.2578125,7.32270404937294,13.1784319324632,6.12007618531054
VisualCogA_Task-2,2,F3,0.5,1,0.25,Right,0.26171875,7.55429219051763,13.6556864235414,6.58478918067567
VisualCogA_Task-2,2,F3,0.5,1,0.25,Right,0.265625,7.77989936533946,14.0851033815305,6.94409449503912
VisualCogA_Task-2,2,F3,0.5,1,0.25,Right,0.26953125,8.01326660970491,14.4726295385921,7.17736066524279
VisualCogA_Task-2,2,F3,0.5,1,0.25,Right,0.2734375,8.2528716983349,14.8217550611523,7.29491937188835
VisualCogA_Task-2,2,F3,0.5,1,0.25,Right,0.27734375,8.48562361428147,15.1302213354819,7.33828347395558
VisualCogA_Task-2,2,F3,0.5,1,0.25,Right,0.28125,8.69390620401594,15.3899428246874,7.34650512952981
VisualCogA_Task-2,2,F3,0.5,1,0.25,Right,0.28515625,8.86348077114861,15.5908283956348,7.33468776106985
VisualCogA_Task-2,2,F3,0.5,1,0.25,Right,0.2890625,8.98948232028887,15.7268906187049,7.30021403867593
VisualCogA_Task-2,2,F3,0.5,1,0.25,Right,0.29296875,9.07847948129534,15.8016043832548,7.23694775967079
VisualCogA_Task-2,2,F3,0.5,1,0.25,Right,0.296875,9.14606895639349,15.8299166597193,7.14254454338696
VisualCogA_Task-2,2,F3,0.5,1,0.25,Right,0.30078125,9.21118366136896,15.8362167124801,7.02996549650039
VisualCogA_Task-2,2,F3,0.5,1,0.25,Right,0.3046875,9.28955485984219,15.8495692783046,6.91584344599852
VisualCogA_Task-2,2,F3,0.5,1,0.25,Right,0.30859375,9.3890835085566,15.8984313454382,6.81958916486241
VisualCogA_Task-2,2,F3,0.5,1,0.25,Right,0.3125,9.50909485635731,16.0067274336037,6.75955746270319
VisualCogA_Task-2,2,F3,0.5,1,0.25,Right,0.31640625,9.64384018649711,16.1920926268141,6.75421719457221
VisualCogA_Task-2,2,F3,0.5,1,0.25,Right,0.3203125,9.78877327727276,16.4659514662112,6.81878141118408
VisualCogA_Task-2,2,F3,0.5,1,0.25,Right,0.32421875,9.94679558162212,16.8343533250401,6.96541851129043
VisualCogA_Task-2,2,F3,0.5,1,0.25,Right,0.328125,10.1314125890115,17.2984397047816,7.21907113016383
VisualCogA_Task-2,2,F3,0.5,1,0.25,Right,0.33203125,10.3647585863473,17.8540994673604,7.60913590721465
VisualCogA_Task-2,2,F3,0.5,1,0.25,Right,0.3359375,10.6704080562155,18.4913521766343,8.1459808902549
VisualCogA_Task-2,2,F3,0.5,1,0.25,Right,0.33984375,11.0630683649451,19.1946107312212,8.80472054256396
VisualCogA_Task-2,2,F3,0.5,1,0.25,Right,0.34375,11.5387741863597,19.9446927215737,9.54389098262448
VisualCogA_Task-2,2,F3,0.5,1,0.25,Right,0.34765625,12.0694266584786,20.7117878154967,10.3248505380011
VisualCogA_Task-2,2,F3,0.5,1,0.25,Right,0.3515625,12.6042750554985,21.4545310276049,11.095019419337
VisualCogA_Task-2,2,F3,0.5,1,0.25,Right,0.35546875,13.0786354566452,22.1266686367685,11.7869667670597
VisualCogA_Task-2,2,F3,0.5,1,0.25,Right,0.359375,13.4276218102228,22.6837590387458,12.3348977272917
VisualCogA_Task-2,2,F3,0.5,1,0.25,Right,0.36328125,13.6008813675706,23.0824683852185,12.6813903124092
VisualCogA_Task-2,2,F3,0.5,1,0.25,Right,0.3671875,13.5739532393797,23.2838193571313,12.7939854825339
VisualCogA_Task-2,2,F3,0.5,1,0.25,Right,0.37109375,13.3530175027102,23.26555686437,12.6660223407134
VisualCogA_Task-2,2,F3,0.5,1,0.25,Right,0.375,12.9719782255865,23.027403176587,12.3134396384878
VisualCogA_Task-2,2,F3,0.5,1,0.25,Right,0.37890625,12.4831620282531,22.5957865655062,11.7737128154408
VisualCogA_Task-2,2,F3,0.5,1,0.25,Right,0.3828125,11.9445806077177,22.0193626500914,11.0987723150897
VisualCogA_Task-2,2,F3,0.5,1,0.25,Right,0.38671875,11.4072517722536,21.3662259490743,10.3487525204718
VisualCogA_Task-2,2,F3,0.5,1,0.25,Right,0.390625,10.905556613601,20.7034199958923,9.58410414417825
VisualCogA_Task-2,2,F3,0.5,1,0.25,Right,0.39453125,10.4524510059534,20.0845945434351,8.85424679493724
VisualCogA_Task-2,2,F3,0.5,1,0.25,Right,0.3984375,10.0400462362986,19.5442651247985,8.18088827092815
VisualCogA_Task-2,2,F3,0.5,1,0.25,Right,0.40234375,9.64496626728672,19.0945871835674,7.57110992155426
VisualCogA_Task-2,2,F3,0.5,1,0.25,Right,0.40625,9.23709172912772,18.7241925871299,7.01918229922757
VisualCogA_Task-2,2,F3,0.5,1,0.25,Right,0.41015625,8.78978871847857,18.4053506226852,6.51342513390978
VisualCogA_Task-2,2,F3,0.5,1,0.25,Right,0.4140625,8.28946606360527,18.1137614573765,6.04938005958674
VisualCogA_Task-2,2,F3,0.5,1,0.25,Right,0.41796875,7.74235032768158,17.8383306032202,5.628733746047
VisualCogA_Task-2,2,F3,0.5,1,0.25,Right,0.421875,7.17679833327693,17.5802387324436,5.24906472478126
VisualCogA_Task-2,2,F3,0.5,1,0.25,Right,0.42578125,6.64031670351361,17.351825129346,4.91464942799307
VisualCogA_Task-2,2,F3,0.5,1,0.25,Right,0.4296875,6.19162509271562,17.1713300526711,4.64904538306899
VisualCogA_Task-2,2,F3,0.5,1,0.25,Right,0.43359375,5.88932871362105,17.0678994546825,4.47706640137975
VisualCogA_Task-2,2,F3,0.5,1,0.25,Right,0.4375,5.77971218387542,17.0828047364705,4.43677251834482
VisualCogA_Task-2,2,F3,0.5,1,0.25,Right,0.44140625,5.8865174920666,17.2760861028601,4.56586978379787
VisualCogA_Task-2,2,F3,0.5,1,0.25,Right,0.4453125,6.20516472163721,17.7001195559144,4.88771008031673
VisualCogA_Task-2,2,F3,0.5,1,0.25,Right,0.44921875,6.70278607136073,18.3560199281013,5.40003130419443
VisualCogA_Task-2,2,F3,0.5,1,0.25,Right,0.453125,7.32397110014992,19.1793876948407,6.05900576353887
VisualCogA_Task-2,2,F3,0.5,1,0.25,Right,0.45703125,8.0007045863873,20.0617627243518,6.78893120626862
VisualCogA_Task-2,2,F3,0.5,1,0.25,Right,0.4609375,8.66405090218479,20.8966331563171,7.50360676766962
VisualCogA_Task-2,2,F3,0.5,1,0.25,Right,0.46484375,9.25496777071425,21.5971285297769,8.11907576114941
VisualCogA_Task-2,2,F3,0.5,1,0.25,Right,0.46875,9.73221605025594,22.1061340325945,8.56617024041586
VisualCogA_Task-2,2,F3,0.5,1,0.25,Right,0.47265625,10.0763990995167,22.4054505527701,8.80231607153583
VisualCogA_Task-2,2,F3,0.5,1,0.25,Right,0.4765625,10.2902842199435,22.5173629579342,8.8276348034088
VisualCogA_Task-2,2,F3,0.5,1,0.25,Right,0.48046875,10.3963218852658,22.4968378841325,8.68993232263203
VisualCogA_Task-2,2,F3,0.5,1,0.25,Right,0.484375,10.4324787675693,22.4177514805232,8.47970484051752
VisualCogA_Task-2,2,F3,0.5,1,0.25,Right,0.48828125,10.4472172433309,22.3587182578806,8.28485729117306
VisualCogA_Task-2,2,F3,0.5,1,0.25,Right,0.4921875,10.4939969038483,22.3925457541437,8.18902289590314
VisualCogA_Task-2,2,F3,0.5,1,0.25,Right,0.49609375,10.6254050772373,22.5799855999751,8.27198176297419
VisualCogA_Task-2,2,F3,0.5,1,0.25,Right,0.5,10.8871506375432,22.9659476278016,8.58522347796782
VisualCogA_Task-2,2,F3,0.5,1,0.25,Right,0.50390625,11.3126088394064,23.5762034097826,9.14322031216181
VisualCogA_Task-2,2,F3,0.5,1,0.25,Right,0.5078125,11.9190744417227,24.4145012128993,9.93258562481232
VisualCogA_Task-2,2,F3,0.5,1,0.25,Right,0.51171875,12.7069889663207,25.4622557291719,10.9181969717905
VisualCogA_Task-2,2,F3,0.5,1,0.25,Right,0.515625,13.6629256340861,26.6836350320512,12.0516830577802
VisualCogA_Task-2,2,F3,0.5,1,0.25,Right,0.51953125,14.766098947202,28.0370174121705,13.2759857082939
VisualCogA_Task-2,2,F3,0.5,1,0.25,Right,0.5234375,15.9969534476068,29.4902519561982,14.5473059446413
VisualCogA_Task-2,2,F3,0.5,1,0.25,Right,0.52734375,17.3454554638879,31.034135718265,15.8725542304512
VisualCogA_Task-2,2,F3,0.5,1,0.25,Right,0.53125,18.8164721440947,32.688732525061,17.3046265284179
VisualCogA_Task-2,2,F3,0.5,1,0.25,Right,0.53515625,20.430241202577,34.497596878976,18.9052797521963
VisualCogA_Task-2,2,F3,0.5,1,0.25,Right,0.5390625,22.2172703200917,36.5128673031113,20.7285734139042
VisualCogA_Task-2,2,F3,0.5,1,0.25,Right,0.54296875,24.2086616223373,38.7756271403529,22.8264237820326
VisualCogA_Task-2,2,F3,0.5,1,0.25,Right,0.546875,26.424329710782,41.2979951761426,25.2192770515877
VisualCogA_Task-2,2,F3,0.5,1,0.25,Right,0.55078125,28.862421935971,44.0524437098419,27.8769079427626
VisualCogA_Task-2,2,F3,0.5,1,0.25,Right,0.5546875,31.4931848637528,46.9713586658711,30.7231940856037
VisualCogA_Task-2,2,F3,0.5,1,0.25,Right,0.55859375,34.2595126654487,49.9569960387164,33.6520780931424
VisualCogA_Task-2,2,F3,0.5,1,0.25,Right,0.5625,37.0846611334786,52.8995591047153,36.548714148089
VisualCogA_Task-2,2,F3,0.5,1,0.25,Right,0.56640625,39.8855283805982,55.6995285175758,39.3099632043807
VisualCogA_Task-2,2,F3,0.5,1,0.25,Right,0.5703125,42.5880626070902,58.3026274903559,41.8625628925908
VisualCogA_Task-2,2,F3,0.5,1,0.25,Right,0.57421875,45.1403798842081,60.6966061631896,44.1746384920127
VisualCogA_Task-2,2,F3,0.5,1,0.25,Right,0.578125,47.5195393566165,62.9005476036828,46.2553619369936
VisualCogA_Task-2,2,F3,0.5,1,0.25,Right,0.58203125,49.7297249485955,64.9498602762796,48.1384924712837
VisualCogA_Task-2,2,F3,0.5,1,0.25,Right,0.5859375,51.7923619797681,66.8793554174638,49.8631098754877
VisualCogA_Task-2,2,F3,0.5,1,0.25,Right,0.58984375,53.7314948865908,68.705975749503,51.4622108239172
VisualCogA_Task-2,2,F3,0.5,1,0.25,Right,0.59375,55.5594602008134,70.43332546843,52.9566775642212
VisualCogA_Task-2,2,F3,0.5,1,0.25,Right,0.59765625,57.2677664878156,72.0508421682951,54.3578721381404
VisualCogA_Task-2,2,F3,0.5,1,0.25,Right,0.6015625,58.826162275509,73.5271980195694,55.6649628993767
VisualCogA_Task-2,2,F3,0.5,1,0.25,Right,0.60546875,60.189933748369,74.8239837187064,56.8487253305176
VisualCogA_Task-2,2,F3,0.5,1,0.25,Right,0.609375,61.3127108791911,75.894306989772,57.8637645946462
VisualCogA_Task-2,2,F3,0.5,1,0.25,Right,0.61328125,62.1604820249496,76.6847400459243,58.665608534894
VisualCogA_Task-2,2,F3,0.5,1,0.25,Right,0.6171875,62.7225469263583,77.1441975055419,59.220932453106
VisualCogA_Task-2,2,F3,0.5,1,0.25,Right,0.62109375,63.0165409223084,77.241167554372,59.5176970098705
VisualCogA_Task-2,2,F3,0.5,1,0.25,Right,0.625,63.0867565164826,76.9893056610888,59.5724725103434
VisualCogA_Task-2,2,F3,0.5,1,0.25,Right,0.62890625,62.9969751399177,76.4742340178606,59.4331424506093
VisualCogA_Task-2,2,F3,0.5,1,0.25,Right,0.6328125,62.8202850406805,75.8114438466783,59.1760670688477
VisualCogA_Task-2,2,F3,0.5,1,0.25,Right,0.63671875,62.6286367598863,75.1349795025598,58.874259322877
VisualCogA_Task-2,2,F3,0.5,1,0.25,Right,0.640625,62.4842937299309,74.5603971784622,58.5855245439499
VisualCogA_Task-2,2,F3,0.5,1,0.25,Right,0.64453125,62.4342703625562,74.1920629495214,58.3613922397294
VisualCogA_Task-2,2,F3,0.5,1,0.25,Right,0.6484375,62.5078010047099,74.1346075965241,58.2380563088997
VisualCogA_Task-2,2,F3,0.5,1,0.25,Right,0.65234375,62.7162201604166,74.394645701882,58.2331679937351
VisualCogA_Task-2,2,F3,0.5,1,0.25,Right,0.65625,63.0544739180822,74.8677523032926,58.3504804492766
VisualCogA_Task-2,2,F3,0.5,1,0.25,Right,0.66015625,63.5036832085027,75.4221621324098,58.5861622384484
VisualCogA_Task-2,2,F3,0.5,1,0.25,Right,0.6640625,64.0344639499861,75.9673169315761,58.9070469811224
VisualCogA_Task-2,2,F3,0.5,1,0.25,Right,0.66796875,64.6108396355629,76.452932838522,59.2682747273137
VisualCogA_Task-2,2,F3,0.5,1,0.25,Right,0.671875,65.1944893148014,76.8850296600726,59.6266803724256
VisualCogA_Task-2,2,F3,0.5,1,0.25,Right,0.67578125,65.7488705418449,77.3143451562691,59.9482288745874
VisualCogA_Task-2,2,F3,0.5,1,0.25,Right,0.6796875,66.2426386148099,77.787515737972,60.2143610660692
VisualCogA_Task-2,2,F3,0.5,1,0.25,Right,0.68359375,66.6518919895722,78.3165719916934,60.4242965545689
VisualCogA_Task-2,2,F3,0.5,1,0.25,Right,0.6875,66.9611046047284,78.8903921032986,60.5890002442918
VisualCogA_Task-2,2,F3,0.5,1,0.25,Right,0.69140625,67.1630095100307,79.4800483819938,60.7217188919576
VisualCogA_Task-2,2,F3,0.5,1,0.25,Right,0.6953125,67.2579641501969,80.0493031800564,60.8304445135313
VisualCogA_Task-2,2,F3,0.5,1,0.25,Right,0.69921875,67.2533010560631,80.5707774938708,60.9167714057215
VisualCogA_Task-2,2,F3,0.5,1,0.25,Right,0.703125,67.1628398973974,81.0308921360062,60.9824198124557
VisualCogA_Task-2,2,F3,0.5,1,0.25,Right,0.70703125,67.0062667722319,81.4259990963098,61.0371265344036
VisualCogA_Task-2,2,F3,0.5,1,0.25,Right,0.7109375,66.8077380734116,81.7463677001546,61.096586309753
VisualCogA_Task-2,2,F3,0.5,1,0.25,Right,0.71484375,66.5930819712302,81.9862060255317,61.1786617653648
VisualCogA_Task-2,2,F3,0.5,1,0.25,Right,0.71875,66.3854374857425,82.1613185501506,61.2937602736839
VisualCogA_Task-2,2,F3,0.5,1,0.25,Right,0.72265625,66.199948470511,82.2928867790764,61.4420273993034
VisualCogA_Task-2,2,F3,0.5,1,0.25,Right,0.7265625,66.0388883307741,82.3897373625877,61.6141367817872
VisualCogA_Task-2,2,F3,0.5,1,0.25,Right,0.73046875,65.8889557887977,82.4385044955242,61.7716604547778
VisualCogA_Task-2,2,F3,0.5,1,0.25,Right,0.734375,65.7222085534551,82.4075409193145,61.8387296480494
VisualCogA_Task-2,2,F3,0.5,1,0.25,Right,0.73828125,65.5011996037773,82.2500303654108,61.707310985991
VisualCogA_Task-2,2,F3,0.5,1,0.25,Right,0.7421875,65.1876212788268,81.8975603405377,61.2709296295229
VisualCogA_Task-2,2,F3,0.5,1,0.25,Right,0.74609375,64.7525764531508,81.3013711645953,60.4774833082846
VisualCogA_Task-2,2,F3,0.5,1,0.25,Right,0.75,64.1859099985304,80.455136161407,59.3609841872493
VisualCogA_Task-2,2,F3,0.5,1,0.25,Right,0.75390625,63.5021080388379,79.416253094714,58.0320668590803
VisualCogA_Task-2,2,F3,0.5,1,0.25,Right,0.7578125,62.7411022428139,78.2873438704153,56.6433822170539
VisualCogA_Task-2,2,F3,0.5,1,0.25,Right,0.76171875,61.9636298691628,77.1860358698547,55.3404685734518
VisualCogA_Task-2,2,F3,0.5,1,0.25,Right,0.765625,61.2421625823153,76.2146125859841,54.2396317118951
VisualCogA_Task-2,2,F3,0.5,1,0.25,Right,0.76953125,60.6494033385997,75.4387389692698,53.4179468745118
VisualCogA_Task-2,2,F3,0.5,1,0.25,Right,0.7734375,60.2467166634293,74.8808758950925,52.9163445963418
VisualCogA_Task-2,2,F3,0.5,1,0.25,Right,0.77734375,60.0746259412643,74.5297337465229,52.7423179013316
VisualCogA_Task-2,2,F3,0.5,1,0.25,Right,0.78125,60.1469243205289,74.3604953029093,52.8843653243299
VisualCogA_Task-2,2,F3,0.5,1,0.25,Right,0.78515625,60.4493034426443,74.344161850446,53.3056249636529
VisualCogA_Task-2,2,F3,0.5,1,0.25,Right,0.7890625,60.9428715956271,74.4585220785802,53.9546740635488
VisualCogA_Task-2,2,F3,0.5,1,0.25,Right,0.79296875,61.5724328899604,74.6827409065203,54.7683451106593
VisualCogA_Task-2,2,F3,0.5,1,0.25,Right,0.796875,62.2786698100765,74.966260385045,55.6736254144016
VisualCogA_Task-2,2,F3,0.5,1,0.25,Right,0.80078125,63.0121780658333,75.2664991071624,56.6077894993068
VisualCogA_Task-2,2,F3,0.5,1,0.25,Delta,-0.19921875,-0.857121780354043,-0.273187957278007,-0.269390955409754
VisualCogA_Task-2,2,F3,0.5,1,0.25,Delta,-0.1953125,-1.30366582193094,-0.81931927698293,-0.807605496632235
VisualCogA_Task-2,2,F3,0.5,1,0.25,Delta,-0.19140625,-1.69917792303041,-1.30932909172858,-1.28558687617954
VisualCogA_Task-2,2,F3,0.5,1,0.25,Delta,-0.1875,-1.97563601409181,-1.66045686085589,-1.62012515066949
VisualCogA_Task-2,2,F3,0.5,1,0.25,Delta,-0.18359375,-2.07623602127428,-1.79713131867771,-1.73602501272964
VisualCogA_Task-2,2,F3,0.5,1,0.25,Delta,-0.1796875,-1.97422121990679,-1.68474139960399,-1.60468690947479
VisualCogA_Task-2,2,F3,0.5,1,0.25,Delta,-0.17578125,-1.68096115979524,-1.33999895464353,-1.25873206928844
VisualCogA_Task-2,2,F3,0.5,1,0.25,Delta,-0.171875,-1.24389384514457,-0.824121101635123,-0.771101782773206
VisualCogA_Task-2,2,F3,0.5,1,0.25,Delta,-0.16796875,-0.736592227470788,-0.234925379872578,-0.239514618822855
VisualCogA_Task-2,2,F3,0.5,1,0.25,Delta,-0.1640625,-0.244258049073795,0.294370875457253,0.236798898713088
VisualCogA_Task-2,2,F3,0.5,1,0.25,Delta,-0.16015625,0.15180764608691,0.650546815513797,0.558140561913055
VisualCogA_Task-2,2,F3,0.5,1,0.25,Delta,-0.15625,0.387728604140964,0.761002551480126,0.654373419372044
VisualCogA_Task-2,2,F3,0.5,1,0.25,Delta,-0.15234375,0.426568652589286,0.617844605759316,0.500122464629712
VisualCogA_Task-2,2,F3,0.5,1,0.25,Delta,-0.1484375,0.262983280251664,0.278225205873913,0.125038566560652
VisualCogA_Task-2,2,F3,0.5,1,0.25,Delta,-0.14453125,-0.0769112557917288,-0.198682092223896,-0.403154166875011
VisualCogA_Task-2,2,F3,0.5,1,0.25,Delta,-0.140625,-0.53981570776529,-0.757856776907684,-1.00949381260437
VisualCogA_Task-2,2,F3,0.5,1,0.25,Delta,-0.13671875,-1.05284151817787,-1.34341539097431,-1.63003204705611
VisualCogA_Task-2,2,F3,0.5,1,0.25,Delta,-0.1328125,-1.53358803268423,-1.88520297345378,-2.18756836414934
VisualCogA_Task-2,2,F3,0.5,1,0.25,Delta,-0.12890625,-1.90184373647518,-2.30778588450967,-2.60505058618334
VisualCogA_Task-2,2,F3,0.5,1,0.25,Delta,-0.125,-2.09182674939339,-2.55142130757856,-2.82320060857272
VisualCogA_Task-2,2,F3,0.5,1,0.25,Delta,-0.12109375,-2.06343201575942,-2.57943485322956,-2.80803136496171
VisualCogA_Task-2,2,F3,0.5,1,0.25,Delta,-0.1171875,-1.81046422534052,-2.39705840092048,-2.57050563113037
VisualCogA_Task-2,2,F3,0.5,1,0.25,Delta,-0.11328125,-1.36365538201395,-2.05634252131479,-2.17046538717026
VisualCogA_Task-2,2,F3,0.5,1,0.25,Delta,-0.109375,-0.78675449151418,-1.63753241936723,-1.69148170307567
VisualCogA_Task-2,2,F3,0.5,1,0.25,Delta,-0.10546875,-0.1652927747175,-1.23553914031417,-1.23156294270835
VisualCogA_Task-2,2,F3,0.5,1,0.25,Delta,-0.1015625,0.410431799135404,-0.938413880048598,-0.88027972904341
VisualCogA_Task-2,2,F3,0.5,1,0.25,Delta,-0.09765625,0.864614810183359,-0.810706036000657,-0.703477312564456
VisualCogA_Task-2,2,F3,0.5,1,0.25,Delta,-0.09375,1.15263714033516,-0.883105719767697,-0.733530757139886
VisualCogA_Task-2,2,F3,0.5,1,0.25,Delta,-0.08984375,1.27046220980967,-1.13625359623429,-0.952837243053072
VisualCogA_Task-2,2,F3,0.5,1,0.25,Delta,-0.0859375,1.25368431064741,-1.49356453765324,-1.2892080154636
VisualCogA_Task-2,2,F3,0.5,1,0.25,Delta,-0.08203125,1.16604945831155,-1.84632087057649,-1.63352420651719
VisualCogA_Task-2,2,F3,0.5,1,0.25,Delta,-0.078125,1.08045202217993,-2.08073186121868,-1.86440107117378
VisualCogA_Task-2,2,F3,0.5,1,0.25,Delta,-0.07421875,1.05779985631846,-2.08572535072958,-1.85222663089454
VisualCogA_Task-2,2,F3,0.5,1,0.25,Delta,-0.0703125,1.12986811044872,-1.78732138771505,-1.50278818241428
VisualCogA_Task-2,2,F3,0.5,1,0.25,Delta,-0.06640625,1.29104173125168,-1.1794293446555,-0.803990619750832
VisualCogA_Task-2,2,F3,0.5,1,0.25,Delta,-0.0625,1.50109738756402,-0.337438452884135,0.158659519648776
VisualCogA_Task-2,2,F3,0.5,1,0.25,Delta,-0.05859375,1.69784752516338,0.604115678571864,1.22539079952885
VisualCogA_Task-2,2,F3,0.5,1,0.25,Delta,-0.0546875,1.81566304106808,1.50456092383342,2.2300942624124
VisualCogA_Task-2,2,F3,0.5,1,0.25,Delta,-0.05078125,1.80444692746611,2.26254996173253,3.03756702860719
VisualCogA_Task-2,2,F3,0.5,1,0.25,Delta,-0.046875,1.64386539019049,2.81148310518544,3.57141187899211
VisualCogA_Task-2,2,F3,0.5,1,0.25,Delta,-0.04296875,1.34931304610536,3.11454020107442,3.82401137101839
VisualCogA_Task-2,2,F3,0.5,1,0.25,Delta,-0.0390625,0.968558142809347,3.17866085577299,3.83331446253422
VisualCogA_Task-2,2,F3,0.5,1,0.25,Delta,-0.03515625,0.570513213957171,3.04424127803554,3.66798118932627
VisualCogA_Task-2,2,F3,0.5,1,0.25,Delta,-0.03125,0.229452272426443,2.7869223505896,3.41341878940837
VisualCogA_Task-2,2,F3,0.5,1,0.25,Delta,-0.02734375,0.00886189402171222,2.50749720334962,3.15052989785377
VisualCogA_Task-2,2,F3,0.5,1,0.25,Delta,-0.0234375,-0.0511140179426099,2.29308956212551,2.94256222959083
VisualCogA_Task-2,2,F3,0.5,1,0.25,Delta,-0.01953125,0.0601646791551269,2.2105226075413,2.84011178255337
VisualCogA_Task-2,2,F3,0.5,1,0.25,Delta,-0.015625,0.325104993766074,2.29437119991286,2.88544354223171
VisualCogA_Task-2,2,F3,0.5,1,0.25,Delta,-0.01171875,0.70568466723121,2.55048785960875,3.10260837145381
VisualCogA_Task-2,2,F3,0.5,1,0.25,Delta,-0.0078125,1.15525584650082,2.96434869794672,3.49496042899927
VisualCogA_Task-2,2,F3,0.5,1,0.25,Delta,-0.00390625,1.63090772923779,3.50326879413356,4.035676341623
VisualCogA_Task-2,2,F3,0.5,1,0.25,Delta,0,2.10301665403116,4.12118978678745,4.68170963542698
VisualCogA_Task-2,2,F3,0.5,1,0.25,Delta,0.00390625,2.55961908598888,4.77184982456163,5.38541291927893
VisualCogA_Task-2,2,F3,0.5,1,0.25,Delta,0.0078125,3.00484771838538,5.40628712106725,6.10472111809357
VisualCogA_Task-2,2,F3,0.5,1,0.25,Delta,0.01171875,3.45235197814174,5.97649769430703,6.78855296059731
VisualCogA_Task-2,2,F3,0.5,1,0.25,Delta,0.015625,3.91588191444945,6.4358239379318,7.37880591693492
VisualCogA_Task-2,2,F3,0.5,1,0.25,Delta,0.01953125,4.39975413799341,6.73845480690248,7.80844995267342
VisualCogA_Task-2,2,F3,0.5,1,0.25,Delta,0.0234375,4.89172064605789,6.8536505604614,8.01343360658443
VisualCogA_Task-2,2,F3,0.5,1,0.25,Delta,0.02734375,5.36001939281904,6.76887333280211,7.9573700722757
VisualCogA_Task-2,2,F3,0.5,1,0.25,Delta,0.03125,5.75537258369666,6.48241310087855,7.63075147120316
VisualCogA_Task-2,2,F3,0.5,1,0.25,Delta,0.03515625,6.01765316635751,5.99973016952044,7.04349134483305
VisualCogA_Task-2,2,F3,0.5,1,0.25,Delta,0.0390625,6.08602067366494,5.32551867206594,6.22515215957151
VisualCogA_Task-2,2,F3,0.5,1,0.25,Delta,0.04296875,5.91063184421737,4.46453146003619,5.21603844428386
VisualCogA_Task-2,2,F3,0.5,1,0.25,Delta,0.046875,5.46363362629428,3.41608145494473,4.06185086873473
VisualCogA_Task-2,2,F3,0.5,1,0.25,Delta,0.05078125,4.74711843995403,2.17560360998782,2.80455715729335
VisualCogA_Task-2,2,F3,0.5,1,0.25,Delta,0.0546875,3.7961244614283,0.771673770569283,1.49629746076553
VisualCogA_Task-2,2,F3,0.5,1,0.25,Delta,0.05859375,2.67561350709779,-0.725313406883034,0.174415047507965
VisualCogA_Task-2,2,F3,0.5,1,0.25,Delta,0.0625,1.47158552030419,-2.21635254064037,-1.11501455760289
VisualCogA_Task-2,2,F3,0.5,1,0.25,Delta,0.06640625,0.277896165498779,-3.58535023676991,-2.30836565618252
VisualCogA_Task-2,2,F3,0.5,1,0.25,Delta,0.0703125,-0.818399963663415,-4.74069847140776,-3.33461026379828
VisualCogA_Task-2,2,F3,0.5,1,0.25,Delta,0.07421875,-1.7496726091848,-5.63627559604097,-4.13397139950099
VisualCogA_Task-2,2,F3,0.5,1,0.25,Delta,0.078125,-2.47505353038007,-6.26933200893341,-4.68405300793757
VisualCogA_Task-2,2,F3,0.5,1,0.25,Delta,0.08203125,-2.98056626973207,-6.66699794780671,-5.00815417123573
VisualCogA_Task-2,2,F3,0.5,1,0.25,Delta,0.0859375,-3.27226956016881,-6.87078266794109,-5.15012470521228
VisualCogA_Task-2,2,F3,0.5,1,0.25,Delta,0.08984375,-3.36493400455432,-6.92630643039868,-5.15359338951623
VisualCogA_Task-2,2,F3,0.5,1,0.25,Delta,0.09375,-3.27036396799219,-6.86273752866378,-5.04035998098289
VisualCogA_Task-2,2,F3,0.5,1,0.25,Delta,0.09765625,-2.98966267920793,-6.68065418285742,-4.79540186596207
VisualCogA_Task-2,2,F3,0.5,1,0.25,Delta,0.1015625,-2.51233017244005,-6.33065837565186,-4.36240108684605
VisualCogA_Task-2,2,F3,0.5,1,0.25,Delta,0.10546875,-1.82255178829756,-5.73681814126376,-3.66542929527485
VisualCogA_Task-2,2,F3,0.5,1,0.25,Delta,0.109375,-0.91034485629013,-4.8291577628065,-2.63559643391968
VisualCogA_Task-2,2,F3,0.5,1,0.25,Delta,0.11328125,0.216567723274138,-3.56687589227874,-1.24799815019534
VisualCogA_Task-2,2,F3,0.5,1,0.25,Delta,0.1171875,1.52451960251399,-1.95311983769615,0.456006725177451
VisualCogA_Task-2,2,F3,0.5,1,0.25,Delta,0.12109375,2.95230554806802,-0.0628592151903025,2.36625613170781
VisualCogA_Task-2,2,F3,0.5,1,0.25,Delta,0.125,4.41691087309242,1.95127910104036,4.34186904067293
VisualCogA_Task-2,2,F3,0.5,1,0.25,Delta,0.12890625,5.82490911095968,3.91613615052975,6.24612215050707
VisualCogA_Task-2,2,F3,0.5,1,0.25,Delta,0.1328125,7.08636947176696,5.67985071853798,7.9565945162429
VisualCogA_Task-2,2,F3,0.5,1,0.25,Delta,0.13671875,8.12784602996359,7.13085888376227,9.37859923399992
VisualCogA_Task-2,2,F3,0.5,1,0.25,Delta,0.140625,8.9018156734443,8.19697127810439,10.4476209931796
VisualCogA_Task-2,2,F3,0.5,1,0.25,Delta,0.14453125,9.39123715804345,8.84609496258146,11.1380925790302
VisualCogA_Task-2,2,F3,0.5,1,0.25,Delta,0.1484375,9.60911594527959,9.09156349250087,11.4556286352859
VisualCogA_Task-2,2,F3,0.5,1,0.25,Delta,0.15234375,9.59373184702832,8.99851066936402,11.4515504900089
VisualCogA_Task-2,2,F3,0.5,1,0.25,Delta,0.15625,9.40053947576616,8.66644607175942,11.2124991250169
VisualCogA_Task-2,2,F3,0.5,1,0.25,Delta,0.16015625,9.09195068401437,8.21788957166315,10.8423248032849
VisualCogA_Task-2,2,F3,0.5,1,0.25,Delta,0.1640625,8.72650383711467,7.7696157898072,10.430575972369
VisualCogA_Task-2,2,F3,0.5,1,0.25,Delta,0.16796875,8.34932875620794,7.40595587138563,10.0544359037913
VisualCogA_Task-2,2,F3,0.5,1,0.25,Delta,0.171875,7.98606155669022,7.1780816427617,9.76691869117268
VisualCogA_Task-2,2,F3,0.5,1,0.25,Delta,0.17578125,7.64207158652193,7.09350039989106,9.59092309248563
VisualCogA_Task-2,2,F3,0.5,1,0.25,Delta,0.1796875,7.30780996595025,7.11792162622115,9.50387918942793
VisualCogA_Task-2,2,F3,0.5,1,0.25,Delta,0.18359375,6.9694111430947,7.16543064570058,9.45162609032284
VisualCogA_Task-2,2,F3,0.5,1,0.25,Delta,0.1875,6.62188329450818,7.14778362181896,9.36667294681386
VisualCogA_Task-2,2,F3,0.5,1,0.25,Delta,0.19140625,6.2809967763623,7.02163702320133,9.21718218681879
VisualCogA_Task-2,2,F3,0.5,1,0.25,Delta,0.1953125,5.98988011793023,6.8157337062241,9.03178173190092
VisualCogA_Task-2,2,F3,0.5,1,0.25,Delta,0.19921875,5.81752702163814,6.63007257579932,8.8846662528861
VisualCogA_Task-2,2,F3,0.5,1,0.25,Delta,0.203125,5.84859476570437,6.5889381208682,8.87641955712358
VisualCogA_Task-2,2,F3,0.5,1,0.25,Delta,0.20703125,6.16636936464644,6.79594983489179,9.12279201975544
VisualCogA_Task-2,2,F3,0.5,1,0.25,Delta,0.2109375,6.83282374981158,7.2937606800989,9.68925046678039
VisualCogA_Task-2,2,F3,0.5,1,0.25,Delta,0.21484375,7.87070496946503,8.06366822563034,10.5713624564095
VisualCogA_Task-2,2,F3,0.5,1,0.25,Delta,0.21875,9.25228914323462,9.03697136550532,11.7051370502312
VisualCogA_Task-2,2,F3,0.5,1,0.25,Delta,0.22265625,10.8979451943529,10.114231685636,12.9927878068548
VisualCogA_Task-2,2,F3,0.5,1,0.25,Delta,0.2265625,12.6853667557077,11.1890550548006,14.3262217228743
VisualCogA_Task-2,2,F3,0.5,1,0.25,Delta,0.23046875,14.4678579221586,12.1880991017746,15.6088182168031
VisualCogA_Task-2,2,F3,0.5,1,0.25,Delta,0.234375,16.0979884664147,13.1012352290842,16.7537507498756
VisualCogA_Task-2,2,F3,0.5,1,0.25,Delta,0.23828125,17.4517159963858,13.9383842384709,17.6985784997812
VisualCogA_Task-2,2,F3,0.5,1,0.25,Delta,0.2421875,18.4479327564722,14.6776634087455,18.4061616418459
VisualCogA_Task-2,2,F3,0.5,1,0.25,Delta,0.24609375,19.0593474124974,15.2758874458057,18.8720525754432
VisualCogA_Task-2,2,F3,0.5,1,0.25,Delta,0.25,19.3124951048585,15.7020139245591,19.116795408742
VisualCogA_Task-2,2,F3,0.5,1,0.25,Delta,0.25390625,19.2771460099007,15.956906949387,19.179360231266
VisualCogA_Task-2,2,F3,0.5,1,0.25,Delta,0.2578125,19.0479215764097,16.0643078175855,19.1227866956441
VisualCogA_Task-2,2,F3,0.5,1,0.25,Delta,0.26171875,18.7228447683742,16.0572051981343,19.0089901687476
VisualCogA_Task-2,2,F3,0.5,1,0.25,Delta,0.265625,18.3841988361383,15.9680771012964,18.8723581830539
VisualCogA_Task-2,2,F3,0.5,1,0.25,Delta,0.26953125,18.0861315887357,15.8193495925632,18.7177515658372
VisualCogA_Task-2,2,F3,0.5,1,0.25,Delta,0.2734375,17.8511647500964,15.6191503920351,18.5295971990633
VisualCogA_Task-2,2,F3,0.5,1,0.25,Delta,0.27734375,17.6749462738179,15.3665659123515,18.3042432465083
VisualCogA_Task-2,2,F3,0.5,1,0.25,Delta,0.28125,17.5362539663544,15.0567948200606,18.0348347289159
VisualCogA_Task-2,2,F3,0.5,1,0.25,Delta,0.28515625,17.4082370517944,14.6843194968541,17.7088943088998
VisualCogA_Task-2,2,F3,0.5,1,0.25,Delta,0.2890625,17.2673996881423,14.2528154060519,17.3236167833328
VisualCogA_Task-2,2,F3,0.5,1,0.25,Delta,0.29296875,17.0984664511098,13.7779885142205,16.8881139358737
VisualCogA_Task-2,2,F3,0.5,1,0.25,Delta,0.296875,16.8952026017972,13.2823710596219,16.4135835447022
VisualCogA_Task-2,2,F3,0.5,1,0.25,Delta,0.30078125,16.6586808269634,12.7858917319512,15.9182268115123
VisualCogA_Task-2,2,F3,0.5,1,0.25,Delta,0.3046875,16.3949402537827,12.3037406767348,15.4176551113212
VisualCogA_Task-2,2,F3,0.5,1,0.25,Delta,0.30859375,16.1135071381372,11.847883578444,14.930020301531
VisualCogA_Task-2,2,F3,0.5,1,0.25,Delta,0.3125,15.8272439910678,11.4324350965921,14.4735155219944
VisualCogA_Task-2,2,F3,0.5,1,0.25,Delta,0.31640625,15.5529917149215,11.0856210029937,14.0688809579643
VisualCogA_Task-2,2,F3,0.5,1,0.25,Delta,0.3203125,15.3118823132758,10.8397898247112,13.7434985685462
VisualCogA_Task-2,2,F3,0.5,1,0.25,Delta,0.32421875,15.1282066972558,10.7185005350564,13.5362548737953
VisualCogA_Task-2,2,F3,0.5,1,0.25,Delta,0.328125,15.0262636452326,10.7388329284379,13.4984076079013
VisualCogA_Task-2,2,F3,0.5,1,0.25,Delta,0.33203125,15.0254651117909,10.9052422876537,13.6761196103553
VisualCogA_Task-2,2,F3,0.5,1,0.25,Delta,0.3359375,15.1348231720639,11.207581222251,14.0778635069029
VisualCogA_Task-2,2,F3,0.5,1,0.25,Delta,0.33984375,15.3484891077766,11.6150393111753,14.6594717296552
VisualCogA_Task-2,2,F3,0.5,1,0.25,Delta,0.34375,15.6440267133953,12.0882251891659,15.3419500048097
VisualCogA_Task-2,2,F3,0.5,1,0.25,Delta,0.34765625,15.9845022983537,12.5837096055549,16.0473085915312
VisualCogA_Task-2,2,F3,0.5,1,0.25,Delta,0.3515625,16.3243903547522,13.0531530220543,16.6958262833063
VisualCogA_Task-2,2,F3,0.5,1,0.25,Delta,0.35546875,16.6180575806746,13.4583109410224,17.2200500225275
VisualCogA_Task-2,2,F3,0.5,1,0.25,Delta,0.359375,16.8286501326387,13.7796590351393,17.5854232253826
VisualCogA_Task-2,2,F3,0.5,1,0.25,Delta,0.36328125,16.9349736404689,14.0114998986611,17.789482112746
VisualCogA_Task-2,2,F3,0.5,1,0.25,Delta,0.3671875,16.9345781167216,14.1592115210842,17.8637235328522
VisualCogA_Task-2,2,F3,0.5,1,0.25,Delta,0.37109375,16.8425176869879,14.2449046420834,17.8567503171676
VisualCogA_Task-2,2,F3,0.5,1,0.25,Delta,0.375,16.6866024425724,14.2948939418147,17.8139291237781
VisualCogA_Task-2,2,F3,0.5,1,0.25,Delta,0.37890625,16.50079277791,14.3319495235893,17.7726159407593
VisualCogA_Task-2,2,F3,0.5,1,0.25,Delta,0.3828125,16.3183895963674,14.3633466990016,17.7533273729271
VisualCogA_Task-2,2,F3,0.5,1,0.25,Delta,0.38671875,16.1660229030385,14.3914388767411,17.7476438614971
VisualCogA_Task-2,2,F3,0.5,1,0.25,Delta,0.390625,16.0587001939899,14.4065794231507,17.7330044378698
VisualCogA_Task-2,2,F3,0.5,1,0.25,Delta,0.39453125,15.9959195501499,14.3921087718834,17.6950603878384
VisualCogA_Task-2,2,F3,0.5,1,0.25,Delta,0.3984375,15.9592595227712,14.3295397540554,17.620853936919
VisualCogA_Task-2,2,F3,0.5,1,0.25,Delta,0.40234375,15.9125601282199,14.2009003740911,17.5061566117978
VisualCogA_Task-2,2,F3,0.5,1,0.25,Delta,0.40625,15.8061131391483,13.9875199727704,17.3450408590574
VisualCogA_Task-2,2,F3,0.5,1,0.25,Delta,0.41015625,15.585626689873,13.6730625018498,17.1238804753885
VisualCogA_Task-2,2,F3,0.5,1,0.25,Delta,0.4140625,15.2050958831025,13.2573064675332,16.8300696696001
VisualCogA_Task-2,2,F3,0.5,1,0.25,Delta,0.41796875,14.6407045022349,12.7561622653749,16.456074469605
VisualCogA_Task-2,2,F3,0.5,1,0.25,Delta,0.421875,13.9014752485222,12.1872886489204,15.9916107215415
VisualCogA_Task-2,2,F3,0.5,1,0.25,Delta,0.42578125,13.0324363871251,11.5608504178143,15.4265813136846
VisualCogA_Task-2,2,F3,0.5,1,0.25,Delta,0.4296875,12.1078792656739,10.8857633104111,14.7793703291495
VisualCogA_Task-2,2,F3,0.5,1,0.25,Delta,0.43359375,11.2153777552772,10.1804266194231,14.0599374013667
VisualCogA_Task-2,2,F3,0.5,1,0.25,Delta,0.4375,10.4345369686231,9.47689256311776,13.3082274201122
VisualCogA_Task-2,2,F3,0.5,1,0.25,Delta,0.44140625,9.81664680408356,8.83178272221184,12.5745189551458
VisualCogA_Task-2,2,F3,0.5,1,0.25,Delta,0.4453125,9.37158412944151,8.30358896628632,11.911380771515
VisualCogA_Task-2,2,F3,0.5,1,0.25,Delta,0.44921875,9.06623436407877,7.91019930573537,11.3413205615511
VisualCogA_Task-2,2,F3,0.5,1,0.25,Delta,0.453125,8.83505493359643,7.61207240766746,10.8453894253512
VisualCogA_Task-2,2,F3,0.5,1,0.25,Delta,0.45703125,8.5994759075854,7.32814452053122,10.3724641483588
VisualCogA_Task-2,2,F3,0.5,1,0.25,Delta,0.4609375,8.29005162298168,6.97554763715302,9.86150004203557
VisualCogA_Task-2,2,F3,0.5,1,0.25,Delta,0.46484375,7.86462980970117,6.49084170041192,9.26124507223577
VisualCogA_Task-2,2,F3,0.5,1,0.25,Delta,0.46875,7.31745424692181,5.84186392722413,8.54447940552532
VisualCogA_Task-2,2,F3,0.5,1,0.25,Delta,0.47265625,6.67735319284977,5.03341660329965,7.71607270873542
VisualCogA_Task-2,2,F3,0.5,1,0.25,Delta,0.4765625,5.99672400188578,4.10687840542884,6.82018042309395
VisualCogA_Task-2,2,F3,0.5,1,0.25,Delta,0.48046875,5.33562268281938,3.13214885298728,5.93940278965769
VisualCogA_Task-2,2,F3,0.5,1,0.25,Delta,0.484375,4.74611784539516,2.18838714340531,5.17550535851101
VisualCogA_Task-2,2,F3,0.5,1,0.25,Delta,0.48828125,4.26113733374372,1.34650250433209,4.58252160461656
VisualCogA_Task-2,2,F3,0.5,1,0.25,Delta,0.4921875,3.88995687887567,0.663478550637024,4.17713626107305
VisualCogA_Task-2,2,F3,0.5,1,0.25,Delta,0.49609375,3.62019766079359,0.16709076170396,3.94634176498192
VisualCogA_Task-2,2,F3,0.5,1,0.25,Delta,0.5,3.42452860798801,-0.16027616947256,3.83991974379477
VisualCogA_Task-2,2,F3,0.5,1,0.25,Delta,0.50390625,3.26958487894768,-0.365978240552824,3.78737085340248
VisualCogA_Task-2,2,F3,0.5,1,0.25,Delta,0.5078125,3.12480247646034,-0.488296388390697,3.73387745215023
VisualCogA_Task-2,2,F3,0.5,1,0.25,Delta,0.51171875,2.96952401729006,-0.55264846383114,3.6571703278273
VisualCogA_Task-2,2,F3,0.5,1,0.25,Delta,0.515625,2.79744689636168,-0.581897855037845,3.55643530927153
VisualCogA_Task-2,2,F3,0.5,1,0.25,Delta,0.51953125,2.61805874516326,-0.575110531098723,3.44524691116196
VisualCogA_Task-2,2,F3,0.5,1,0.25,Delta,0.5234375,2.45514098637226,-0.503781451916097,3.35169440784868
VisualCogA_Task-2,2,F3,0.5,1,0.25,Delta,0.52734375,2.34279675573802,-0.331759794537501,3.33308260143422
VisualCogA_Task-2,2,F3,0.5,1,0.25,Delta,0.53125,2.31978984480011,-0.0248698310663542,3.4605171739059
VisualCogA_Task-2,2,F3,0.5,1,0.25,Delta,0.53515625,2.42319378708672,0.458945705253214,3.79112964372387
VisualCogA_Task-2,2,F3,0.5,1,0.25,Delta,0.5390625,2.6823590128117,1.15348735176865,4.3565662175285
VisualCogA_Task-2,2,F3,0.5,1,0.25,Delta,0.54296875,3.11400462620289,2.06138774412445,5.17363286825092
VisualCogA_Task-2,2,F3,0.5,1,0.25,Delta,0.546875,3.71893392048675,3.14470433660939,6.22576074612816
VisualCogA_Task-2,2,F3,0.5,1,0.25,Delta,0.55078125,4.48061975403073,4.32481414259599,7.45257660585697
VisualCogA_Task-2,2,F3,0.5,1,0.25,Delta,0.5546875,5.36581378611764,5.49490206397647,8.76852638943168
VisualCogA_Task-2,2,F3,0.5,1,0.25,Delta,0.55859375,6.32735857391732,6.5511934270514,10.0858904619028
VisualCogA_Task-2,2,F3,0.5,1,0.25,Delta,0.5625,7.30932876611948,7.43309531200794,11.3319339858992
VisualCogA_Task-2,2,F3,0.5,1,0.25,Delta,0.56640625,8.25427656772412,8.15271876606798,12.4565888634273
VisualCogA_Task-2,2,F3,0.5,1,0.25,Delta,0.5703125,9.11165194650462,8.76482881860864,13.4240195078248
VisualCogA_Task-2,2,F3,0.5,1,0.25,Delta,0.57421875,9.84564410508008,9.31484188405362,14.2051126619055
VisualCogA_Task-2,2,F3,0.5,1,0.25,Delta,0.578125,10.4402129799512,9.82564144985191,14.7950103382244
VisualCogA_Task-2,2,F3,0.5,1,0.25,Delta,0.58203125,10.899393756433,10.2933022789935,15.2004336077285
VisualCogA_Task-2,2,F3,0.5,1,0.25,Delta,0.5859375,11.2421826792343,10.703972232531,15.4400585374583
VisualCogA_Task-2,2,F3,0.5,1,0.25,Delta,0.58984375,11.4930873148662,11.0423880237043,15.5293147908471
VisualCogA_Task-2,2,F3,0.5,1,0.25,Delta,0.59375,11.671040326069,11.3024617255471,15.4871857567155
VisualCogA_Task-2,2,F3,0.5,1,0.25,Delta,0.59765625,11.7801373981855,11.4801099278425,15.3379878222499
VisualCogA_Task-2,2,F3,0.5,1,0.25,Delta,0.6015625,11.8052429787725,11.56867755562,15.109078417741
VisualCogA_Task-2,2,F3,0.5,1,0.25,Delta,0.60546875,11.7140869282914,11.5427015815858,14.8073502620109
VisualCogA_Task-2,2,F3,0.5,1,0.25,Delta,0.609375,11.4655759857803,11.3612481371393,14.4076213878129
VisualCogA_Task-2,2,F3,0.5,1,0.25,Delta,0.61328125,11.0222668556724,10.9694890804883,13.864859671551
VisualCogA_Task-2,2,F3,0.5,1,0.25,Delta,0.6171875,10.3637631576075,10.2943569735122,13.1307403870243
VisualCogA_Task-2,2,F3,0.5,1,0.25,Delta,0.62109375,9.49747507008781,9.26790917128307,12.1764347186352
VisualCogA_Task-2,2,F3,0.5,1,0.25,Delta,0.625,8.4637818181339,7.86618404575981,11.0081104648531
VisualCogA_Task-2,2,F3,0.5,1,0.25,Delta,0.62890625,7.33401452382549,6.16159565802747,9.68866609239778
VisualCogA_Task-2,2,F3,0.5,1,0.25,Delta,0.6328125,6.20147082184109,4.28110885210471,8.32815846123843
VisualCogA_Task-2,2,F3,0.5,1,0.25,Delta,0.63671875,5.16738416947576,2.40694454783652,7.03495012401601
VisualCogA_Task-2,2,F3,0.5,1,0.25,Delta,0.640625,4.3249192192611,0.707194073527617,5.90186809919257
VisualCogA_Task-2,2,F3,0.5,1,0.25,Delta,0.64453125,3.74456366197756,-0.679104488732705,5.00326797487808
VisualCogA_Task-2,2,F3,0.5,1,0.25,Delta,0.6484375,3.46374075118938,-1.59189849899654,4.38096937119373
VisualCogA_Task-2,2,F3,0.5,1,0.25,Delta,0.65234375,3.48233384834836,-1.96294531944757,4.05678786362228
VisualCogA_Task-2,2,F3,0.5,1,0.25,Delta,0.65625,3.76447094802601,-1.87299363058588,4.03502536198178
VisualCogA_Task-2,2,F3,0.5,1,0.25,Delta,0.66015625,4.24570571140532,-1.46162127876488,4.30996834180748
VisualCogA_Task-2,2,F3,0.5,1,0.25,Delta,0.6640625,4.84387171898035,-0.841836560695882,4.83473296591666
VisualCogA_Task-2,2,F3,0.5,1,0.25,Delta,0.66796875,5.47146717760126,-0.119029854671197,5.52754450646697
VisualCogA_Task-2,2,F3,0.5,1,0.25,Delta,0.671875,6.04744217034025,0.619964500019364,6.28763767792124
VisualCogA_Task-2,2,F3,0.5,1,0.25,Delta,0.67578125,6.5066426765447,1.32210684784984,7.00438489749482
VisualCogA_Task-2,2,F3,0.5,1,0.25,Delta,0.6796875,6.80580188682146,1.94740018889951,7.5761179667034
VisualCogA_Task-2,2,F3,0.5,1,0.25,Delta,0.68359375,6.92571209955181,2.46406691560408,7.94658709639029
VisualCogA_Task-2,2,F3,0.5,1,0.25,Delta,0.6875,6.86990287773038,2.85796730631938,8.10184804099933
VisualCogA_Task-2,2,F3,0.5,1,0.25,Delta,0.69140625,6.66066270244781,3.12687228050511,8.07040176510675
VisualCogA_Task-2,2,F3,0.5,1,0.25,Delta,0.6953125,6.33349510203655,3.27681911334987,7.89919786883348
VisualCogA_Task-2,2,F3,0.5,1,0.25,Delta,0.69921875,5.93108205753902,3.33094396579187,7.64967240139917
VisualCogA_Task-2,2,F3,0.5,1,0.25,Delta,0.703125,5.49758577154356,3.33237181279641,7.38717174032853
VisualCogA_Task-2,2,F3,0.5,1,0.25,Delta,0.70703125,5.0737614096321,3.31780621290268,7.1731602016673
VisualCogA_Task-2,2,F3,0.5,1,0.25,Delta,0.7109375,4.69302301150314,3.31436609282457,7.05309120737233
VisualCogA_Task-2,2,F3,0.5,1,0.25,Delta,0.71484375,4.37843456432771,3.33887010762975,7.05163096224844
VisualCogA_Task-2,2,F3,0.5,1,0.25,Delta,0.71875,4.14064160703386,3.40853103695285,7.1704143127558
VisualCogA_Task-2,2,F3,0.5,1,0.25,Delta,0.72265625,3.97695210611953,3.53039913832065,7.38551358470794
VisualCogA_Task-2,2,F3,0.5,1,0.25,Delta,0.7265625,3.87196182116342,3.68613942255699,7.66465715073404
VisualCogA_Task-2,2,F3,0.5,1,0.25,Delta,0.73046875,3.80012793854137,3.8303662445494,7.94833734875181
VisualCogA_Task-2,2,F3,0.5,1,0.25,Delta,0.734375,3.7304318167042,3.91146206755215,8.1476519457725
VisualCogA_Task-2,2,F3,0.5,1,0.25,Delta,0.73828125,3.63277350541498,3.87616407360711,8.15724590855033
VisualCogA_Task-2,2,F3,0.5,1,0.25,Delta,0.7421875,3.48515999813348,3.66561903533793,7.88430496466407
VisualCogA_Task-2,2,F3,0.5,1,0.25,Delta,0.74609375,3.28029205389011,3.26163106906117,7.30340557583203
VisualCogA_Task-2,2,F3,0.5,1,0.25,Delta,0.75,3.03000806462806,2.6917101111741,6.48103751113358
VisualCogA_Task-2,2,F3,0.5,1,0.25,Delta,0.75390625,2.76632017937516,2.04454417063823,5.56020473105136
VisualCogA_Task-2,2,F3,0.5,1,0.25,Delta,0.7578125,2.53847231600404,1.44488405776906,4.72525307635123
VisualCogA_Task-2,2,F3,0.5,1,0.25,Delta,0.76171875,2.40640719379646,1.01581606427175,4.14322630231061
VisualCogA_Task-2,2,F3,0.5,1,0.25,Delta,0.765625,2.43195666133695,0.841547898822498,3.92407118179305
VisualCogA_Task-2,2,F3,0.5,1,0.25,Delta,0.76953125,2.6696256556083,0.946878650346761,4.10719450182521
VisualCogA_Task-2,2,F3,0.5,1,0.25,Delta,0.7734375,3.15879979894095,1.3033220113804,4.67229044122004
VisualCogA_Task-2,2,F3,0.5,1,0.25,Delta,0.77734375,3.91860863720598,1.84352279858741,5.56577029254311
VisualCogA_Task-2,2,F3,0.5,1,0.25,Delta,0.78125,4.94584405888506,2.49106521730656,6.73189093910597
VisualCogA_Task-2,2,F3,0.5,1,0.25,Delta,0.78515625,6.21571317557735,3.19397610816532,8.11376759618897
VisualCogA_Task-2,2,F3,0.5,1,0.25,Delta,0.7890625,7.68509408167412,3.93534819019746,9.66657706663538
VisualCogA_Task-2,2,F3,0.5,1,0.25,Delta,0.79296875,9.29829067220525,4.72219523521318,11.3469395969759
VisualCogA_Task-2,2,F3,0.5,1,0.25,Delta,0.796875,10.9956014652832,5.53783901702518,13.1005318408879
VisualCogA_Task-2,2,F3,0.5,1,0.25,Delta,0.80078125,12.7247375741466,6.36374340952466,14.8779147910226
VisualCogA_Task-2,2,F3,0.5,1,0.5,Left,-0.19921875,1.731927585532,1.0306746088692,2.56380175549629
VisualCogA_Task-2,2,F3,0.5,1,0.5,Left,-0.1953125,2.32583437905446,1.45883774893168,2.9740809235893
VisualCogA_Task-2,2,F3,0.5,1,0.5,Left,-0.19140625,2.86752777838342,1.83108381687016,3.33324571614157
VisualCogA_Task-2,2,F3,0.5,1,0.5,Left,-0.1875,3.28629565153823,2.07445637190333,3.56459244770177
VisualCogA_Task-2,2,F3,0.5,1,0.5,Left,-0.18359375,3.51948938601389,2.12544735667417,3.60175943302894
VisualCogA_Task-2,2,F3,0.5,1,0.5,Left,-0.1796875,3.5298995752827,1.95583161108657,3.41822183351609
VisualCogA_Task-2,2,F3,0.5,1,0.5,Left,-0.17578125,3.31391927423398,1.58594364399053,3.04171982714026
VisualCogA_Task-2,2,F3,0.5,1,0.5,Left,-0.171875,2.90164236131681,1.08049469262427,2.53933871052406
VisualCogA_Task-2,2,F3,0.5,1,0.5,Left,-0.16796875,2.35063940568186,0.530300228076135,1.99468837382061
VisualCogA_Task-2,2,F3,0.5,1,0.5,Left,-0.1640625,1.73543968204636,0.0286013126299957,1.48815130769975
VisualCogA_Task-2,2,F3,0.5,1,0.5,Left,-0.16015625,1.13490660981425,-0.3559384038112,1.07973508373369
VisualCogA_Task-2,2,F3,0.5,1,0.5,Left,-0.15625,0.619742191315393,-0.592577475130045,0.803826383436512
VisualCogA_Task-2,2,F3,0.5,1,0.5,Left,-0.15234375,0.24217821198178,-0.686862268618665,0.665535480942674
VisualCogA_Task-2,2,F3,0.5,1,0.5,Left,-0.1484375,0.0293937980953078,-0.668127250004126,0.640783159388468
VisualCogA_Task-2,2,F3,0.5,1,0.5,Left,-0.14453125,-0.0186269600057921,-0.572964725431627,0.691382141147223
VisualCogA_Task-2,2,F3,0.5,1,0.5,Left,-0.140625,0.0730032439114448,-0.433353710388028,0.781376532829103
VisualCogA_Task-2,2,F3,0.5,1,0.5,Left,-0.13671875,0.259515787052889,-0.271570975822034,0.881716589595727
VisualCogA_Task-2,2,F3,0.5,1,0.5,Left,-0.1328125,0.484085283388066,-0.10933553209305,0.963688896318305
VisualCogA_Task-2,2,F3,0.5,1,0.5,Left,-0.12890625,0.686491883515819,0.028681240477646,0.999387088946156
VisualCogA_Task-2,2,F3,0.5,1,0.5,Left,-0.125,0.811970507586631,0.118617121345413,0.968899969136879
VisualCogA_Task-2,2,F3,0.5,1,0.5,Left,-0.12109375,0.819441362295898,0.139732449314539,0.861472291932669
VisualCogA_Task-2,2,F3,0.5,1,0.5,Left,-0.1171875,0.688135418428175,0.0871932072788286,0.679982630119323
VisualCogA_Task-2,2,F3,0.5,1,0.5,Left,-0.11328125,0.421363137472453,-0.0288309346391149,0.439307733556701
VisualCogA_Task-2,2,F3,0.5,1,0.5,Left,-0.109375,0.0461691910432467,-0.186174490136745,0.1615607339299
VisualCogA_Task-2,2,F3,0.5,1,0.5,Left,-0.10546875,-0.391829567583437,-0.357701229847554,-0.127500588958251
VisualCogA_Task-2,2,F3,0.5,1,0.5,Left,-0.1015625,-0.837973431937408,-0.517158483690963,-0.403973578807129
VisualCogA_Task-2,2,F3,0.5,1,0.5,Left,-0.09765625,-1.24056943791979,-0.643254514983726,-0.649025824404635
VisualCogA_Task-2,2,F3,0.5,1,0.5,Left,-0.09375,-1.5623367679067,-0.718433266414695,-0.847780361954277
VisualCogA_Task-2,2,F3,0.5,1,0.5,Left,-0.08984375,-1.78794283173678,-0.73102074728278,-0.988734932545802
VisualCogA_Task-2,2,F3,0.5,1,0.5,Left,-0.0859375,-1.92515004382897,-0.684733758121324,-1.06945368010946
VisualCogA_Task-2,2,F3,0.5,1,0.5,Left,-0.08203125,-1.9989820787947,-0.600629612500961,-1.10015508035676
VisualCogA_Task-2,2,F3,0.5,1,0.5,Left,-0.078125,-2.0406391479105,-0.504059302854907,-1.10180395667747
VisualCogA_Task-2,2,F3,0.5,1,0.5,Left,-0.07421875,-2.07480170638639,-0.430653359356937,-1.11535846782018
VisualCogA_Task-2,2,F3,0.5,1,0.5,Left,-0.0703125,-2.10969168901178,-0.411445845262818,-1.18686844597691
VisualCogA_Task-2,2,F3,0.5,1,0.5,Left,-0.06640625,-2.13344141475111,-0.455576723064458,-1.34073295381943
VisualCogA_Task-2,2,F3,0.5,1,0.5,Left,-0.0625,-2.1181739601547,-0.539281827321153,-1.56502903510074
VisualCogA_Task-2,2,F3,0.5,1,0.5,Left,-0.05859375,-2.03048627188167,-0.615571236313013,-1.80532664053319
VisualCogA_Task-2,2,F3,0.5,1,0.5,Left,-0.0546875,-1.84475924449268,-0.643533728171748,-2.00120534668609
VisualCogA_Task-2,2,F3,0.5,1,0.5,Left,-0.05078125,-1.55474737333789,-0.608130735885151,-2.10861748260479
VisualCogA_Task-2,2,F3,0.5,1,0.5,Left,-0.046875,-1.17956315028831,-0.504215780356965,-2.11319738217609
VisualCogA_Task-2,2,F3,0.5,1,0.5,Left,-0.04296875,-0.762168423495904,-0.315853959731185,-2.01927610314196
VisualCogA_Task-2,2,F3,0.5,1,0.5,Left,-0.0390625,-0.361024521461689,-0.0481460691905941,-1.85068869856121
VisualCogA_Task-2,2,F3,0.5,1,0.5,Left,-0.03515625,-0.0376925496530382,0.272706947082069,-1.64580188593047
VisualCogA_Task-2,2,F3,0.5,1,0.5,Left,-0.03125,0.155800139509876,0.595456866877531,-1.45933305967162
VisualCogA_Task-2,2,F3,0.5,1,0.5,Left,-0.02734375,0.186336710832213,0.851229586431181,-1.34350207879171
VisualCogA_Task-2,2,F3,0.5,1,0.5,Left,-0.0234375,0.0437373324211092,0.98391489268517,-1.33874111887783
VisualCogA_Task-2,2,F3,0.5,1,0.5,Left,-0.01953125,-0.260804598926917,0.954446098697999,-1.47354252034158
VisualCogA_Task-2,2,F3,0.5,1,0.5,Left,-0.015625,-0.700476623235662,0.747807982801872,-1.76705808320377
VisualCogA_Task-2,2,F3,0.5,1,0.5,Left,-0.01171875,-1.24044376451506,0.372030549109228,-2.22157923074378
VisualCogA_Task-2,2,F3,0.5,1,0.5,Left,-0.0078125,-1.84485301081235,-0.142990609928124,-2.82352958621821
VisualCogA_Task-2,2,F3,0.5,1,0.5,Left,-0.00390625,-2.48146933737886,-0.749012428314964,-3.53402701175895
VisualCogA_Task-2,2,F3,0.5,1,0.5,Left,0,-3.12326315292407,-1.38441732656967,-4.2883283689737
VisualCogA_Task-2,2,F3,0.5,1,0.5,Left,0.00390625,-3.74742095580968,-1.98316448204814,-5.0131839472249
VisualCogA_Task-2,2,F3,0.5,1,0.5,Left,0.0078125,-4.33309949466745,-2.48201815505357,-5.64697373641421
VisualCogA_Task-2,2,F3,0.5,1,0.5,Left,0.01171875,-4.85953887123079,-2.83794367606204,-6.13632191949778
VisualCogA_Task-2,2,F3,0.5,1,0.5,Left,0.015625,-5.30581875377758,-3.03155553865995,-6.44986928360517
VisualCogA_Task-2,2,F3,0.5,1,0.5,Left,0.01953125,-5.65271866693121,-3.05721486554726,-6.57460111679845
VisualCogA_Task-2,2,F3,0.5,1,0.5,Left,0.0234375,-5.88613935703403,-2.92281433246267,-6.50699997999284
VisualCogA_Task-2,2,F3,0.5,1,0.5,Left,0.02734375,-6.00074681429999,-2.64583625009408,-6.25657060465936
VisualCogA_Task-2,2,F3,0.5,1,0.5,Left,0.03125,-6.00223970856389,-2.25260187577069,-5.85706631317154
VisualCogA_Task-2,2,F3,0.5,1,0.5,Left,0.03515625,-5.90704436912463,-1.78263604084365,-5.36349929135495
VisualCogA_Task-2,2,F3,0.5,1,0.5,Left,0.0390625,-5.73917484173564,-1.28629287107885,-4.84734458880804
VisualCogA_Task-2,2,F3,0.5,1,0.5,Left,0.04296875,-5.52509697575822,-0.808738920526898,-4.38661938832926
VisualCogA_Task-2,2,F3,0.5,1,0.5,Left,0.046875,-5.28825062787312,-0.37473201136489,-4.0469906991493
VisualCogA_Task-2,2,F3,0.5,1,0.5,Left,0.05078125,-5.04505399974269,0.0160767183229017,-3.86040754268309
VisualCogA_Task-2,2,F3,0.5,1,0.5,Left,0.0546875,-4.8036399125378,0.369716548495415,-3.80144575607201
VisualCogA_Task-2,2,F3,0.5,1,0.5,Left,0.05859375,-4.56548169767823,0.701048066464684,-3.82649168731411
VisualCogA_Task-2,2,F3,0.5,1,0.5,Left,0.0625,-4.3289282807501,1.02969066084081,-3.87914118584983
VisualCogA_Task-2,2,F3,0.5,1,0.5,Left,0.06640625,-4.09299417025143,1.36994355929718,-3.90316339232925
VisualCogA_Task-2,2,F3,0.5,1,0.5,Left,0.0703125,-3.85984250950302,1.73766934439519,-3.8613696182621
VisualCogA_Task-2,2,F3,0.5,1,0.5,Left,0.07421875,-3.63519375970328,2.14343152412349,-3.74075340318678
VisualCogA_Task-2,2,F3,0.5,1,0.5,Left,0.078125,-3.42698227331896,2.59073747266284,-3.54635474065457
VisualCogA_Task-2,2,F3,0.5,1,0.5,Left,0.08203125,-3.24342326548463,3.06958739190293,-3.29464595469642
VisualCogA_Task-2,2,F3,0.5,1,0.5,Left,0.0859375,-3.09183909779748,3.55322999819854,-3.00910746493176
VisualCogA_Task-2,2,F3,0.5,1,0.5,Left,0.08984375,-2.97906294029956,4.01002769310421,-2.71907307974097
VisualCogA_Task-2,2,F3,0.5,1,0.5,Left,0.09375,-2.91328267965409,4.4124158662634,-2.46093296337145
VisualCogA_Task-2,2,F3,0.5,1,0.5,Left,0.09765625,-2.90628947007824,4.73672318924493,-2.27910382917272
VisualCogA_Task-2,2,F3,0.5,1,0.5,Left,0.1015625,-2.97467723421752,4.94398225037777,-2.22401038580815
VisualCogA_Task-2,2,F3,0.5,1,0.5,Left,0.10546875,-3.13878116687893,4.98742572194488,-2.34592969470196
VisualCogA_Task-2,2,F3,0.5,1,0.5,Left,0.109375,-3.41893335727922,4.82489822274397,-2.68591051656936
VisualCogA_Task-2,2,F3,0.5,1,0.5,Left,0.11328125,-3.8296348492188,4.42940673977771,-3.2664740859534
VisualCogA_Task-2,2,F3,0.5,1,0.5,Left,0.1171875,-4.37312159882958,3.8067721701494,-4.08452577805929
VisualCogA_Task-2,2,F3,0.5,1,0.5,Left,0.12109375,-5.03424193285518,2.99243774642546,-5.10737799985247
VisualCogA_Task-2,2,F3,0.5,1,0.5,Left,0.125,-5.77842893625444,2.04466672535277,-6.2755454441266
VisualCogA_Task-2,2,F3,0.5,1,0.5,Left,0.12890625,-6.55388009957682,1.034953211728,-7.5162294774929
VisualCogA_Task-2,2,F3,0.5,1,0.5,Left,0.1328125,-7.29802666143451,0.0408886180681597,-8.74297230634368
VisualCogA_Task-2,2,F3,0.5,1,0.5,Left,0.13671875,-7.94724782004512,-0.85967887128426,-9.86712784939895
VisualCogA_Task-2,2,F3,0.5,1,0.5,Left,0.140625,-8.4478435869977,-1.59253103088843,-10.8160197351839
VisualCogA_Task-2,2,F3,0.5,1,0.5,Left,0.14453125,-8.76577449276867,-2.09688729047127,-11.5425779977888
VisualCogA_Task-2,2,F3,0.5,1,0.5,Left,0.1484375,-8.89277455740132,-2.33961736355331,-12.0270561803122
VisualCogA_Task-2,2,F3,0.5,1,0.5,Left,0.15234375,-8.84718598290103,-2.33008518137593,-12.2840194872385
VisualCogA_Task-2,2,F3,0.5,1,0.5,Left,0.15625,-8.66912501667704,-2.12600007724735,-12.3521695697363
VisualCogA_Task-2,2,F3,0.5,1,0.5,Left,0.16015625,-8.41107096995079,-1.81596561502509,-12.2873945593671
VisualCogA_Task-2,2,F3,0.5,1,0.5,Left,0.1640625,-8.12625461632342,-1.48225869970057,-12.1515338343909
VisualCogA_Task-2,2,F3,0.5,1,0.5,Left,0.16796875,-7.85788617319624,-1.18637465341355,-11.9990168542242
VisualCogA_Task-2,2,F3,0.5,1,0.5,Left,0.171875,-7.63204395278032,-0.969856434149382,-11.8745922060805
VisualCogA_Task-2,2,F3,0.5,1,0.5,Left,0.17578125,-7.45596768219817,-0.849355808163707,-11.8085650441365
VisualCogA_Task-2,2,F3,0.5,1,0.5,Left,0.1796875,-7.32189710232886,-0.820876504206032,-11.8121035491383
VisualCogA_Task-2,2,F3,0.5,1,0.5,Left,0.18359375,-7.21498851517248,-0.840616379766075,-11.8741164151596
VisualCogA_Task-2,2,F3,0.5,1,0.5,Left,0.1875,-7.12274046875199,-0.854376123074864,-11.9665535975334
VisualCogA_Task-2,2,F3,0.5,1,0.5,Left,0.19140625,-7.0430748332801,-0.832245069772447,-12.0687496414294
VisualCogA_Task-2,2,F3,0.5,1,0.5,Left,0.1953125,-6.98876467663663,-0.786304584139398,-12.1863168307399
VisualCogA_Task-2,2,F3,0.5,1,0.5,Left,0.19921875,-6.98702366414938,-0.770651740361509,-12.3527186601831
VisualCogA_Task-2,2,F3,0.5,1,0.5,Left,0.203125,-7.07438522924455,-0.845092817079555,-12.6168975256476
VisualCogA_Task-2,2,F3,0.5,1,0.5,Left,0.20703125,-7.28813842701923,-1.05273622336019,-13.0286196168276
VisualCogA_Task-2,2,F3,0.5,1,0.5,Left,0.2109375,-7.65632325706042,-1.39904762649469,-13.6043651846989
VisualCogA_Task-2,2,F3,0.5,1,0.5,Left,0.21484375,-8.1885561694211,-1.85412337841102,-14.3275439938102
VisualCogA_Task-2,2,F3,0.5,1,0.5,Left,0.21875,-8.86979918033805,-2.36058964786542,-15.1530746781751
VisualCogA_Task-2,2,F3,0.5,1,0.5,Left,0.22265625,-9.65867289632977,-2.84797437164935,-16.0195621902979
VisualCogA_Task-2,2,F3,0.5,1,0.5,Left,0.2265625,-10.4910977876842,-3.25286285789373,-16.8643258498522
VisualCogA_Task-2,2,F3,0.5,1,0.5,Left,0.23046875,-11.2889906066381,-3.54275157760538,-17.6263173203346
VisualCogA_Task-2,2,F3,0.5,1,0.5,Left,0.234375,-11.9725790225068,-3.7356193134584,-18.2444099251364
VisualCogA_Task-2,2,F3,0.5,1,0.5,Left,0.23828125,-12.4738787868167,-3.85869057932765,-18.6703213301921
VisualCogA_Task-2,2,F3,0.5,1,0.5,Left,0.2421875,-12.7483357700078,-3.9029810556894,-18.8696750875456
VisualCogA_Task-2,2,F3,0.5,1,0.5,Left,0.24609375,-12.7818580394835,-3.8352848141703,-18.8292327840365
VisualCogA_Task-2,2,F3,0.5,1,0.5,Left,0.25,-12.5915324343447,-3.63385439260234,-18.5641553500558
VisualCogA_Task-2,2,F3,0.5,1,0.5,Left,0.25390625,-12.2199992887052,-3.30776223884269,-18.1226279279331
VisualCogA_Task-2,2,F3,0.5,1,0.5,Left,0.2578125,-11.7252175270368,-2.88587588512229,-17.5870055854485
VisualCogA_Task-2,2,F3,0.5,1,0.5,Left,0.26171875,-11.1685525778566,-2.40151877459293,-17.0620261366218
VisualCogA_Task-2,2,F3,0.5,1,0.5,Left,0.265625,-10.6042994707989,-1.88297371976584,-16.6471438573715
VisualCogA_Task-2,2,F3,0.5,1,0.5,Left,0.26953125,-10.0728649790308,-1.34672005397104,-16.3703543644165
VisualCogA_Task-2,2,F3,0.5,1,0.5,Left,0.2734375,-9.59829305176155,-0.797395330882784,-16.1941410970242
VisualCogA_Task-2,2,F3,0.5,1,0.5,Left,0.27734375,-9.1893226595364,-0.236344576869557,-16.0585603381828
VisualCogA_Task-2,2,F3,0.5,1,0.5,Left,0.28125,-8.84234776233841,0.333148004626816,-15.9121449206356
VisualCogA_Task-2,2,F3,0.5,1,0.5,Left,0.28515625,-8.54475628064576,0.906508898780713,-15.7255164577693
VisualCogA_Task-2,2,F3,0.5,1,0.5,Left,0.2890625,-8.27791736785342,1.47407521265292,-15.495033179585
VisualCogA_Task-2,2,F3,0.5,1,0.5,Left,0.29296875,-8.01998696981451,2.02361586903425,-15.2323228178837
VisualCogA_Task-2,2,F3,0.5,1,0.5,Left,0.296875,-7.74913364540372,2.54754560009733,-14.9527871880272
VisualCogA_Task-2,2,F3,0.5,1,0.5,Left,0.30078125,-7.44749716559447,3.05032498052886,-14.6677353471118
VisualCogA_Task-2,2,F3,0.5,1,0.5,Left,0.3046875,-7.10538539394054,3.54582860156988,-14.3823737219377
VisualCogA_Task-2,2,F3,0.5,1,0.5,Left,0.30859375,-6.72442362958062,4.05054776699418,-14.0973787732659
VisualCogA_Task-2,2,F3,0.5,1,0.5,Left,0.3125,-6.3181491347105,4.57429233701154,-13.814622370206
VisualCogA_Task-2,2,F3,0.5,1,0.5,Left,0.31640625,-5.90915152842441,5.10647162382036,-13.5398765663255
VisualCogA_Task-2,2,F3,0.5,1,0.5,Left,0.3203125,-5.523109036003,5.62616164150003,-13.285187319646
VisualCogA_Task-2,2,F3,0.5,1,0.5,Left,0.32421875,-5.18141111563372,6.11585278998362,-13.0700716559014
VisualCogA_Task-2,2,F3,0.5,1,0.5,Left,0.328125,-4.89485105622116,6.5596067763437,-12.9156410670284
VisualCogA_Task-2,2,F3,0.5,1,0.5,Left,0.33203125,-4.66070652544365,6.94885717970667,-12.8352128571682
VisualCogA_Task-2,2,F3,0.5,1,0.5,Left,0.3359375,-4.46441511584837,7.28377095438327,-12.8267225249522
VisualCogA_Task-2,2,F3,0.5,1,0.5,Left,0.33984375,-4.28542074283147,7.57957142004593,-12.8732286306644
VisualCogA_Task-2,2,F3,0.5,1,0.5,Left,0.34375,-4.10525252703555,7.85646753240788,-12.9390583974483
VisualCogA_Task-2,2,F3,0.5,1,0.5,Left,0.34765625,-3.91507563987505,8.12807820994172,-12.9857590206882
VisualCogA_Task-2,2,F3,0.5,1,0.5,Left,0.3515625,-3.72011529925362,8.40137800555058,-12.9899952047778
VisualCogA_Task-2,2,F3,0.5,1,0.5,Left,0.35546875,-3.53942212402936,8.66835769574601,-12.9532908960626
VisualCogA_Task-2,2,F3,0.5,1,0.5,Left,0.359375,-3.40102832241593,8.90410000360647,-12.906316172482
VisualCogA_Task-2,2,F3,0.5,1,0.5,Left,0.36328125,-3.33409227289823,9.07096848655736,-12.9031390065221
VisualCogA_Task-2,2,F3,0.5,1,0.5,Left,0.3671875,-3.36062487734193,9.12460783604714,-13.0069449045557
VisualCogA_Task-2,2,F3,0.5,1,0.5,Left,0.37109375,-3.48950018427777,9.02065222228657,-13.2711510130608
VisualCogA_Task-2,2,F3,0.5,1,0.5,Left,0.375,-3.71462421698582,8.73250923477223,-13.7231338999469
VisualCogA_Task-2,2,F3,0.5,1,0.5,Left,0.37890625,-4.01763074965689,8.26383704191694,-14.3540108181432
VisualCogA_Task-2,2,F3,0.5,1,0.5,Left,0.3828125,-4.37380898864974,7.65601595108973,-15.1219100027845
VisualCogA_Task-2,2,F3,0.5,1,0.5,Left,0.38671875,-4.75877113078491,6.97478707233317,-15.9590296967615
VisualCogA_Task-2,2,F3,0.5,1,0.5,Left,0.390625,-5.15314358038895,6.2968405727416,-16.7925802609747
VisualCogA_Task-2,2,F3,0.5,1,0.5,Left,0.39453125,-5.54346854419658,5.69248577155175,-17.5636973929432
VisualCogA_Task-2,2,F3,0.5,1,0.5,Left,0.3984375,-5.91921328647256,5.21472537074313,-18.2357576752073
VisualCogA_Task-2,2,F3,0.5,1,0.5,Left,0.40234375,-6.26759386093314,4.89368680947623,-18.7970921371156
VisualCogA_Task-2,2,F3,0.5,1,0.5,Left,0.40625,-6.56902141002058,4.73667261435945,-19.2492778974009
VisualCogA_Task-2,2,F3,0.5,1,0.5,Left,0.41015625,-6.79583797139441,4.73228812083541,-19.5949890567781
VisualCogA_Task-2,2,F3,0.5,1,0.5,Left,0.4140625,-6.91562981949726,4.85645498984334,-19.8350612543403
VisualCogA_Task-2,2,F3,0.5,1,0.5,Left,0.41796875,-6.89835417455327,5.08216833784526,-19.9733011847773
VisualCogA_Task-2,2,F3,0.5,1,0.5,Left,0.421875,-6.72467691524526,5.39295008352323,-20.012149386421
VisualCogA_Task-2,2,F3,0.5,1,0.5,Left,0.42578125,-6.39211968361148,5.79097471153167,-19.9432692318827
VisualCogA_Task-2,2,F3,0.5,1,0.5,Left,0.4296875,-5.91625417295828,6.28556674226002,-19.7468822134358
VisualCogA_Task-2,2,F3,0.5,1,0.5,Left,0.43359375,-5.32604904165613,6.8874728352594,-19.4001528972519
VisualCogA_Task-2,2,F3,0.5,1,0.5,Left,0.4375,-4.65482478474771,7.6059121733527,-18.8865588936226
VisualCogA_Task-2,2,F3,0.5,1,0.5,Left,0.44140625,-3.93012931201697,8.44430338064825,-18.2085777674224
VisualCogA_Task-2,2,F3,0.5,1,0.5,Left,0.4453125,-3.16641940780431,9.39653058962809,-17.3843828998373
VisualCogA_Task-2,2,F3,0.5,1,0.5,Left,0.44921875,-2.36344829271805,10.4458206223659,-16.4441071479523
VisualCogA_Task-2,2,F3,0.5,1,0.5,Left,0.453125,-1.51108383344651,11.5673152871733,-15.4173436982569
VisualCogA_Task-2,2,F3,0.5,1,0.5,Left,0.45703125,-0.598771321198102,12.7336182038206,-14.3299914394052
VisualCogA_Task-2,2,F3,0.5,1,0.5,Left,0.4609375,0.373999279203113,13.9210855191641,-13.2139367796752
VisualCogA_Task-2,2,F3,0.5,1,0.5,Left,0.46484375,1.39033796101309,15.106286829365,-12.1074288066995
VisualCogA_Task-2,2,F3,0.5,1,0.5,Left,0.46875,2.41476180333414,16.2642701053703,-11.056883326513
VisualCogA_Task-2,2,F3,0.5,1,0.5,Left,0.47265625,3.39904590666689,17.3720339494705,-10.11143175549
VisualCogA_Task-2,2,F3,0.5,1,0.5,Left,0.4765625,4.29356021805772,18.4104845525054,-9.31929453380364
VisualCogA_Task-2,2,F3,0.5,1,0.5,Left,0.48046875,5.06069920244638,19.3646890311452,-8.71023655288324
VisualCogA_Task-2,2,F3,0.5,1,0.5,Left,0.484375,5.68636092217417,20.2293643371179,-8.28642097371699
VisualCogA_Task-2,2,F3,0.5,1,0.5,Left,0.48828125,6.18607990958717,21.0122157535485,-8.01523701633985
VisualCogA_Task-2,2,F3,0.5,1,0.5,Left,0.4921875,6.60404002497268,21.7290672035067,-7.83286351636496
VisualCogA_Task-2,2,F3,0.5,1,0.5,Left,0.49609375,7.00520741644375,22.4128948382712,-7.6501926518352
VisualCogA_Task-2,2,F3,0.5,1,0.5,Left,0.5,7.46262202955522,23.1262237972741,-7.36832302776788
VisualCogA_Task-2,2,F3,0.5,1,0.5,Left,0.50390625,8.04302396045874,23.9421816503354,-6.90367805047933
VisualCogA_Task-2,2,F3,0.5,1,0.5,Left,0.5078125,8.79427196526237,24.90279760129,-6.21368747744794
VisualCogA_Task-2,2,F3,0.5,1,0.5,Left,0.51171875,9.73746494903063,26.014904193003,-5.29832190833184
VisualCogA_Task-2,2,F3,0.5,1,0.5,Left,0.515625,10.8654787377245,27.265532887089,-4.19978107284778
VisualCogA_Task-2,2,F3,0.5,1,0.5,Left,0.51953125,12.1480402020388,28.6121279432692,-2.98982815940359
VisualCogA_Task-2,2,F3,0.5,1,0.5,Left,0.5234375,13.5418124612345,29.9940334081143,-1.73661152053455
VisualCogA_Task-2,2,F3,0.5,1,0.5,Left,0.52734375,15.0026587081499,31.3658955128025,-0.492273303627036
VisualCogA_Task-2,2,F3,0.5,1,0.5,Left,0.53125,16.4966822992945,32.7136023561274,0.706059637163404
VisualCogA_Task-2,2,F3,0.5,1,0.5,Left,0.53515625,18.0070474154903,34.0386511737228,1.86125664786106
VisualCogA_Task-2,2,F3,0.5,1,0.5,Left,0.5390625,19.53491130728,35.3593799513427,2.99845184562015
VisualCogA_Task-2,2,F3,0.5,1,0.5,Left,0.54296875,21.0946569961344,36.7142393962284,4.15825084337282
VisualCogA_Task-2,2,F3,0.5,1,0.5,Left,0.546875,22.7053957902953,38.1532908395332,5.38915218282169
VisualCogA_Task-2,2,F3,0.5,1,0.5,Left,0.55078125,24.3818021819402,39.727629567246,6.73012877665457
VisualCogA_Task-2,2,F3,0.5,1,0.5,Left,0.5546875,26.1273710776352,41.4764566018947,8.18937941284431
VisualCogA_Task-2,2,F3,0.5,1,0.5,Left,0.55859375,27.9321540915313,43.405802611665,9.74316089669738
VisualCogA_Task-2,2,F3,0.5,1,0.5,Left,0.5625,29.7753323673591,45.4664637927074,11.341204143555
VisualCogA_Task-2,2,F3,0.5,1,0.5,Left,0.56640625,31.6312518128741,47.5468097515078,12.9185815837889
VisualCogA_Task-2,2,F3,0.5,1,0.5,Left,0.5703125,33.4764106605856,49.5377986717473,14.4197695787936
VisualCogA_Task-2,2,F3,0.5,1,0.5,Left,0.57421875,35.2947357791281,51.381764279136,15.8263535874838
VisualCogA_Task-2,2,F3,0.5,1,0.5,Left,0.578125,37.0793263766653,53.0749061538308,17.1525303521462
VisualCogA_Task-2,2,F3,0.5,1,0.5,Left,0.58203125,38.8303311921625,54.6565579972861,18.4336254004762
VisualCogA_Task-2,2,F3,0.5,1,0.5,Left,0.5859375,40.5501793005338,56.1753831849327,19.7171715298262
VisualCogA_Task-2,2,F3,0.5,1,0.5,Left,0.58984375,42.2384075717246,57.6635877257987,21.0417641836392
VisualCogA_Task-2,2,F3,0.5,1,0.5,Left,0.59375,43.8884198747444,59.1308637428829,22.4249144604142
VisualCogA_Task-2,2,F3,0.5,1,0.5,Left,0.59765625,45.4876290896301,60.5707322404526,23.8535829622509
VisualCogA_Task-2,2,F3,0.5,1,0.5,Left,0.6015625,47.0209192967366,61.9585204639494,25.2950265064721
VisualCogA_Task-2,2,F3,0.5,1,0.5,Left,0.60546875,48.4758468200776,63.2812821371206,26.7109877858079
VisualCogA_Task-2,2,F3,0.5,1,0.5,Left,0.609375,49.8471348934108,64.5330588526327,28.0740823610099
VisualCogA_Task-2,2,F3,0.5,1,0.5,Left,0.61328125,51.1382151692772,65.715250965436,29.3748449666604
VisualCogA_Task-2,2,F3,0.5,1,0.5,Left,0.6171875,52.3587837687507,66.8498405320297,30.6208209686566
VisualCogA_Task-2,2,F3,0.5,1,0.5,Left,0.62109375,53.5190658522206,67.9732583830889,31.824376887925
VisualCogA_Task-2,2,F3,0.5,1,0.5,Left,0.625,54.6229746983487,69.123121615329,32.9840678924541
VisualCogA_Task-2,2,F3,0.5,1,0.5,Left,0.62890625,55.6629606160922,70.3126383598332,34.0877961046964
VisualCogA_Task-2,2,F3,0.5,1,0.5,Left,0.6328125,56.6188142188394,71.5303349945736,35.1133105410892
VisualCogA_Task-2,2,F3,0.5,1,0.5,Left,0.63671875,57.4612525904106,72.7280349547233,36.0186411186216
VisualCogA_Task-2,2,F3,0.5,1,0.5,Left,0.640625,58.1593745106698,73.8532031049346,36.759693892504
VisualCogA_Task-2,2,F3,0.5,1,0.5,Left,0.64453125,58.6897067005786,74.8711674382541,37.3228779092425
VisualCogA_Task-2,2,F3,0.5,1,0.5,Left,0.6484375,59.0440602535205,75.7265060955206,37.7209466812776
VisualCogA_Task-2,2,F3,0.5,1,0.5,Left,0.65234375,59.2338863120682,76.3575910213296,37.9510318676847
VisualCogA_Task-2,2,F3,0.5,1,0.5,Left,0.65625,59.2900029700562,76.7407459338785,38.0036905098988
VisualCogA_Task-2,2,F3,0.5,1,0.5,Left,0.66015625,59.2579774970974,76.8837834111747,37.8765701613621
VisualCogA_Task-2,2,F3,0.5,1,0.5,Left,0.6640625,59.1905922310058,76.809153492272,37.5893217497999
VisualCogA_Task-2,2,F3,0.5,1,0.5,Left,0.66796875,59.1393724579617,76.5719626931932,37.1839926229504
VisualCogA_Task-2,2,F3,0.5,1,0.5,Left,0.671875,59.1470471444612,76.2650651600532,36.7223327755872
VisualCogA_Task-2,2,F3,0.5,1,0.5,Left,0.67578125,59.2422278653002,75.9922383084193,36.2793056705021
VisualCogA_Task-2,2,F3,0.5,1,0.5,Left,0.6796875,59.4368367279885,75.8401155490725,35.9265632556531
VisualCogA_Task-2,2,F3,0.5,1,0.5,Left,0.68359375,59.7261798900204,75.8525050760893,35.7130064422669
VisualCogA_Task-2,2,F3,0.5,1,0.5,Left,0.6875,60.091201726998,76.0324247969792,35.6575833331522
VisualCogA_Task-2,2,F3,0.5,1,0.5,Left,0.69140625,60.5023468075829,76.3531761014887,35.7491469227645
VisualCogA_Task-2,2,F3,0.5,1,0.5,Left,0.6953125,60.9244690481604,76.7724840667065,35.950360585415
VisualCogA_Task-2,2,F3,0.5,1,0.5,Left,0.69921875,61.3222189985241,77.2398335280789,36.2079145935788
VisualCogA_Task-2,2,F3,0.5,1,0.5,Left,0.703125,61.6652541258539,77.6985203232097,36.4624821310669
VisualCogA_Task-2,2,F3,0.5,1,0.5,Left,0.70703125,61.9325053625998,78.1081928834071,36.6649737376988
VisualCogA_Task-2,2,F3,0.5,1,0.5,Left,0.7109375,62.1147150619085,78.43200160733,36.786914087882
VisualCogA_Task-2,2,F3,0.5,1,0.5,Left,0.71484375,62.2146474069025,78.6473359179019,36.8224594116113
VisualCogA_Task-2,2,F3,0.5,1,0.5,Left,0.71875,62.2447958787087,78.7527875131978,36.7772817459454
VisualCogA_Task-2,2,F3,0.5,1,0.5,Left,0.72265625,62.2229963643914,78.7624876407557,36.6633382314061
VisualCogA_Task-2,2,F3,0.5,1,0.5,Left,0.7265625,62.1669265096107,78.7035979400307,36.4968229249805
VisualCogA_Task-2,2,F3,0.5,1,0.5,Left,0.73046875,62.0888278502563,78.6081382509748,36.2965403301831
VisualCogA_Task-2,2,F3,0.5,1,0.5,Left,0.734375,61.9917767367509,78.4960788517623,36.0801328276847
VisualCogA_Task-2,2,F3,0.5,1,0.5,Left,0.73828125,61.8684260983624,78.3738662918036,35.8470222001904
VisualCogA_Task-2,2,F3,0.5,1,0.5,Left,0.7421875,61.7024612806933,78.2319413051998,35.5819230488564
VisualCogA_Task-2,2,F3,0.5,1,0.5,Left,0.74609375,61.4722843992607,78.0397400955341,35.2550151009142
VisualCogA_Task-2,2,F3,0.5,1,0.5,Left,0.75,61.1559019339023,77.7634260502329,34.8339361468214
VisualCogA_Task-2,2,F3,0.5,1,0.5,Left,0.75390625,60.7357878594628,77.3717089240757,34.2868613362806
VisualCogA_Task-2,2,F3,0.5,1,0.5,Left,0.7578125,60.2026299268098,76.8424598126463,33.5945708650425
VisualCogA_Task-2,2,F3,0.5,1,0.5,Left,0.76171875,59.5572226753664,76.170219805583,32.7576978021837
VisualCogA_Task-2,2,F3,0.5,1,0.5,Left,0.765625,58.8102059209783,75.3730646871616,31.7981462598865
VisualCogA_Task-2,2,F3,0.5,1,0.5,Left,0.76953125,57.9797776829914,74.4918603189231,30.7531725138485
VisualCogA_Task-2,2,F3,0.5,1,0.5,Left,0.7734375,57.0879168644883,73.5775538837121,29.670363885584
VisualCogA_Task-2,2,F3,0.5,1,0.5,Left,0.77734375,56.1560173040583,72.6862109479354,28.5976292738656
VisualCogA_Task-2,2,F3,0.5,1,0.5,Left,0.78125,55.2010802616438,71.8694300856028,27.5743834886766
VisualCogA_Task-2,2,F3,0.5,1,0.5,Left,0.78515625,54.233590267067,71.1501857422807,26.6157942235149
VisualCogA_Task-2,2,F3,0.5,1,0.5,Left,0.7890625,53.257777513953,70.5231738883828,25.7156840361031
VisualCogA_Task-2,2,F3,0.5,1,0.5,Left,0.79296875,52.2741422177552,69.9605456713071,24.8588362795693
VisualCogA_Task-2,2,F3,0.5,1,0.5,Left,0.796875,51.2830683447933,69.4284213680199,24.0238758900257
VisualCogA_Task-2,2,F3,0.5,1,0.5,Left,0.80078125,50.2874404916867,68.9027556976377,23.1939964552561
VisualCogA_Task-2,2,F3,0.5,1,0.5,Right,-0.19921875,0.874805805177957,0.757486651591192,2.68603095382954
VisualCogA_Task-2,2,F3,0.5,1,0.5,Right,-0.1953125,1.02216855712353,0.639518471948746,2.539515984965
VisualCogA_Task-2,2,F3,0.5,1,0.5,Right,-0.19140625,1.16834985535301,0.52175472514158,2.40384903648724
VisualCogA_Task-2,2,F3,0.5,1,0.5,Right,-0.1875,1.31065963744642,0.413999511047441,2.29017235891044
VisualCogA_Task-2,2,F3,0.5,1,0.5,Right,-0.18359375,1.44325336473961,0.328316037996461,2.20536538580918
VisualCogA_Task-2,2,F3,0.5,1,0.5,Right,-0.1796875,1.55567835537591,0.271090211482583,2.14787253916631
VisualCogA_Task-2,2,F3,0.5,1,0.5,Right,-0.17578125,1.63295811443875,0.245944689347005,2.10752795520934
VisualCogA_Task-2,2,F3,0.5,1,0.5,Right,-0.171875,1.65774851617224,0.256373590989151,2.07758024049766
VisualCogA_Task-2,2,F3,0.5,1,0.5,Right,-0.16796875,1.61404717821107,0.295374848203557,2.0467454507576
VisualCogA_Task-2,2,F3,0.5,1,0.5,Right,-0.1640625,1.49118163297256,0.322972188087249,1.99827416741356
VisualCogA_Task-2,2,F3,0.5,1,0.5,Right,-0.16015625,1.28671425590116,0.294608411702597,1.89407808018711
VisualCogA_Task-2,2,F3,0.5,1,0.5,Right,-0.15625,1.00747079545636,0.168425076350081,1.69978684340191
VisualCogA_Task-2,2,F3,0.5,1,0.5,Right,-0.15234375,0.668746864571067,-0.0690176628593485,1.39511117986702
VisualCogA_Task-2,2,F3,0.5,1,0.5,Right,-0.1484375,0.292377078346972,-0.389902044130213,0.9840657354931
VisualCogA_Task-2,2,F3,0.5,1,0.5,Right,-0.14453125,-0.0955382157975209,-0.771646817655522,0.493303152870003
VisualCogA_Task-2,2,F3,0.5,1,0.5,Right,-0.140625,-0.466812463853845,-1.19121048729571,-0.038880838169504
VisualCogA_Task-2,2,F3,0.5,1,0.5,Right,-0.13671875,-0.793325731124978,-1.61498636679634,-0.575789593155968
VisualCogA_Task-2,2,F3,0.5,1,0.5,Right,-0.1328125,-1.04950274929617,-1.99453850554683,-1.06850763172162
VisualCogA_Task-2,2,F3,0.5,1,0.5,Right,-0.12890625,-1.21535185295936,-2.27910464403203,-1.4673835777859
VisualCogA_Task-2,2,F3,0.5,1,0.5,Right,-0.125,-1.27985624180676,-2.43280418623315,-1.73294849471449
VisualCogA_Task-2,2,F3,0.5,1,0.5,Right,-0.12109375,-1.24399065346352,-2.43970240391502,-1.8413245285657
VisualCogA_Task-2,2,F3,0.5,1,0.5,Right,-0.1171875,-1.12232880691234,-2.30986519364165,-1.80079124527173
VisualCogA_Task-2,2,F3,0.5,1,0.5,Right,-0.11328125,-0.942292244541494,-2.08517345595391,-1.65627030081503
VisualCogA_Task-2,2,F3,0.5,1,0.5,Right,-0.109375,-0.740585300470934,-1.82370690950398,-1.46920203398981
VisualCogA_Task-2,2,F3,0.5,1,0.5,Right,-0.10546875,-0.557122342300936,-1.59324037016172,-1.31186592275729
VisualCogA_Task-2,2,F3,0.5,1,0.5,Right,-0.1015625,-0.427541632802003,-1.45557236373956,-1.25077190750034
VisualCogA_Task-2,2,F3,0.5,1,0.5,Right,-0.09765625,-0.375954627736428,-1.45396055098438,-1.33331775389107
VisualCogA_Task-2,2,F3,0.5,1,0.5,Right,-0.09375,-0.409699627571537,-1.60153898618239,-1.57626525351459
VisualCogA_Task-2,2,F3,0.5,1,0.5,Right,-0.08984375,-0.517480621927109,-1.86727434351707,-1.95070217607682
VisualCogA_Task-2,2,F3,0.5,1,0.5,Right,-0.0859375,-0.671465733181556,-2.17829829577457,-2.38230644788083
VisualCogA_Task-2,2,F3,0.5,1,0.5,Right,-0.08203125,-0.832932620483157,-2.44695048307745,-2.77293609667927
VisualCogA_Task-2,2,F3,0.5,1,0.5,Right,-0.078125,-0.960187125730565,-2.58479116407359,-3.02299682703476
VisualCogA_Task-2,2,F3,0.5,1,0.5,Right,-0.07421875,-1.01700185006793,-2.51637871008652,-3.04392503864274
VisualCogA_Task-2,2,F3,0.5,1,0.5,Right,-0.0703125,-0.979823578563053,-2.19876723297787,-2.78714721240521
VisualCogA_Task-2,2,F3,0.5,1,0.5,Right,-0.06640625,-0.842399683499424,-1.63500606771996,-2.26430713390227
VisualCogA_Task-2,2,F3,0.5,1,0.5,Right,-0.0625,-0.617076572590676,-0.876720280205288,-1.54772320694977
VisualCogA_Task-2,2,F3,0.5,1,0.5,Right,-0.05859375,-0.332638746718288,-0.0114555577411486,-0.744784335903128
VisualCogA_Task-2,2,F3,0.5,1,0.5,Right,-0.0546875,-0.0290962034245941,0.861027195661676,0.0375167309094262
VisualCogA_Task-2,2,F3,0.5,1,0.5,Right,-0.05078125,0.249699554128217,1.65441922584738,0.709368947577974
VisualCogA_Task-2,2,F3,0.5,1,0.5,Right,-0.046875,0.464302239902179,2.30726732482847,1.21208140693071
VisualCogA_Task-2,2,F3,0.5,1,0.5,Right,-0.04296875,0.58714462260946,2.79868624134323,1.53339386143935
VisualCogA_Task-2,2,F3,0.5,1,0.5,Right,-0.0390625,0.607533621347658,3.13051478658239,1.68743251697648
VisualCogA_Task-2,2,F3,0.5,1,0.5,Right,-0.03515625,0.532820664304133,3.31694822511761,1.70283655031449
VisualCogA_Task-2,2,F3,0.5,1,0.5,Right,-0.03125,0.385252411936319,3.38237921746713,1.60995607881157
VisualCogA_Task-2,2,F3,0.5,1,0.5,Right,-0.02734375,0.195198604853925,3.3587267897808,1.43759710770344
VisualCogA_Task-2,2,F3,0.5,1,0.5,Right,-0.0234375,-0.00737668552150072,3.27700445481068,1.21131262499019
VisualCogA_Task-2,2,F3,0.5,1,0.5,Right,-0.01953125,-0.200639919771791,3.16496870623929,0.953106365701115
VisualCogA_Task-2,2,F3,0.5,1,0.5,Right,-0.015625,-0.375371629469588,3.04217918271473,0.684812334588433
VisualCogA_Task-2,2,F3,0.5,1,0.5,Right,-0.01171875,-0.534759097283848,2.92251840871798,0.426128139995642
VisualCogA_Task-2,2,F3,0.5,1,0.5,Right,-0.0078125,-0.689597164311532,2.8213580880186,0.194609503621365
VisualCogA_Task-2,2,F3,0.5,1,0.5,Right,-0.00390625,-0.850561608141072,2.75425636581859,0.0097408618366058
VisualCogA_Task-2,2,F3,0.5,1,0.5,Right,0,-1.02024649889291,2.73677246021779,-0.105701778865525
VisualCogA_Task-2,2,F3,0.5,1,0.5,Right,0.00390625,-1.1878018698208,2.7886853425135,-0.128798647497166
VisualCogA_Task-2,2,F3,0.5,1,0.5,Right,0.0078125,-1.32825177628208,2.92426896601368,-0.0436936103865485
VisualCogA_Task-2,2,F3,0.5,1,0.5,Right,0.01171875,-1.40718689308905,3.13855401824499,0.144342368299858
VisualCogA_Task-2,2,F3,0.5,1,0.5,Right,0.015625,-1.38993683932813,3.40426839927185,0.405407511047853
VisualCogA_Task-2,2,F3,0.5,1,0.5,Right,0.01953125,-1.2529645289378,3.68123994135522,0.691022189285184
VisualCogA_Task-2,2,F3,0.5,1,0.5,Right,0.0234375,-0.994418710976138,3.93083622799872,0.945236553295527
VisualCogA_Task-2,2,F3,0.5,1,0.5,Right,0.02734375,-0.640727421480951,4.12303708270802,1.11641957222204
VisualCogA_Task-2,2,F3,0.5,1,0.5,Right,0.03125,-0.246867124867237,4.22981122510786,1.1617308673705
VisualCogA_Task-2,2,F3,0.5,1,0.5,Right,0.03515625,0.110608797232876,4.21709412867679,1.03851952125813
VisualCogA_Task-2,2,F3,0.5,1,0.5,Right,0.0390625,0.346845831929292,4.03922580098709,0.706504179793895
VisualCogA_Task-2,2,F3,0.5,1,0.5,Right,0.04296875,0.385534868459155,3.6557925395093,0.134591508383744
VisualCogA_Task-2,2,F3,0.5,1,0.5,Right,0.046875,0.175382998421158,3.04134944357984,-0.695833152471954
VisualCogA_Task-2,2,F3,0.5,1,0.5,Right,0.05078125,-0.297935559788659,2.19168032831072,-1.76709371778858
VisualCogA_Task-2,2,F3,0.5,1,0.5,Right,0.0546875,-1.00751545110949,1.1413903190647,-3.02233753152142
VisualCogA_Task-2,2,F3,0.5,1,0.5,Right,0.05859375,-1.88986819058044,-0.0242653404183496,-4.37936229838176
VisualCogA_Task-2,2,F3,0.5,1,0.5,Right,0.0625,-2.85734276044591,-1.18666187979957,-5.73672740814314
VisualCogA_Task-2,2,F3,0.5,1,0.5,Right,0.06640625,-3.81509800475265,-2.21540667747273,-6.97727085318164
VisualCogA_Task-2,2,F3,0.5,1,0.5,Right,0.0703125,-4.67824247316643,-3.00302912701256,-7.99184605958635
VisualCogA_Task-2,2,F3,0.5,1,0.5,Right,0.07421875,-5.38486636888808,-3.49284407191748,-8.70388916654749
VisualCogA_Task-2,2,F3,0.5,1,0.5,Right,0.078125,-5.90203580369904,-3.67859453627057,-9.09566892888476
VisualCogA_Task-2,2,F3,0.5,1,0.5,Right,0.08203125,-6.2239895352167,-3.59741055590378,-9.21123634161211
VisualCogA_Task-2,2,F3,0.5,1,0.5,Right,0.0859375,-6.36410865796629,-3.31755266974255,-9.11704945983072
VisualCogA_Task-2,2,F3,0.5,1,0.5,Right,0.08984375,-6.34399694485388,-2.91627873729447,-8.87995888809271
VisualCogA_Task-2,2,F3,0.5,1,0.5,Right,0.09375,-6.18364664764628,-2.45032166240038,-8.54853143852283
VisualCogA_Task-2,2,F3,0.5,1,0.5,Right,0.09765625,-5.89595214928617,-1.94393099361249,-8.14586002916968
VisualCogA_Task-2,2,F3,0.5,1,0.5,Right,0.1015625,-5.48700740665756,-1.38667612527409,-7.66790560893173
VisualCogA_Task-2,2,F3,0.5,1,0.5,Right,0.10546875,-4.96133295517649,-0.749392419318871,-7.0951623631482
VisualCogA_Task-2,2,F3,0.5,1,0.5,Right,0.109375,-4.32927821356935,-0.00425954006253001,-6.4010936819511
VisualCogA_Task-2,2,F3,0.5,1,0.5,Right,0.11328125,-3.61306712594466,0.862530847498967,-5.58684224907208
VisualCogA_Task-2,2,F3,0.5,1,0.5,Right,0.1171875,-2.84860199631559,1.85365233245325,-4.69481203586943
VisualCogA_Task-2,2,F3,0.5,1,0.5,Right,0.12109375,-2.08193638478716,2.92957853123516,-3.81129860534745
VisualCogA_Task-2,2,F3,0.5,1,0.5,Right,0.125,-1.36151806316202,3.99594582639313,-3.02098820936736
VisualCogA_Task-2,2,F3,0.5,1,0.5,Right,0.12890625,-0.728970988617144,4.95108936225774,-2.38373149325984
VisualCogA_Task-2,2,F3,0.5,1,0.5,Right,0.1328125,-0.211657189667552,5.72073933660614,-1.93125615581954
VisualCogA_Task-2,2,F3,0.5,1,0.5,Right,0.13671875,0.180598209918469,6.27118001247801,-1.66946494212357
VisualCogA_Task-2,2,F3,0.5,1,0.5,Right,0.140625,0.453972086446596,6.60444024721596,-1.5846701534007
VisualCogA_Task-2,2,F3,0.5,1,0.5,Right,0.14453125,0.625462665274781,6.74920767211019,-1.6544686379349
VisualCogA_Task-2,2,F3,0.5,1,0.5,Right,0.1484375,0.716341387878271,6.75194612894756,-1.85242301434235
VisualCogA_Task-2,2,F3,0.5,1,0.5,Right,0.15234375,0.74654586412728,6.66842548798809,-2.13982856873014
VisualCogA_Task-2,2,F3,0.5,1,0.5,Right,0.15625,0.73141445908912,6.54044599451208,-2.47013234422568
VisualCogA_Task-2,2,F3,0.5,1,0.5,Right,0.16015625,0.680879714063589,6.40192395663806,-2.80431381329938
VisualCogA_Task-2,2,F3,0.5,1,0.5,Right,0.1640625,0.600249220791255,6.28735709010663,-3.1151919813211
VisualCogA_Task-2,2,F3,0.5,1,0.5,Right,0.16796875,0.491442583011705,6.21958121797207,-3.38093432133052
VisualCogA_Task-2,2,F3,0.5,1,0.5,Right,0.171875,0.354017603909899,6.20822520861232,-3.58552927221207
VisualCogA_Task-2,2,F3,0.5,1,0.5,Right,0.17578125,0.186103904323764,6.24414459172735,-3.73427238210213
VisualCogA_Task-2,2,F3,0.5,1,0.5,Right,0.1796875,-0.0140871363786076,6.29704512201511,-3.8561779567628
VisualCogA_Task-2,2,F3,0.5,1,0.5,Right,0.18359375,-0.245577372077776,6.3248142659345,-3.99586211145267
VisualCogA_Task-2,2,F3,0.5,1,0.5,Right,0.1875,-0.500857174243813,6.29340749874409,-4.190053873627
VisualCogA_Task-2,2,F3,0.5,1,0.5,Right,0.19140625,-0.762078056917801,6.18939195342889,-4.44824068218828
VisualCogA_Task-2,2,F3,0.5,1,0.5,Right,0.1953125,-0.998884558706406,6.02942912208471,-4.75065878337787
VisualCogA_Task-2,2,F3,0.5,1,0.5,Right,0.19921875,-1.16949664251124,5.85942083543781,-5.05640192169096
VisualCogA_Task-2,2,F3,0.5,1,0.5,Right,0.203125,-1.22579046354017,5.74384530378864,-5.31448526812708
VisualCogA_Task-2,2,F3,0.5,1,0.5,Right,0.20703125,-1.12176906237279,5.7432136115316,-5.46718202526286
VisualCogA_Task-2,2,F3,0.5,1,0.5,Right,0.2109375,-0.823499507248842,5.89471305360422,-5.46858640186857
VisualCogA_Task-2,2,F3,0.5,1,0.5,Right,0.21484375,-0.317851199956062,6.20954484721932,-5.30867667751918
VisualCogA_Task-2,2,F3,0.5,1,0.5,Right,0.21875,0.382489962896573,6.6763817176399,-5.00448822562488
VisualCogA_Task-2,2,F3,0.5,1,0.5,Right,0.22265625,1.23927229802317,7.26625731398663,-4.59148819640125
VisualCogA_Task-2,2,F3,0.5,1,0.5,Right,0.2265625,2.19426896802355,7.93619219690691,-4.11282658720597
VisualCogA_Task-2,2,F3,0.5,1,0.5,Right,0.23046875,3.1788673155205,8.64534752416917,-3.60771322314241
VisualCogA_Task-2,2,F3,0.5,1,0.5,Right,0.234375,4.12540944390781,9.36561591562582,-3.1023661097646
VisualCogA_Task-2,2,F3,0.5,1,0.5,Right,0.23828125,4.9778372095691,10.0796936591433,-2.60808517405431
VisualCogA_Task-2,2,F3,0.5,1,0.5,Right,0.2421875,5.69959698646437,10.7746823530561,-2.12836123453302
VisualCogA_Task-2,2,F3,0.5,1,0.5,Right,0.24609375,6.27748937301395,11.4406026316354,-1.65810266981423
VisualCogA_Task-2,2,F3,0.5,1,0.5,Right,0.25,6.72096267051381,12.0681595319568,-1.19356213980843
VisualCogA_Task-2,2,F3,0.5,1,0.5,Right,0.25390625,7.05714672119546,12.6491447105443,-0.748891325411989
VisualCogA_Task-2,2,F3,0.5,1,0.5,Right,0.2578125,7.32270404937294,13.1784319324632,-0.346103061330802
VisualCogA_Task-2,2,F3,0.5,1,0.5,Right,0.26171875,7.55429219051763,13.6556864235414,-0.0185653871998848
VisualCogA_Task-2,2,F3,0.5,1,0.5,Right,0.265625,7.77989936533946,14.0851033815305,0.200971262221203
VisualCogA_Task-2,2,F3,0.5,1,0.5,Right,0.26953125,8.01326660970491,14.4726295385921,0.305192102217209
VisualCogA_Task-2,2,F3,0.5,1,0.5,Right,0.2734375,8.2528716983349,14.8217550611523,0.309740507866408
VisualCogA_Task-2,2,F3,0.5,1,0.5,Right,0.27734375,8.48562361428147,15.1302213354819,0.256553519356065
VisualCogA_Task-2,2,F3,0.5,1,0.5,Right,0.28125,8.69390620401594,15.3899428246874,0.178452973125093
VisualCogA_Task-2,2,F3,0.5,1,0.5,Right,0.28515625,8.86348077114861,15.5908283956348,0.0803226974497841
VisualCogA_Task-2,2,F3,0.5,1,0.5,Right,0.2890625,8.98948232028887,15.7268906187049,-0.045443615310374
VisualCogA_Task-2,2,F3,0.5,1,0.5,Right,0.29296875,9.07847948129534,15.8016043832548,-0.206880952408334
VisualCogA_Task-2,2,F3,0.5,1,0.5,Right,0.296875,9.14606895639349,15.8299166597193,-0.406896719722433
VisualCogA_Task-2,2,F3,0.5,1,0.5,Right,0.30078125,9.21118366136896,15.8362167124801,-0.63615973736097
VisualCogA_Task-2,2,F3,0.5,1,0.5,Right,0.3046875,9.28955485984219,15.8495692783046,-0.879971568507046
VisualCogA_Task-2,2,F3,0.5,1,0.5,Right,0.30859375,9.3890835085566,15.8984313454382,-1.12264265373576
VisualCogA_Task-2,2,F3,0.5,1,0.5,Right,0.3125,9.50909485635731,16.0067274336037,-1.34542134956181
VisualCogA_Task-2,2,F3,0.5,1,0.5,Right,0.31640625,9.64384018649711,16.1920926268141,-1.52929663693144
VisualCogA_Task-2,2,F3,0.5,1,0.5,Right,0.3203125,9.78877327727276,16.4659514662112,-1.65910425996015
VisualCogA_Task-2,2,F3,0.5,1,0.5,Right,0.32421875,9.94679558162212,16.8343533250401,-1.70978187187929
VisualCogA_Task-2,2,F3,0.5,1,0.5,Right,0.328125,10.1314125890115,17.2984397047816,-1.64017119626674
VisualCogA_Task-2,2,F3,0.5,1,0.5,Right,0.33203125,10.3647585863473,17.8540994673604,-1.41069680222747
VisualCogA_Task-2,2,F3,0.5,1,0.5,Right,0.3359375,10.6704080562155,18.4913521766343,-1.008239913082
VisualCogA_Task-2,2,F3,0.5,1,0.5,Right,0.33984375,11.0630683649451,19.1946107312212,-0.459684883902731
VisualCogA_Task-2,2,F3,0.5,1,0.5,Right,0.34375,11.5387741863597,19.9446927215737,0.201469091335713
VisualCogA_Task-2,2,F3,0.5,1,0.5,Right,0.34765625,12.0694266584786,20.7117878154967,0.932688155838677
VisualCogA_Task-2,2,F3,0.5,1,0.5,Right,0.3515625,12.6042750554985,21.4545310276049,1.67331414293492
VisualCogA_Task-2,2,F3,0.5,1,0.5,Right,0.35546875,13.0786354566452,22.1266686367685,2.34099778878209
VisualCogA_Task-2,2,F3,0.5,1,0.5,Right,0.359375,13.4276218102228,22.6837590387458,2.85521565281287
VisualCogA_Task-2,2,F3,0.5,1,0.5,Right,0.36328125,13.6008813675706,23.0824683852185,3.14773977974649
VisualCogA_Task-2,2,F3,0.5,1,0.5,Right,0.3671875,13.5739532393797,23.2838193571313,3.18264509255569
VisualCogA_Task-2,2,F3,0.5,1,0.5,Right,0.37109375,13.3530175027102,23.26555686437,2.95423314775662
VisualCogA_Task-2,2,F3,0.5,1,0.5,Right,0.375,12.9719782255865,23.027403176587,2.48533300540259
VisualCogA_Task-2,2,F3,0.5,1,0.5,Right,0.37890625,12.4831620282531,22.5957865655062,1.82154227221756
VisualCogA_Task-2,2,F3,0.5,1,0.5,Right,0.3828125,11.9445806077177,22.0193626500914,1.02004077512957
VisualCogA_Task-2,2,F3,0.5,1,0.5,Right,0.38671875,11.4072517722536,21.3662259490743,0.143104855710194
VisualCogA_Task-2,2,F3,0.5,1,0.5,Right,0.390625,10.905556613601,20.7034199958923,-0.748845782048787
VisualCogA_Task-2,2,F3,0.5,1,0.5,Right,0.39453125,10.4524510059534,20.0845945434351,-1.60453728649869
VisualCogA_Task-2,2,F3,0.5,1,0.5,Right,0.3984375,10.0400462362986,19.5442651247985,-2.39956743168915
VisualCogA_Task-2,2,F3,0.5,1,0.5,Right,0.40234375,9.64496626728672,19.0945871835674,-3.12557096620815
VisualCogA_Task-2,2,F3,0.5,1,0.5,Right,0.40625,9.23709172912772,18.7241925871299,-3.78568646130569
VisualCogA_Task-2,2,F3,0.5,1,0.5,Right,0.41015625,8.78978871847857,18.4053506226852,-4.38977785919836
VisualCogA_Task-2,2,F3,0.5,1,0.5,Right,0.4140625,8.28946606360527,18.1137614573765,-4.94543275302003
VisualCogA_Task-2,2,F3,0.5,1,0.5,Right,0.41796875,7.74235032768158,17.8383306032202,-5.45638425300899
VisualCogA_Task-2,2,F3,0.5,1,0.5,Right,0.421875,7.17679833327693,17.5802387324436,-5.92873149382788
VisualCogA_Task-2,2,F3,0.5,1,0.5,Right,0.42578125,6.64031670351361,17.351825129346,-6.35868645370006
VisualCogA_Task-2,2,F3,0.5,1,0.5,Right,0.4296875,6.19162509271562,17.1713300526711,-6.72560697857357
VisualCogA_Task-2,2,F3,0.5,1,0.5,Right,0.43359375,5.88932871362105,17.0678994546825,-6.99920546856819
VisualCogA_Task-2,2,F3,0.5,1,0.5,Right,0.4375,5.77971218387542,17.0828047364705,-7.1498318412258
VisualCogA_Task-2,2,F3,0.5,1,0.5,Right,0.44140625,5.8865174920666,17.2760861028601,-7.13990305869693
VisualCogA_Task-2,2,F3,0.5,1,0.5,Right,0.4453125,6.20516472163721,17.7001195559144,-6.93581010143896
VisualCogA_Task-2,2,F3,0.5,1,0.5,Right,0.44921875,6.70278607136073,18.3560199281013,-6.52765637481036
VisualCogA_Task-2,2,F3,0.5,1,0.5,Right,0.453125,7.32397110014992,19.1793876948407,-5.95690827063328
VisualCogA_Task-2,2,F3,0.5,1,0.5,Right,0.45703125,8.0007045863873,20.0617627243518,-5.32054509117064
VisualCogA_Task-2,2,F3,0.5,1,0.5,Right,0.4609375,8.66405090218479,20.8966331563171,-4.71961145703631
VisualCogA_Task-2,2,F3,0.5,1,0.5,Right,0.46484375,9.25496777071425,21.5971285297769,-4.24161754592768
VisualCogA_Task-2,2,F3,0.5,1,0.5,Right,0.46875,9.73221605025594,22.1061340325945,-3.95189751319362
VisualCogA_Task-2,2,F3,0.5,1,0.5,Right,0.47265625,10.0763990995167,22.4054505527701,-3.88603825154841
VisualCogA_Task-2,2,F3,0.5,1,0.5,Right,0.4765625,10.2902842199435,22.5173629579342,-4.03550057501374
VisualCogA_Task-2,2,F3,0.5,1,0.5,Right,0.48046875,10.3963218852658,22.4968378841325,-4.3394798490889
VisualCogA_Task-2,2,F3,0.5,1,0.5,Right,0.484375,10.4324787675693,22.4177514805232,-4.7034024385975
VisualCogA_Task-2,2,F3,0.5,1,0.5,Right,0.48828125,10.4472172433309,22.3587182578806,-5.03024948636476
VisualCogA_Task-2,2,F3,0.5,1,0.5,Right,0.4921875,10.4939969038483,22.3925457541437,-5.23200274179294
VisualCogA_Task-2,2,F3,0.5,1,0.5,Right,0.49609375,10.6254050772373,22.5799855999751,-5.23678606311
VisualCogA_Task-2,2,F3,0.5,1,0.5,Right,0.5,10.8871506375432,22.9659476278016,-4.99537832576371
VisualCogA_Task-2,2,F3,0.5,1,0.5,Right,0.50390625,11.3126088394064,23.5762034097826,-4.49352076192006
VisualCogA_Task-2,2,F3,0.5,1,0.5,Right,0.5078125,11.9190744417227,24.4145012128993,-3.75133683976286
VisualCogA_Task-2,2,F3,0.5,1,0.5,Right,0.51171875,12.7069889663207,25.4622557291719,-2.82557720461946
VisualCogA_Task-2,2,F3,0.5,1,0.5,Right,0.515625,13.6629256340861,26.6836350320512,-1.78083626403396
VisualCogA_Task-2,2,F3,0.5,1,0.5,Right,0.51953125,14.766098947202,28.0370174121705,-0.675692972329519
VisualCogA_Task-2,2,F3,0.5,1,0.5,Right,0.5234375,15.9969534476068,29.4902519561982,0.469868154944231
VisualCogA_Task-2,2,F3,0.5,1,0.5,Right,0.52734375,17.3454554638879,31.034135718265,1.67402677758466
VisualCogA_Task-2,2,F3,0.5,1,0.5,Right,0.53125,18.8164721440947,32.688732525061,2.99437678872031
VisualCogA_Task-2,2,F3,0.5,1,0.5,Right,0.53515625,20.430241202577,34.497596878976,4.49392813545045
VisualCogA_Task-2,2,F3,0.5,1,0.5,Right,0.5390625,22.2172703200917,36.5128673031113,6.22955466058079
VisualCogA_Task-2,2,F3,0.5,1,0.5,Right,0.54296875,24.2086616223373,38.7756271403529,8.24008124255837
VisualCogA_Task-2,2,F3,0.5,1,0.5,Right,0.546875,26.424329710782,41.2979951761426,10.5337029891968
VisualCogA_Task-2,2,F3,0.5,1,0.5,Right,0.55078125,28.862421935971,44.0524437098419,13.0804248734946
VisualCogA_Task-2,2,F3,0.5,1,0.5,Right,0.5546875,31.4931848637528,46.9713586658711,15.812865932568
VisualCogA_Task-2,2,F3,0.5,1,0.5,Right,0.55859375,34.2595126654487,49.9569960387164,18.6335063636268
VisualCogA_Task-2,2,F3,0.5,1,0.5,Right,0.5625,37.0846611334786,52.8995591047153,21.4329771492738
VisualCogA_Task-2,2,F3,0.5,1,0.5,Right,0.56640625,39.8855283805982,55.6995285175758,24.1121519234804
VisualCogA_Task-2,2,F3,0.5,1,0.5,Right,0.5703125,42.5880626070902,58.3026274903559,26.6010898137724
VisualCogA_Task-2,2,F3,0.5,1,0.5,Right,0.57421875,45.1403798842081,60.6966061631896,28.863891335219
VisualCogA_Task-2,2,F3,0.5,1,0.5,Right,0.578125,47.5195393566165,62.9005476036828,30.899061073385
VisualCogA_Task-2,2,F3,0.5,1,0.5,Right,0.58203125,49.7297249485955,64.9498602762796,32.7312315745085
VisualCogA_Task-2,2,F3,0.5,1,0.5,Right,0.5859375,51.7923619797681,66.8793554174638,34.3970556838229
VisualCogA_Task-2,2,F3,0.5,1,0.5,Right,0.58984375,53.7314948865908,68.705975749503,35.9312392459503
VisualCogA_Task-2,2,F3,0.5,1,0.5,Right,0.59375,55.5594602008134,70.43332546843,37.3587074262732
VisualCogA_Task-2,2,F3,0.5,1,0.5,Right,0.59765625,57.2677664878156,72.0508421682951,38.6960173420274
VisualCogA_Task-2,2,F3,0.5,1,0.5,Right,0.6015625,58.826162275509,73.5271980195694,39.9414617957326
VisualCogA_Task-2,2,F3,0.5,1,0.5,Right,0.60546875,60.189933748369,74.8239837187064,41.0626962029344
VisualCogA_Task-2,2,F3,0.5,1,0.5,Right,0.609375,61.3127108791911,75.894306989772,42.0147980309739
VisualCogA_Task-2,2,F3,0.5,1,0.5,Right,0.61328125,62.1604820249496,76.6847400459243,42.759440154666
VisualCogA_Task-2,2,F3,0.5,1,0.5,Right,0.6171875,62.7225469263583,77.1441975055419,43.2640595098263
VisualCogA_Task-2,2,F3,0.5,1,0.5,Right,0.62109375,63.0165409223084,77.241167554372,43.5194390144993
VisualCogA_Task-2,2,F3,0.5,1,0.5,Right,0.625,63.0867565164826,76.9893056610888,43.541339136012
VisualCogA_Task-2,2,F3,0.5,1,0.5,Right,0.62890625,62.9969751399177,76.4742340178606,43.3715779767395
VisualCogA_Task-2,2,F3,0.5,1,0.5,Right,0.6328125,62.8202850406805,75.8114438466783,43.0670926421675
VisualCogA_Task-2,2,F3,0.5,1,0.5,Right,0.63671875,62.6286367598863,75.1349795025598,42.694644810794
VisualCogA_Task-2,2,F3,0.5,1,0.5,Right,0.640625,62.4842937299309,74.5603971784622,42.3214755114194
VisualCogA_Task-2,2,F3,0.5,1,0.5,Right,0.64453125,62.4342703625562,74.1920629495214,42.0202147685366
VisualCogA_Task-2,2,F3,0.5,1,0.5,Right,0.6484375,62.5078010047099,74.1346075965241,41.8351143165555
VisualCogA_Task-2,2,F3,0.5,1,0.5,Right,0.65234375,62.7162201604166,74.394645701882,41.785964180112
VisualCogA_Task-2,2,F3,0.5,1,0.5,Right,0.65625,63.0544739180822,74.8677523032926,41.8713177947916
VisualCogA_Task-2,2,F3,0.5,1,0.5,Right,0.66015625,63.5036832085027,75.4221621324098,42.0689221026919
VisualCogA_Task-2,2,F3,0.5,1,0.5,Right,0.6640625,64.0344639499861,75.9673169315761,42.345742305305
VisualCogA_Task-2,2,F3,0.5,1,0.5,Right,0.66796875,64.6108396355629,76.452932838522,42.6600247169105
VisualCogA_Task-2,2,F3,0.5,1,0.5,Right,0.671875,65.1944893148014,76.8850296600726,42.9680071087916
VisualCogA_Task-2,2,F3,0.5,1,0.5,Right,0.67578125,65.7488705418449,77.3143451562691,43.2386440798385
VisualCogA_Task-2,2,F3,0.5,1,0.5,Right,0.6796875,66.2426386148099,77.787515737972,43.4619013936253
VisualCogA_Task-2,2,F3,0.5,1,0.5,Right,0.68359375,66.6518919895722,78.3165719916934,43.6318481191648
VisualCogA_Task-2,2,F3,0.5,1,0.5,Right,0.6875,66.9611046047284,78.8903921032986,43.7499603093485
VisualCogA_Task-2,2,F3,0.5,1,0.5,Right,0.69140625,67.1630095100307,79.4800483819938,43.8250301900587
VisualCogA_Task-2,2,F3,0.5,1,0.5,Right,0.6953125,67.2579641501969,80.0493031800564,43.866390838878
VisualCogA_Task-2,2,F3,0.5,1,0.5,Right,0.69921875,67.2533010560631,80.5707774938708,43.8845983785966
VisualCogA_Task-2,2,F3,0.5,1,0.5,Right,0.703125,67.1628398973974,81.0308921360062,43.8928876941246
VisualCogA_Task-2,2,F3,0.5,1,0.5,Right,0.70703125,67.0062667722319,81.4259990963098,43.9064880686272
VisualCogA_Task-2,2,F3,0.5,1,0.5,Right,0.7109375,66.8077380734116,81.7463677001546,43.935098130461
VisualCogA_Task-2,2,F3,0.5,1,0.5,Right,0.71484375,66.5930819712302,81.9862060255317,43.9802149837077
VisualCogA_Task-2,2,F3,0.5,1,0.5,Right,0.71875,66.3854374857425,82.1613185501506,44.0460086488585
VisualCogA_Task-2,2,F3,0.5,1,0.5,Right,0.72265625,66.199948470511,82.2928867790764,44.1388068673279
VisualCogA_Task-2,2,F3,0.5,1,0.5,Right,0.7265625,66.0388883307741,82.3897373625877,44.253812412688
VisualCogA_Task-2,2,F3,0.5,1,0.5,Right,0.73046875,65.8889557887977,82.4385044955242,44.3578635466207
VisualCogA_Task-2,2,F3,0.5,1,0.5,Right,0.734375,65.7222085534551,82.4075409193145,44.3837576584916
VisualCogA_Task-2,2,F3,0.5,1,0.5,Right,0.73828125,65.5011996037773,82.2500303654108,44.2380237343894
VisualCogA_Task-2,2,F3,0.5,1,0.5,Right,0.7421875,65.1876212788268,81.8975603405377,43.8186794377302
VisualCogA_Task-2,2,F3,0.5,1,0.5,Right,0.74609375,64.7525764531508,81.3013711645953,43.0615183660441
VisualCogA_Task-2,2,F3,0.5,1,0.5,Right,0.75,64.1859099985304,80.455136161407,41.9838085509121
VisualCogA_Task-2,2,F3,0.5,1,0.5,Right,0.75390625,63.5021080388379,79.416253094714,40.6833986921949
VisualCogA_Task-2,2,F3,0.5,1,0.5,Right,0.7578125,62.7411022428139,78.2873438704153,39.3125771669604
VisualCogA_Task-2,2,F3,0.5,1,0.5,Right,0.76171875,61.9636298691628,77.1860358698547,38.0343125934755
VisualCogA_Task-2,2,F3,0.5,1,0.5,Right,0.765625,61.2421625823153,76.2146125859841,36.979661859271
VisualCogA_Task-2,2,F3,0.5,1,0.5,Right,0.76953125,60.6494033385997,75.4387389692698,36.2333088039068
VisualCogA_Task-2,2,F3,0.5,1,0.5,Right,0.7734375,60.2467166634293,74.8808758950925,35.8379776871386
VisualCogA_Task-2,2,F3,0.5,1,0.5,Right,0.77734375,60.0746259412643,74.5297337465229,35.7987596058898
VisualCogA_Task-2,2,F3,0.5,1,0.5,Right,0.78125,60.1469243205289,74.3604953029093,36.0897994999103
VisualCogA_Task-2,2,F3,0.5,1,0.5,Right,0.78515625,60.4493034426443,74.344161850446,36.6544322407994
VisualCogA_Task-2,2,F3,0.5,1,0.5,Right,0.7890625,60.9428715956271,74.4585220785802,37.4069700808064
VisualCogA_Task-2,2,F3,0.5,1,0.5,Right,0.79296875,61.5724328899604,74.6827409065203,38.2612875368825
VisualCogA_Task-2,2,F3,0.5,1,0.5,Right,0.796875,62.2786698100765,74.966260385045,39.1415877656409
VisualCogA_Task-2,2,F3,0.5,1,0.5,Right,0.80078125,63.0121780658333,75.2664991071624,40.0155134987904
VisualCogA_Task-2,2,F3,0.5,1,0.5,Delta,-0.19921875,-0.857121780354043,-0.273187957278007,0.122229198333251
VisualCogA_Task-2,2,F3,0.5,1,0.5,Delta,-0.1953125,-1.30366582193094,-0.81931927698293,-0.4345649386243
VisualCogA_Task-2,2,F3,0.5,1,0.5,Delta,-0.19140625,-1.69917792303041,-1.30932909172858,-0.929396679654327
VisualCogA_Task-2,2,F3,0.5,1,0.5,Delta,-0.1875,-1.97563601409181,-1.66045686085589,-1.27442008879133
VisualCogA_Task-2,2,F3,0.5,1,0.5,Delta,-0.18359375,-2.07623602127428,-1.79713131867771,-1.39639404721975
VisualCogA_Task-2,2,F3,0.5,1,0.5,Delta,-0.1796875,-1.97422121990679,-1.68474139960399,-1.27034929434978
VisualCogA_Task-2,2,F3,0.5,1,0.5,Delta,-0.17578125,-1.68096115979524,-1.33999895464353,-0.934191871930918
VisualCogA_Task-2,2,F3,0.5,1,0.5,Delta,-0.171875,-1.24389384514457,-0.824121101635123,-0.461758470026397
VisualCogA_Task-2,2,F3,0.5,1,0.5,Delta,-0.16796875,-0.736592227470788,-0.234925379872578,0.0520570769369875
VisualCogA_Task-2,2,F3,0.5,1,0.5,Delta,-0.1640625,-0.244258049073795,0.294370875457253,0.510122859713809
VisualCogA_Task-2,2,F3,0.5,1,0.5,Delta,-0.16015625,0.15180764608691,0.650546815513797,0.814342996453427
VisualCogA_Task-2,2,F3,0.5,1,0.5,Delta,-0.15625,0.387728604140964,0.761002551480126,0.8959604599654
VisualCogA_Task-2,2,F3,0.5,1,0.5,Delta,-0.15234375,0.426568652589286,0.617844605759316,0.729575698924346
VisualCogA_Task-2,2,F3,0.5,1,0.5,Delta,-0.1484375,0.262983280251664,0.278225205873913,0.343282576104632
VisualCogA_Task-2,2,F3,0.5,1,0.5,Delta,-0.14453125,-0.0769112557917288,-0.198682092223896,-0.198078988277221
VisualCogA_Task-2,2,F3,0.5,1,0.5,Delta,-0.140625,-0.53981570776529,-0.757856776907684,-0.820257370998607
VisualCogA_Task-2,2,F3,0.5,1,0.5,Delta,-0.13671875,-1.05284151817787,-1.34341539097431,-1.4575061827517
VisualCogA_Task-2,2,F3,0.5,1,0.5,Delta,-0.1328125,-1.53358803268423,-1.88520297345378,-2.03219652803993
VisualCogA_Task-2,2,F3,0.5,1,0.5,Delta,-0.12890625,-1.90184373647518,-2.30778588450967,-2.46677066673206
VisualCogA_Task-2,2,F3,0.5,1,0.5,Delta,-0.125,-2.09182674939339,-2.55142130757856,-2.70184846385137
VisualCogA_Task-2,2,F3,0.5,1,0.5,Delta,-0.12109375,-2.06343201575942,-2.57943485322956,-2.70279682049837
VisualCogA_Task-2,2,F3,0.5,1,0.5,Delta,-0.1171875,-1.81046422534052,-2.39705840092048,-2.48077387539106
VisualCogA_Task-2,2,F3,0.5,1,0.5,Delta,-0.11328125,-1.36365538201395,-2.05634252131479,-2.09557803437173
VisualCogA_Task-2,2,F3,0.5,1,0.5,Delta,-0.109375,-0.78675449151418,-1.63753241936723,-1.63076276791971
VisualCogA_Task-2,2,F3,0.5,1,0.5,Delta,-0.10546875,-0.1652927747175,-1.23553914031417,-1.18436533379904
VisualCogA_Task-2,2,F3,0.5,1,0.5,Delta,-0.1015625,0.410431799135404,-0.938413880048598,-0.846798328693212
VisualCogA_Task-2,2,F3,0.5,1,0.5,Delta,-0.09765625,0.864614810183359,-0.810706036000657,-0.684291929486434
VisualCogA_Task-2,2,F3,0.5,1,0.5,Delta,-0.09375,1.15263714033516,-0.883105719767697,-0.728484891560318
VisualCogA_Task-2,2,F3,0.5,1,0.5,Delta,-0.08984375,1.27046220980967,-1.13625359623429,-0.961967243531014
VisualCogA_Task-2,2,F3,0.5,1,0.5,Delta,-0.0859375,1.25368431064741,-1.49356453765324,-1.31285276777138
VisualCogA_Task-2,2,F3,0.5,1,0.5,Delta,-0.08203125,1.16604945831155,-1.84632087057649,-1.67278101632251
VisualCogA_Task-2,2,F3,0.5,1,0.5,Delta,-0.078125,1.08045202217993,-2.08073186121868,-1.92119287035729
VisualCogA_Task-2,2,F3,0.5,1,0.5,Delta,-0.07421875,1.05779985631846,-2.08572535072958,-1.92856657082255
VisualCogA_Task-2,2,F3,0.5,1,0.5,Delta,-0.0703125,1.12986811044872,-1.78732138771505,-1.6002787664283
VisualCogA_Task-2,2,F3,0.5,1,0.5,Delta,-0.06640625,1.29104173125168,-1.1794293446555,-0.923574180082839
VisualCogA_Task-2,2,F3,0.5,1,0.5,Delta,-0.0625,1.50109738756402,-0.337438452884135,0.0173058281509748
VisualCogA_Task-2,2,F3,0.5,1,0.5,Delta,-0.05859375,1.69784752516338,0.604115678571864,1.06054230463006
VisualCogA_Task-2,2,F3,0.5,1,0.5,Delta,-0.0546875,1.81566304106808,1.50456092383342,2.03872207759552
VisualCogA_Task-2,2,F3,0.5,1,0.5,Delta,-0.05078125,1.80444692746611,2.26254996173253,2.81798643018276
VisualCogA_Task-2,2,F3,0.5,1,0.5,Delta,-0.046875,1.64386539019049,2.81148310518544,3.3252787891068
VisualCogA_Task-2,2,F3,0.5,1,0.5,Delta,-0.04296875,1.34931304610536,3.11454020107442,3.5526699645813
VisualCogA_Task-2,2,F3,0.5,1,0.5,Delta,-0.0390625,0.968558142809347,3.17866085577299,3.53812121553769
VisualCogA_Task-2,2,F3,0.5,1,0.5,Delta,-0.03515625,0.570513213957171,3.04424127803554,3.34863843624496
VisualCogA_Task-2,2,F3,0.5,1,0.5,Delta,-0.03125,0.229452272426443,2.7869223505896,3.06928913848319
VisualCogA_Task-2,2,F3,0.5,1,0.5,Delta,-0.02734375,0.00886189402171222,2.50749720334962,2.78109918649516
VisualCogA_Task-2,2,F3,0.5,1,0.5,Delta,-0.0234375,-0.0511140179426099,2.29308956212551,2.55005374386802
VisualCogA_Task-2,2,F3,0.5,1,0.5,Delta,-0.01953125,0.0601646791551269,2.2105226075413,2.4266488860427
VisualCogA_Task-2,2,F3,0.5,1,0.5,Delta,-0.015625,0.325104993766074,2.29437119991286,2.4518704177922
VisualCogA_Task-2,2,F3,0.5,1,0.5,Delta,-0.01171875,0.70568466723121,2.55048785960875,2.64770737073943
VisualCogA_Task-2,2,F3,0.5,1,0.5,Delta,-0.0078125,1.15525584650082,2.96434869794672,3.01813908983957
VisualCogA_Task-2,2,F3,0.5,1,0.5,Delta,-0.00390625,1.63090772923779,3.50326879413356,3.54376787359555
VisualCogA_Task-2,2,F3,0.5,1,0.5,Delta,0,2.10301665403116,4.12118978678745,4.18262659010818
VisualCogA_Task-2,2,F3,0.5,1,0.5,Delta,0.00390625,2.55961908598888,4.77184982456163,4.88438529972773
VisualCogA_Task-2,2,F3,0.5,1,0.5,Delta,0.0078125,3.00484771838538,5.40628712106725,5.60328012602766
VisualCogA_Task-2,2,F3,0.5,1,0.5,Delta,0.01171875,3.45235197814174,5.97649769430703,6.28066428779763
VisualCogA_Task-2,2,F3,0.5,1,0.5,Delta,0.015625,3.91588191444945,6.4358239379318,6.85527679465303
VisualCogA_Task-2,2,F3,0.5,1,0.5,Delta,0.01953125,4.39975413799341,6.73845480690248,7.26562330608364
VisualCogA_Task-2,2,F3,0.5,1,0.5,Delta,0.0234375,4.89172064605789,6.8536505604614,7.45223653328836
VisualCogA_Task-2,2,F3,0.5,1,0.5,Delta,0.02734375,5.36001939281904,6.76887333280211,7.3729901768814
VisualCogA_Task-2,2,F3,0.5,1,0.5,Delta,0.03125,5.75537258369666,6.48241310087855,7.01879718054204
VisualCogA_Task-2,2,F3,0.5,1,0.5,Delta,0.03515625,6.01765316635751,5.99973016952044,6.40201881261308
VisualCogA_Task-2,2,F3,0.5,1,0.5,Delta,0.0390625,6.08602067366494,5.32551867206594,5.55384876860193
VisualCogA_Task-2,2,F3,0.5,1,0.5,Delta,0.04296875,5.91063184421737,4.46453146003619,4.521210896713
VisualCogA_Task-2,2,F3,0.5,1,0.5,Delta,0.046875,5.46363362629428,3.41608145494473,3.35115754667735
VisualCogA_Task-2,2,F3,0.5,1,0.5,Delta,0.05078125,4.74711843995403,2.17560360998782,2.09331382489452
VisualCogA_Task-2,2,F3,0.5,1,0.5,Delta,0.0546875,3.7961244614283,0.771673770569283,0.779108224550585
VisualCogA_Task-2,2,F3,0.5,1,0.5,Delta,0.05859375,2.67561350709779,-0.725313406883034,-0.552870611067641
VisualCogA_Task-2,2,F3,0.5,1,0.5,Delta,0.0625,1.47158552030419,-2.21635254064037,-1.8575862222933
VisualCogA_Task-2,2,F3,0.5,1,0.5,Delta,0.06640625,0.277896165498779,-3.58535023676991,-3.07410746085239
VisualCogA_Task-2,2,F3,0.5,1,0.5,Delta,0.0703125,-0.818399963663415,-4.74069847140776,-4.13047644132425
VisualCogA_Task-2,2,F3,0.5,1,0.5,Delta,0.07421875,-1.7496726091848,-5.63627559604097,-4.96313576336072
VisualCogA_Task-2,2,F3,0.5,1,0.5,Delta,0.078125,-2.47505353038007,-6.26933200893341,-5.54931418823019
VisualCogA_Task-2,2,F3,0.5,1,0.5,Delta,0.08203125,-2.98056626973207,-6.66699794780671,-5.91659038691569
VisualCogA_Task-2,2,F3,0.5,1,0.5,Delta,0.0859375,-3.27226956016881,-6.87078266794109,-6.10794199489896
VisualCogA_Task-2,2,F3,0.5,1,0.5,Delta,0.08984375,-3.36493400455432,-6.92630643039868,-6.16088580835173
VisualCogA_Task-2,2,F3,0.5,1,0.5,Delta,0.09375,-3.27036396799219,-6.86273752866378,-6.08759847515138
VisualCogA_Task-2,2,F3,0.5,1,0.5,Delta,0.09765625,-2.98966267920793,-6.68065418285742,-5.86675619999696
VisualCogA_Task-2,2,F3,0.5,1,0.5,Delta,0.1015625,-2.51233017244005,-6.33065837565186,-5.44389522312357
VisualCogA_Task-2,2,F3,0.5,1,0.5,Delta,0.10546875,-1.82255178829756,-5.73681814126376,-4.74923266844624
VisualCogA_Task-2,2,F3,0.5,1,0.5,Delta,0.109375,-0.91034485629013,-4.8291577628065,-3.71518316538175
VisualCogA_Task-2,2,F3,0.5,1,0.5,Delta,0.11328125,0.216567723274138,-3.56687589227874,-2.32036816311868
VisualCogA_Task-2,2,F3,0.5,1,0.5,Delta,0.1171875,1.52451960251399,-1.95311983769615,-0.610286257810142
VisualCogA_Task-2,2,F3,0.5,1,0.5,Delta,0.12109375,2.95230554806802,-0.0628592151903025,1.29607939450503
VisualCogA_Task-2,2,F3,0.5,1,0.5,Delta,0.125,4.41691087309242,1.95127910104036,3.25455723475924
VisualCogA_Task-2,2,F3,0.5,1,0.5,Delta,0.12890625,5.82490911095968,3.91613615052975,5.13249798423306
VisualCogA_Task-2,2,F3,0.5,1,0.5,Delta,0.1328125,7.08636947176696,5.67985071853798,6.81171615052413
VisualCogA_Task-2,2,F3,0.5,1,0.5,Delta,0.13671875,8.12784602996359,7.13085888376227,8.19766290727538
VisualCogA_Task-2,2,F3,0.5,1,0.5,Delta,0.140625,8.9018156734443,8.19697127810439,9.23134958178317
VisualCogA_Task-2,2,F3,0.5,1,0.5,Delta,0.14453125,9.39123715804345,8.84609496258146,9.88810935985391
VisualCogA_Task-2,2,F3,0.5,1,0.5,Delta,0.1484375,9.60911594527959,9.09156349250087,10.1746331659698
VisualCogA_Task-2,2,F3,0.5,1,0.5,Delta,0.15234375,9.59373184702832,8.99851066936402,10.1441909185084
VisualCogA_Task-2,2,F3,0.5,1,0.5,Delta,0.15625,9.40053947576616,8.66644607175942,9.88203722551064
VisualCogA_Task-2,2,F3,0.5,1,0.5,Delta,0.16015625,9.09195068401437,8.21788957166315,9.48308074606772
VisualCogA_Task-2,2,F3,0.5,1,0.5,Delta,0.1640625,8.72650383711467,7.7696157898072,9.0363418530698
VisualCogA_Task-2,2,F3,0.5,1,0.5,Delta,0.16796875,8.34932875620794,7.40595587138563,8.61808253289367
VisualCogA_Task-2,2,F3,0.5,1,0.5,Delta,0.171875,7.98606155669022,7.1780816427617,8.2890629338684
VisualCogA_Task-2,2,F3,0.5,1,0.5,Delta,0.17578125,7.64207158652193,7.09350039989106,8.0742926620344
VisualCogA_Task-2,2,F3,0.5,1,0.5,Delta,0.1796875,7.30780996595025,7.11792162622115,7.95592559237554
VisualCogA_Task-2,2,F3,0.5,1,0.5,Delta,0.18359375,6.9694111430947,7.16543064570058,7.87825430370695
VisualCogA_Task-2,2,F3,0.5,1,0.5,Delta,0.1875,6.62188329450818,7.14778362181896,7.7764997239064
VisualCogA_Task-2,2,F3,0.5,1,0.5,Delta,0.19140625,6.2809967763623,7.02163702320133,7.62050895924116
VisualCogA_Task-2,2,F3,0.5,1,0.5,Delta,0.1953125,5.98988011793023,6.8157337062241,7.43565804736208
VisualCogA_Task-2,2,F3,0.5,1,0.5,Delta,0.19921875,5.81752702163814,6.63007257579932,7.29631673849212
VisualCogA_Task-2,2,F3,0.5,1,0.5,Delta,0.203125,5.84859476570437,6.5889381208682,7.30241225752051
VisualCogA_Task-2,2,F3,0.5,1,0.5,Delta,0.20703125,6.16636936464644,6.79594983489179,7.56143759156472
VisualCogA_Task-2,2,F3,0.5,1,0.5,Delta,0.2109375,6.83282374981158,7.2937606800989,8.13577878283028
VisualCogA_Task-2,2,F3,0.5,1,0.5,Delta,0.21484375,7.87070496946503,8.06366822563034,9.018867316291
VisualCogA_Task-2,2,F3,0.5,1,0.5,Delta,0.21875,9.25228914323462,9.03697136550532,10.1485864525502
VisualCogA_Task-2,2,F3,0.5,1,0.5,Delta,0.22265625,10.8979451943529,10.114231685636,11.4280739938966
VisualCogA_Task-2,2,F3,0.5,1,0.5,Delta,0.2265625,12.6853667557077,11.1890550548006,12.7514992626462
VisualCogA_Task-2,2,F3,0.5,1,0.5,Delta,0.23046875,14.4678579221586,12.1880991017746,14.0186040971922
VisualCogA_Task-2,2,F3,0.5,1,0.5,Delta,0.234375,16.0979884664147,13.1012352290842,15.1420438153718
VisualCogA_Task-2,2,F3,0.5,1,0.5,Delta,0.23828125,17.4517159963858,13.9383842384709,16.0622361561378
VisualCogA_Task-2,2,F3,0.5,1,0.5,Delta,0.2421875,18.4479327564722,14.6776634087455,16.7413138530125
VisualCogA_Task-2,2,F3,0.5,1,0.5,Delta,0.24609375,19.0593474124974,15.2758874458057,17.1711301142223
VisualCogA_Task-2,2,F3,0.5,1,0.5,Delta,0.25,19.3124951048585,15.7020139245591,17.3705932102474
VisualCogA_Task-2,2,F3,0.5,1,0.5,Delta,0.25390625,19.2771460099007,15.956906949387,17.3737366025211
VisualCogA_Task-2,2,F3,0.5,1,0.5,Delta,0.2578125,19.0479215764097,16.0643078175855,17.2409025241177
VisualCogA_Task-2,2,F3,0.5,1,0.5,Delta,0.26171875,18.7228447683742,16.0572051981343,17.043460749422
VisualCogA_Task-2,2,F3,0.5,1,0.5,Delta,0.265625,18.3841988361383,15.9680771012964,16.8481151195927
VisualCogA_Task-2,2,F3,0.5,1,0.5,Delta,0.26953125,18.0861315887357,15.8193495925632,16.6755464666337
VisualCogA_Task-2,2,F3,0.5,1,0.5,Delta,0.2734375,17.8511647500964,15.6191503920351,16.5038816048906
VisualCogA_Task-2,2,F3,0.5,1,0.5,Delta,0.27734375,17.6749462738179,15.3665659123515,16.3151138575388
VisualCogA_Task-2,2,F3,0.5,1,0.5,Delta,0.28125,17.5362539663544,15.0567948200606,16.0905978937607
VisualCogA_Task-2,2,F3,0.5,1,0.5,Delta,0.28515625,17.4082370517944,14.6843194968541,15.8058391552191
VisualCogA_Task-2,2,F3,0.5,1,0.5,Delta,0.2890625,17.2673996881423,14.2528154060519,15.4495895642746
VisualCogA_Task-2,2,F3,0.5,1,0.5,Delta,0.29296875,17.0984664511098,13.7779885142205,15.0254418654753
VisualCogA_Task-2,2,F3,0.5,1,0.5,Delta,0.296875,16.8952026017972,13.2823710596219,14.5458904683047
VisualCogA_Task-2,2,F3,0.5,1,0.5,Delta,0.30078125,16.6586808269634,12.7858917319512,14.0315756097508
VisualCogA_Task-2,2,F3,0.5,1,0.5,Delta,0.3046875,16.3949402537827,12.3037406767348,13.5024021534307
VisualCogA_Task-2,2,F3,0.5,1,0.5,Delta,0.30859375,16.1135071381372,11.847883578444,12.9747361195302
VisualCogA_Task-2,2,F3,0.5,1,0.5,Delta,0.3125,15.8272439910678,11.4324350965921,12.4692010206442
VisualCogA_Task-2,2,F3,0.5,1,0.5,Delta,0.31640625,15.5529917149215,11.0856210029937,12.0105799293941
VisualCogA_Task-2,2,F3,0.5,1,0.5,Delta,0.3203125,15.3118823132758,10.8397898247112,11.6260830596859
VisualCogA_Task-2,2,F3,0.5,1,0.5,Delta,0.32421875,15.1282066972558,10.7185005350564,11.3602897840221
VisualCogA_Task-2,2,F3,0.5,1,0.5,Delta,0.328125,15.0262636452326,10.7388329284379,11.2754698707617
VisualCogA_Task-2,2,F3,0.5,1,0.5,Delta,0.33203125,15.0254651117909,10.9052422876537,11.4245160549408
VisualCogA_Task-2,2,F3,0.5,1,0.5,Delta,0.3359375,15.1348231720639,11.207581222251,11.8184826118702
VisualCogA_Task-2,2,F3,0.5,1,0.5,Delta,0.33984375,15.3484891077766,11.6150393111753,12.4135437467617
VisualCogA_Task-2,2,F3,0.5,1,0.5,Delta,0.34375,15.6440267133953,12.0882251891659,13.140527488784
VisualCogA_Task-2,2,F3,0.5,1,0.5,Delta,0.34765625,15.9845022983537,12.5837096055549,13.9184471765269
VisualCogA_Task-2,2,F3,0.5,1,0.5,Delta,0.3515625,16.3243903547522,13.0531530220543,14.6633093477127
VisualCogA_Task-2,2,F3,0.5,1,0.5,Delta,0.35546875,16.6180575806746,13.4583109410224,15.2942886848447
VisualCogA_Task-2,2,F3,0.5,1,0.5,Delta,0.359375,16.8286501326387,13.7796590351393,15.7615318252949
VisualCogA_Task-2,2,F3,0.5,1,0.5,Delta,0.36328125,16.9349736404689,14.0114998986611,16.0508787862686
VisualCogA_Task-2,2,F3,0.5,1,0.5,Delta,0.3671875,16.9345781167216,14.1592115210842,16.1895899971114
VisualCogA_Task-2,2,F3,0.5,1,0.5,Delta,0.37109375,16.8425176869879,14.2449046420834,16.2253841608175
VisualCogA_Task-2,2,F3,0.5,1,0.5,Delta,0.375,16.6866024425724,14.2948939418147,16.2084669053495
VisualCogA_Task-2,2,F3,0.5,1,0.5,Delta,0.37890625,16.50079277791,14.3319495235893,16.1755530903607
VisualCogA_Task-2,2,F3,0.5,1,0.5,Delta,0.3828125,16.3183895963674,14.3633466990016,16.141950777914
VisualCogA_Task-2,2,F3,0.5,1,0.5,Delta,0.38671875,16.1660229030385,14.3914388767411,16.1021345524716
VisualCogA_Task-2,2,F3,0.5,1,0.5,Delta,0.390625,16.0587001939899,14.4065794231507,16.0437344789259
VisualCogA_Task-2,2,F3,0.5,1,0.5,Delta,0.39453125,15.9959195501499,14.3921087718834,15.9591601064445
VisualCogA_Task-2,2,F3,0.5,1,0.5,Delta,0.3984375,15.9592595227712,14.3295397540554,15.8361902435182
VisualCogA_Task-2,2,F3,0.5,1,0.5,Delta,0.40234375,15.9125601282199,14.2009003740911,15.6715211709075
VisualCogA_Task-2,2,F3,0.5,1,0.5,Delta,0.40625,15.8061131391483,13.9875199727704,15.4635914360953
VisualCogA_Task-2,2,F3,0.5,1,0.5,Delta,0.41015625,15.585626689873,13.6730625018498,15.2052111975797
VisualCogA_Task-2,2,F3,0.5,1,0.5,Delta,0.4140625,15.2050958831025,13.2573064675332,14.8896285013202
VisualCogA_Task-2,2,F3,0.5,1,0.5,Delta,0.41796875,14.6407045022349,12.7561622653749,14.5169169317683
VisualCogA_Task-2,2,F3,0.5,1,0.5,Delta,0.421875,13.9014752485222,12.1872886489204,14.0834178925931
VisualCogA_Task-2,2,F3,0.5,1,0.5,Delta,0.42578125,13.0324363871251,11.5608504178143,13.5845827781826
VisualCogA_Task-2,2,F3,0.5,1,0.5,Delta,0.4296875,12.1078792656739,10.8857633104111,13.0212752348623
VisualCogA_Task-2,2,F3,0.5,1,0.5,Delta,0.43359375,11.2153777552772,10.1804266194231,12.4009474286837
VisualCogA_Task-2,2,F3,0.5,1,0.5,Delta,0.4375,10.4345369686231,9.47689256311776,11.7367270523968
VisualCogA_Task-2,2,F3,0.5,1,0.5,Delta,0.44140625,9.81664680408356,8.83178272221184,11.0686747087255
VisualCogA_Task-2,2,F3,0.5,1,0.5,Delta,0.4453125,9.37158412944151,8.30358896628632,10.4485727983983
VisualCogA_Task-2,2,F3,0.5,1,0.5,Delta,0.44921875,9.06623436407877,7.91019930573537,9.91645077314193
VisualCogA_Task-2,2,F3,0.5,1,0.5,Delta,0.453125,8.83505493359643,7.61207240766746,9.46043542762363
VisualCogA_Task-2,2,F3,0.5,1,0.5,Delta,0.45703125,8.5994759075854,7.32814452053122,9.00944634823457
VisualCogA_Task-2,2,F3,0.5,1,0.5,Delta,0.4609375,8.29005162298168,6.97554763715302,8.49432532263892
VisualCogA_Task-2,2,F3,0.5,1,0.5,Delta,0.46484375,7.86462980970117,6.49084170041192,7.86581126077185
VisualCogA_Task-2,2,F3,0.5,1,0.5,Delta,0.46875,7.31745424692181,5.84186392722413,7.10498581331943
VisualCogA_Task-2,2,F3,0.5,1,0.5,Delta,0.47265625,6.67735319284977,5.03341660329965,6.22539350394163
VisualCogA_Task-2,2,F3,0.5,1,0.5,Delta,0.4765625,5.99672400188578,4.10687840542884,5.2837939587899
VisualCogA_Task-2,2,F3,0.5,1,0.5,Delta,0.48046875,5.33562268281938,3.13214885298728,4.37075670379435
VisualCogA_Task-2,2,F3,0.5,1,0.5,Delta,0.484375,4.74611784539516,2.18838714340531,3.58301853511948
VisualCogA_Task-2,2,F3,0.5,1,0.5,Delta,0.48828125,4.26113733374372,1.34650250433209,2.98498752997509
VisualCogA_Task-2,2,F3,0.5,1,0.5,Delta,0.4921875,3.88995687887567,0.663478550637024,2.60086077457201
VisualCogA_Task-2,2,F3,0.5,1,0.5,Delta,0.49609375,3.62019766079359,0.16709076170396,2.4134065887252
VisualCogA_Task-2,2,F3,0.5,1,0.5,Delta,0.5,3.42452860798801,-0.16027616947256,2.37294470200417
VisualCogA_Task-2,2,F3,0.5,1,0.5,Delta,0.50390625,3.26958487894768,-0.365978240552824,2.41015728855927
VisualCogA_Task-2,2,F3,0.5,1,0.5,Delta,0.5078125,3.12480247646034,-0.488296388390697,2.46235063768508
VisualCogA_Task-2,2,F3,0.5,1,0.5,Delta,0.51171875,2.96952401729006,-0.55264846383114,2.47274470371238
VisualCogA_Task-2,2,F3,0.5,1,0.5,Delta,0.515625,2.79744689636168,-0.581897855037845,2.41894480881382
VisualCogA_Task-2,2,F3,0.5,1,0.5,Delta,0.51953125,2.61805874516326,-0.575110531098723,2.31413518707407
VisualCogA_Task-2,2,F3,0.5,1,0.5,Delta,0.5234375,2.45514098637226,-0.503781451916097,2.20647967547878
VisualCogA_Task-2,2,F3,0.5,1,0.5,Delta,0.52734375,2.34279675573802,-0.331759794537501,2.1663000812117
VisualCogA_Task-2,2,F3,0.5,1,0.5,Delta,0.53125,2.31978984480011,-0.0248698310663542,2.2883171515569
VisualCogA_Task-2,2,F3,0.5,1,0.5,Delta,0.53515625,2.42319378708672,0.458945705253214,2.6326714875894
VisualCogA_Task-2,2,F3,0.5,1,0.5,Delta,0.5390625,2.6823590128117,1.15348735176865,3.23110281496065
VisualCogA_Task-2,2,F3,0.5,1,0.5,Delta,0.54296875,3.11400462620289,2.06138774412445,4.08183039918555
VisualCogA_Task-2,2,F3,0.5,1,0.5,Delta,0.546875,3.71893392048675,3.14470433660939,5.14455080637507
VisualCogA_Task-2,2,F3,0.5,1,0.5,Delta,0.55078125,4.48061975403073,4.32481414259599,6.35029609684003
VisualCogA_Task-2,2,F3,0.5,1,0.5,Delta,0.5546875,5.36581378611764,5.49490206397647,7.62348651972372
VisualCogA_Task-2,2,F3,0.5,1,0.5,Delta,0.55859375,6.32735857391732,6.5511934270514,8.89034546692938
VisualCogA_Task-2,2,F3,0.5,1,0.5,Delta,0.5625,7.30932876611948,7.43309531200794,10.0917730057188
VisualCogA_Task-2,2,F3,0.5,1,0.5,Delta,0.56640625,8.25427656772412,8.15271876606798,11.1935703396915
VisualCogA_Task-2,2,F3,0.5,1,0.5,Delta,0.5703125,9.11165194650462,8.76482881860864,12.1813202349788
VisualCogA_Task-2,2,F3,0.5,1,0.5,Delta,0.57421875,9.84564410508008,9.31484188405362,13.0375377477352
VisualCogA_Task-2,2,F3,0.5,1,0.5,Delta,0.578125,10.4402129799512,9.82564144985191,13.7465307212388
VisualCogA_Task-2,2,F3,0.5,1,0.5,Delta,0.58203125,10.899393756433,10.2933022789935,14.2976061740324
VisualCogA_Task-2,2,F3,0.5,1,0.5,Delta,0.5859375,11.2421826792343,10.703972232531,14.6798841539967
VisualCogA_Task-2,2,F3,0.5,1,0.5,Delta,0.58984375,11.4930873148662,11.0423880237043,14.8894750623111
VisualCogA_Task-2,2,F3,0.5,1,0.5,Delta,0.59375,11.671040326069,11.3024617255471,14.933792965859
VisualCogA_Task-2,2,F3,0.5,1,0.5,Delta,0.59765625,11.7801373981855,11.4801099278425,14.8424343797765
VisualCogA_Task-2,2,F3,0.5,1,0.5,Delta,0.6015625,11.8052429787725,11.56867755562,14.6464352892605
VisualCogA_Task-2,2,F3,0.5,1,0.5,Delta,0.60546875,11.7140869282914,11.5427015815858,14.3517084171264
VisualCogA_Task-2,2,F3,0.5,1,0.5,Delta,0.609375,11.4655759857803,11.3612481371393,13.9407156699639
VisualCogA_Task-2,2,F3,0.5,1,0.5,Delta,0.61328125,11.0222668556724,10.9694890804883,13.3845951880056
VisualCogA_Task-2,2,F3,0.5,1,0.5,Delta,0.6171875,10.3637631576075,10.2943569735122,12.6432385411697
VisualCogA_Task-2,2,F3,0.5,1,0.5,Delta,0.62109375,9.49747507008781,9.26790917128307,11.6950621265744
VisualCogA_Task-2,2,F3,0.5,1,0.5,Delta,0.625,8.4637818181339,7.86618404575981,10.5572712435579
VisualCogA_Task-2,2,F3,0.5,1,0.5,Delta,0.62890625,7.33401452382549,6.16159565802747,9.28378187204307
VisualCogA_Task-2,2,F3,0.5,1,0.5,Delta,0.6328125,6.20147082184109,4.28110885210471,7.95378210107837
VisualCogA_Task-2,2,F3,0.5,1,0.5,Delta,0.63671875,5.16738416947576,2.40694454783652,6.6760036921724
VisualCogA_Task-2,2,F3,0.5,1,0.5,Delta,0.640625,4.3249192192611,0.707194073527617,5.56178161891537
VisualCogA_Task-2,2,F3,0.5,1,0.5,Delta,0.64453125,3.74456366197756,-0.679104488732705,4.69733685929413
VisualCogA_Task-2,2,F3,0.5,1,0.5,Delta,0.6484375,3.46374075118938,-1.59189849899654,4.11416763527788
VisualCogA_Task-2,2,F3,0.5,1,0.5,Delta,0.65234375,3.48233384834836,-1.96294531944757,3.83493231242723
VisualCogA_Task-2,2,F3,0.5,1,0.5,Delta,0.65625,3.76447094802601,-1.87299363058588,3.86762728489277
VisualCogA_Task-2,2,F3,0.5,1,0.5,Delta,0.66015625,4.24570571140532,-1.46162127876488,4.19235194132986
VisualCogA_Task-2,2,F3,0.5,1,0.5,Delta,0.6640625,4.84387171898035,-0.841836560695882,4.75642055550512
VisualCogA_Task-2,2,F3,0.5,1,0.5,Delta,0.66796875,5.47146717760126,-0.119029854671197,5.4760320939601
VisualCogA_Task-2,2,F3,0.5,1,0.5,Delta,0.671875,6.04744217034025,0.619964500019364,6.24567433320435
VisualCogA_Task-2,2,F3,0.5,1,0.5,Delta,0.67578125,6.5066426765447,1.32210684784984,6.9593384093364
VisualCogA_Task-2,2,F3,0.5,1,0.5,Delta,0.6796875,6.80580188682146,1.94740018889951,7.5353381379722
VisualCogA_Task-2,2,F3,0.5,1,0.5,Delta,0.68359375,6.92571209955181,2.46406691560408,7.91884167689791
VisualCogA_Task-2,2,F3,0.5,1,0.5,Delta,0.6875,6.86990287773038,2.85796730631938,8.0923769761963
VisualCogA_Task-2,2,F3,0.5,1,0.5,Delta,0.69140625,6.66066270244781,3.12687228050511,8.07588326729422
VisualCogA_Task-2,2,F3,0.5,1,0.5,Delta,0.6953125,6.33349510203655,3.27681911334987,7.91603025346294
VisualCogA_Task-2,2,F3,0.5,1,0.5,Delta,0.69921875,5.93108205753902,3.33094396579187,7.67668378501777
VisualCogA_Task-2,2,F3,0.5,1,0.5,Delta,0.703125,5.49758577154356,3.33237181279641,7.43040556305768
VisualCogA_Task-2,2,F3,0.5,1,0.5,Delta,0.70703125,5.0737614096321,3.31780621290268,7.24151433092838
VisualCogA_Task-2,2,F3,0.5,1,0.5,Delta,0.7109375,4.69302301150314,3.31436609282457,7.14818404257895
VisualCogA_Task-2,2,F3,0.5,1,0.5,Delta,0.71484375,4.37843456432771,3.33887010762975,7.15775557209632
VisualCogA_Task-2,2,F3,0.5,1,0.5,Delta,0.71875,4.14064160703386,3.40853103695285,7.2687269029131
VisualCogA_Task-2,2,F3,0.5,1,0.5,Delta,0.72265625,3.97695210611953,3.53039913832065,7.47546863592184
VisualCogA_Task-2,2,F3,0.5,1,0.5,Delta,0.7265625,3.87196182116342,3.68613942255699,7.75698948770749
VisualCogA_Task-2,2,F3,0.5,1,0.5,Delta,0.73046875,3.80012793854137,3.8303662445494,8.06132321643764
VisualCogA_Task-2,2,F3,0.5,1,0.5,Delta,0.734375,3.7304318167042,3.91146206755215,8.30362483080687
VisualCogA_Task-2,2,F3,0.5,1,0.5,Delta,0.73828125,3.63277350541498,3.87616407360711,8.39100153419903
VisualCogA_Task-2,2,F3,0.5,1,0.5,Delta,0.7421875,3.48515999813348,3.66561903533793,8.23675638887379
VisualCogA_Task-2,2,F3,0.5,1,0.5,Delta,0.74609375,3.28029205389011,3.26163106906117,7.80650326512996
VisualCogA_Task-2,2,F3,0.5,1,0.5,Delta,0.75,3.03000806462806,2.6917101111741,7.14987240409066
VisualCogA_Task-2,2,F3,0.5,1,0.5,Delta,0.75390625,2.76632017937516,2.04454417063823,6.39653735591435
VisualCogA_Task-2,2,F3,0.5,1,0.5,Delta,0.7578125,2.53847231600404,1.44488405776906,5.71800630191794
VisualCogA_Task-2,2,F3,0.5,1,0.5,Delta,0.76171875,2.40640719379646,1.01581606427175,5.27661479129182
VisualCogA_Task-2,2,F3,0.5,1,0.5,Delta,0.765625,2.43195666133695,0.841547898822498,5.18151559938454
VisualCogA_Task-2,2,F3,0.5,1,0.5,Delta,0.76953125,2.6696256556083,0.946878650346761,5.48013629005833
VisualCogA_Task-2,2,F3,0.5,1,0.5,Delta,0.7734375,3.15879979894095,1.3033220113804,6.1676138015546
VisualCogA_Task-2,2,F3,0.5,1,0.5,Delta,0.77734375,3.91860863720598,1.84352279858741,7.20113033202426
VisualCogA_Task-2,2,F3,0.5,1,0.5,Delta,0.78125,4.94584405888506,2.49106521730656,8.51541601123371
VisualCogA_Task-2,2,F3,0.5,1,0.5,Delta,0.78515625,6.21571317557735,3.19397610816532,10.0386380172846
VisualCogA_Task-2,2,F3,0.5,1,0.5,Delta,0.7890625,7.68509408167412,3.93534819019746,11.6912860447033
VisualCogA_Task-2,2,F3,0.5,1,0.5,Delta,0.79296875,9.29829067220525,4.72219523521318,13.4024512573132
VisualCogA_Task-2,2,F3,0.5,1,0.5,Delta,0.796875,10.9956014652832,5.53783901702518,15.1177118756152
VisualCogA_Task-2,2,F3,0.5,1,0.5,Delta,0.80078125,12.7247375741466,6.36374340952466,16.8215170435343
