record,task,cueDir,electrode,timeSec,ordinaryMean,huberMean,fittedCurve
VisualCogA_Task-1,1,-1,Fz,-0.19921875,-1.20280522336467,-0.68346212773736,-0.731137134833651
VisualCogA_Task-1,1,-1,Fz,-0.1953125,-1.41132794846898,-0.799840251328335,-0.885980329588214
VisualCogA_Task-1,1,-1,Fz,-0.19140625,-1.7620248551362,-0.978143038595815,-1.03685060708475
VisualCogA_Task-1,1,-1,Fz,-0.1875,-2.15566530692685,-1.27925015822606,-1.17259671021025
VisualCogA_Task-1,1,-1,Fz,-0.18359375,-2.46128327151754,-1.23043966242815,-1.27717508447762
VisualCogA_Task-1,1,-1,Fz,-0.1796875,-2.57265798927705,-1.27096524082421,-1.34342996273442
VisualCogA_Task-1,1,-1,Fz,-0.17578125,-2.45387744803373,-1.38455939140567,-1.36031095932408
VisualCogA_Task-1,1,-1,Fz,-0.171875,-2.15031478729492,-1.57189589671713,-1.31072896176419
VisualCogA_Task-1,1,-1,Fz,-0.16796875,-1.76339192851786,-1.58546224833901,-1.17961556024579
VisualCogA_Task-1,1,-1,Fz,-0.1640625,-1.40720056280877,-1.17718890604935,-0.973666256206024
VisualCogA_Task-1,1,-1,Fz,-0.16015625,-1.16742273443989,-0.620357997718276,-0.733397108423111
VisualCogA_Task-1,1,-1,Fz,-0.15625,-1.07530962055522,-0.204610264844741,-0.516284396495562
VisualCogA_Task-1,1,-1,Fz,-0.15234375,-1.10476222049199,-0.0344729608398661,-0.370384474129812
VisualCogA_Task-1,1,-1,Fz,-0.1484375,-1.19508543081985,-0.0158473982230329,-0.317780850728066
VisualCogA_Task-1,1,-1,Fz,-0.14453125,-1.28698664333203,-0.317116608470722,-0.352564409585027
VisualCogA_Task-1,1,-1,Fz,-0.140625,-1.34732680349948,-0.4519461180705,-0.443664912953319
VisualCogA_Task-1,1,-1,Fz,-0.13671875,-1.36927616378377,-0.741958965644899,-0.557058139659368
VisualCogA_Task-1,1,-1,Fz,-0.1328125,-1.35854707564,-0.758483319034771,-0.659409968956036
VisualCogA_Task-1,1,-1,Fz,-0.12890625,-1.32227134922316,-0.761004212785874,-0.732794682261643
VisualCogA_Task-1,1,-1,Fz,-0.125,-1.2625895221065,-0.705055363068482,-0.767542673501074
VisualCogA_Task-1,1,-1,Fz,-0.12109375,-1.16956634420174,-0.728256981868693,-0.756335130809564
VisualCogA_Task-1,1,-1,Fz,-0.1171875,-1.01709244144743,-0.842719894437018,-0.686645966452965
VisualCogA_Task-1,1,-1,Fz,-0.11328125,-0.771226129545843,-0.684934147610779,-0.543609246952058
VisualCogA_Task-1,1,-1,Fz,-0.109375,-0.410349588802171,-0.614600070374093,-0.32536519949296
VisualCogA_Task-1,1,-1,Fz,-0.10546875,0.0564443492179121,-0.173381091196787,-0.0418311263166811
VisualCogA_Task-1,1,-1,Fz,-0.1015625,0.585471874756215,0.36838329580157,0.272972764429005
VisualCogA_Task-1,1,-1,Fz,-0.09765625,1.11001591281223,0.803034049816505,0.574063767522986
VisualCogA_Task-1,1,-1,Fz,-0.09375,1.55990980981707,1.02966733918442,0.824410055358526
VisualCogA_Task-1,1,-1,Fz,-0.08984375,1.88077114658394,1.13073774092344,1.00606065718668
VisualCogA_Task-1,1,-1,Fz,-0.0859375,2.04530597722465,1.22417442626746,1.11816937591068
VisualCogA_Task-1,1,-1,Fz,-0.08203125,2.0532869404497,1.22663826026131,1.17027977141179
VisualCogA_Task-1,1,-1,Fz,-0.078125,1.92712992908601,1.21396694238738,1.1807691577677
VisualCogA_Task-1,1,-1,Fz,-0.07421875,1.71355969548894,1.04253563504157,1.17271138979353
VisualCogA_Task-1,1,-1,Fz,-0.0703125,1.48719902358883,1.02516076217788,1.17194680435608
VisualCogA_Task-1,1,-1,Fz,-0.06640625,1.33695037773816,0.973904535725371,1.19346775875946
VisualCogA_Task-1,1,-1,Fz,-0.0625,1.32809925010733,1.17114624409097,1.24003444012625
VisualCogA_Task-1,1,-1,Fz,-0.05859375,1.46332130718964,1.21755321720401,1.29611010032624
VisualCogA_Task-1,1,-1,Fz,-0.0546875,1.67501005290132,1.39425100645981,1.34041730822623
VisualCogA_Task-1,1,-1,Fz,-0.05078125,1.8560890267908,1.63322315341229,1.34513222576619
VisualCogA_Task-1,1,-1,Fz,-0.046875,1.90799505353526,1.53984005717242,1.28691715640555
VisualCogA_Task-1,1,-1,Fz,-0.04296875,1.78069914481957,1.42441083072949,1.16644198090759
VisualCogA_Task-1,1,-1,Fz,-0.0390625,1.4912819055174,0.924245558529801,1.00545348843283
VisualCogA_Task-1,1,-1,Fz,-0.03515625,1.11706375907459,0.687958311619004,0.847195872293597
VisualCogA_Task-1,1,-1,Fz,-0.03125,0.767024653112625,0.473037617099208,0.728145998310312
VisualCogA_Task-1,1,-1,Fz,-0.02734375,0.543321601068164,0.447955868571806,0.671510935580512
VisualCogA_Task-1,1,-1,Fz,-0.0234375,0.506216048694102,0.550331789259086,0.679238721434139
VisualCogA_Task-1,1,-1,Fz,-0.01953125,0.650496506453063,0.662430678773516,0.734647804283745
VisualCogA_Task-1,1,-1,Fz,-0.015625,0.899704681392618,0.948284058272676,0.81031438819396
VisualCogA_Task-1,1,-1,Fz,-0.01171875,1.12815267460825,1.1422190471928,0.872796583436894
VisualCogA_Task-1,1,-1,Fz,-0.0078125,1.21525598944384,1.20101995038592,0.90014997279122
VisualCogA_Task-1,1,-1,Fz,-0.00390625,1.11258469776351,1.05875816278811,0.892882011015267
VisualCogA_Task-1,1,-1,Fz,0,0.881058408774142,0.847836510562839,0.876572651000256
VisualCogA_Task-1,1,-1,Fz,0.00390625,0.66522341323347,0.61378636799404,0.890624858285145
VisualCogA_Task-1,1,-1,Fz,0.0078125,0.613765206172998,0.569240315711281,0.972046920039108
VisualCogA_Task-1,1,-1,Fz,0.01171875,0.794433188429688,0.765584643958405,1.13477724924039
VisualCogA_Task-1,1,-1,Fz,0.015625,1.15504594806334,1.13555794075522,1.35918704183993
VisualCogA_Task-1,1,-1,Fz,0.01953125,1.55146482661265,1.79836582713198,1.59488144334848
VisualCogA_Task-1,1,-1,Fz,0.0234375,1.82291200860043,2.09436850344135,1.77282984085309
VisualCogA_Task-1,1,-1,Fz,0.02734375,1.8685430457096,2.24662682237187,1.84095865342275
VisualCogA_Task-1,1,-1,Fz,0.03125,1.68155462446086,2.19770680219455,1.77398918867547
VisualCogA_Task-1,1,-1,Fz,0.03515625,1.32937851946796,1.94274658986166,1.58044843497504
VisualCogA_Task-1,1,-1,Fz,0.0390625,0.907832037575517,1.44272838269343,1.30417318181181
VisualCogA_Task-1,1,-1,Fz,0.04296875,0.508624461677162,0.885148053529574,1.01919173158337
VisualCogA_Task-1,1,-1,Fz,0.046875,0.213721006366062,0.398850685300953,0.811078653427443
VisualCogA_Task-1,1,-1,Fz,0.05078125,0.0973261634664578,0.209518966132111,0.754238209977255
VisualCogA_Task-1,1,-1,Fz,0.0546875,0.21300252034695,0.287084111949099,0.888722333188837
VisualCogA_Task-1,1,-1,Fz,0.05859375,0.568257102160403,0.842939880991547,1.20918968469778
VisualCogA_Task-1,1,-1,Fz,0.0625,1.10848410739597,1.56319388368251,1.66016240770305
VisualCogA_Task-1,1,-1,Fz,0.06640625,1.72686970970905,2.46148607649582,2.15564182842807
VisualCogA_Task-1,1,-1,Fz,0.0703125,2.29864494881133,3.26242384574036,2.60154856276123
VisualCogA_Task-1,1,-1,Fz,0.07421875,2.72413760631506,3.20301968854213,2.92929024726323
VisualCogA_Task-1,1,-1,Fz,0.078125,2.96001719050923,3.42261852874415,3.12534745874302
VisualCogA_Task-1,1,-1,Fz,0.08203125,3.02335918159148,3.20315017470786,3.19901156078281
VisualCogA_Task-1,1,-1,Fz,0.0859375,2.96972280049498,3.02449442884537,3.18434650613155
VisualCogA_Task-1,1,-1,Fz,0.08984375,2.86281749497198,2.91743673788183,3.11576113203196
VisualCogA_Task-1,1,-1,Fz,0.09375,2.7519656996214,2.82360823633219,3.01434326928623
VisualCogA_Task-1,1,-1,Fz,0.09765625,2.65814085883008,2.8176492709973,2.88465371585072
VisualCogA_Task-1,1,-1,Fz,0.1015625,2.56404476660745,2.77879689156372,2.71535868360225
VisualCogA_Task-1,1,-1,Fz,0.10546875,2.41581910796919,2.71165057267563,2.48954068067991
VisualCogA_Task-1,1,-1,Fz,0.109375,2.15036128677995,2.47649199487544,2.19556873255286
VisualCogA_Task-1,1,-1,Fz,0.11328125,1.74392811665841,2.29485490881289,1.84032102235661
VisualCogA_Task-1,1,-1,Fz,0.1171875,1.25066330124154,1.61213481601602,1.45408600508685
VisualCogA_Task-1,1,-1,Fz,0.12109375,0.797143883072868,0.898704545382271,1.10502995961065
VisualCogA_Task-1,1,-1,Fz,0.125,0.529635251002204,0.389996626844824,0.874489899039172
VisualCogA_Task-1,1,-1,Fz,0.12890625,0.545721363295873,0.320633664248294,0.826609051964538
VisualCogA_Task-1,1,-1,Fz,0.1328125,0.849670404682695,0.53048592515577,0.985156207629348
VisualCogA_Task-1,1,-1,Fz,0.13671875,1.35204556979996,1.09009784888254,1.33173553963318
VisualCogA_Task-1,1,-1,Fz,0.140625,1.90977206428572,1.73529260564773,1.81006203136948
VisualCogA_Task-1,1,-1,Fz,0.14453125,2.38447589795857,2.5886793558877,2.34371419200247
VisualCogA_Task-1,1,-1,Fz,0.1484375,2.68872258997559,3.13178278099548,2.85003974521956
VisualCogA_Task-1,1,-1,Fz,0.15234375,2.80015458214335,3.57324037581011,3.26680017836527
VisualCogA_Task-1,1,-1,Fz,0.15625,2.74802810945434,3.92433860275368,3.55523556509876
VisualCogA_Task-1,1,-1,Fz,0.16015625,2.59132666605781,3.83706764329336,3.70212266219962
VisualCogA_Task-1,1,-1,Fz,0.1640625,2.40040120145319,3.8370033166328,3.72499681291866
VisualCogA_Task-1,1,-1,Fz,0.16796875,2.24181320411696,3.90766100196145,3.65263877559784
VisualCogA_Task-1,1,-1,Fz,0.171875,2.16534781019634,3.40175438619704,3.52316318388863
VisualCogA_Task-1,1,-1,Fz,0.17578125,2.19655478709106,3.18729353894738,3.39593652363947
VisualCogA_Task-1,1,-1,Fz,0.1796875,2.33664598705252,3.04297985734624,3.32020788089117
VisualCogA_Task-1,1,-1,Fz,0.18359375,2.56740148561847,3.15548845334931,3.32783942629352
VisualCogA_Task-1,1,-1,Fz,0.1875,2.85873670194445,3.18090649782428,3.4275909952009
VisualCogA_Task-1,1,-1,Fz,0.19140625,3.17796825923788,3.33554259759489,3.61385984188903
VisualCogA_Task-1,1,-1,Fz,0.1953125,3.49739047441447,3.7053298060657,3.86048617918554
VisualCogA_Task-1,1,-1,Fz,0.19921875,3.79518850677467,4.20800455529529,4.11811711622691
VisualCogA_Task-1,1,-1,Fz,0.203125,4.05190132306982,4.81045926873858,4.32447006438961
VisualCogA_Task-1,1,-1,Fz,0.20703125,4.25286644803824,4.79977770410441,4.4247530549725
VisualCogA_Task-1,1,-1,Fz,0.2109375,4.39923705788002,4.6686283168537,4.40467321963683
VisualCogA_Task-1,1,-1,Fz,0.21484375,4.51244384949581,4.35642296916351,4.28118974413818
VisualCogA_Task-1,1,-1,Fz,0.21875,4.61822498474621,4.03682933309786,4.09325807233355
VisualCogA_Task-1,1,-1,Fz,0.22265625,4.7216747809648,3.74288481810021,3.88610308349869
VisualCogA_Task-1,1,-1,Fz,0.2265625,4.80057521606365,3.63606812906897,3.70024726197307
VisualCogA_Task-1,1,-1,Fz,0.23046875,4.82712080677694,3.5756544434133,3.56427823664627
VisualCogA_Task-1,1,-1,Fz,0.234375,4.79944021957027,3.52516505688585,3.50143537533252
VisualCogA_Task-1,1,-1,Fz,0.23828125,4.75707839340242,3.34135664934256,3.53590606307666
VisualCogA_Task-1,1,-1,Fz,0.2421875,4.77027901579851,3.42776897443677,3.69385515838627
VisualCogA_Task-1,1,-1,Fz,0.24609375,4.91056742447465,3.76272404428276,3.98523506862446
VisualCogA_Task-1,1,-1,Fz,0.25,5.21849905620347,4.2920979314803,4.39782435249186
VisualCogA_Task-1,1,-1,Fz,0.25390625,5.6850254462249,4.82615534148076,4.90085898332729
VisualCogA_Task-1,1,-1,Fz,0.2578125,6.25559379453987,5.45793552008447,5.45476439938529
VisualCogA_Task-1,1,-1,Fz,0.26171875,6.85167074392473,6.18027041977677,6.01374073543316
VisualCogA_Task-1,1,-1,Fz,0.265625,7.39456767140873,6.81287741241998,6.53225238629648
VisualCogA_Task-1,1,-1,Fz,0.26953125,7.82246192317526,7.25713885399451,6.97864122049613
VisualCogA_Task-1,1,-1,Fz,0.2734375,8.10438691829404,7.44029630095183,7.34463452539662
VisualCogA_Task-1,1,-1,Fz,0.27734375,8.25434821187328,7.63477990962335,7.6451677244873
VisualCogA_Task-1,1,-1,Fz,0.28125,8.33446923021464,7.85374398201425,7.90314805588714
VisualCogA_Task-1,1,-1,Fz,0.28515625,8.43257752962226,8.00842493859257,8.14061710647643
VisualCogA_Task-1,1,-1,Fz,0.2890625,8.6193386383118,8.23046115092886,8.3754994569794
VisualCogA_Task-1,1,-1,Fz,0.29296875,8.91170398549477,8.64594217503195,8.61470367412995
VisualCogA_Task-1,1,-1,Fz,0.296875,9.26747109255833,8.96790995666199,8.85305179915777
VisualCogA_Task-1,1,-1,Fz,0.30078125,9.61420596108252,9.24899776956825,9.08796908170104
VisualCogA_Task-1,1,-1,Fz,0.3046875,9.89640333903918,9.38365925086712,9.32645228452331
VisualCogA_Task-1,1,-1,Fz,0.30859375,10.1158642529879,9.55067329828031,9.58891722771038
VisualCogA_Task-1,1,-1,Fz,0.3125,10.3385950065353,9.60802894549061,9.90054697854336
VisualCogA_Task-1,1,-1,Fz,0.31640625,10.6538335397294,9.59176793972757,10.2833376101842
VisualCogA_Task-1,1,-1,Fz,0.3203125,11.1038355436022,10.6758909987608,10.7349086930404
VisualCogA_Task-1,1,-1,Fz,0.32421875,11.6345900100958,11.1586649890951,11.1952489916481
VisualCogA_Task-1,1,-1,Fz,0.328125,12.11022680538,11.5790268792229,11.5994291293536
VisualCogA_Task-1,1,-1,Fz,0.33203125,12.3850268113169,12.4387372238174,11.8794710626236
VisualCogA_Task-1,1,-1,Fz,0.3359375,12.3811864339029,12.6887575589147,11.9656965604139
VisualCogA_Task-1,1,-1,Fz,0.33984375,12.1203846121539,12.1680090332167,11.8350329051132
VisualCogA_Task-1,1,-1,Fz,0.34375,11.6972438076993,11.6018485549018,11.5246624623187
VisualCogA_Task-1,1,-1,Fz,0.34765625,11.2226141627756,11.0320909461654,11.0995156083026
VisualCogA_Task-1,1,-1,Fz,0.3515625,10.7752471772538,10.3351450658865,10.6309548937193
VisualCogA_Task-1,1,-1,Fz,0.35546875,10.3843745184378,9.95190035283428,10.1847241473783
VisualCogA_Task-1,1,-1,Fz,0.359375,10.0426699208722,9.58572180349884,9.80191637910291
VisualCogA_Task-1,1,-1,Fz,0.36328125,9.73529064878401,9.4194282162072,9.50422261583806
VisualCogA_Task-1,1,-1,Fz,0.3671875,9.46831010823817,9.24495957408521,9.29531766989478
VisualCogA_Task-1,1,-1,Fz,0.37109375,9.28139075028112,8.9326282675576,9.17181015361495
VisualCogA_Task-1,1,-1,Fz,0.375,9.23230096882435,8.7769001843096,9.12611217135628
VisualCogA_Task-1,1,-1,Fz,0.37890625,9.35223609662793,9.02282035371184,9.13070400363839
VisualCogA_Task-1,1,-1,Fz,0.3828125,9.59474497827174,9.24021075515407,9.12896493206033
VisualCogA_Task-1,1,-1,Fz,0.38671875,9.82078723995452,9.48609096591011,9.05528393406059
VisualCogA_Task-1,1,-1,Fz,0.390625,9.84933299943524,9.26756032583951,8.85332047233549
VisualCogA_Task-1,1,-1,Fz,0.39453125,9.55362242698111,9.01584778942286,8.50263459556879
VisualCogA_Task-1,1,-1,Fz,0.3984375,8.93959077072437,8.34936918412554,8.01730634023626
VisualCogA_Task-1,1,-1,Fz,0.40234375,8.15177820494475,7.43621596885951,7.45418350896818
VisualCogA_Task-1,1,-1,Fz,0.40625,7.40596098849201,6.49893316220825,6.89778580805226
VisualCogA_Task-1,1,-1,Fz,0.41015625,6.89241329745004,5.77633966885219,6.43113564876714
VisualCogA_Task-1,1,-1,Fz,0.4140625,6.69676764302648,5.50892280615306,6.1040177219045
VisualCogA_Task-1,1,-1,Fz,0.41796875,6.76708146781923,5.56303692775132,5.91165038659638
VisualCogA_Task-1,1,-1,Fz,0.421875,6.94093197269679,5.95981260259016,5.79966075899559
VisualCogA_Task-1,1,-1,Fz,0.42578125,7.02579603518981,6.06518318089961,5.68462483368447
VisualCogA_Task-1,1,-1,Fz,0.4296875,6.89152663268694,6.14281906522656,5.4964645922116
VisualCogA_Task-1,1,-1,Fz,0.43359375,6.51806869603137,5.61210781723911,5.19681521172682
VisualCogA_Task-1,1,-1,Fz,0.4375,5.97619696178968,5.01050766024489,4.8011747421312
VisualCogA_Task-1,1,-1,Fz,0.44140625,5.37372930227924,4.33719906070968,4.35964895045185
VisualCogA_Task-1,1,-1,Fz,0.4453125,4.81447644666917,3.80266670167876,3.93978801355867
VisualCogA_Task-1,1,-1,Fz,0.44921875,4.38409021934907,3.3246399823914,3.6072712841764
VisualCogA_Task-1,1,-1,Fz,0.453125,4.14431146345406,2.97733702306449,3.41635133903978
VisualCogA_Task-1,1,-1,Fz,0.45703125,4.12085981215144,3.04463245690146,3.39772814640145
VisualCogA_Task-1,1,-1,Fz,0.4609375,4.29454889548002,3.39611153120758,3.54551714818278
VisualCogA_Task-1,1,-1,Fz,0.46484375,4.61241171216848,3.85670677711733,3.8244091455135
VisualCogA_Task-1,1,-1,Fz,0.46875,5.01661410580263,4.2333819648123,4.18664447144203
VisualCogA_Task-1,1,-1,Fz,0.47265625,5.47023668155321,4.77544916145304,4.58715492831713
VisualCogA_Task-1,1,-1,Fz,0.4765625,5.96191578778632,5.10039191356068,4.98476710960177
VisualCogA_Task-1,1,-1,Fz,0.48046875,6.48789207339918,5.33136495088581,5.35399879485353
VisualCogA_Task-1,1,-1,Fz,0.484375,7.02508442364125,5.6633676800209,5.67900316395994
VisualCogA_Task-1,1,-1,Fz,0.48828125,7.51725893919542,6.04109156746535,5.94204724314453
VisualCogA_Task-1,1,-1,Fz,0.4921875,7.89131188625024,6.30833039797434,6.1240951016359
VisualCogA_Task-1,1,-1,Fz,0.49609375,8.09638799870126,6.28351921815497,6.21436450235608
VisualCogA_Task-1,1,-1,Fz,0.5,8.13320351861191,6.21876046386956,6.21742614958861
VisualCogA_Task-1,1,-1,Fz,0.50390625,8.04582239953908,6.1430575102977,6.14361364060028
VisualCogA_Task-1,1,-1,Fz,0.5078125,7.88363564730702,6.00290225783881,6.00337176551462
VisualCogA_Task-1,1,-1,Fz,0.51171875,7.66941565194933,6.00321102166227,5.80709897026328
VisualCogA_Task-1,1,-1,Fz,0.515625,7.40112363257731,5.83266593793113,5.56515457513825
VisualCogA_Task-1,1,-1,Fz,0.51953125,7.08424126830658,5.4717246530375,5.30424057138144
VisualCogA_Task-1,1,-1,Fz,0.5234375,6.76877356485911,5.11232519140426,5.07335156380082
VisualCogA_Task-1,1,-1,Fz,0.52734375,6.56167565370762,4.53391061100952,4.93543916400906
VisualCogA_Task-1,1,-1,Fz,0.53125,6.59556736781289,4.47418189400817,4.95670278591909
VisualCogA_Task-1,1,-1,Fz,0.53515625,6.95755809815196,4.64893385629313,5.16988113069388
VisualCogA_Task-1,1,-1,Fz,0.5390625,7.61579515181309,5.24206683575843,5.56750282517049
VisualCogA_Task-1,1,-1,Fz,0.54296875,8.40117465310356,6.08959514337364,6.09868422331926
VisualCogA_Task-1,1,-1,Fz,0.546875,9.07474031984836,6.89995214726776,6.68542201332618
VisualCogA_Task-1,1,-1,Fz,0.55078125,9.44630391484091,7.51222941804407,7.24895546004843
VisualCogA_Task-1,1,-1,Fz,0.5546875,9.46669591716177,7.94757519345661,7.72840133950501
VisualCogA_Task-1,1,-1,Fz,0.55859375,9.23934534389883,8.2801040595369,8.08481592421454
VisualCogA_Task-1,1,-1,Fz,0.5625,8.95792959692913,8.45568398732539,8.29751997452492
VisualCogA_Task-1,1,-1,Fz,0.56640625,8.81444008940977,8.53789328515957,8.36210826206094
VisualCogA_Task-1,1,-1,Fz,0.5703125,8.91992362184928,8.31190528218693,8.28735589284741
VisualCogA_Task-1,1,-1,Fz,0.57421875,9.26527669690428,8.09987674296837,8.09668672483405
VisualCogA_Task-1,1,-1,Fz,0.578125,9.73539494321404,7.98954530251784,7.81557039841549
VisualCogA_Task-1,1,-1,Fz,0.58203125,10.1691286834928,7.68494702235696,7.46974238883094
VisualCogA_Task-1,1,-1,Fz,0.5859375,10.4349689279267,7.1863456921828,7.09943607999476
VisualCogA_Task-1,1,-1,Fz,0.58984375,10.4859684971386,6.57510222420778,6.76281857528184
VisualCogA_Task-1,1,-1,Fz,0.59375,10.3710725945032,6.19396701412913,6.52529944574939
VisualCogA_Task-1,1,-1,Fz,0.59765625,10.2026567833281,5.9952475576271,6.43664523319844
VisualCogA_Task-1,1,-1,Fz,0.6015625,10.1002367786311,6.12636749254911,6.51901144346168
VisualCogA_Task-1,1,-1,Fz,0.60546875,10.1392706588518,6.516240560594,6.75777044274084
VisualCogA_Task-1,1,-1,Fz,0.609375,10.3270600760228,7.04388523314353,7.10557426799495
VisualCogA_Task-1,1,-1,Fz,0.61328125,10.61061020648,7.58963837795339,7.49494746600411
VisualCogA_Task-1,1,-1,Fz,0.6171875,10.9059068080941,8.15619073708904,7.85327383064417
VisualCogA_Task-1,1,-1,Fz,0.62109375,11.1320952030058,8.4897720713855,8.11582806512004
VisualCogA_Task-1,1,-1,Fz,0.625,11.2375874997908,8.63948270466603,8.24312794817374
VisualCogA_Task-1,1,-1,Fz,0.62890625,11.212923274718,8.58459044802533,8.22685325906939
VisualCogA_Task-1,1,-1,Fz,0.6328125,11.0908691913973,7.95901233502649,8.09171334011212
VisualCogA_Task-1,1,-1,Fz,0.63671875,10.9355267939205,7.58715332601712,7.89222896602009
VisualCogA_Task-1,1,-1,Fz,0.640625,10.8218116465071,7.60789428984021,7.67186249442096
VisualCogA_Task-1,1,-1,Fz,0.64453125,10.8084892616243,7.35379794426433,7.44865331294214
VisualCogA_Task-1,1,-1,Fz,0.6484375,10.913702815567,7.16726482417673,7.23531012549598
VisualCogA_Task-1,1,-1,Fz,0.65234375,11.1081134127482,6.9974233568202,7.03663702193836
VisualCogA_Task-1,1,-1,Fz,0.65625,11.3380307809119,6.93065356916678,6.85176765034853
VisualCogA_Task-1,1,-1,Fz,0.66015625,11.5718523881754,7.03442594233921,6.67656785337926
VisualCogA_Task-1,1,-1,Fz,0.6640625,11.8375225371192,6.74230938384544,6.51347730025146
VisualCogA_Task-1,1,-1,Fz,0.66796875,12.2146346586766,5.96187931206339,6.3947571675994
VisualCogA_Task-1,1,-1,Fz,0.671875,12.7779315995354,6.06828570132772,6.37173797235683
VisualCogA_Task-1,1,-1,Fz,0.67578125,13.5332615168882,6.30639592370469,6.45967707682952
VisualCogA_Task-1,1,-1,Fz,0.6796875,14.3976543625734,6.55920537994592,6.64854415407078
VisualCogA_Task-1,1,-1,Fz,0.68359375,15.2413769143563,7.31001606452872,6.91553544770689
VisualCogA_Task-1,1,-1,Fz,0.6875,15.9646851823675,7.38871141653392,7.23040230352036
VisualCogA_Task-1,1,-1,Fz,0.69140625,16.5607482862767,8.0705133465221,7.59576945202885
VisualCogA_Task-1,1,-1,Fz,0.6953125,17.126442846443,8.36647193909782,8.02745404983449
VisualCogA_Task-1,1,-1,Fz,0.69921875,17.813648675651,8.13683022144659,8.58083524474719
VisualCogA_Task-1,1,-1,Fz,0.703125,18.7494311002235,8.53497369397703,9.33954367534876
VisualCogA_Task-1,1,-1,Fz,0.70703125,19.9729027928165,9.88221997832376,10.3502095616127
VisualCogA_Task-1,1,-1,Fz,0.7109375,21.423337519043,11.2885388482345,11.5924156250648
VisualCogA_Task-1,1,-1,Fz,0.71484375,22.9770904205004,13.0251210695941,13.00674545529
VisualCogA_Task-1,1,-1,Fz,0.71875,24.5008157698247,14.3622190590903,14.5084595771378
VisualCogA_Task-1,1,-1,Fz,0.72265625,25.8879802140273,15.8759310806935,16.0143498166491
VisualCogA_Task-1,1,-1,Fz,0.7265625,27.0682773353427,18.9976867845082,17.429021290028
VisualCogA_Task-1,1,-1,Fz,0.73046875,28.0012925289374,18.6129200630063,18.6455442188153
VisualCogA_Task-1,1,-1,Fz,0.734375,28.6720151486998,19.8838111295151,19.6877109490922
VisualCogA_Task-1,1,-1,Fz,0.73828125,29.0988404746199,20.6806425924505,20.5765951472886
VisualCogA_Task-1,1,-1,Fz,0.7421875,29.350268553151,21.4542123541971,21.3496121615369
VisualCogA_Task-1,1,-1,Fz,0.74609375,29.5506294163428,22.5113146932558,22.0528479603992
VisualCogA_Task-1,1,-1,Fz,0.75,29.8527152163556,21.6305956579624,22.7411051951594
VisualCogA_Task-1,1,-1,Fz,0.75390625,30.3775899077278,23.4764498539181,23.507392078173
VisualCogA_Task-1,1,-1,Fz,0.7578125,31.1528176833755,23.262271002718,24.3521743603621
VisualCogA_Task-1,1,-1,Fz,0.76171875,32.0875073998137,25.2979025074477,25.273339273961
VisualCogA_Task-1,1,-1,Fz,0.765625,32.9989337609411,26.6061461738118,26.1779487714004
VisualCogA_Task-1,1,-1,Fz,0.76953125,33.6767765972873,25.6822688390621,26.9751117412349
VisualCogA_Task-1,1,-1,Fz,0.7734375,33.9573862605809,27.9829865967508,27.6096201888864
VisualCogA_Task-1,1,-1,Fz,0.77734375,33.7784628233135,29.3477709886898,27.9185292112629
VisualCogA_Task-1,1,-1,Fz,0.78125,33.1901798649542,28.5277487222249,27.7700077725939
VisualCogA_Task-1,1,-1,Fz,0.78515625,32.318121606303,27.4757667931607,27.1513283185616
VisualCogA_Task-1,1,-1,Fz,0.7890625,31.3023058258547,26.9251384059447,26.1129083739839
VisualCogA_Task-1,1,-1,Fz,0.79296875,30.2518638204693,24.8362321076964,24.7322020032284
VisualCogA_Task-1,1,-1,Fz,0.796875,29.2378397583083,21.8286895987323,23.1543491066599
VisualCogA_Task-1,1,-1,Fz,0.80078125,28.3105722256115,21.0131093591002,21.5331587600151
VisualCogA_Task-1,1,-1,F3,-0.19921875,8.15386304663581,6.60931888003852,6.29401950261585
VisualCogA_Task-1,1,-1,F3,-0.1953125,7.5363465338938,5.81204446628594,5.59362729504735
VisualCogA_Task-1,1,-1,F3,-0.19140625,6.7001894393148,5.03203606258659,4.9195100355974
VisualCogA_Task-1,1,-1,F3,-0.1875,5.7765479206607,4.16738470316996,4.31614410332111
VisualCogA_Task-1,1,-1,F3,-0.18359375,4.95797044564904,3.43458147830656,3.83738304618936
VisualCogA_Task-1,1,-1,F3,-0.1796875,4.41649652386304,3.05933234782296,3.52468379549375
VisualCogA_Task-1,1,-1,F3,-0.17578125,4.22856990642598,3.05272746307503,3.38593648520233
VisualCogA_Task-1,1,-1,F3,-0.171875,4.34515291110789,3.22297067211523,3.39025196197723
VisualCogA_Task-1,1,-1,F3,-0.16796875,4.61687158469064,3.53425362515726,3.47897365397001
VisualCogA_Task-1,1,-1,F3,-0.1640625,4.85458533963385,3.86171764796238,3.57950488184368
VisualCogA_Task-1,1,-1,F3,-0.16015625,4.89776467190423,4.16073178629869,3.62385563052689
VisualCogA_Task-1,1,-1,F3,-0.15625,4.66973534709553,3.86422479892721,3.56755361545817
VisualCogA_Task-1,1,-1,F3,-0.15234375,4.20143390644434,3.51758202223811,3.4108662317237
VisualCogA_Task-1,1,-1,F3,-0.1484375,3.60822869419139,3.14341139565823,3.17878347303208
VisualCogA_Task-1,1,-1,F3,-0.14453125,3.02723324254235,2.87655650721485,2.90518831563478
VisualCogA_Task-1,1,-1,F3,-0.140625,2.55357986275435,2.38833832240442,2.62101606266877
VisualCogA_Task-1,1,-1,F3,-0.13671875,2.21361706200795,2.21489053371152,2.35481603323605
VisualCogA_Task-1,1,-1,F3,-0.1328125,1.9783566699847,2.15254008199579,2.11574773474989
VisualCogA_Task-1,1,-1,F3,-0.12890625,1.79530797777905,1.98739307776211,1.9013102163299
VisualCogA_Task-1,1,-1,F3,-0.125,1.62076878919826,1.65597845952217,1.71206855603281
VisualCogA_Task-1,1,-1,F3,-0.12109375,1.44291191810895,1.33530898571863,1.55576140370136
VisualCogA_Task-1,1,-1,F3,-0.1171875,1.28504905550584,1.21928000788998,1.43545323446911
VisualCogA_Task-1,1,-1,F3,-0.11328125,1.18443904887482,1.31920156517052,1.3358374886377
VisualCogA_Task-1,1,-1,F3,-0.109375,1.15986358462601,1.40082276531213,1.2235931709605
VisualCogA_Task-1,1,-1,F3,-0.10546875,1.1906733710134,1.27496941733415,1.0640129592353
VisualCogA_Task-1,1,-1,F3,-0.1015625,1.21917212105713,0.779814563464975,0.837158664122517
VisualCogA_Task-1,1,-1,F3,-0.09765625,1.17126302512666,0.686350478431058,0.540671801124152
VisualCogA_Task-1,1,-1,F3,-0.09375,0.983898918953954,0.469406559481873,0.167415210687397
VisualCogA_Task-1,1,-1,F3,-0.08984375,0.629278507088551,-0.00491834019581222,-0.277608376964976
VisualCogA_Task-1,1,-1,F3,-0.0859375,0.125841598776288,-0.770730861727414,-0.764230285877321
VisualCogA_Task-1,1,-1,F3,-0.08203125,-0.470164568692632,-1.41333463659378,-1.23955767036323
VisualCogA_Task-1,1,-1,F3,-0.078125,-1.08544734628422,-2.0080861712107,-1.65123939939046
VisualCogA_Task-1,1,-1,F3,-0.07421875,-1.64734645710068,-2.31568211436843,-1.96140575577933
VisualCogA_Task-1,1,-1,F3,-0.0703125,-2.09445861445705,-2.55113613638834,-2.16192425333517
VisualCogA_Task-1,1,-1,F3,-0.06640625,-2.39052605867097,-2.48616664863577,-2.27418543574573
VisualCogA_Task-1,1,-1,F3,-0.0625,-2.54358734401648,-2.09628276247815,-2.35201417028654
VisualCogA_Task-1,1,-1,F3,-0.05859375,-2.61294404867213,-2.06338737247997,-2.46690042530729
VisualCogA_Task-1,1,-1,F3,-0.0546875,-2.68997336864393,-2.22825190711928,-2.66902321850697
VisualCogA_Task-1,1,-1,F3,-0.05078125,-2.86469953914796,-2.75379880476161,-2.97493547984898
VisualCogA_Task-1,1,-1,F3,-0.046875,-3.20081126551898,-3.25536501106681,-3.36445919668104
VisualCogA_Task-1,1,-1,F3,-0.04296875,-3.7248688293449,-3.78629099019085,-3.79898830009363
VisualCogA_Task-1,1,-1,F3,-0.0390625,-4.4213741206787,-4.36401435356335,-4.23082553904268
VisualCogA_Task-1,1,-1,F3,-0.03515625,-5.23208673575842,-4.8253330628869,-4.61121555332558
VisualCogA_Task-1,1,-1,F3,-0.03125,-6.06601446800073,-5.22521130142951,-4.90250205061642
VisualCogA_Task-1,1,-1,F3,-0.02734375,-6.82125529017654,-5.4593839635446,-5.08487186438609
VisualCogA_Task-1,1,-1,F3,-0.0234375,-7.41327708454319,-5.37556702331274,-5.16540426567322
VisualCogA_Task-1,1,-1,F3,-0.01953125,-7.80505025766005,-5.02012322100244,-5.18238786711297
VisualCogA_Task-1,1,-1,F3,-0.015625,-8.03112101182804,-5.0450612681648,-5.19162484447715
VisualCogA_Task-1,1,-1,F3,-0.01171875,-8.19578147536652,-4.91254202433622,-5.23539531969501
VisualCogA_Task-1,1,-1,F3,-0.0078125,-8.42777739555719,-5.2073471155731,-5.34376578333647
VisualCogA_Task-1,1,-1,F3,-0.00390625,-8.80644574478981,-5.34445145678861,-5.51989828469151
VisualCogA_Task-1,1,-1,F3,0,-9.30862380254074,-5.67856726331371,-5.75558665073653
VisualCogA_Task-1,1,-1,F3,0.00390625,-9.82007801662239,-6.0965722897778,-6.02800413945598
VisualCogA_Task-1,1,-1,F3,0.0078125,-10.2092992244031,-6.47220345519139,-6.30790572654913
VisualCogA_Task-1,1,-1,F3,0.01171875,-10.4153463110723,-6.74908352769265,-6.57176040024202
VisualCogA_Task-1,1,-1,F3,0.015625,-10.4902192916817,-6.99462286913524,-6.80972862614759
VisualCogA_Task-1,1,-1,F3,0.01953125,-10.5659267104876,-7.16037915463355,-7.02674779716631
VisualCogA_Task-1,1,-1,F3,0.0234375,-10.7689400442466,-7.29410922679376,-7.24316315978093
VisualCogA_Task-1,1,-1,F3,0.02734375,-11.1452127475223,-7.30377032223682,-7.49045590692985
VisualCogA_Task-1,1,-1,F3,0.03125,-11.650971599535,-7.30180017703564,-7.80435273713583
VisualCogA_Task-1,1,-1,F3,0.03515625,-12.2074641054586,-7.78904689684083,-8.20502321686388
VisualCogA_Task-1,1,-1,F3,0.0390625,-12.7626881821468,-8.46109040192623,-8.67075753257068
VisualCogA_Task-1,1,-1,F3,0.04296875,-13.3047143076297,-9.33802469890344,-9.14518117737764
VisualCogA_Task-1,1,-1,F3,0.046875,-13.8263453122048,-9.87283046193756,-9.55444738351914
VisualCogA_Task-1,1,-1,F3,0.05078125,-14.2901703297321,-10.3803748791822,-9.84077967669003
VisualCogA_Task-1,1,-1,F3,0.0546875,-14.6364693625911,-10.3932889088941,-9.9729335057867
VisualCogA_Task-1,1,-1,F3,0.05859375,-14.8273707976582,-10.2689132420832,-9.96463058657988
VisualCogA_Task-1,1,-1,F3,0.0625,-14.8856544086399,-9.86571228231175,-9.86462225176592
VisualCogA_Task-1,1,-1,F3,0.06640625,-14.8964804724344,-9.58329389864772,-9.74701672199975
VisualCogA_Task-1,1,-1,F3,0.0703125,-14.9734849198187,-9.25158522481079,-9.68601305381515
VisualCogA_Task-1,1,-1,F3,0.07421875,-15.2124032589199,-9.25105394320529,-9.74216673513322
VisualCogA_Task-1,1,-1,F3,0.078125,-15.6559516662812,-9.68154895401113,-9.93983093479135
VisualCogA_Task-1,1,-1,F3,0.08203125,-16.2826857711544,-10.0112813321,-10.2624327556329
VisualCogA_Task-1,1,-1,F3,0.0859375,-17.0191653488883,-10.7725665050208,-10.671875802103
VisualCogA_Task-1,1,-1,F3,0.08984375,-17.7654619786811,-11.3977809513313,-11.1091343933522
VisualCogA_Task-1,1,-1,F3,0.09375,-18.4250309184617,-11.9751672535598,-11.523573740441
VisualCogA_Task-1,1,-1,F3,0.09765625,-18.9369679748823,-12.3069394370833,-11.8886129342614
VisualCogA_Task-1,1,-1,F3,0.1015625,-19.3059279527255,-12.0343917138176,-12.2153038584653
VisualCogA_Task-1,1,-1,F3,0.10546875,-19.6101471457377,-12.1976903239464,-12.5495589386066
VisualCogA_Task-1,1,-1,F3,0.109375,-19.9653711790677,-12.3542097342479,-12.9222145881849
VisualCogA_Task-1,1,-1,F3,0.11328125,-20.4518921222686,-12.8269171361283,-13.3347848361451
VisualCogA_Task-1,1,-1,F3,0.1171875,-21.0521285995963,-13.8539083127038,-13.7414499736038
VisualCogA_Task-1,1,-1,F3,0.12109375,-21.6502147796838,-14.5888679732467,-14.054067983343
VisualCogA_Task-1,1,-1,F3,0.125,-22.098106856933,-15.1378763796309,-14.1938683764029
VisualCogA_Task-1,1,-1,F3,0.12890625,-22.2991390237888,-15.0345755604196,-14.126647329649
VisualCogA_Task-1,1,-1,F3,0.1328125,-22.2532953661414,-13.7952977583336,-13.8968683535493
VisualCogA_Task-1,1,-1,F3,0.13671875,-22.0466335330274,-12.7719594165178,-13.6246556444692
VisualCogA_Task-1,1,-1,F3,0.140625,-21.8051793659962,-12.8315174776619,-13.4216691825062
VisualCogA_Task-1,1,-1,F3,0.14453125,-21.6447346073881,-12.9876133134586,-13.3285109287619
VisualCogA_Task-1,1,-1,F3,0.1484375,-21.6390383319305,-13.3346227853469,-13.3366035356006
VisualCogA_Task-1,1,-1,F3,0.15234375,-21.8113649451875,-13.4032255601011,-13.4089615207782
VisualCogA_Task-1,1,-1,F3,0.15625,-22.1398382599654,-13.6091766128724,-13.5084343395296
VisualCogA_Task-1,1,-1,F3,0.16015625,-22.5673679382099,-13.8449348683413,-13.5973934503662
VisualCogA_Task-1,1,-1,F3,0.1640625,-23.0185956612693,-14.0690795369871,-13.6466055012451
VisualCogA_Task-1,1,-1,F3,0.16796875,-23.4266006199593,-13.7753314339875,-13.6474655916209
VisualCogA_Task-1,1,-1,F3,0.171875,-23.758410298074,-13.5547516136742,-13.6265749905936
VisualCogA_Task-1,1,-1,F3,0.17578125,-24.0229986931121,-13.5729460841826,-13.6211904541271
VisualCogA_Task-1,1,-1,F3,0.1796875,-24.25736419613,-13.3406576524384,-13.6625834567751
VisualCogA_Task-1,1,-1,F3,0.18359375,-24.5001448371293,-13.5357708604157,-13.7780051089297
VisualCogA_Task-1,1,-1,F3,0.1875,-24.767255155378,-14.2426585998288,-13.9678793706211
VisualCogA_Task-1,1,-1,F3,0.19140625,-25.0427150535791,-14.2310853533325,-14.2124440145036
VisualCogA_Task-1,1,-1,F3,0.1953125,-25.2920378122438,-14.5857091930079,-14.5148350823323
VisualCogA_Task-1,1,-1,F3,0.19921875,-25.4934428225593,-14.7224124817396,-14.8797420607642
VisualCogA_Task-1,1,-1,F3,0.203125,-25.6655903051711,-14.8659401145665,-15.3177606123465
VisualCogA_Task-1,1,-1,F3,0.20703125,-25.8637959654767,-15.6384075641664,-15.826375601374
VisualCogA_Task-1,1,-1,F3,0.2109375,-26.138715328491,-16.0631982187831,-16.3654201839931
VisualCogA_Task-1,1,-1,F3,0.21484375,-26.4907850959542,-16.8426815599078,-16.8790635132499
VisualCogA_Task-1,1,-1,F3,0.21875,-26.864205204149,-18.1895425688531,-17.2862895784227
VisualCogA_Task-1,1,-1,F3,0.22265625,-27.1865255222794,-18.0966439066368,-17.5030505393446
VisualCogA_Task-1,1,-1,F3,0.2265625,-27.4168619307369,-17.7789775404298,-17.5205696383849
VisualCogA_Task-1,1,-1,F3,0.23046875,-27.5652713831895,-17.5380028452901,-17.3795362318535
VisualCogA_Task-1,1,-1,F3,0.234375,-27.6780747864194,-17.1663976800213,-17.1421736678977
VisualCogA_Task-1,1,-1,F3,0.23828125,-27.807403733543,-16.3724563768308,-16.8839108457842
VisualCogA_Task-1,1,-1,F3,0.2421875,-27.9839066667625,-15.9234468358487,-16.682195332457
VisualCogA_Task-1,1,-1,F3,0.24609375,-28.2032275361705,-16.0981993304589,-16.5718534891137
VisualCogA_Task-1,1,-1,F3,0.25,-28.4284506615214,-16.9302254892682,-16.524482635568
VisualCogA_Task-1,1,-1,F3,0.25390625,-28.6037392461358,-16.1652292251719,-16.4722089117456
VisualCogA_Task-1,1,-1,F3,0.2578125,-28.6733682305325,-16.7597770095648,-16.3809703620475
VisualCogA_Task-1,1,-1,F3,0.26171875,-28.6042867211862,-17.0096600303945,-16.1911233903266
VisualCogA_Task-1,1,-1,F3,0.265625,-28.4092482181771,-16.3515983504157,-15.8745916210622
VisualCogA_Task-1,1,-1,F3,0.26953125,-28.1575800899655,-15.268188215452,-15.4715100654062
VisualCogA_Task-1,1,-1,F3,0.2734375,-27.9550186410978,-14.9266944096222,-15.0617642952897
VisualCogA_Task-1,1,-1,F3,0.27734375,-27.8912425732344,-14.7875158342818,-14.7082963951477
VisualCogA_Task-1,1,-1,F3,0.28125,-27.9876490489468,-13.4514167904861,-14.4627926256098
VisualCogA_Task-1,1,-1,F3,0.28515625,-28.1897876829148,-13.5583149038582,-14.383540867233
VisualCogA_Task-1,1,-1,F3,0.2890625,-28.4145432407451,-14.6485164805414,-14.4445476809809
VisualCogA_Task-1,1,-1,F3,0.29296875,-28.6139308185613,-15.2807885430914,-14.551050797536
VisualCogA_Task-1,1,-1,F3,0.296875,-28.8061074608652,-15.3236989712735,-14.6252853475439
VisualCogA_Task-1,1,-1,F3,0.30078125,-29.0548812718182,-15.2092620095237,-14.6502979404466
VisualCogA_Task-1,1,-1,F3,0.3046875,-29.415140115464,-14.3900089410918,-14.6673363209969
VisualCogA_Task-1,1,-1,F3,0.30859375,-29.8788912134769,-14.010856981952,-14.7642285730375
VisualCogA_Task-1,1,-1,F3,0.3125,-30.3580580573616,-13.9603632264175,-15.0056921654187
VisualCogA_Task-1,1,-1,F3,0.31640625,-30.7256510994928,-15.3654584584822,-15.3936636010672
VisualCogA_Task-1,1,-1,F3,0.3203125,-30.8992925331277,-15.7648869465552,-15.842968637993
VisualCogA_Task-1,1,-1,F3,0.32421875,-30.9102013541893,-16.6574360817339,-16.2660826056571
VisualCogA_Task-1,1,-1,F3,0.328125,-30.899683516015,-16.8917324540893,-16.5689740259009
VisualCogA_Task-1,1,-1,F3,0.33203125,-31.0365434774361,-17.3458122228618,-16.6902242102386
VisualCogA_Task-1,1,-1,F3,0.3359375,-31.4114068193623,-17.3862671078828,-16.5953110058672
VisualCogA_Task-1,1,-1,F3,0.33984375,-31.9830695482708,-16.4790160141844,-16.3043445943685
VisualCogA_Task-1,1,-1,F3,0.34375,-32.6121630977609,-15.0236322423831,-15.9033481658259
VisualCogA_Task-1,1,-1,F3,0.34765625,-33.1535511215546,-15.4976955747736,-15.492900861974
VisualCogA_Task-1,1,-1,F3,0.3515625,-33.5418622417411,-15.4558069917365,-15.1002721642604
VisualCogA_Task-1,1,-1,F3,0.35546875,-33.8173885093357,-14.0568398249334,-14.753131113533
VisualCogA_Task-1,1,-1,F3,0.359375,-34.0842196619321,-13.9874941454695,-14.508774652929
VisualCogA_Task-1,1,-1,F3,0.36328125,-34.4336433772842,-14.5780346482787,-14.3664754515358
VisualCogA_Task-1,1,-1,F3,0.3671875,-34.8808040012714,-14.4513331347371,-14.2820661361525
VisualCogA_Task-1,1,-1,F3,0.37109375,-35.3504904504134,-14.2276887666994,-14.2290092666401
VisualCogA_Task-1,1,-1,F3,0.375,-35.7208475255744,-14.4546888247831,-14.194872986075
VisualCogA_Task-1,1,-1,F3,0.37890625,-35.9037071748004,-14.2835108240746,-14.1671153958719
VisualCogA_Task-1,1,-1,F3,0.3828125,-35.9155657650141,-14.451450251875,-14.1548459173377
VisualCogA_Task-1,1,-1,F3,0.38671875,-35.8891366907605,-14.2496670180072,-14.1768735907963
VisualCogA_Task-1,1,-1,F3,0.390625,-36.0084056134979,-13.0937572277715,-14.2767244844498
VisualCogA_Task-1,1,-1,F3,0.39453125,-36.4062560294239,-14.6391158370905,-14.5039907854343
VisualCogA_Task-1,1,-1,F3,0.3984375,-37.0940525450971,-14.8877088664557,-14.8096840761628
VisualCogA_Task-1,1,-1,F3,0.40234375,-37.9651389248836,-15.4127542781465,-15.1560763600199
VisualCogA_Task-1,1,-1,F3,0.40625,-38.8571582559596,-15.9573111393288,-15.5119417062474
VisualCogA_Task-1,1,-1,F3,0.41015625,-39.6273007093307,-16.2174803563364,-15.8674440105983
VisualCogA_Task-1,1,-1,F3,0.4140625,-40.2058968338901,-16.0312838685497,-16.2498612882485
VisualCogA_Task-1,1,-1,F3,0.41796875,-40.6154042338311,-16.4552832469287,-16.7156412498523
VisualCogA_Task-1,1,-1,F3,0.421875,-40.9512621635911,-16.0466313856669,-17.3030168210891
VisualCogA_Task-1,1,-1,F3,0.42578125,-41.3310206729085,-18.1403347261516,-18.0285244273946
VisualCogA_Task-1,1,-1,F3,0.4296875,-41.8371840523625,-18.5159001161075,-18.8040017079195
VisualCogA_Task-1,1,-1,F3,0.43359375,-42.486048810708,-19.8261436835981,-19.5506038267106
VisualCogA_Task-1,1,-1,F3,0.4375,-43.233428891272,-20.7776695058059,-20.1654774818306
VisualCogA_Task-1,1,-1,F3,0.44140625,-44.0002920762212,-20.2985147154061,-20.5687310260827
VisualCogA_Task-1,1,-1,F3,0.4453125,-44.6976054355166,-21.5456797766209,-20.7314888142682
VisualCogA_Task-1,1,-1,F3,0.44921875,-45.2466322790358,-21.0645600898704,-20.6023571752984
VisualCogA_Task-1,1,-1,F3,0.453125,-45.6001872513373,-20.4408931119936,-20.1977916849477
VisualCogA_Task-1,1,-1,F3,0.45703125,-45.7595483969709,-19.3902546469587,-19.5727648285377
VisualCogA_Task-1,1,-1,F3,0.4609375,-45.7697203314049,-18.678971938981,-18.8025075436442
VisualCogA_Task-1,1,-1,F3,0.46484375,-45.6867318102329,-18.3064638619907,-17.9470415860446
VisualCogA_Task-1,1,-1,F3,0.46875,-45.5381920601021,-17.4303322112115,-17.0560940777944
VisualCogA_Task-1,1,-1,F3,0.47265625,-45.3096389605156,-15.5016008341362,-16.2093439972778
VisualCogA_Task-1,1,-1,F3,0.4765625,-44.9697397462121,-14.8266577113711,-15.5176568339973
VisualCogA_Task-1,1,-1,F3,0.48046875,-44.5176680633615,-14.9794353631914,-15.0329194805267
VisualCogA_Task-1,1,-1,F3,0.484375,-44.0192874180247,-15.3432557674295,-14.7494355692212
VisualCogA_Task-1,1,-1,F3,0.48828125,-43.6017572604983,-14.4240234760719,-14.6570517226579
VisualCogA_Task-1,1,-1,F3,0.4921875,-43.4002351841567,-14.4379856933019,-14.7950995799314
VisualCogA_Task-1,1,-1,F3,0.49609375,-43.4874800498187,-14.6444000708513,-15.1834917595871
VisualCogA_Task-1,1,-1,F3,0.5,-43.8372245046026,-15.3489893540623,-15.8123813896183
VisualCogA_Task-1,1,-1,F3,0.50390625,-44.348766136144,-16.8895594564537,-16.6269972906237
VisualCogA_Task-1,1,-1,F3,0.5078125,-44.9106923447402,-17.6843262820874,-17.5339522802385
VisualCogA_Task-1,1,-1,F3,0.51171875,-45.4544587113767,-18.7029856506779,-18.4617393565844
VisualCogA_Task-1,1,-1,F3,0.515625,-45.9659047689891,-19.5319203659448,-19.3513826846032
VisualCogA_Task-1,1,-1,F3,0.51953125,-46.4581322898122,-20.1748620168231,-20.1640102870783
VisualCogA_Task-1,1,-1,F3,0.5234375,-46.9292650961934,-20.4425069766601,-20.8757949935713
VisualCogA_Task-1,1,-1,F3,0.52734375,-47.3323182355553,-21.6457367035595,-21.4638139444559
VisualCogA_Task-1,1,-1,F3,0.53125,-47.582105249253,-22.3536398679143,-21.8690369453633
VisualCogA_Task-1,1,-1,F3,0.53515625,-47.6074110891461,-22.8167198919746,-22.0475940318498
VisualCogA_Task-1,1,-1,F3,0.5390625,-47.4195444898426,-22.8002216899209,-21.9959988163512
VisualCogA_Task-1,1,-1,F3,0.54296875,-47.1402284256708,-21.6446705488553,-21.7748587329801
VisualCogA_Task-1,1,-1,F3,0.546875,-46.9533746518681,-20.5904365380011,-21.5117997886468
VisualCogA_Task-1,1,-1,F3,0.55078125,-47.0088059820676,-20.7575046463709,-21.3235989749177
VisualCogA_Task-1,1,-1,F3,0.5546875,-47.3479396316011,-20.1394668592733,-21.2502530124722
VisualCogA_Task-1,1,-1,F3,0.55859375,-47.8970546904485,-21.29798611432,-21.2845840946106
VisualCogA_Task-1,1,-1,F3,0.5625,-48.5157983574585,-21.7771016157452,-21.3268489018669
VisualCogA_Task-1,1,-1,F3,0.56640625,-49.0601000583839,-21.8960486607311,-21.2784209497508
VisualCogA_Task-1,1,-1,F3,0.5703125,-49.4312024966651,-21.6995214392716,-21.0781948132616
VisualCogA_Task-1,1,-1,F3,0.57421875,-49.6012651872721,-21.0684799696167,-20.7165340433138
VisualCogA_Task-1,1,-1,F3,0.578125,-49.6127223992397,-20.5053284673618,-20.2355794096562
VisualCogA_Task-1,1,-1,F3,0.58203125,-49.5539682637812,-19.933913885765,-19.7068005092293
VisualCogA_Task-1,1,-1,F3,0.5859375,-49.5225112378814,-18.1706888858594,-19.2241460271158
VisualCogA_Task-1,1,-1,F3,0.58984375,-49.5897525979072,-17.8578237329406,-18.9004907631097
VisualCogA_Task-1,1,-1,F3,0.59375,-49.7773537831928,-18.5619386075525,-18.7609214219002
VisualCogA_Task-1,1,-1,F3,0.59765625,-50.0504833867823,-18.9329642024801,-18.7436357889958
VisualCogA_Task-1,1,-1,F3,0.6015625,-50.3301993788057,-18.939764274012,-18.7702497487095
VisualCogA_Task-1,1,-1,F3,0.60546875,-50.522796428681,-19.1906919293637,-18.7781565531444
VisualCogA_Task-1,1,-1,F3,0.609375,-50.5574643836478,-19.1795788898449,-18.7188756648457
VisualCogA_Task-1,1,-1,F3,0.61328125,-50.4187155773504,-18.8860628099325,-18.5783044943768
VisualCogA_Task-1,1,-1,F3,0.6171875,-50.1605374300869,-18.4434197671926,-18.3807323877176
VisualCogA_Task-1,1,-1,F3,0.62109375,-49.8947250231079,-17.9963005000414,-18.1760952171444
VisualCogA_Task-1,1,-1,F3,0.625,-49.7536044167115,-17.810393666898,-18.0195528032231
VisualCogA_Task-1,1,-1,F3,0.62890625,-49.836956672605,-17.2941462340506,-17.9512820734275
VisualCogA_Task-1,1,-1,F3,0.6328125,-50.1633977792882,-17.5709767787279,-17.9940300272045
VisualCogA_Task-1,1,-1,F3,0.63671875,-50.6511747685652,-18.5021043437677,-18.1157823440528
VisualCogA_Task-1,1,-1,F3,0.640625,-51.1449905359516,-18.5203090570699,-18.2492702660981
VisualCogA_Task-1,1,-1,F3,0.64453125,-51.4834987680207,-18.6975390634866,-18.3594185354423
VisualCogA_Task-1,1,-1,F3,0.6484375,-51.575479072978,-18.5797135826743,-18.4337384601017
VisualCogA_Task-1,1,-1,F3,0.65234375,-51.4394784412044,-18.5314677683934,-18.487918058763
VisualCogA_Task-1,1,-1,F3,0.65625,-51.1780196439311,-18.1929363731821,-18.5498099436603
VisualCogA_Task-1,1,-1,F3,0.66015625,-50.8997038771612,-18.3535777745262,-18.6508958694972
VisualCogA_Task-1,1,-1,F3,0.6640625,-50.6433666319534,-19.3309246760391,-18.7929181267707
VisualCogA_Task-1,1,-1,F3,0.66796875,-50.3629119991715,-18.7504425815901,-18.9528424980635
VisualCogA_Task-1,1,-1,F3,0.671875,-49.9861504769514,-18.3275853109436,-19.152468645064
VisualCogA_Task-1,1,-1,F3,0.67578125,-49.4979443531782,-19.47217792396,-19.3967295697545
VisualCogA_Task-1,1,-1,F3,0.6796875,-48.9751747211575,-19.6395650757713,-19.6218179962738
VisualCogA_Task-1,1,-1,F3,0.68359375,-48.5417046079854,-19.891103001447,-19.7702140116114
VisualCogA_Task-1,1,-1,F3,0.6875,-48.276775488342,-19.9207383641855,-19.7858766260481
VisualCogA_Task-1,1,-1,F3,0.69140625,-48.1444608846241,-19.8431333088445,-19.622838932351
VisualCogA_Task-1,1,-1,F3,0.6953125,-47.995293131318,-18.9122572258065,-19.2463725014654
VisualCogA_Task-1,1,-1,F3,0.69921875,-47.6415628614447,-19.3846525266744,-18.6401067690441
VisualCogA_Task-1,1,-1,F3,0.703125,-46.9577980609074,-18.1387223895568,-17.7598282311021
VisualCogA_Task-1,1,-1,F3,0.70703125,-45.9419368765407,-17.4844509909164,-16.6233688634565
VisualCogA_Task-1,1,-1,F3,0.7109375,-44.704699261961,-15.2983239500899,-15.2801351551293
VisualCogA_Task-1,1,-1,F3,0.71484375,-43.4072085909727,-13.4394498104861,-13.8512904390972
VisualCogA_Task-1,1,-1,F3,0.71875,-42.1940523798179,-11.875064314322,-12.4595137812506
VisualCogA_Task-1,1,-1,F3,0.72265625,-41.1560332370612,-10.7406278607869,-11.1931641950952
VisualCogA_Task-1,1,-1,F3,0.7265625,-40.3292175932494,-10.0165407699699,-10.0918965718931
VisualCogA_Task-1,1,-1,F3,0.73046875,-39.7187394618869,-8.61291505752343,-9.15765444171366
VisualCogA_Task-1,1,-1,F3,0.734375,-39.3255887367813,-8.35753304457058,-8.38610168446626
VisualCogA_Task-1,1,-1,F3,0.73828125,-39.1499160334261,-7.78930458219172,-7.7275072313776
VisualCogA_Task-1,1,-1,F3,0.7421875,-39.1603637231559,-7.30662168960534,-7.12975929368309
VisualCogA_Task-1,1,-1,F3,0.74609375,-39.2566680232753,-6.56184493391841,-6.54589586185268
VisualCogA_Task-1,1,-1,F3,0.75,-39.2745161394609,-6.09022235488611,-5.94369345934984
VisualCogA_Task-1,1,-1,F3,0.75390625,-39.0526272741962,-6.82884882383988,-5.29225769897681
VisualCogA_Task-1,1,-1,F3,0.7578125,-38.5250034689205,-4.09304188003311,-4.57290493483057
VisualCogA_Task-1,1,-1,F3,0.76171875,-37.7748991820722,-4.57434661280208,-3.89500078141332
VisualCogA_Task-1,1,-1,F3,0.765625,-37.0136926268813,-2.59059612040259,-3.32792226532746
VisualCogA_Task-1,1,-1,F3,0.76953125,-36.4959207511008,-2.49550606561462,-2.99765856579117
VisualCogA_Task-1,1,-1,F3,0.7734375,-36.4151985064836,-2.57506288876999,-2.96875501661216
VisualCogA_Task-1,1,-1,F3,0.77734375,-36.833439383544,-3.11550019821443,-3.26391090991682
VisualCogA_Task-1,1,-1,F3,0.78125,-37.6771633217334,-3.3526405613809,-3.87301786051131
VisualCogA_Task-1,1,-1,F3,0.78515625,-38.7957643402798,-4.69849540113223,-4.77359992389328
VisualCogA_Task-1,1,-1,F3,0.7890625,-40.0396631815254,-6.19613470960797,-5.89981638063284
VisualCogA_Task-1,1,-1,F3,0.79296875,-41.3083577383195,-6.83337967267015,-7.17956780107002
VisualCogA_Task-1,1,-1,F3,0.796875,-42.547075902742,-9.12202912288839,-8.5654479496261
VisualCogA_Task-1,1,-1,F3,0.80078125,-43.7132804768315,-10.3396833621046,-9.98120158002236
VisualCogA_Task-1,1,-1,F4,-0.19921875,7.12690124756623,3.52724816061666,3.44475147406624
VisualCogA_Task-1,1,-1,F4,-0.1953125,6.6784414902568,3.09197811480331,3.29257542848567
VisualCogA_Task-1,1,-1,F4,-0.19140625,6.11663335871342,3.49378909701265,3.14727410678431
VisualCogA_Task-1,1,-1,F4,-0.1875,5.51036488174831,3.09227173569705,2.99900579003448
VisualCogA_Task-1,1,-1,F4,-0.18359375,4.97573702717399,2.9485575292401,2.86680500849422
VisualCogA_Task-1,1,-1,F4,-0.1796875,4.62683426349774,2.66288001428373,2.77747845456011
VisualCogA_Task-1,1,-1,F4,-0.17578125,4.52104983369533,2.33761288447361,2.7646455306909
VisualCogA_Task-1,1,-1,F4,-0.171875,4.63115994798592,2.47779175659406,2.85237576932228
VisualCogA_Task-1,1,-1,F4,-0.16796875,4.85725430964399,2.77590925656006,3.02915264903853
VisualCogA_Task-1,1,-1,F4,-0.1640625,5.06754895314117,3.38162476291048,3.25224431402989
VisualCogA_Task-1,1,-1,F4,-0.16015625,5.14805036529595,3.80141865642271,3.45781529244673
VisualCogA_Task-1,1,-1,F4,-0.15625,5.04183039525704,3.93567893269789,3.59281181651281
VisualCogA_Task-1,1,-1,F4,-0.15234375,4.76036301488361,3.8554204084156,3.63281373211654
VisualCogA_Task-1,1,-1,F4,-0.1484375,4.36023816549689,3.46648767449494,3.58197314482845
VisualCogA_Task-1,1,-1,F4,-0.14453125,3.9027372064592,3.36769017369391,3.46299271657728
VisualCogA_Task-1,1,-1,F4,-0.140625,3.42801405806587,3.3001474874483,3.28895132009736
VisualCogA_Task-1,1,-1,F4,-0.13671875,2.95728612491616,3.10879507864201,3.06498594954936
VisualCogA_Task-1,1,-1,F4,-0.1328125,2.50576360984725,2.81472781373295,2.7971666130399
VisualCogA_Task-1,1,-1,F4,-0.12890625,2.08640682603283,2.49574350026476,2.49521407943331
VisualCogA_Task-1,1,-1,F4,-0.125,1.70744345463554,2.20411640359352,2.17031255098499
VisualCogA_Task-1,1,-1,F4,-0.12109375,1.37538567245666,1.87565814133354,1.83369034835298
VisualCogA_Task-1,1,-1,F4,-0.1171875,1.10038903224558,1.42111419591698,1.4993927799127
VisualCogA_Task-1,1,-1,F4,-0.11328125,0.892588090898222,0.890597518098049,1.18496247012127
VisualCogA_Task-1,1,-1,F4,-0.109375,0.751454069705455,0.694660847174663,0.901418828102827
VisualCogA_Task-1,1,-1,F4,-0.10546875,0.662260923727094,0.876570297103551,0.635250850312927
VisualCogA_Task-1,1,-1,F4,-0.1015625,0.603642174299796,0.609003350093985,0.355717701463101
VisualCogA_Task-1,1,-1,F4,-0.09765625,0.55382838291116,0.189323967194699,0.0521885001640986
VisualCogA_Task-1,1,-1,F4,-0.09375,0.487014750390535,-0.297467176692992,-0.264860497587422
VisualCogA_Task-1,1,-1,F4,-0.08984375,0.36808273075725,-0.730895442182198,-0.573525080208918
VisualCogA_Task-1,1,-1,F4,-0.0859375,0.156546974941552,-1.09592904149543,-0.854618259376648
VisualCogA_Task-1,1,-1,F4,-0.08203125,-0.180619139178379,-1.04275009003675,-1.10206724359797
VisualCogA_Task-1,1,-1,F4,-0.078125,-0.652370823267041,-1.2053783309438,-1.32990847322348
VisualCogA_Task-1,1,-1,F4,-0.07421875,-1.22720459996394,-1.60266833879875,-1.54723529247368
VisualCogA_Task-1,1,-1,F4,-0.0703125,-1.82800012304838,-1.86214848342049,-1.75276353371241
VisualCogA_Task-1,1,-1,F4,-0.06640625,-2.35488862120684,-2.13561230353469,-1.94982844983062
VisualCogA_Task-1,1,-1,F4,-0.0625,-2.73577040752779,-2.14614522353462,-2.15088070619493
VisualCogA_Task-1,1,-1,F4,-0.05859375,-2.97331047364796,-2.08472584666328,-2.38385295598062
VisualCogA_Task-1,1,-1,F4,-0.0546875,-3.15124521201717,-2.57134045045999,-2.67628322880797
VisualCogA_Task-1,1,-1,F4,-0.05078125,-3.39371516438296,-2.70767315641576,-3.03078229518746
VisualCogA_Task-1,1,-1,F4,-0.046875,-3.80413851648278,-3.2621976871395,-3.44121569410059
VisualCogA_Task-1,1,-1,F4,-0.04296875,-4.41517961304324,-3.82504319406669,-3.87452320296454
VisualCogA_Task-1,1,-1,F4,-0.0390625,-5.16981633190623,-4.38763583925868,-4.28272643194974
VisualCogA_Task-1,1,-1,F4,-0.03515625,-5.94186793072226,-4.91891831112048,-4.61372365715179
VisualCogA_Task-1,1,-1,F4,-0.03125,-6.58881595915028,-5.26629673903771,-4.82415560527538
VisualCogA_Task-1,1,-1,F4,-0.02734375,-7.01248344651367,-5.39753963468134,-4.89609589085591
VisualCogA_Task-1,1,-1,F4,-0.0234375,-7.20013367354573,-5.25120885968928,-4.84846322290897
VisualCogA_Task-1,1,-1,F4,-0.01953125,-7.23203365598505,-4.60674634608035,-4.7419632891023
VisualCogA_Task-1,1,-1,F4,-0.015625,-7.25553196464413,-4.1821001313821,-4.67086391350196
VisualCogA_Task-1,1,-1,F4,-0.01171875,-7.43137057713124,-3.94455196122936,-4.71816484158887
VisualCogA_Task-1,1,-1,F4,-0.0078125,-7.8646571401351,-4.40360581392795,-4.92613550366732
VisualCogA_Task-1,1,-1,F4,-0.00390625,-8.54809796314656,-5.18773762217694,-5.2725775900116
VisualCogA_Task-1,1,-1,F4,0,-9.35343304488313,-5.8983293276872,-5.6917486500844
VisualCogA_Task-1,1,-1,F4,0.00390625,-10.0869702275474,-6.4670304756011,-6.11083623602886
VisualCogA_Task-1,1,-1,F4,0.0078125,-10.584029895979,-6.97705517875295,-6.47424295645503
VisualCogA_Task-1,1,-1,F4,0.01171875,-10.7901443346104,-7.16950094133658,-6.75605427327063
VisualCogA_Task-1,1,-1,F4,0.015625,-10.7862842556359,-7.19445458359072,-6.97225666690822
VisualCogA_Task-1,1,-1,F4,0.01953125,-10.7480906476383,-7.12856979975165,-7.17329050680584
VisualCogA_Task-1,1,-1,F4,0.0234375,-10.8615194756327,-6.98391193410624,-7.42811265545841
VisualCogA_Task-1,1,-1,F4,0.02734375,-11.2389786819685,-7.32658781028148,-7.80195324977301
VisualCogA_Task-1,1,-1,F4,0.03125,-11.8812490803991,-7.62585919653979,-8.32302569987736
VisualCogA_Task-1,1,-1,F4,0.03515625,-12.7007704774781,-8.63504334525066,-8.97992962927489
VisualCogA_Task-1,1,-1,F4,0.0390625,-13.5778316836793,-9.70508774945858,-9.70316745285755
VisualCogA_Task-1,1,-1,F4,0.04296875,-14.4038618857656,-10.7883792813017,-10.3945010618486
VisualCogA_Task-1,1,-1,F4,0.046875,-15.0927438107815,-11.4344435334462,-10.9558523721881
VisualCogA_Task-1,1,-1,F4,0.05078125,-15.5796192826995,-11.7658583572633,-11.3219664847705
VisualCogA_Task-1,1,-1,F4,0.0546875,-15.8325279706893,-11.8171685699645,-11.4674710972617
VisualCogA_Task-1,1,-1,F4,0.05859375,-15.873375532213,-11.6575633849786,-11.403984896702
VisualCogA_Task-1,1,-1,F4,0.0625,-15.7813731767262,-11.3150844182901,-11.1722680261904
VisualCogA_Task-1,1,-1,F4,0.06640625,-15.6632852080575,-10.895975563364,-10.8342121695156
VisualCogA_Task-1,1,-1,F4,0.0703125,-15.6061422700376,-10.2558895635155,-10.4636103764744
VisualCogA_Task-1,1,-1,F4,0.07421875,-15.6449906111425,-9.79365288407957,-10.1394026463512
VisualCogA_Task-1,1,-1,F4,0.078125,-15.7655291193041,-9.62087516388478,-9.92321891068365
VisualCogA_Task-1,1,-1,F4,0.08203125,-15.9340269909893,-9.59255315524865,-9.84787662082022
VisualCogA_Task-1,1,-1,F4,0.0859375,-16.1290160237739,-9.68135298234218,-9.9209979158761
VisualCogA_Task-1,1,-1,F4,0.08984375,-16.3534503729187,-10.095585886463,-10.1289279795022
VisualCogA_Task-1,1,-1,F4,0.09375,-16.627579700248,-10.4809077591698,-10.4380415842215
VisualCogA_Task-1,1,-1,F4,0.09765625,-16.9805587082724,-11.0680137784745,-10.8119349948038
VisualCogA_Task-1,1,-1,F4,0.1015625,-17.4517320845029,-11.685017622944,-11.2177766572647
VisualCogA_Task-1,1,-1,F4,0.10546875,-18.0888502223865,-11.6592958937136,-11.6440749162587
VisualCogA_Task-1,1,-1,F4,0.109375,-18.9235959534754,-11.9075594098194,-12.1182748635807
VisualCogA_Task-1,1,-1,F4,0.11328125,-19.9293205096213,-12.1074115690647,-12.6690900058131
VisualCogA_Task-1,1,-1,F4,0.1171875,-20.9951009525018,-12.4595217590486,-13.3076742283917
VisualCogA_Task-1,1,-1,F4,0.12109375,-21.9474433158447,-14.3074704265787,-13.9983748803566
VisualCogA_Task-1,1,-1,F4,0.125,-22.6149966492547,-15.1930777543906,-14.6348599383026
VisualCogA_Task-1,1,-1,F4,0.12890625,-22.899526974455,-15.6126939453959,-15.1365553410097
VisualCogA_Task-1,1,-1,F4,0.1328125,-22.8167867189015,-15.923909663643,-15.4694051785985
VisualCogA_Task-1,1,-1,F4,0.13671875,-22.4921436926907,-15.7857302578321,-15.6390317582219
VisualCogA_Task-1,1,-1,F4,0.140625,-22.1145785113077,-15.5730943768322,-15.6889327607865
VisualCogA_Task-1,1,-1,F4,0.14453125,-21.8675953155566,-15.5082217627442,-15.6748307421663
VisualCogA_Task-1,1,-1,F4,0.1484375,-21.8685818985833,-15.4671199921411,-15.6427950595725
VisualCogA_Task-1,1,-1,F4,0.15234375,-22.1443204794227,-15.3664884592173,-15.6250109885978
VisualCogA_Task-1,1,-1,F4,0.15625,-22.6450490391326,-15.4635571859032,-15.6390242158822
VisualCogA_Task-1,1,-1,F4,0.16015625,-23.2765861598014,-15.6624466621096,-15.6808368839508
VisualCogA_Task-1,1,-1,F4,0.1640625,-23.9305269964352,-15.6434116272566,-15.7318288828304
VisualCogA_Task-1,1,-1,F4,0.16796875,-24.5068799561456,-15.9180960711647,-15.7718475840608
VisualCogA_Task-1,1,-1,F4,0.171875,-24.931163872211,-16.0093162897146,-15.773372254551
VisualCogA_Task-1,1,-1,F4,0.17578125,-25.1659900638001,-15.8770088357124,-15.7210695351352
VisualCogA_Task-1,1,-1,F4,0.1796875,-25.2153175586071,-15.9549179490753,-15.6192680695777
VisualCogA_Task-1,1,-1,F4,0.18359375,-25.12053441267,-15.4796008398008,-15.4852914433579
VisualCogA_Task-1,1,-1,F4,0.1875,-24.9472678116242,-15.0579568833652,-15.3644340652463
VisualCogA_Task-1,1,-1,F4,0.19140625,-24.7631589550245,-14.971917208388,-15.3015161270506
VisualCogA_Task-1,1,-1,F4,0.1953125,-24.6151412190544,-15.4288103238738,-15.3158180554216
VisualCogA_Task-1,1,-1,F4,0.19921875,-24.5207642270776,-15.305684256378,-15.3991537004549
VisualCogA_Task-1,1,-1,F4,0.203125,-24.4772080486909,-15.3093013051137,-15.5527529346172
VisualCogA_Task-1,1,-1,F4,0.20703125,-24.4741759746105,-15.838655958939,-15.7700565100352
VisualCogA_Task-1,1,-1,F4,0.2109375,-24.4989157964833,-16.1313518794111,-16.024217543044
VisualCogA_Task-1,1,-1,F4,0.21484375,-24.5402989438315,-16.2570979006703,-16.2941057707204
VisualCogA_Task-1,1,-1,F4,0.21875,-24.6024842370094,-16.5443747510462,-16.5675187915052
VisualCogA_Task-1,1,-1,F4,0.22265625,-24.7185227446225,-16.7800209254688,-16.8291702146685
VisualCogA_Task-1,1,-1,F4,0.2265625,-24.9413818195509,-16.9984215633787,-17.0618449794418
VisualCogA_Task-1,1,-1,F4,0.23046875,-25.307821453785,-17.1685645818788,-17.244232250957
VisualCogA_Task-1,1,-1,F4,0.234375,-25.7996008949053,-17.4741163436885,-17.3497359096738
VisualCogA_Task-1,1,-1,F4,0.23828125,-26.3327613585296,-17.535488475311,-17.3454541969622
VisualCogA_Task-1,1,-1,F4,0.2421875,-26.7854754588891,-17.4526827810942,-17.2088503903601
VisualCogA_Task-1,1,-1,F4,0.24609375,-27.0502823408741,-17.1909861035461,-16.9332239572676
VisualCogA_Task-1,1,-1,F4,0.25,-27.0833704221274,-16.7534187206184,-16.5321937309795
VisualCogA_Task-1,1,-1,F4,0.25390625,-26.9241694052031,-16.1868341192851,-16.0408587236472
VisualCogA_Task-1,1,-1,F4,0.2578125,-26.6735515074045,-15.3103300597923,-15.512753363225
VisualCogA_Task-1,1,-1,F4,0.26171875,-26.4444042420215,-14.6062172685368,-15.0135766939708
VisualCogA_Task-1,1,-1,F4,0.265625,-26.3153163995263,-14.4524338216858,-14.5921591515227
VisualCogA_Task-1,1,-1,F4,0.26953125,-26.3093705607134,-14.0630387610302,-14.2633845527329
VisualCogA_Task-1,1,-1,F4,0.2734375,-26.3971240307996,-13.9872492285979,-14.030492936967
VisualCogA_Task-1,1,-1,F4,0.27734375,-26.5131907945279,-13.7494719531478,-13.8800288609488
VisualCogA_Task-1,1,-1,F4,0.28125,-26.5822622429995,-14.2419695985542,-13.7949332390381
VisualCogA_Task-1,1,-1,F4,0.28515625,-26.5511171091114,-13.5355822754219,-13.7472672432778
VisualCogA_Task-1,1,-1,F4,0.2890625,-26.4125962282601,-13.070917066476,-13.7463450756705
VisualCogA_Task-1,1,-1,F4,0.29296875,-26.2059727214221,-14.0864639852678,-13.7838405242308
VisualCogA_Task-1,1,-1,F4,0.296875,-25.9946606743345,-14.096943583832,-13.7951417095405
VisualCogA_Task-1,1,-1,F4,0.30078125,-25.8366696735737,-13.8507776676226,-13.7408553739345
VisualCogA_Task-1,1,-1,F4,0.3046875,-25.7592569900457,-13.8828645334578,-13.6067384159384
VisualCogA_Task-1,1,-1,F4,0.30859375,-25.7415711051905,-13.7011942943497,-13.3877079252187
VisualCogA_Task-1,1,-1,F4,0.3125,-25.7153460249819,-13.2129684930401,-13.1016915012352
VisualCogA_Task-1,1,-1,F4,0.31640625,-25.5978272649926,-12.7975809702505,-12.7927406075418
VisualCogA_Task-1,1,-1,F4,0.3203125,-25.348730262567,-11.8910826742705,-12.514179790343
VisualCogA_Task-1,1,-1,F4,0.32421875,-25.0113960892693,-11.9335901167248,-12.3197369594022
VisualCogA_Task-1,1,-1,F4,0.328125,-24.7009269426068,-11.8961591000383,-12.21121526481
VisualCogA_Task-1,1,-1,F4,0.33203125,-24.5450425095007,-12.3693616041135,-12.1582389531009
VisualCogA_Task-1,1,-1,F4,0.3359375,-24.6220133358613,-12.3140857794701,-12.1041775904113
VisualCogA_Task-1,1,-1,F4,0.33984375,-24.935988316837,-12.1723632089811,-12.0099942971291
VisualCogA_Task-1,1,-1,F4,0.34375,-25.4351021054856,-12.0482369783497,-11.85414454273
VisualCogA_Task-1,1,-1,F4,0.34765625,-26.0492475784679,-11.7459851736326,-11.6286145393443
VisualCogA_Task-1,1,-1,F4,0.3515625,-26.7204689214785,-11.7149152221436,-11.3415648687373
VisualCogA_Task-1,1,-1,F4,0.35546875,-27.4124026042865,-10.5484897516957,-11.0109369988647
VisualCogA_Task-1,1,-1,F4,0.359375,-28.1015081858407,-10.4979617794903,-10.6857849271331
VisualCogA_Task-1,1,-1,F4,0.36328125,-28.7612053753576,-10.4676041094038,-10.3766253803515
VisualCogA_Task-1,1,-1,F4,0.3671875,-29.3497970042892,-10.7555488927028,-10.0783231563585
VisualCogA_Task-1,1,-1,F4,0.37109375,-29.8116268511207,-10.165703075611,-9.79332461374739
VisualCogA_Task-1,1,-1,F4,0.375,-30.0991392431173,-9.15874119443536,-9.58051158913986
VisualCogA_Task-1,1,-1,F4,0.37890625,-30.2124628051974,-9.56728855745542,-9.52979745764637
VisualCogA_Task-1,1,-1,F4,0.3828125,-30.2326344708786,-9.74495927993508,-9.69594806148531
VisualCogA_Task-1,1,-1,F4,0.38671875,-30.3139998988005,-9.25397912497802,-10.1368535011925
VisualCogA_Task-1,1,-1,F4,0.390625,-30.621678538875,-9.30616741105846,-10.9144881455078
VisualCogA_Task-1,1,-1,F4,0.39453125,-31.2439873995829,-11.3003565645584,-12.0172534984867
VisualCogA_Task-1,1,-1,F4,0.3984375,-32.1374262047777,-13.9977660520111,-13.2995243363139
VisualCogA_Task-1,1,-1,F4,0.40234375,-33.1407219664903,-15.3359102475528,-14.5559340240131
VisualCogA_Task-1,1,-1,F4,0.40625,-34.043807120366,-16.4216437807641,-15.6393027362498
VisualCogA_Task-1,1,-1,F4,0.41015625,-34.6696577233244,-17.371185942105,-16.4674486663177
VisualCogA_Task-1,1,-1,F4,0.4140625,-34.9385331449722,-17.3851051970675,-17.0233850945533
VisualCogA_Task-1,1,-1,F4,0.41796875,-34.9004819284529,-17.5178024012702,-17.3654367409419
VisualCogA_Task-1,1,-1,F4,0.421875,-34.7206607248634,-17.6194989507209,-17.5820716673453
VisualCogA_Task-1,1,-1,F4,0.42578125,-34.6106458546009,-17.139348384316,-17.7744550739857
VisualCogA_Task-1,1,-1,F4,0.4296875,-34.7370759627814,-16.9772423278951,-18.0468711013667
VisualCogA_Task-1,1,-1,F4,0.43359375,-35.1649503478239,-17.8185297532162,-18.4506783325196
VisualCogA_Task-1,1,-1,F4,0.4375,-35.861673409691,-18.9800726533374,-18.9480996193528
VisualCogA_Task-1,1,-1,F4,0.44140625,-36.7324335201036,-19.8684390324837,-19.4486787654995
VisualCogA_Task-1,1,-1,F4,0.4453125,-37.6472181756483,-20.5245376109437,-19.8646239940917
VisualCogA_Task-1,1,-1,F4,0.44921875,-38.457671932249,-20.7049288525617,-20.1431235505099
VisualCogA_Task-1,1,-1,F4,0.453125,-39.0271782113031,-20.3722252310361,-20.2863584815391
VisualCogA_Task-1,1,-1,F4,0.45703125,-39.2776247885436,-19.9666977507256,-20.3433269424685
VisualCogA_Task-1,1,-1,F4,0.4609375,-39.223882844193,-19.6993777500022,-20.3701826510455
VisualCogA_Task-1,1,-1,F4,0.46484375,-38.9661390513933,-20.11435093634,-20.3916935590389
VisualCogA_Task-1,1,-1,F4,0.46875,-38.6412572601751,-20.9672778491415,-20.3767272097971
VisualCogA_Task-1,1,-1,F4,0.47265625,-38.3628169945036,-20.9797617836295,-20.2710392614437
VisualCogA_Task-1,1,-1,F4,0.4765625,-38.1828132967955,-19.5280246754021,-20.069597925381
VisualCogA_Task-1,1,-1,F4,0.48046875,-38.092491534272,-20.6243590225708,-19.8264316231933
VisualCogA_Task-1,1,-1,F4,0.484375,-38.0575991696868,-19.986055976775,-19.5504376723003
VisualCogA_Task-1,1,-1,F4,0.48828125,-38.0614976120666,-18.7918992973671,-19.3170073400694
VisualCogA_Task-1,1,-1,F4,0.4921875,-38.1223866562709,-18.5088720890567,-19.2378334192412
VisualCogA_Task-1,1,-1,F4,0.49609375,-38.272510958792,-18.7035178205707,-19.3808496989977
VisualCogA_Task-1,1,-1,F4,0.5,-38.5233539122156,-19.3968480817069,-19.7532431910055
VisualCogA_Task-1,1,-1,F4,0.50390625,-38.8533641568119,-20.4820829701334,-20.305756583729
VisualCogA_Task-1,1,-1,F4,0.5078125,-39.228364325661,-21.1685511933558,-20.9594329731909
VisualCogA_Task-1,1,-1,F4,0.51171875,-39.6299940699844,-21.8189019191838,-21.6500093209478
VisualCogA_Task-1,1,-1,F4,0.515625,-40.0621309794254,-22.2509451075511,-22.3306491069031
VisualCogA_Task-1,1,-1,F4,0.51953125,-40.5285533657364,-22.9351340306223,-22.9685901941469
VisualCogA_Task-1,1,-1,F4,0.5234375,-40.998806903345,-23.4507716947515,-23.524428445823
VisualCogA_Task-1,1,-1,F4,0.52734375,-41.3885568080461,-23.8877938086138,-23.9559717114482
VisualCogA_Task-1,1,-1,F4,0.53125,-41.5788397907917,-25.0531492434499,-24.2148897779502
VisualCogA_Task-1,1,-1,F4,0.53515625,-41.4806191426046,-24.5321745653416,-24.2471709403535
VisualCogA_Task-1,1,-1,F4,0.5390625,-41.1116336727218,-24.3119182876743,-24.0686584491413
VisualCogA_Task-1,1,-1,F4,0.54296875,-40.6217064723711,-23.6808855173643,-23.7189458568788
VisualCogA_Task-1,1,-1,F4,0.546875,-40.2279173738502,-23.548987458843,-23.2578983693424
VisualCogA_Task-1,1,-1,F4,0.55078125,-40.0952084623751,-22.7034383361009,-22.742209497349
VisualCogA_Task-1,1,-1,F4,0.5546875,-40.2467299778957,-22.0957168129306,-22.2528301758405
VisualCogA_Task-1,1,-1,F4,0.55859375,-40.5596233232677,-20.892502260795,-21.8674804096547
VisualCogA_Task-1,1,-1,F4,0.5625,-40.8340839357497,-21.527179125294,-21.6507874233872
VisualCogA_Task-1,1,-1,F4,0.56640625,-40.8874246780283,-21.2087482626824,-21.5861302625616
VisualCogA_Task-1,1,-1,F4,0.5703125,-40.632584082803,-22.0536394906436,-21.6465872811939
VisualCogA_Task-1,1,-1,F4,0.57421875,-40.1156549291989,-21.8970079795248,-21.7737883333102
VisualCogA_Task-1,1,-1,F4,0.578125,-39.4970301586216,-21.7738915892702,-21.9432842903906
VisualCogA_Task-1,1,-1,F4,0.58203125,-38.9819444411607,-22.168587125792,-22.1408943277665
VisualCogA_Task-1,1,-1,F4,0.5859375,-38.7336650476552,-22.4082098759909,-22.3383215623426
VisualCogA_Task-1,1,-1,F4,0.58984375,-38.8107046561722,-22.6022405070946,-22.5095768441924
VisualCogA_Task-1,1,-1,F4,0.59375,-39.152696462542,-22.5226669346273,-22.6344950495267
VisualCogA_Task-1,1,-1,F4,0.59765625,-39.6147965575628,-22.7669765363807,-22.7006330264649
VisualCogA_Task-1,1,-1,F4,0.6015625,-40.0306978303451,-23.159689207735,-22.6862286135513
VisualCogA_Task-1,1,-1,F4,0.60546875,-40.2748583269711,-22.6041293928013,-22.5750482751567
VisualCogA_Task-1,1,-1,F4,0.609375,-40.2993648757067,-22.3648567671047,-22.3903135251669
VisualCogA_Task-1,1,-1,F4,0.61328125,-40.1369808275296,-22.1861794445578,-22.1576693039384
VisualCogA_Task-1,1,-1,F4,0.6171875,-39.8775769141009,-22.2289964100105,-21.9006391553224
VisualCogA_Task-1,1,-1,F4,0.62109375,-39.6313564825247,-21.2884708136688,-21.6451224682216
VisualCogA_Task-1,1,-1,F4,0.625,-39.4911311857976,-21.1550649941104,-21.4443817360961
VisualCogA_Task-1,1,-1,F4,0.62890625,-39.5038587402636,-20.9605593248243,-21.3219584811934
VisualCogA_Task-1,1,-1,F4,0.6328125,-39.6596856639578,-20.9398121605205,-21.2772844972619
VisualCogA_Task-1,1,-1,F4,0.63671875,-39.9018850724123,-21.4751538188831,-21.2796749816863
VisualCogA_Task-1,1,-1,F4,0.640625,-40.1534602662186,-21.7998772863082,-21.2703224371224
VisualCogA_Task-1,1,-1,F4,0.64453125,-40.3491069969405,-21.724515608371,-21.2067092693261
VisualCogA_Task-1,1,-1,F4,0.6484375,-40.4575554479974,-21.3038130721389,-21.0904474548186
VisualCogA_Task-1,1,-1,F4,0.65234375,-40.481230520484,-20.6267882950572,-20.9662994983748
VisualCogA_Task-1,1,-1,F4,0.65625,-40.4306702781481,-20.3043237051581,-20.8968083728797
VisualCogA_Task-1,1,-1,F4,0.66015625,-40.2895834380536,-20.3378163886913,-20.9162244509418
VisualCogA_Task-1,1,-1,F4,0.6640625,-39.9998472481012,-20.7252521287599,-21.0094243828596
VisualCogA_Task-1,1,-1,F4,0.66796875,-39.4859939902435,-21.546725386892,-21.1130841470772
VisualCogA_Task-1,1,-1,F4,0.671875,-38.7075721214943,-21.6199879754239,-21.1401987008637
VisualCogA_Task-1,1,-1,F4,0.67578125,-37.7027212116087,-21.2240118853713,-21.0398997714729
VisualCogA_Task-1,1,-1,F4,0.6796875,-36.5903581256336,-20.4629818486119,-20.8013015257053
VisualCogA_Task-1,1,-1,F4,0.68359375,-35.5248486785594,-20.0592347722674,-20.4288608065193
VisualCogA_Task-1,1,-1,F4,0.6875,-34.6236123270702,-19.9122103078261,-19.8988411504492
VisualCogA_Task-1,1,-1,F4,0.69140625,-33.9029505035111,-19.3736513721635,-19.1567039245081
VisualCogA_Task-1,1,-1,F4,0.6953125,-33.2589848872638,-18.4072242413305,-18.1490245921573
VisualCogA_Task-1,1,-1,F4,0.69921875,-32.5136348066725,-17.4298677448986,-16.8404575708293
VisualCogA_Task-1,1,-1,F4,0.703125,-31.5082521438477,-15.9976958464471,-15.2171739153877
VisualCogA_Task-1,1,-1,F4,0.70703125,-30.1912058963819,-14.0188894617865,-13.3144621952017
VisualCogA_Task-1,1,-1,F4,0.7109375,-28.6445448223479,-11.7485025379294,-11.2326544738958
VisualCogA_Task-1,1,-1,F4,0.71484375,-27.0371942601405,-8.57171351228427,-9.13078508730955
VisualCogA_Task-1,1,-1,F4,0.71875,-25.5439479195259,-6.5314208068059,-7.21087570995219
VisualCogA_Task-1,1,-1,F4,0.72265625,-24.2854133821912,-4.79593962861812,-5.62835871841409
VisualCogA_Task-1,1,-1,F4,0.7265625,-23.3144411925251,-3.36816376521159,-4.48204524735677
VisualCogA_Task-1,1,-1,F4,0.73046875,-22.6342533823177,-3.04703753343104,-3.80137817395876
VisualCogA_Task-1,1,-1,F4,0.734375,-22.218678407165,-3.26272239972361,-3.52297691855316
VisualCogA_Task-1,1,-1,F4,0.73828125,-22.0170906542597,-3.80741026615464,-3.52059918142908
VisualCogA_Task-1,1,-1,F4,0.7421875,-21.9472223617471,-3.96473067363147,-3.64631478630651
VisualCogA_Task-1,1,-1,F4,0.74609375,-21.8941159882667,-4.29812424282097,-3.77609448063258
VisualCogA_Task-1,1,-1,F4,0.75,-21.7334481931339,-3.47024951833907,-3.81244366913148
VisualCogA_Task-1,1,-1,F4,0.75390625,-21.3776571241625,-4.22855001591175,-3.70137023670976
VisualCogA_Task-1,1,-1,F4,0.7578125,-20.8186828177801,-3.92716429614045,-3.3603658890413
VisualCogA_Task-1,1,-1,F4,0.76171875,-20.1385668933009,-3.30551867141247,-2.75085398006677
VisualCogA_Task-1,1,-1,F4,0.765625,-19.4821039651081,-2.58979514568438,-1.88149106431848
VisualCogA_Task-1,1,-1,F4,0.76953125,-19.0074913808204,-1.17032207897052,-0.807155753940842
VisualCogA_Task-1,1,-1,F4,0.7734375,-18.834659653929,-0.729932800733249,0.358247998807887
VisualCogA_Task-1,1,-1,F4,0.77734375,-19.0083375047571,1.53499369258081,1.47055238125031
VisualCogA_Task-1,1,-1,F4,0.78125,-19.4924631393692,3.52353912617107,2.29490784741395
VisualCogA_Task-1,1,-1,F4,0.78515625,-20.2021440710488,5.18436830261238,2.60183496060386
VisualCogA_Task-1,1,-1,F4,0.7890625,-21.0536539622717,4.21166818104475,2.2642402240215
VisualCogA_Task-1,1,-1,F4,0.79296875,-21.9953618608566,0.885578638138417,1.37024125270242
VisualCogA_Task-1,1,-1,F4,0.796875,-22.9999223421014,-1.19810064161235,0.170241324767389
VisualCogA_Task-1,1,-1,F4,0.80078125,-24.0379364871915,-2.27757958938223,-1.12574483287645
VisualCogA_Task-1,1,1,Fz,-0.19921875,0.363385017951469,-0.614889599584392,-0.302725367043846
VisualCogA_Task-1,1,1,Fz,-0.1953125,0.948215341706893,-0.0201653377575988,0.0725437677519612
VisualCogA_Task-1,1,1,Fz,-0.19140625,1.52373217294404,0.482207160414057,0.421799216502722
VisualCogA_Task-1,1,1,Fz,-0.1875,1.96777425651918,0.941413030582695,0.711301534370929
VisualCogA_Task-1,1,1,Fz,-0.18359375,2.18844690493449,1.16105583707103,0.912345271845018
VisualCogA_Task-1,1,1,Fz,-0.1796875,2.15827981287304,1.03690317980058,1.01540093743107
VisualCogA_Task-1,1,1,Fz,-0.17578125,1.922619345388,1.19585996262125,1.03166492007067
VisualCogA_Task-1,1,1,Fz,-0.171875,1.57212883123237,0.871162366644736,0.974125462236197
VisualCogA_Task-1,1,1,Fz,-0.16796875,1.20364378504949,0.93642959858893,0.869453726612573
VisualCogA_Task-1,1,1,Fz,-0.1640625,0.895765864780614,0.708359596307918,0.735740617918769
VisualCogA_Task-1,1,1,Fz,-0.16015625,0.698662539167445,0.468436430954165,0.59665836353845
VisualCogA_Task-1,1,1,Fz,-0.15625,0.624721049920089,0.222534964947417,0.473597439054379
VisualCogA_Task-1,1,1,Fz,-0.15234375,0.641029972960017,0.310416297835032,0.377263159000626
VisualCogA_Task-1,1,1,Fz,-0.1484375,0.67769165650591,0.465402175547749,0.297438965069015
VisualCogA_Task-1,1,1,Fz,-0.14453125,0.658114947778906,0.337591126118632,0.218337727187572
VisualCogA_Task-1,1,1,Fz,-0.140625,0.539306112735874,0.150330839408757,0.138169249490882
VisualCogA_Task-1,1,1,Fz,-0.13671875,0.338861029381471,0.0551397935315203,0.0650811193577857
VisualCogA_Task-1,1,1,Fz,-0.1328125,0.128381333462754,-0.169970468608253,0.00823438999361423
VisualCogA_Task-1,1,1,Fz,-0.12890625,-0.0088203487758173,-0.0911362086372607,-0.0240383292151575
VisualCogA_Task-1,1,1,Fz,-0.125,-0.0323133228205271,-0.0946641230630168,-0.0382548337655432
VisualCogA_Task-1,1,1,Fz,-0.12109375,0.0261673390979435,0.0512431834991535,-0.0465244091063987
VisualCogA_Task-1,1,1,Fz,-0.1171875,0.0831014164592414,0.158172609997389,-0.0656571147947025
VisualCogA_Task-1,1,1,Fz,-0.11328125,0.0622287212789248,-0.00556088208875998,-0.104315711003637
VisualCogA_Task-1,1,1,Fz,-0.109375,-0.049818684840396,-0.250261701407961,-0.152510480840377
VisualCogA_Task-1,1,1,Fz,-0.10546875,-0.193909315695393,-0.484292422405454,-0.192022138335858
VisualCogA_Task-1,1,1,Fz,-0.1015625,-0.284222212117676,-0.425918667042224,-0.212777332568314
VisualCogA_Task-1,1,1,Fz,-0.09765625,-0.276924529290639,-0.130085275148782,-0.229058569621778
VisualCogA_Task-1,1,1,Fz,-0.09375,-0.211445511926024,-0.0705230207195223,-0.272910133453109
VisualCogA_Task-1,1,1,Fz,-0.08984375,-0.192856021485151,-0.105644557963247,-0.368128533479752
VisualCogA_Task-1,1,1,Fz,-0.0859375,-0.324288055516679,-0.265400294166834,-0.521644686391349
VisualCogA_Task-1,1,1,Fz,-0.08203125,-0.634118659852592,-0.600844802295715,-0.71851584425117
VisualCogA_Task-1,1,1,Fz,-0.078125,-1.04938388054897,-1.01549690808981,-0.92244555977044
VisualCogA_Task-1,1,1,Fz,-0.07421875,-1.43423514674487,-1.22186599386573,-1.08733146549743
VisualCogA_Task-1,1,1,Fz,-0.0703125,-1.66274201093959,-1.50193009625831,-1.17482547300702
VisualCogA_Task-1,1,1,Fz,-0.06640625,-1.67463169849732,-1.40770533672841,-1.15779070457147
VisualCogA_Task-1,1,1,Fz,-0.0625,-1.48736658752408,-1.19903336647298,-1.03634900106727
VisualCogA_Task-1,1,1,Fz,-0.05859375,-1.17398585195926,-0.928541124347815,-0.831448422717377
VisualCogA_Task-1,1,1,Fz,-0.0546875,-0.828016775944845,-0.636585957891717,-0.577594060195182
VisualCogA_Task-1,1,1,Fz,-0.05078125,-0.530670550518375,-0.441110240914944,-0.3173820626433
VisualCogA_Task-1,1,1,Fz,-0.046875,-0.331605852940373,0.25892019667312,-0.0983245706790496
VisualCogA_Task-1,1,1,Fz,-0.04296875,-0.24981455604623,0.607357975671882,0.0217555935576108
VisualCogA_Task-1,1,1,Fz,-0.0390625,-0.286292419586213,0.281925833510807,0.0148060052060709
VisualCogA_Task-1,1,1,Fz,-0.03515625,-0.429276431876304,-0.107160174439924,-0.0984255620847566
VisualCogA_Task-1,1,1,Fz,-0.03125,-0.645307745503254,-0.45409950084125,-0.274931348973898
VisualCogA_Task-1,1,1,Fz,-0.02734375,-0.872164275964672,-0.57927057241378,-0.47243148048331
VisualCogA_Task-1,1,1,Fz,-0.0234375,-1.03179602006441,-0.667004629549542,-0.663576760957229
VisualCogA_Task-1,1,1,Fz,-0.01953125,-1.0607965998553,-1.03902678003401,-0.829921252400763
VisualCogA_Task-1,1,1,Fz,-0.015625,-0.939441601717535,-1.06443978321781,-0.953304672535046
VisualCogA_Task-1,1,1,Fz,-0.01171875,-0.70250273636326,-1.1669742575384,-1.03299219971732
VisualCogA_Task-1,1,1,Fz,-0.0078125,-0.426383830277557,-1.07957303644002,-1.07751027152838
VisualCogA_Task-1,1,1,Fz,-0.00390625,-0.197126216934843,-1.04011444085352,-1.10655049703413
VisualCogA_Task-1,1,1,Fz,0,-0.0729075135351897,-0.977995457330829,-1.13997638237643
VisualCogA_Task-1,1,1,Fz,0.00390625,-0.0608444683663767,-1.09401142433128,-1.19211509568208
VisualCogA_Task-1,1,1,Fz,0.0078125,-0.120098011932477,-1.10804644456253,-1.26379539465744
VisualCogA_Task-1,1,1,Fz,0.01171875,-0.182513564917388,-1.27899650221683,-1.34767073106294
VisualCogA_Task-1,1,1,Fz,0.015625,-0.172873108294125,-1.54635426593741,-1.42341547748446
VisualCogA_Task-1,1,1,Fz,0.01953125,-0.0261834574783629,-1.70172109777863,-1.46498115410403
VisualCogA_Task-1,1,1,Fz,0.0234375,0.287213485434605,-1.69903201077923,-1.45656418014141
VisualCogA_Task-1,1,1,Fz,0.02734375,0.732574809903149,-1.35352628342368,-1.40208930345594
VisualCogA_Task-1,1,1,Fz,0.03125,1.20326328989657,-1.35406920744035,-1.32568692446008
VisualCogA_Task-1,1,1,Fz,0.03515625,1.55244996114468,-1.29122385030389,-1.24744052523029
VisualCogA_Task-1,1,1,Fz,0.0390625,1.65086207650066,-1.13401768667399,-1.18979877809138
VisualCogA_Task-1,1,1,Fz,0.04296875,1.44059023638167,-0.880610754299972,-1.17885896579095
VisualCogA_Task-1,1,1,Fz,0.046875,0.962191552953542,-0.836260976888588,-1.23606994679182
VisualCogA_Task-1,1,1,Fz,0.05078125,0.344254864807632,-1.13103568220034,-1.35802656193257
VisualCogA_Task-1,1,1,Fz,0.0546875,-0.244207630225104,-1.47882355340709,-1.50800623789317
VisualCogA_Task-1,1,1,Fz,0.05859375,-0.65760578579736,-1.77267657112199,-1.63037049470925
VisualCogA_Task-1,1,1,Fz,0.0625,-0.816799785338956,-2.00690191774147,-1.66704896204258
VisualCogA_Task-1,1,1,Fz,0.06640625,-0.711584663637364,-2.00780550802734,-1.57183010925601
VisualCogA_Task-1,1,1,Fz,0.0703125,-0.38179453602303,-1.73178220516933,-1.32682348535395
VisualCogA_Task-1,1,1,Fz,0.07421875,0.0928543816672948,-1.31751074186095,-0.950469922571766
VisualCogA_Task-1,1,1,Fz,0.078125,0.594492749565937,-0.754954489348874,-0.494956813129431
VisualCogA_Task-1,1,1,Fz,0.08203125,0.985753211539418,0.000147068748013956,-0.0430582841876855
VisualCogA_Task-1,1,1,Fz,0.0859375,1.1526527497972,0.717729184882949,0.300785064074443
VisualCogA_Task-1,1,1,Fz,0.08984375,1.04428324931615,1.11887333496121,0.435733077555901
VisualCogA_Task-1,1,1,Fz,0.09375,0.67940890552572,1.04303047921269,0.295690945556346
VisualCogA_Task-1,1,1,Fz,0.09765625,0.121163535255905,0.42660362020159,-0.12850778784079
VisualCogA_Task-1,1,1,Fz,0.1015625,-0.555075223214646,-0.617525475203048,-0.783751284080712
VisualCogA_Task-1,1,1,Fz,0.10546875,-1.28073277228311,-1.65431613236125,-1.57066842060509
VisualCogA_Task-1,1,1,Fz,0.109375,-1.99775222497451,-2.77885281964072,-2.3760359241158
VisualCogA_Task-1,1,1,Fz,0.11328125,-2.655440494243,-3.71091905439376,-3.09360116396104
VisualCogA_Task-1,1,1,Fz,0.1171875,-3.21061272975956,-4.08684047546693,-3.65067958411612
VisualCogA_Task-1,1,1,Fz,0.12109375,-3.6353340448578,-4.2322054038369,-4.02602978609237
VisualCogA_Task-1,1,1,Fz,0.125,-3.92445448833434,-4.17645146207154,-4.23475711234705
VisualCogA_Task-1,1,1,Fz,0.12890625,-4.08895360582474,-4.19122261294749,-4.30914820681613
VisualCogA_Task-1,1,1,Fz,0.1328125,-4.13442000905016,-4.39862571642747,-4.27663090924592
VisualCogA_Task-1,1,1,Fz,0.13671875,-4.04681245179123,-4.16143523047536,-4.15480592656037
VisualCogA_Task-1,1,1,Fz,0.140625,-3.80933601923848,-3.86807826140679,-3.97144019961523
VisualCogA_Task-1,1,1,Fz,0.14453125,-3.44280186141045,-3.51717838253853,-3.75485311125915
VisualCogA_Task-1,1,1,Fz,0.1484375,-3.02844752943186,-3.39497640065495,-3.52475054949008
VisualCogA_Task-1,1,1,Fz,0.15234375,-2.67907129588736,-3.17299626239082,-3.28103217491259
VisualCogA_Task-1,1,1,Fz,0.15625,-2.47048065181232,-2.92718914667743,-3.01278313572831
VisualCogA_Task-1,1,1,Fz,0.16015625,-2.38360285773815,-2.73033581657009,-2.70008558742872
VisualCogA_Task-1,1,1,Fz,0.1640625,-2.3009420507137,-2.60820937827675,-2.31588885308441
VisualCogA_Task-1,1,1,Fz,0.16796875,-2.0618089100227,-2.2821348942894,-1.83566310819441
VisualCogA_Task-1,1,1,Fz,0.171875,-1.54596167765512,-1.75015449619649,-1.25923857202377
VisualCogA_Task-1,1,1,Fz,0.17578125,-0.743241079417815,-0.88900024114811,-0.623651446012131
VisualCogA_Task-1,1,1,Fz,0.1796875,0.225934760816732,0.134034515393393,-0.00684759194684799
VisualCogA_Task-1,1,1,Fz,0.18359375,1.15163864718252,1.03098650301892,0.491114728790048
VisualCogA_Task-1,1,1,Fz,0.1875,1.81676313747034,1.28573079995089,0.781917430428217
VisualCogA_Task-1,1,1,Fz,0.19140625,2.07746892157806,1.29371726041606,0.822231741716389
VisualCogA_Task-1,1,1,Fz,0.1953125,1.9049666842247,0.817218097553926,0.610713338863521
VisualCogA_Task-1,1,1,Fz,0.19921875,1.37916054817541,0.434996448314598,0.185308357970206
VisualCogA_Task-1,1,1,Fz,0.203125,0.648034423510075,-0.132473029682605,-0.398828334972094
VisualCogA_Task-1,1,1,Fz,0.20703125,-0.123391737401593,-1.05015999942016,-1.06573453310988
VisualCogA_Task-1,1,1,Fz,0.2109375,-0.790692575760993,-1.87627917459674,-1.71725175414888
VisualCogA_Task-1,1,1,Fz,0.21484375,-1.24374547175748,-2.71693631570594,-2.25392363798732
VisualCogA_Task-1,1,1,Fz,0.21875,-1.40939439321668,-3.28704017917667,-2.58954610956077
VisualCogA_Task-1,1,1,Fz,0.22265625,-1.26431835116199,-3.32574475997815,-2.67649948361465
VisualCogA_Task-1,1,1,Fz,0.2265625,-0.857626393671536,-2.80675652358738,-2.52528858069575
VisualCogA_Task-1,1,1,Fz,0.23046875,-0.316551646576871,-2.23558070556985,-2.20052199438111
VisualCogA_Task-1,1,1,Fz,0.234375,0.185981351721323,-1.66103665392314,-1.79026398015544
VisualCogA_Task-1,1,1,Fz,0.23828125,0.490873983452785,-0.879937765957206,-1.38550035276916
VisualCogA_Task-1,1,1,Fz,0.2421875,0.508335739300943,-0.489031011385319,-1.06644798311998
VisualCogA_Task-1,1,1,Fz,0.24609375,0.248613082535709,-0.199153151116148,-0.871193526537991
VisualCogA_Task-1,1,1,Fz,0.25,-0.1750612745632,-0.312543103786473,-0.789705557375356
VisualCogA_Task-1,1,1,Fz,0.25390625,-0.57248745917174,-0.936194497176552,-0.755949285365768
VisualCogA_Task-1,1,1,Fz,0.2578125,-0.735404277865895,-1.22710358916199,-0.664126382443844
VisualCogA_Task-1,1,1,Fz,0.26171875,-0.518231010538845,-1.26757911496081,-0.423458954861764
VisualCogA_Task-1,1,1,Fz,0.265625,0.0956591583737475,-0.76240576471093,0.0099161239017768
VisualCogA_Task-1,1,1,Fz,0.26953125,0.981423740991514,0.346495904866568,0.609518633693166
VisualCogA_Task-1,1,1,Fz,0.2734375,1.92260523520268,1.70113173882712,1.2845081969744
VisualCogA_Task-1,1,1,Fz,0.27734375,2.69663080654722,2.58585861494372,1.92212587547191
VisualCogA_Task-1,1,1,Fz,0.28125,3.15802441811657,3.07361609442613,2.44433135939989
VisualCogA_Task-1,1,1,Fz,0.28515625,3.2893049337001,3.21559270521555,2.82839540059514
VisualCogA_Task-1,1,1,Fz,0.2890625,3.20193451418076,3.24372812673658,3.10402914548001
VisualCogA_Task-1,1,1,Fz,0.29296875,3.08695931735844,3.12410418043902,3.33321018252854
VisualCogA_Task-1,1,1,Fz,0.296875,3.13591217953324,3.13066077076899,3.58955768198614
VisualCogA_Task-1,1,1,Fz,0.30078125,3.46462395842162,3.44949545474751,3.92926531392411
VisualCogA_Task-1,1,1,Fz,0.3046875,4.06983323036888,4.03417422636277,4.37028533914564
VisualCogA_Task-1,1,1,Fz,0.30859375,4.83573638962547,4.85897915724068,4.89058919685588
VisualCogA_Task-1,1,1,Fz,0.3125,5.58792989725676,5.59633393686079,5.4401390668614
VisualCogA_Task-1,1,1,Fz,0.31640625,6.16860494559363,6.22323861660516,5.96626295900083
VisualCogA_Task-1,1,1,Fz,0.3203125,6.49378638714703,6.73493237731087,6.42930512227941
VisualCogA_Task-1,1,1,Fz,0.32421875,6.568247602305,7.20925608258275,6.8110244438361
VisualCogA_Task-1,1,1,Fz,0.328125,6.46805134770076,7.07070818277449,7.11864874872912
VisualCogA_Task-1,1,1,Fz,0.33203125,6.31639755989923,7.06927817512502,7.39259183191226
VisualCogA_Task-1,1,1,Fz,0.3359375,6.25718562911395,7.26870060154326,7.6692724411764
VisualCogA_Task-1,1,1,Fz,0.33984375,6.40920453190268,7.95905785554674,7.95816651958016
VisualCogA_Task-1,1,1,Fz,0.34375,6.80386077447098,8.28427814715561,8.23536902354608
VisualCogA_Task-1,1,1,Fz,0.34765625,7.34929175071885,8.6522990291415,8.4770491874939
VisualCogA_Task-1,1,1,Fz,0.3515625,7.86390885913754,8.67930199870125,8.66345200614414
VisualCogA_Task-1,1,1,Fz,0.35546875,8.17005865271802,8.81089440175563,8.78942662768797
VisualCogA_Task-1,1,1,Fz,0.359375,8.1876170552569,8.8895457090084,8.85114303302965
VisualCogA_Task-1,1,1,Fz,0.36328125,7.96851985044227,8.84091862035142,8.84656018424571
VisualCogA_Task-1,1,1,Fz,0.3671875,7.65647090569603,8.54287873162047,8.77683726641096
VisualCogA_Task-1,1,1,Fz,0.37109375,7.3990476717117,8.42057114569885,8.64266333427564
VisualCogA_Task-1,1,1,Fz,0.375,7.26081368232301,8.64461500600874,8.42523089802413
VisualCogA_Task-1,1,1,Fz,0.37890625,7.18526838515352,8.31864097461452,8.08722478545944
VisualCogA_Task-1,1,1,Fz,0.3828125,7.02799114691845,8.00267228684337,7.60961183338324
VisualCogA_Task-1,1,1,Fz,0.38671875,6.64100585220565,7.47894937715662,6.99264356102683
VisualCogA_Task-1,1,1,Fz,0.390625,5.9597618538611,6.45209154452989,6.26932652540983
VisualCogA_Task-1,1,1,Fz,0.39453125,5.04960727773219,5.37329242349212,5.51319276822935
VisualCogA_Task-1,1,1,Fz,0.3984375,4.09243775064332,4.31606321854079,4.81300474944252
VisualCogA_Task-1,1,1,Fz,0.40234375,3.31527368528035,3.53589387678002,4.24586656694501
VisualCogA_Task-1,1,1,Fz,0.40625,2.88488278016993,3.26795325672518,3.84747052439068
VisualCogA_Task-1,1,1,Fz,0.41015625,2.8195891848879,3.36073109420641,3.59434453458632
VisualCogA_Task-1,1,1,Fz,0.4140625,2.97491155242901,3.60449999889884,3.41472340469993
VisualCogA_Task-1,1,1,Fz,0.41796875,3.11832764322925,3.66740270683665,3.21737415520116
VisualCogA_Task-1,1,1,Fz,0.421875,3.04496521965089,3.43656128817809,2.92687852274292
VisualCogA_Task-1,1,1,Fz,0.42578125,2.66078432573139,3.04365275789763,2.50532062328108
VisualCogA_Task-1,1,1,Fz,0.4296875,1.99640168230894,2.29061481386922,1.95725813655776
VisualCogA_Task-1,1,1,Fz,0.43359375,1.16881686598887,1.4137419227759,1.33210975353314
VisualCogA_Task-1,1,1,Fz,0.4375,0.327881718878542,0.526000424271996,0.70707388827668
VisualCogA_Task-1,1,1,Fz,0.44140625,-0.388847096279094,-0.187614826644197,0.166151635628066
VisualCogA_Task-1,1,1,Fz,0.4453125,-0.88359359638723,-0.655582654171244,-0.221745364906733
VisualCogA_Task-1,1,1,Fz,0.44921875,-1.10563814573103,-0.846359943828408,-0.417186012344438
VisualCogA_Task-1,1,1,Fz,0.453125,-1.04511095082513,-0.726160436324043,-0.416892313140481
VisualCogA_Task-1,1,1,Fz,0.45703125,-0.728133478556003,-0.508508455746283,-0.253350768040623
VisualCogA_Task-1,1,1,Fz,0.4609375,-0.221210996175444,-0.0355306409630481,0.0151797786107448
VisualCogA_Task-1,1,1,Fz,0.46484375,0.364663104084334,0.401994175453186,0.309177341827091
VisualCogA_Task-1,1,1,Fz,0.46875,0.886240382091221,0.901982283900269,0.544894068324071
VisualCogA_Task-1,1,1,Fz,0.47265625,1.20065588228084,1.10715020360404,0.646316840952844
VisualCogA_Task-1,1,1,Fz,0.4765625,1.206919555963,1.206919555963,0.567189893862591
VisualCogA_Task-1,1,1,Fz,0.48046875,0.879429773842701,0.812780365257495,0.299660241423422
VisualCogA_Task-1,1,1,Fz,0.484375,0.281210645549198,0.122377446231793,-0.110814296819518
VisualCogA_Task-1,1,1,Fz,0.48828125,-0.447628905634799,-0.628469068674023,-0.576015891001576
VisualCogA_Task-1,1,1,Fz,0.4921875,-1.1240816658534,-1.59626811754255,-0.988294066003825
VisualCogA_Task-1,1,1,Fz,0.49609375,-1.57308060619982,-1.89555345647895,-1.24436944484671
VisualCogA_Task-1,1,1,Fz,0.5,-1.68586539631433,-1.9173805294471,-1.29162715484556
VisualCogA_Task-1,1,1,Fz,0.50390625,-1.46925782934024,-1.33759691849858,-1.1317176576184
VisualCogA_Task-1,1,1,Fz,0.5078125,-1.05825299300635,-0.709092612569912,-0.818437529333384
VisualCogA_Task-1,1,1,Fz,0.51171875,-0.666215897290083,-0.136162483843367,-0.422739951232007
VisualCogA_Task-1,1,1,Fz,0.515625,-0.479789778310316,0.262980677158047,-0.00646602815881001
VisualCogA_Task-1,1,1,Fz,0.51953125,-0.554763623504068,0.582630079958954,0.392424590657383
VisualCogA_Task-1,1,1,Fz,0.5234375,-0.784464615786288,0.738247763978302,0.758426148097489
VisualCogA_Task-1,1,1,Fz,0.52734375,-0.965370807897384,1.06625203168194,1.09188334448422
VisualCogA_Task-1,1,1,Fz,0.53125,-0.915121872984134,1.2285718940712,1.39145934813036
VisualCogA_Task-1,1,1,Fz,0.53515625,-0.570004021523933,1.58493797467726,1.65368138461516
VisualCogA_Task-1,1,1,Fz,0.5390625,-0.0148484874743263,1.86281388942949,1.86150272501295
VisualCogA_Task-1,1,1,Fz,0.54296875,0.559702034084067,1.89701842178587,1.99214802290323
VisualCogA_Task-1,1,1,Fz,0.546875,0.947799144038256,2.40437686668113,2.02295119556688
VisualCogA_Task-1,1,1,Fz,0.55078125,1.02440012826217,2.47039931955195,1.923318693525
VisualCogA_Task-1,1,1,Fz,0.5546875,0.800038135795027,2.10317454442095,1.69444243989153
VisualCogA_Task-1,1,1,Fz,0.55859375,0.408251712376046,1.38191945440729,1.38310440994934
VisualCogA_Task-1,1,1,Fz,0.5625,0.0382000993591726,0.782851433649417,1.07014758769208
VisualCogA_Task-1,1,1,Fz,0.56640625,-0.148626957411338,0.311445388116689,0.836316210818234
VisualCogA_Task-1,1,1,Fz,0.5703125,-0.0815761621074029,0.225073993594021,0.738413170856048
VisualCogA_Task-1,1,1,Fz,0.57421875,0.196493547084416,0.406153807029563,0.789502124108652
VisualCogA_Task-1,1,1,Fz,0.578125,0.555401790568483,0.798234505573591,0.959868462107335
VisualCogA_Task-1,1,1,Fz,0.58203125,0.84332697223327,1.27625559591503,1.18785188329347
VisualCogA_Task-1,1,1,Fz,0.5859375,0.955715908828483,1.63094723194627,1.3983225897306
VisualCogA_Task-1,1,1,Fz,0.58984375,0.864200985099937,1.69798496581447,1.52351775953408
VisualCogA_Task-1,1,1,Fz,0.59375,0.595569676690413,1.77385957453089,1.51505995767057
VisualCogA_Task-1,1,1,Fz,0.59765625,0.192701165422025,1.67120321823951,1.33911068296342
VisualCogA_Task-1,1,1,Fz,0.6015625,-0.30619642113085,1.20564727015928,0.983398068974347
VisualCogA_Task-1,1,1,Fz,0.60546875,-0.863907924971912,0.884653498756344,0.463324627204742
VisualCogA_Task-1,1,1,Fz,0.609375,-1.43435714188334,-0.0600184690650915,-0.187186364078595
VisualCogA_Task-1,1,1,Fz,0.61328125,-1.96347104447731,-1.00893047219605,-0.899100887312897
VisualCogA_Task-1,1,1,Fz,0.6171875,-2.40347029145279,-1.91470463135197,-1.59278760035094
VisualCogA_Task-1,1,1,Fz,0.62109375,-2.73168008935983,-2.48702752933256,-2.19776762645242
VisualCogA_Task-1,1,1,Fz,0.625,-2.95955829053561,-2.62264092329771,-2.67038850812714
VisualCogA_Task-1,1,1,Fz,0.62890625,-3.12000210120986,-3.0994217896127,-2.99110277979155
VisualCogA_Task-1,1,1,Fz,0.6328125,-3.23483515861585,-3.41016243384954,-3.13638401045967
VisualCogA_Task-1,1,1,Fz,0.63671875,-3.28482257768718,-3.19031983995496,-3.09173235329728
VisualCogA_Task-1,1,1,Fz,0.640625,-3.21125348620224,-3.06012140094687,-2.86546283008597
VisualCogA_Task-1,1,1,Fz,0.64453125,-2.95514744722109,-2.59262915012086,-2.47410608649549
VisualCogA_Task-1,1,1,Fz,0.6484375,-2.50470170714658,-1.98518494735036,-1.9504143157673
VisualCogA_Task-1,1,1,Fz,0.65234375,-1.91140861559019,-1.21587526463341,-1.33701663311168
VisualCogA_Task-1,1,1,Fz,0.65625,-1.26141182342814,-0.518657819857676,-0.679439706370789
VisualCogA_Task-1,1,1,Fz,0.66015625,-0.623733373003921,0.10934797048048,-0.0131150893469598
VisualCogA_Task-1,1,1,Fz,0.6640625,-0.0122883372195968,0.809572874053226,0.639924154700246
VisualCogA_Task-1,1,1,Fz,0.66796875,0.611821664664425,1.39323296126979,1.26785021749688
VisualCogA_Task-1,1,1,Fz,0.671875,1.29981789594785,1.82061007173312,1.87297268404843
VisualCogA_Task-1,1,1,Fz,0.67578125,2.06849908347857,2.12985515974512,2.46804970134142
VisualCogA_Task-1,1,1,Fz,0.6796875,2.88418579331443,2.85418167748911,3.06147586533613
VisualCogA_Task-1,1,1,Fz,0.68359375,3.6849040559884,3.51514498377246,3.63346289352648
VisualCogA_Task-1,1,1,Fz,0.6875,4.4137131132145,4.34093116347846,4.14694798775245
VisualCogA_Task-1,1,1,Fz,0.69140625,5.03417433589679,4.97483743548386,4.55500852404121
VisualCogA_Task-1,1,1,Fz,0.6953125,5.52792506290915,5.12794545521223,4.82688714306373
VisualCogA_Task-1,1,1,Fz,0.69921875,5.89510138218277,5.10199849135703,4.96681222811123
VisualCogA_Task-1,1,1,Fz,0.703125,6.16643451929963,4.91966581509776,5.00410035515396
VisualCogA_Task-1,1,1,Fz,0.70703125,6.41185805797063,4.84639436388441,4.97933362209933
VisualCogA_Task-1,1,1,Fz,0.7109375,6.72810887371347,4.89794837925661,4.92605791518338
VisualCogA_Task-1,1,1,Fz,0.71484375,7.20666216461866,4.66991695540006,4.86674084912424
VisualCogA_Task-1,1,1,Fz,0.71875,7.89752882263824,4.97183341219414,4.82150757731282
VisualCogA_Task-1,1,1,Fz,0.72265625,8.78549735915074,5.21176237711524,4.79408126199634
VisualCogA_Task-1,1,1,Fz,0.7265625,9.79348013966678,4.76490743361036,4.8007122183288
VisualCogA_Task-1,1,1,Fz,0.73046875,10.8206995311348,4.55416017221665,4.89245752105743
VisualCogA_Task-1,1,1,Fz,0.734375,11.8016371480864,4.93597162925846,5.11739051286961
VisualCogA_Task-1,1,1,Fz,0.73828125,12.7473305056323,5.27203093372922,5.49539309071597
VisualCogA_Task-1,1,1,Fz,0.7421875,13.7333696659852,5.91914630624704,6.0312289112462
VisualCogA_Task-1,1,1,Fz,0.74609375,14.8369007074671,6.49188027190936,6.7110481180278
VisualCogA_Task-1,1,1,Fz,0.75,16.0675627628465,7.45059409658866,7.51166063754496
VisualCogA_Task-1,1,1,Fz,0.75390625,17.3446773703505,8.56636509467334,8.39161240910535
VisualCogA_Task-1,1,1,Fz,0.7578125,18.5373170729,9.67923304217441,9.30436049360361
VisualCogA_Task-1,1,1,Fz,0.76171875,19.536135350328,10.7190556015728,10.2179246757317
VisualCogA_Task-1,1,1,Fz,0.765625,20.3045541387408,10.5928779732115,11.1315641192292
VisualCogA_Task-1,1,1,Fz,0.76953125,20.8760977049004,12.2134336450681,12.0862988983224
VisualCogA_Task-1,1,1,Fz,0.7734375,21.3078951859469,13.17770671219,13.0782585750693
VisualCogA_Task-1,1,1,Fz,0.77734375,21.6346403664943,13.6632533906788,14.114167273757
VisualCogA_Task-1,1,1,Fz,0.78125,21.8647507258051,15.0337402799671,15.2090364634325
VisualCogA_Task-1,1,1,Fz,0.78515625,22.0203508097576,16.7996889608896,16.3403014562196
VisualCogA_Task-1,1,1,Fz,0.7890625,22.177825455906,17.4495994545054,17.4707895489533
VisualCogA_Task-1,1,1,Fz,0.79296875,22.458790772346,18.5719871205242,18.6016103305245
VisualCogA_Task-1,1,1,Fz,0.796875,22.9634220509625,19.8109867858443,19.73210754862
VisualCogA_Task-1,1,1,Fz,0.80078125,23.6918124090152,20.8177753506272,20.8591563500933
VisualCogA_Task-1,1,1,F3,-0.19921875,1.55280346477073,0.978062798921194,1.42384041723782
VisualCogA_Task-1,1,1,F3,-0.1953125,2.09051613092083,1.80885262197946,1.81818242339975
VisualCogA_Task-1,1,1,F3,-0.19140625,2.52430073889435,2.38564688882787,2.17537629470195
VisualCogA_Task-1,1,1,F3,-0.1875,2.78842128308904,2.69627062477728,2.45749641283303
VisualCogA_Task-1,1,1,F3,-0.18359375,2.86164624330461,2.84568389132936,2.64413970899206
VisualCogA_Task-1,1,1,F3,-0.1796875,2.76952324757746,2.83235612787303,2.73480096537349
VisualCogA_Task-1,1,1,F3,-0.17578125,2.57058919791404,2.76191932606436,2.74577031269986
VisualCogA_Task-1,1,1,F3,-0.171875,2.32990278713277,2.60017119802885,2.70146747856869
VisualCogA_Task-1,1,1,F3,-0.16796875,2.10034574083048,2.49496925906992,2.62765794169119
VisualCogA_Task-1,1,1,F3,-0.1640625,1.91935576347808,2.32700876663404,2.54166582406694
VisualCogA_Task-1,1,1,F3,-0.16015625,1.80537147913484,2.28979182207961,2.44975785747705
VisualCogA_Task-1,1,1,F3,-0.15625,1.74464369862731,2.38701012485527,2.34031268558324
VisualCogA_Task-1,1,1,F3,-0.15234375,1.68527942027134,2.3871181863474,2.18837844909744
VisualCogA_Task-1,1,1,F3,-0.1484375,1.55827967428341,2.14316916772834,1.97289474200426
VisualCogA_Task-1,1,1,F3,-0.14453125,1.31863453605632,1.86004487683352,1.68936280305911
VisualCogA_Task-1,1,1,F3,-0.140625,0.977919276698244,1.33013237909105,1.34747340649444
VisualCogA_Task-1,1,1,F3,-0.13671875,0.604812228694785,1.03812108105354,0.971140832690553
VisualCogA_Task-1,1,1,F3,-0.1328125,0.290141186446737,0.616479601872454,0.582834276410797
VisualCogA_Task-1,1,1,F3,-0.12890625,0.0931968891287333,0.176925485812445,0.210604619782111
VisualCogA_Task-1,1,1,F3,-0.125,0.00153582279975158,-0.201013741945295,-0.114693477946762
VisualCogA_Task-1,1,1,F3,-0.12109375,-0.0629755119809205,-0.563143367870867,-0.365011952024554
VisualCogA_Task-1,1,1,F3,-0.1171875,-0.186259802721783,-0.564408930308957,-0.519496093033207
VisualCogA_Task-1,1,1,F3,-0.11328125,-0.388202183595443,-0.56208860694745,-0.573802142875188
VisualCogA_Task-1,1,1,F3,-0.109375,-0.588399434266025,-0.696061975910964,-0.527329079892612
VisualCogA_Task-1,1,1,F3,-0.10546875,-0.643868252500802,-0.810404609467899,-0.378499754433615
VisualCogA_Task-1,1,1,F3,-0.1015625,-0.440844457568617,-0.292467409837404,-0.139798091514527
VisualCogA_Task-1,1,1,F3,-0.09765625,0.0178473734012373,0.114770253093617,0.140299912595462
VisualCogA_Task-1,1,1,F3,-0.09375,0.589689831459871,0.570267515485775,0.400595818433591
VisualCogA_Task-1,1,1,F3,-0.08984375,1.05414046588806,1.08946657212096,0.577763714911944
VisualCogA_Task-1,1,1,F3,-0.0859375,1.22551726696981,1.25757175320015,0.622616999030288
VisualCogA_Task-1,1,1,F3,-0.08203125,1.04830713759574,0.770743783436199,0.528610972555806
VisualCogA_Task-1,1,1,F3,-0.078125,0.614857498707079,0.333001746537248,0.342113833436506
VisualCogA_Task-1,1,1,F3,-0.07421875,0.0992866123886937,-0.268508861975877,0.129671513860426
VisualCogA_Task-1,1,1,F3,-0.0703125,-0.338817119604481,-0.619452072203359,-0.042929394559333
VisualCogA_Task-1,1,1,F3,-0.06640625,-0.616074739563968,-0.424613712114693,-0.143083998196028
VisualCogA_Task-1,1,1,F3,-0.0625,-0.730174498420616,-0.25909633346544,-0.186230959893254
VisualCogA_Task-1,1,1,F3,-0.05859375,-0.730313105409344,-0.123354788257496,-0.211269751987825
VisualCogA_Task-1,1,1,F3,-0.0546875,-0.683752143137825,-0.278680614167455,-0.263171961280905
VisualCogA_Task-1,1,1,F3,-0.05078125,-0.654387294949322,-0.349406395577126,-0.379582927596133
VisualCogA_Task-1,1,1,F3,-0.046875,-0.696421704712665,-0.260797782839408,-0.59944037849769
VisualCogA_Task-1,1,1,F3,-0.04296875,-0.85683247411101,-0.492726024908791,-0.959167330548176
VisualCogA_Task-1,1,1,F3,-0.0390625,-1.17246835084356,-1.03071488641179,-1.46696658400533
VisualCogA_Task-1,1,1,F3,-0.03515625,-1.65266121539678,-1.96774952756907,-2.09217083032362
VisualCogA_Task-1,1,1,F3,-0.03125,-2.25869954208186,-3.0813945000452,-2.7677584528247
VisualCogA_Task-1,1,1,F3,-0.02734375,-2.90355191613514,-3.6487515295337,-3.41633939293402
VisualCogA_Task-1,1,1,F3,-0.0234375,-3.47871211601647,-4.13687213548604,-3.98665992934542
VisualCogA_Task-1,1,1,F3,-0.01953125,-3.88923956459111,-4.55103707069145,-4.44683401880269
VisualCogA_Task-1,1,1,F3,-0.015625,-4.07631646342018,-5.00266366873815,-4.77749330189469
VisualCogA_Task-1,1,1,F3,-0.01171875,-4.0259584780361,-5.18011475869114,-4.96795300686767
VisualCogA_Task-1,1,1,F3,-0.0078125,-3.77181569333259,-5.1918255267701,-5.02629255920484
VisualCogA_Task-1,1,1,F3,-0.00390625,-3.3901189340678,-5.09385021012263,-4.97827153037469
VisualCogA_Task-1,1,1,F3,0,-2.97874063412139,-4.72598725559674,-4.86344390580949
VisualCogA_Task-1,1,1,F3,0.00390625,-2.62411478829458,-4.53367151939981,-4.73099522758716
VisualCogA_Task-1,1,1,F3,0.0078125,-2.3716252521844,-4.38367998515995,-4.61865631693459
VisualCogA_Task-1,1,1,F3,0.01171875,-2.21070168051852,-4.41811619239076,-4.54771435272968
VisualCogA_Task-1,1,1,F3,0.015625,-2.07883672865085,-4.53745594796689,-4.51987515286915
VisualCogA_Task-1,1,1,F3,0.01953125,-1.89063750426302,-4.59844969475755,-4.52604468855478
VisualCogA_Task-1,1,1,F3,0.0234375,-1.58986883497948,-4.63205107700632,-4.55859399724653
VisualCogA_Task-1,1,1,F3,0.02734375,-1.19534738149857,-4.50382711530615,-4.61592786692122
VisualCogA_Task-1,1,1,F3,0.03125,-0.801019542217294,-4.59670751943697,-4.70257250886901
VisualCogA_Task-1,1,1,F3,0.03515625,-0.52494510933356,-4.76608912836799,-4.81371240507879
VisualCogA_Task-1,1,1,F3,0.0390625,-0.447479990966468,-4.92367160484507,-4.9357099550868
VisualCogA_Task-1,1,1,F3,0.04296875,-0.582450544504997,-5.1516786668803,-5.05095895203667
VisualCogA_Task-1,1,1,F3,0.046875,-0.888406507911283,-5.24920520943089,-5.1408499932186
VisualCogA_Task-1,1,1,F3,0.05078125,-1.29736188334156,-5.26109564352564,-5.19516698549305
VisualCogA_Task-1,1,1,F3,0.0546875,-1.739067308274,-5.23361395578518,-5.21272343707153
VisualCogA_Task-1,1,1,F3,0.05859375,-2.15161384644007,-5.23170402705962,-5.19782691100158
VisualCogA_Task-1,1,1,F3,0.0625,-2.47899791259674,-5.18384511750504,-5.15652584689022
VisualCogA_Task-1,1,1,F3,0.06640625,-2.6675768207522,-5.13561793138056,-5.0976917773493
VisualCogA_Task-1,1,1,F3,0.0703125,-2.68000886819816,-5.0923708556576,-5.03247284087525
VisualCogA_Task-1,1,1,F3,0.07421875,-2.52904063826652,-5.02335001976712,-4.97517768880042
VisualCogA_Task-1,1,1,F3,0.078125,-2.30262088239835,-4.94247598631587,-4.94510647368902
VisualCogA_Task-1,1,1,F3,0.08203125,-2.14534270653199,-4.90036599375644,-4.96557370901916
VisualCogA_Task-1,1,1,F3,0.0859375,-2.19631860769574,-4.94532530969257,-5.05967470098785
VisualCogA_Task-1,1,1,F3,0.08984375,-2.5245383026964,-5.12751984306935,-5.24507077952021
VisualCogA_Task-1,1,1,F3,0.09375,-3.10532515563697,-5.42580943764172,-5.52989415860009
VisualCogA_Task-1,1,1,F3,0.09765625,-3.84738159983969,-5.79449066486583,-5.91248114084041
VisualCogA_Task-1,1,1,F3,0.1015625,-4.64485673398223,-6.14672033574628,-6.38249430210757
VisualCogA_Task-1,1,1,F3,0.10546875,-5.41825019766811,-6.70242713669339,-6.91976367860344
VisualCogA_Task-1,1,1,F3,0.109375,-6.12333745110468,-7.54057656162003,-7.48447147599975
VisualCogA_Task-1,1,1,F3,0.11328125,-6.73562529413201,-8.28213918899888,-8.01868852147574
VisualCogA_Task-1,1,1,F3,0.1171875,-7.23674846419458,-8.81961262674478,-8.46916106601233
VisualCogA_Task-1,1,1,F3,0.12109375,-7.6199718630615,-9.02176183675682,-8.80458958288403
VisualCogA_Task-1,1,1,F3,0.125,-7.90264881131711,-9.05266520467506,-9.02287884209308
VisualCogA_Task-1,1,1,F3,0.12890625,-8.11883703559054,-8.97055532107479,-9.14003130146441
VisualCogA_Task-1,1,1,F3,0.1328125,-8.28781454139754,-9.11498024426897,-9.17453161570481
VisualCogA_Task-1,1,1,F3,0.13671875,-8.38986623054674,-9.15932087044401,-9.13074144115527
VisualCogA_Task-1,1,1,F3,0.140625,-8.38251371520179,-9.18622320083661,-9.00805981987042
VisualCogA_Task-1,1,1,F3,0.14453125,-8.24942782495734,-9.02111056108731,-8.80826741301232
VisualCogA_Task-1,1,1,F3,0.1484375,-8.03576666759653,-8.60752023547528,-8.54799183015686
VisualCogA_Task-1,1,1,F3,0.15234375,-7.83294009076697,-8.1051279135898,-8.26159760988619
VisualCogA_Task-1,1,1,F3,0.15625,-7.72330114927972,-7.68076565603764,-7.98840999122565
VisualCogA_Task-1,1,1,F3,0.16015625,-7.72878981577988,-7.4650212657837,-7.75471507184255
VisualCogA_Task-1,1,1,F3,0.1640625,-7.79591143053612,-7.38763172179121,-7.56116192147186
VisualCogA_Task-1,1,1,F3,0.16796875,-7.81727357617792,-7.45741833778629,-7.38425845934364
VisualCogA_Task-1,1,1,F3,0.171875,-7.67624744109707,-7.51074110660835,-7.18605175471457
VisualCogA_Task-1,1,1,F3,0.17578125,-7.30390718969873,-7.53069756038657,-6.93468553337821
VisualCogA_Task-1,1,1,F3,0.1796875,-6.7302037636838,-7.00624964630725,-6.62536096711925
VisualCogA_Task-1,1,1,F3,0.18359375,-6.09855499531924,-6.33141493130666,-6.30294689663978
VisualCogA_Task-1,1,1,F3,0.1875,-5.62251000849924,-5.7623162258037,-6.04405288590751
VisualCogA_Task-1,1,1,F3,0.19140625,-5.49763338445367,-5.33607305780224,-5.92766083511242
VisualCogA_Task-1,1,1,F3,0.1953125,-5.81336290493308,-5.48881065995774,-6.00927458943582
VisualCogA_Task-1,1,1,F3,0.19921875,-6.51386487487531,-5.88716252492586,-6.2950990126165
VisualCogA_Task-1,1,1,F3,0.203125,-7.43009763532525,-6.47278684432195,-6.7479669742701
VisualCogA_Task-1,1,1,F3,0.20703125,-8.36066476535533,-7.1752900142011,-7.29671663670467
VisualCogA_Task-1,1,1,F3,0.2109375,-9.14611169526163,-8.12022127299287,-7.84725448473261
VisualCogA_Task-1,1,1,F3,0.21484375,-9.69336844535154,-8.68756249247739,-8.29536811795767
VisualCogA_Task-1,1,1,F3,0.21875,-9.95946921690848,-9.16726679110187,-8.55959236833862
VisualCogA_Task-1,1,1,F3,0.22265625,-9.93962399288979,-9.30260751276054,-8.59114493237755
VisualCogA_Task-1,1,1,F3,0.2265625,-9.68113052662805,-8.80229869383004,-8.39188304180681
VisualCogA_Task-1,1,1,F3,0.23046875,-9.29588670599308,-8.2156182360194,-8.02295247672401
VisualCogA_Task-1,1,1,F3,0.234375,-8.93641952878474,-7.22178946549922,-7.57970032156201
VisualCogA_Task-1,1,1,F3,0.23828125,-8.73962166194789,-6.59453238408635,-7.17352914069495
VisualCogA_Task-1,1,1,F3,0.2421875,-8.77478497402947,-6.11278787326339,-6.88601559382509
VisualCogA_Task-1,1,1,F3,0.24609375,-9.02347845948458,-6.14090034735892,-6.75048661093728
VisualCogA_Task-1,1,1,F3,0.25,-9.39045550245675,-6.5710634899586,-6.73583347863626
VisualCogA_Task-1,1,1,F3,0.25390625,-9.73297698883009,-7.0358556618543,-6.76014862822853
VisualCogA_Task-1,1,1,F3,0.2578125,-9.90340436858443,-7.31542435030269,-6.72779365863081
VisualCogA_Task-1,1,1,F3,0.26171875,-9.80252235112144,-7.23205490306555,-6.5661057548953
VisualCogA_Task-1,1,1,F3,0.265625,-9.42666351185376,-6.71908830482359,-6.25139132638019
VisualCogA_Task-1,1,1,F3,0.26953125,-8.87960058668678,-6.10970466512597,-5.81545254479116
VisualCogA_Task-1,1,1,F3,0.2734375,-8.3339919919916,-5.05197402292927,-5.32906633003754
VisualCogA_Task-1,1,1,F3,0.27734375,-7.95876250066603,-4.07694324732151,-4.88753061205655
VisualCogA_Task-1,1,1,F3,0.28125,-7.84919903235383,-3.86656890091444,-4.56305229519304
VisualCogA_Task-1,1,1,F3,0.28515625,-7.9922362937491,-4.01912156062792,-4.36028933673064
VisualCogA_Task-1,1,1,F3,0.2890625,-8.27833801080089,-4.49868814153568,-4.22585941109639
VisualCogA_Task-1,1,1,F3,0.29296875,-8.54814910483296,-4.38488500641589,-4.07794954470878
VisualCogA_Task-1,1,1,F3,0.296875,-8.65049179532664,-4.70067966742192,-3.85748249152293
VisualCogA_Task-1,1,1,F3,0.30078125,-8.49318267484813,-3.75080086912948,-3.53095896063619
VisualCogA_Task-1,1,1,F3,0.3046875,-8.07797675351568,-2.92597337171114,-3.13514609247083
VisualCogA_Task-1,1,1,F3,0.30859375,-7.51048800214342,-2.94296818631975,-2.72513118649025
VisualCogA_Task-1,1,1,F3,0.3125,-6.97077627815019,-2.20529241755018,-2.33857048209451
VisualCogA_Task-1,1,1,F3,0.31640625,-6.64309674455371,-1.31176920244967,-2.0312733020028
VisualCogA_Task-1,1,1,F3,0.3203125,-6.63481688814362,-1.16424302882586,-1.84794246355564
VisualCogA_Task-1,1,1,F3,0.32421875,-6.92924635030224,-1.46458941790915,-1.77332210913076
VisualCogA_Task-1,1,1,F3,0.328125,-7.39272830458147,-2.08234891744443,-1.73518142821176
VisualCogA_Task-1,1,1,F3,0.33203125,-7.82302843659833,-2.40608911822885,-1.63556188601376
VisualCogA_Task-1,1,1,F3,0.3359375,-8.02014540461847,-1.9625111622702,-1.40543557185461
VisualCogA_Task-1,1,1,F3,0.33984375,-7.86682509657045,-1.72084081613133,-1.03998517773675
VisualCogA_Task-1,1,1,F3,0.34375,-7.3927403187412,-0.842664184060341,-0.580816361530569
VisualCogA_Task-1,1,1,F3,0.34765625,-6.77951691476749,0.174309069993971,-0.126272750972697
VisualCogA_Task-1,1,1,F3,0.3515625,-6.28431231154577,1.09477587900893,0.20348137432277
VisualCogA_Task-1,1,1,F3,0.35546875,-6.11479750477571,1.4335282812063,0.313330219822291
VisualCogA_Task-1,1,1,F3,0.359375,-6.32754764190606,0.862666762262045,0.1824325330495
VisualCogA_Task-1,1,1,F3,0.36328125,-6.80765853908822,-0.261652091899115,-0.116703100023298
VisualCogA_Task-1,1,1,F3,0.3671875,-7.33656353124674,-1.07125666748922,-0.454881907656086
VisualCogA_Task-1,1,1,F3,0.37109375,-7.70915151809021,-1.46423746198272,-0.714988200765167
VisualCogA_Task-1,1,1,F3,0.375,-7.83993154773868,-1.47290822454926,-0.83127085358627
VisualCogA_Task-1,1,1,F3,0.37890625,-7.80242324390435,-1.05010493407064,-0.80041617878992
VisualCogA_Task-1,1,1,F3,0.3828125,-7.78034543203555,-0.472675824322294,-0.672580269960226
VisualCogA_Task-1,1,1,F3,0.38671875,-7.96178111307834,-0.238035938296898,-0.518726616954689
VisualCogA_Task-1,1,1,F3,0.390625,-8.43868329814843,0.0661984551661632,-0.393160005827649
VisualCogA_Task-1,1,1,F3,0.39453125,-9.16036384019759,-0.227343030422918,-0.326794332745298
VisualCogA_Task-1,1,1,F3,0.3984375,-9.95504190993569,-0.892349738813695,-0.312263622124341
VisualCogA_Task-1,1,1,F3,0.40234375,-10.6091626538547,-0.717240340833733,-0.33391428985462
VisualCogA_Task-1,1,1,F3,0.40625,-10.9760873342286,-0.648049594943683,-0.42443326155009
VisualCogA_Task-1,1,1,F3,0.41015625,-11.0629889494294,-0.158647437655362,-0.648451300406298
VisualCogA_Task-1,1,1,F3,0.4140625,-11.0397429924632,-0.298354946167286,-1.08923386406826
VisualCogA_Task-1,1,1,F3,0.41796875,-11.1544096866048,-0.686130863260265,-1.7892294216184
VisualCogA_Task-1,1,1,F3,0.421875,-11.6049648371145,-2.31223233343419,-2.72497986564741
VisualCogA_Task-1,1,1,F3,0.42578125,-12.446226607517,-4.30190313712465,-3.7811022088828
VisualCogA_Task-1,1,1,F3,0.4296875,-13.5778007192213,-5.45037508459241,-4.80781783636764
VisualCogA_Task-1,1,1,F3,0.43359375,-14.8011224416201,-5.99111311647313,-5.69874821049848
VisualCogA_Task-1,1,1,F3,0.4375,-15.9025964738415,-6.55438640785425,-6.40106123102395
VisualCogA_Task-1,1,1,F3,0.44140625,-16.7246086872389,-7.43171903447118,-6.88628853985721
VisualCogA_Task-1,1,1,F3,0.4453125,-17.2037615492542,-7.57690520789601,-7.13873887698064
VisualCogA_Task-1,1,1,F3,0.44921875,-17.3702906755248,-7.11651075121824,-7.18817352359442
VisualCogA_Task-1,1,1,F3,0.453125,-17.3146234494817,-6.92743968321006,-7.10086762180835
VisualCogA_Task-1,1,1,F3,0.45703125,-17.1386882740619,-7.15636314453958,-6.93712441603424
VisualCogA_Task-1,1,1,F3,0.4609375,-16.9170787435123,-6.62427347112566,-6.74279482246734
VisualCogA_Task-1,1,1,F3,0.46484375,-16.6884017088127,-6.23529073363661,-6.58199965134503
VisualCogA_Task-1,1,1,F3,0.46875,-16.4774285972633,-6.39231886059189,-6.50898293362622
VisualCogA_Task-1,1,1,F3,0.47265625,-16.3262915274445,-6.27832647494277,-6.54909629046075
VisualCogA_Task-1,1,1,F3,0.4765625,-16.3063720189212,-6.17142540306585,-6.71796933691231
VisualCogA_Task-1,1,1,F3,0.48046875,-16.4969860672389,-6.6933804064763,-7.00866753675138
VisualCogA_Task-1,1,1,F3,0.484375,-16.9407285935307,-7.34238100376779,-7.36871102592794
VisualCogA_Task-1,1,1,F3,0.48828125,-17.6018705503342,-7.94750070605295,-7.71934601286901
VisualCogA_Task-1,1,1,F3,0.4921875,-18.3542053738691,-8.5074265647772,-7.97962453748829
VisualCogA_Task-1,1,1,F3,0.49609375,-19.011874996969,-8.54391099898005,-8.08761153079814
VisualCogA_Task-1,1,1,F3,0.5,-19.3999388586814,-8.36211201657028,-8.02535542608496
VisualCogA_Task-1,1,1,F3,0.50390625,-19.4408107105781,-8.041635648748,-7.81292961231701
VisualCogA_Task-1,1,1,F3,0.5078125,-19.2087872692071,-7.43943577210049,-7.49847052766964
VisualCogA_Task-1,1,1,F3,0.51171875,-18.901999955206,-6.9048099550683,-7.14917344668746
VisualCogA_Task-1,1,1,F3,0.515625,-18.7283163075082,-6.5105150840995,-6.82731408095097
VisualCogA_Task-1,1,1,F3,0.51953125,-18.7766352379822,-5.96961056777765,-6.57480451773909
VisualCogA_Task-1,1,1,F3,0.5234375,-18.9709792981377,-6.24427262546925,-6.40715692792643
VisualCogA_Task-1,1,1,F3,0.52734375,-19.1405461500618,-6.70891322513239,-6.28945065322416
VisualCogA_Task-1,1,1,F3,0.53125,-19.1450643518479,-6.81496881281223,-6.17319134347201
VisualCogA_Task-1,1,1,F3,0.53515625,-18.9638258984931,-6.04806815225573,-6.04483986283539
VisualCogA_Task-1,1,1,F3,0.5390625,-18.7015953477554,-5.82184658165638,-5.94433853125807
VisualCogA_Task-1,1,1,F3,0.54296875,-18.5250704876247,-5.69915771543269,-5.91189869280218
VisualCogA_Task-1,1,1,F3,0.546875,-18.5742975682218,-5.7415187572829,-5.97752402906304
VisualCogA_Task-1,1,1,F3,0.55078125,-18.8954118582027,-5.97335769359615,-6.15348980685518
VisualCogA_Task-1,1,1,F3,0.5546875,-19.4258358299853,-6.33916873904589,-6.43240418701143
VisualCogA_Task-1,1,1,F3,0.55859375,-20.0334409729081,-6.74659536429538,-6.79186432092639
VisualCogA_Task-1,1,1,F3,0.5625,-20.5802045351526,-7.37416696331118,-7.20169773933085
VisualCogA_Task-1,1,1,F3,0.56640625,-20.9738349902161,-7.70437654716748,-7.62795955990303
VisualCogA_Task-1,1,1,F3,0.5703125,-21.19034076955,-8.0927565589804,-8.05107733565284
VisualCogA_Task-1,1,1,F3,0.57421875,-21.2685449829727,-8.48558528072592,-8.4578467018622
VisualCogA_Task-1,1,1,F3,0.578125,-21.2813669160194,-8.79950993443525,-8.83853656242369
VisualCogA_Task-1,1,1,F3,0.58203125,-21.2973043204078,-9.30517758941523,-9.1857273694685
VisualCogA_Task-1,1,1,F3,0.5859375,-21.3605049779751,-9.71423681367861,-9.48874735612882
VisualCogA_Task-1,1,1,F3,0.58984375,-21.5067568187108,-9.70866504590396,-9.74687894053235
VisualCogA_Task-1,1,1,F3,0.59375,-21.7904715842777,-9.87638031915839,-9.97819532893599
VisualCogA_Task-1,1,1,F3,0.59765625,-22.2760392406397,-10.0221253336564,-10.1975852363776
VisualCogA_Task-1,1,1,F3,0.6015625,-22.9836572816506,-10.3294096391207,-10.4114527937468
VisualCogA_Task-1,1,1,F3,0.60546875,-23.8357580223392,-10.8943609114159,-10.6115804733732
VisualCogA_Task-1,1,1,F3,0.609375,-24.6599021291154,-10.8061527065813,-10.7829138180344
VisualCogA_Task-1,1,1,F3,0.61328125,-25.2590438027914,-10.934904302845,-10.9339634070112
VisualCogA_Task-1,1,1,F3,0.6171875,-25.5072512493543,-11.035626267129,-11.0751763936302
VisualCogA_Task-1,1,1,F3,0.62109375,-25.4112905659278,-11.1444421416818,-11.2170783392042
VisualCogA_Task-1,1,1,F3,0.625,-25.1019485037887,-11.2909037342293,-11.3668989611707
VisualCogA_Task-1,1,1,F3,0.62890625,-24.761725006675,-11.408090295581,-11.5258149605071
VisualCogA_Task-1,1,1,F3,0.6328125,-24.5313861718927,-11.6002486460722,-11.6886701026123
VisualCogA_Task-1,1,1,F3,0.63671875,-24.4490638860562,-11.8095296550008,-11.8404977641415
VisualCogA_Task-1,1,1,F3,0.640625,-24.4547585983901,-12.0369820909911,-11.9589628670381
VisualCogA_Task-1,1,1,F3,0.64453125,-24.4499180648982,-12.1656388226163,-12.0191496574838
VisualCogA_Task-1,1,1,F3,0.6484375,-24.3663407514147,-12.1448662212075,-12.0026439836562
VisualCogA_Task-1,1,1,F3,0.65234375,-24.1993469437837,-11.9958726244977,-11.903239124161
VisualCogA_Task-1,1,1,F3,0.65625,-23.9928472476553,-11.7792119099715,-11.7265802107328
VisualCogA_Task-1,1,1,F3,0.66015625,-23.797363370316,-11.5377733422172,-11.4860318334679
VisualCogA_Task-1,1,1,F3,0.6640625,-23.6338461841461,-11.2669879119632,-11.1993445573988
VisualCogA_Task-1,1,1,F3,0.66796875,-23.4870511047304,-10.9343321113336,-10.8885807399541
VisualCogA_Task-1,1,1,F3,0.671875,-23.3302191447609,-10.5307237566295,-10.5814396847759
VisualCogA_Task-1,1,1,F3,0.67578125,-23.1576704863074,-10.4362644225128,-10.3094333097879
VisualCogA_Task-1,1,1,F3,0.6796875,-22.9930774431155,-9.82780859963765,-10.0998472055686
VisualCogA_Task-1,1,1,F3,0.68359375,-22.8632796776808,-9.70105332384096,-9.99053622208978
VisualCogA_Task-1,1,1,F3,0.6875,-22.7637573113994,-9.83625945762724,-9.99668532549594
VisualCogA_Task-1,1,1,F3,0.69140625,-22.6531464752883,-10.0988666898661,-10.1093559070774
VisualCogA_Task-1,1,1,F3,0.6953125,-22.4844322535086,-10.3138367592544,-10.3062405358021
VisualCogA_Task-1,1,1,F3,0.69921875,-22.2413367916609,-10.4461378201207,-10.5641576792038
VisualCogA_Task-1,1,1,F3,0.703125,-21.9442005367955,-10.7906923381794,-10.860558823437
VisualCogA_Task-1,1,1,F3,0.70703125,-21.6225547406693,-11.1402279879227,-11.1630604663997
VisualCogA_Task-1,1,1,F3,0.7109375,-21.2822332224327,-11.3235633986332,-11.4334568988847
VisualCogA_Task-1,1,1,F3,0.71484375,-20.8952372942276,-11.7291527687269,-11.6316397051453
VisualCogA_Task-1,1,1,F3,0.71875,-20.4194224852946,-11.4498750059484,-11.7083426777471
VisualCogA_Task-1,1,1,F3,0.72265625,-19.8319714633039,-12.0797526996185,-11.6224256978874
VisualCogA_Task-1,1,1,F3,0.7265625,-19.1473077214318,-11.4977841113634,-11.3112096741137
VisualCogA_Task-1,1,1,F3,0.73046875,-18.3982740638869,-10.8385593248499,-10.7501260984511
VisualCogA_Task-1,1,1,F3,0.734375,-17.5920823630011,-9.60446846296461,-9.93015433269548
VisualCogA_Task-1,1,1,F3,0.73828125,-16.6836132312923,-9.76415938246345,-8.84964317417599
VisualCogA_Task-1,1,1,F3,0.7421875,-15.601132574237,-8.15717697419642,-7.4798009310775
VisualCogA_Task-1,1,1,F3,0.74609375,-14.3126494298912,-5.99277424706796,-5.86804559560884
VisualCogA_Task-1,1,1,F3,0.75,-12.8793210373308,-4.20584095966138,-4.1182431635721
VisualCogA_Task-1,1,1,F3,0.75390625,-11.4479292198133,-2.01534666354202,-2.34465368505762
VisualCogA_Task-1,1,1,F3,0.7578125,-10.1828715948175,0.123172283895005,-0.668837026496506
VisualCogA_Task-1,1,1,F3,0.76171875,-9.18563121529064,1.22760400769626,0.815089197473085
VisualCogA_Task-1,1,1,F3,0.765625,-8.45766467971924,2.33576966540696,2.07900814807897
VisualCogA_Task-1,1,1,F3,0.76953125,-7.92810504741583,3.37427465354553,3.12917922073423
VisualCogA_Task-1,1,1,F3,0.7734375,-7.51969240091286,3.95257307287511,3.9932586039626
VisualCogA_Task-1,1,1,F3,0.77734375,-7.20069082510829,4.88538200939286,4.71932710568876
VisualCogA_Task-1,1,1,F3,0.78125,-6.98391671447776,5.54163542212385,5.35207507291345
VisualCogA_Task-1,1,1,F3,0.78515625,-6.8758950992617,5.78956127107098,5.9500307612794
VisualCogA_Task-1,1,1,F3,0.7890625,-6.82091389799437,5.85902890053109,6.58751912219686
VisualCogA_Task-1,1,1,F3,0.79296875,-6.69404648506593,6.80031482738075,7.32549264955875
VisualCogA_Task-1,1,1,F3,0.796875,-6.36115875480928,7.99991085066188,8.1641963187858
VisualCogA_Task-1,1,1,F3,0.80078125,-5.76945349890941,9.7466338720369,9.06011028678394
VisualCogA_Task-1,1,1,F4,-0.19921875,0.878131548180899,1.05840023441238,1.15697155357622
VisualCogA_Task-1,1,1,F4,-0.1953125,1.23569166906285,1.13478954282795,1.29466267760347
VisualCogA_Task-1,1,1,F4,-0.19140625,1.50576345050636,1.41384655422452,1.42413952503373
VisualCogA_Task-1,1,1,F4,-0.1875,1.66288423520142,1.81127516281243,1.52386505803873
VisualCogA_Task-1,1,1,F4,-0.18359375,1.69805659444898,1.66891936121158,1.57144449122274
VisualCogA_Task-1,1,1,F4,-0.1796875,1.62241648645359,1.63835076557783,1.56843388125452
VisualCogA_Task-1,1,1,F4,-0.17578125,1.46047526686118,1.4869992751317,1.52451219063525
VisualCogA_Task-1,1,1,F4,-0.171875,1.23439895567799,1.43340119269041,1.45518478889301
VisualCogA_Task-1,1,1,F4,-0.16796875,0.960219170107346,1.31775800837744,1.37283096926397
VisualCogA_Task-1,1,1,F4,-0.1640625,0.663125651650961,1.24470516177747,1.2880147253007
VisualCogA_Task-1,1,1,F4,-0.16015625,0.390237107468899,1.07587679831855,1.2067106371486
VisualCogA_Task-1,1,1,F4,-0.15625,0.19847505933578,0.991321280512041,1.13128415465944
VisualCogA_Task-1,1,1,F4,-0.15234375,0.122669980361616,0.994535834795417,1.05319790778249
VisualCogA_Task-1,1,1,F4,-0.1484375,0.149106416987344,1.06126240747146,0.952250953621408
VisualCogA_Task-1,1,1,F4,-0.14453125,0.215429058410224,1.15785086782404,0.8033538431976
VisualCogA_Task-1,1,1,F4,-0.140625,0.240428658807735,0.780101699885695,0.590501415353303
VisualCogA_Task-1,1,1,F4,-0.13671875,0.168659379329538,0.520323663733569,0.327229927649627
VisualCogA_Task-1,1,1,F4,-0.1328125,0.00250543930676036,0.0420203253804705,0.0428756613587116
VisualCogA_Task-1,1,1,F4,-0.12890625,-0.201137828631334,-0.47428102886335,-0.217133957573638
VisualCogA_Task-1,1,1,F4,-0.125,-0.368406826065619,-0.736120260499527,-0.407442781199805
VisualCogA_Task-1,1,1,F4,-0.12109375,-0.452919864659988,-0.871627650661048,-0.504123584179649
VisualCogA_Task-1,1,1,F4,-0.1171875,-0.455022532332784,-0.59511529580205,-0.510638931114671
VisualCogA_Task-1,1,1,F4,-0.11328125,-0.406232347992103,-0.326344320348386,-0.461076725479824
VisualCogA_Task-1,1,1,F4,-0.109375,-0.339842146352094,-0.303508646576247,-0.396564567807342
VisualCogA_Task-1,1,1,F4,-0.10546875,-0.278124246326749,-0.502763824433047,-0.347002358201838
VisualCogA_Task-1,1,1,F4,-0.1015625,-0.244633470918484,-0.314147213172871,-0.334535336665336
VisualCogA_Task-1,1,1,F4,-0.09765625,-0.280144705562161,0.0408624303029862,-0.394288865385792
VisualCogA_Task-1,1,1,F4,-0.09375,-0.435974118972873,-0.0398864647418675,-0.559689296260125
VisualCogA_Task-1,1,1,F4,-0.08984375,-0.741895900998307,-0.524053447981876,-0.827900373211188
VisualCogA_Task-1,1,1,F4,-0.0859375,-1.17053871144356,-1.13814365197617,-1.15276893753531
VisualCogA_Task-1,1,1,F4,-0.08203125,-1.6263404316439,-1.80301408442448,-1.46282125342639
VisualCogA_Task-1,1,1,F4,-0.078125,-1.97565414786819,-2.20398422071953,-1.68536481128171
VisualCogA_Task-1,1,1,F4,-0.07421875,-2.10933639707058,-2.17846794683701,-1.77605650408175
VisualCogA_Task-1,1,1,F4,-0.0703125,-2.00067382685095,-1.90623989469292,-1.73377150892678
VisualCogA_Task-1,1,1,F4,-0.06640625,-1.71726056315129,-1.57976409957905,-1.59091928981337
VisualCogA_Task-1,1,1,F4,-0.0625,-1.37794922243388,-1.17482486601361,-1.3942816762186
VisualCogA_Task-1,1,1,F4,-0.05859375,-1.0855842672702,-0.854080641947283,-1.18971089843332
VisualCogA_Task-1,1,1,F4,-0.0546875,-0.8774694704103,-0.856866420517098,-1.00477111923135
VisualCogA_Task-1,1,1,F4,-0.05078125,-0.718979716689691,-0.942975676499595,-0.839057313345981
VisualCogA_Task-1,1,1,F4,-0.046875,-0.541085601364049,-0.862958914685394,-0.679839063950976
VisualCogA_Task-1,1,1,F4,-0.04296875,-0.298556254810706,-0.658224022356574,-0.523045817816245
VisualCogA_Task-1,1,1,F4,-0.0390625,-0.00896328300961326,-0.363127022905,-0.379867009272896
VisualCogA_Task-1,1,1,F4,-0.03515625,0.258201541104138,-0.131727510340137,-0.272756923030397
VisualCogA_Task-1,1,1,F4,-0.03125,0.433664462610969,-0.129296347902401,-0.222774844934224
VisualCogA_Task-1,1,1,F4,-0.02734375,0.498266779315645,-0.0145616263414792,-0.239227609772335
VisualCogA_Task-1,1,1,F4,-0.0234375,0.493487626711356,-0.12414763396761,-0.323632177580031
VisualCogA_Task-1,1,1,F4,-0.01953125,0.491904286327869,-0.400991752265799,-0.458783343106712
VisualCogA_Task-1,1,1,F4,-0.015625,0.553243167672441,-0.845704849950485,-0.610852189134075
VisualCogA_Task-1,1,1,F4,-0.01171875,0.691750484861511,-0.898978134829545,-0.741193832540408
VisualCogA_Task-1,1,1,F4,-0.0078125,0.868879567363639,-0.909758094981157,-0.830734445272033
VisualCogA_Task-1,1,1,F4,-0.00390625,1.0146538387023,-0.899423002533002,-0.8735488911327
VisualCogA_Task-1,1,1,F4,0,1.06830392887002,-0.887186183944456,-0.870297338068587
VisualCogA_Task-1,1,1,F4,0.00390625,1.0145048456051,-0.770917308542864,-0.823796129975895
VisualCogA_Task-1,1,1,F4,0.0078125,0.893201045860578,-0.795673930702221,-0.738269014573817
VisualCogA_Task-1,1,1,F4,0.01171875,0.783552497177614,-0.696399781988684,-0.613533171128793
VisualCogA_Task-1,1,1,F4,0.015625,0.778017566968366,-0.548620350493353,-0.454189521917962
VisualCogA_Task-1,1,1,F4,0.01953125,0.952397510472469,-0.461294652596272,-0.271744540123456
VisualCogA_Task-1,1,1,F4,0.0234375,1.32798195117683,-0.13953125524679,-0.0855739346420212
VisualCogA_Task-1,1,1,F4,0.02734375,1.83849386724154,0.143690522680908,0.0691507429235279
VisualCogA_Task-1,1,1,F4,0.03125,2.3327310641281,0.436274256290132,0.152761497586646
VisualCogA_Task-1,1,1,F4,0.03515625,2.62741242902377,0.431781017824559,0.131801982673902
VisualCogA_Task-1,1,1,F4,0.0390625,2.586945595778,0.387445447738629,-0.00355808526284396
VisualCogA_Task-1,1,1,F4,0.04296875,2.18867133294675,-0.0537180091862273,-0.23815073674251
VisualCogA_Task-1,1,1,F4,0.046875,1.54263983852387,-0.543709447188925,-0.524224374533891
VisualCogA_Task-1,1,1,F4,0.05078125,0.853908978528281,-1.00802737111415,-0.798658007442759
VisualCogA_Task-1,1,1,F4,0.0546875,0.337104102105504,-1.36351977679787,-0.999954400329471
VisualCogA_Task-1,1,1,F4,0.05859375,0.122915027864233,-1.5332701580032,-1.084063765027
VisualCogA_Task-1,1,1,F4,0.0625,0.211832149287822,-1.17463712282527,-1.03723342807402
VisualCogA_Task-1,1,1,F4,0.06640625,0.499720571502474,-0.995772258528065,-0.883144582090549
VisualCogA_Task-1,1,1,F4,0.0703125,0.843978762698704,-0.563366270499357,-0.656928727592551
VisualCogA_Task-1,1,1,F4,0.07421875,1.11930509881413,-0.374881639585602,-0.403103004799111
VisualCogA_Task-1,1,1,F4,0.078125,1.24290162677215,-0.149378477976109,-0.158387682504881
VisualCogA_Task-1,1,1,F4,0.08203125,1.18048822317396,0.142553994233935,0.0428487509299433
VisualCogA_Task-1,1,1,F4,0.0859375,0.942086635212241,0.169732928607746,0.166988574189233
VisualCogA_Task-1,1,1,F4,0.08984375,0.563692156453437,0.249441551787633,0.188722836232191
VisualCogA_Task-1,1,1,F4,0.09375,0.0790161365704359,0.166976859436817,0.082971282219562
VisualCogA_Task-1,1,1,F4,0.09765625,-0.49812168072589,0.00874886250127471,-0.170286449724955
VisualCogA_Task-1,1,1,F4,0.1015625,-1.16698218589237,-0.39794056841549,-0.584070256709555
VisualCogA_Task-1,1,1,F4,0.10546875,-1.92030522812034,-1.04362923344091,-1.15648042649025
VisualCogA_Task-1,1,1,F4,0.109375,-2.73288502044698,-1.70423081168933,-1.87010643946521
VisualCogA_Task-1,1,1,F4,0.11328125,-3.56397830186563,-2.50329379662491,-2.69813350994517
VisualCogA_Task-1,1,1,F4,0.1171875,-4.36558481144168,-3.38542646112598,-3.59992388325951
VisualCogA_Task-1,1,1,F4,0.12109375,-5.09028169764516,-4.30176825073935,-4.51860316196096
VisualCogA_Task-1,1,1,F4,0.125,-5.69556625215644,-5.67445509107288,-5.37942216342443
VisualCogA_Task-1,1,1,F4,0.12890625,-6.14085126600606,-6.53426176976358,-6.0895621290897
VisualCogA_Task-1,1,1,F4,0.1328125,-6.38046751386839,-7.08017390841505,-6.58079037770058
VisualCogA_Task-1,1,1,F4,0.13671875,-6.37006567772746,-7.08295577746686,-6.82193253139038
VisualCogA_Task-1,1,1,F4,0.140625,-6.10065264894895,-7.10148356146653,-6.8234295065186
VisualCogA_Task-1,1,1,F4,0.14453125,-5.64294651838687,-6.75755828318055,-6.61747415661779
VisualCogA_Task-1,1,1,F4,0.1484375,-5.15515449903763,-5.92107446626812,-6.25943050646616
VisualCogA_Task-1,1,1,F4,0.15234375,-4.82307124511508,-5.47733090155421,-5.81633625805547
VisualCogA_Task-1,1,1,F4,0.15625,-4.75937186243711,-5.1846690877747,-5.32703277669432
VisualCogA_Task-1,1,1,F4,0.16015625,-4.93176555185928,-4.87227224705062,-4.80211098131621
VisualCogA_Task-1,1,1,F4,0.1640625,-5.1726091873143,-4.668866756771,-4.24029815011131
VisualCogA_Task-1,1,1,F4,0.16796875,-5.26519306066234,-3.65215404160014,-3.64616833341435
VisualCogA_Task-1,1,1,F4,0.171875,-5.05596150228011,-3.08111584936905,-3.06000963211503
VisualCogA_Task-1,1,1,F4,0.17578125,-4.5333390916034,-2.52249003948059,-2.52260895611852
VisualCogA_Task-1,1,1,F4,0.1796875,-3.83534552232104,-1.91490282077875,-2.07651206676782
VisualCogA_Task-1,1,1,F4,0.18359375,-3.18545528841715,-1.74332921553289,-1.76425481568613
VisualCogA_Task-1,1,1,F4,0.1875,-2.79392884168359,-1.32094088096026,-1.61490561733087
VisualCogA_Task-1,1,1,F4,0.19140625,-2.77743639079256,-1.00218658452525,-1.6557890861467
VisualCogA_Task-1,1,1,F4,0.1953125,-3.1310107095716,-1.73657631078653,-1.88973277521404
VisualCogA_Task-1,1,1,F4,0.19921875,-3.75174728707675,-2.0500199772344,-2.26509736247823
VisualCogA_Task-1,1,1,F4,0.203125,-4.49101215247219,-3.05711122627327,-2.71748048718227
VisualCogA_Task-1,1,1,F4,0.20703125,-5.20690800325197,-3.68017489624072,-3.16455667313222
VisualCogA_Task-1,1,1,F4,0.2109375,-5.79507656113209,-3.57101697769832,-3.55230300572503
VisualCogA_Task-1,1,1,F4,0.21484375,-6.19358677833809,-4.14170092917247,-3.86966475561668
VisualCogA_Task-1,1,1,F4,0.21875,-6.37842149463884,-4.3440078412435,-4.10714669112761
VisualCogA_Task-1,1,1,F4,0.22265625,-6.36776862148791,-4.57187111130543,-4.2779232617079
VisualCogA_Task-1,1,1,F4,0.2265625,-6.23152746694393,-4.55483813607915,-4.41490734598396
VisualCogA_Task-1,1,1,F4,0.23046875,-6.08465909113765,-4.3119373916807,-4.57550747671531
VisualCogA_Task-1,1,1,F4,0.234375,-6.05343843632414,-3.92003053955698,-4.82879308583608
VisualCogA_Task-1,1,1,F4,0.23828125,-6.22990642021102,-4.71862348550072,-5.22186943152751
VisualCogA_Task-1,1,1,F4,0.2421875,-6.63979488339308,-5.50792301636812,-5.72611155978093
VisualCogA_Task-1,1,1,F4,0.24609375,-7.23398587255476,-6.05497868046534,-6.27095735441874
VisualCogA_Task-1,1,1,F4,0.25,-7.89682256527859,-7.06699020778011,-6.76766232064561
VisualCogA_Task-1,1,1,F4,0.25390625,-8.4668515852671,-7.72927795150844,-7.10948374083678
VisualCogA_Task-1,1,1,F4,0.2578125,-8.7756983310457,-7.92549232405731,-7.21462288796201
VisualCogA_Task-1,1,1,F4,0.26171875,-8.70445779522009,-7.67995177025044,-7.05293055254703
VisualCogA_Task-1,1,1,F4,0.265625,-8.2357517396774,-7.02046783067281,-6.65349664479218
VisualCogA_Task-1,1,1,F4,0.26953125,-7.47231804827843,-6.09419052187141,-6.09766284303975
VisualCogA_Task-1,1,1,F4,0.2734375,-6.61166828255611,-4.90696810171343,-5.49735175778875
VisualCogA_Task-1,1,1,F4,0.27734375,-5.8868631978971,-4.24331296010361,-4.96419663944082
VisualCogA_Task-1,1,1,F4,0.28125,-5.48899349413618,-4.14638224925499,-4.56063210039134
VisualCogA_Task-1,1,1,F4,0.28515625,-5.49311987971734,-3.96388648089466,-4.28901911309088
VisualCogA_Task-1,1,1,F4,0.2890625,-5.82169323883134,-3.85601119316444,-4.11719782906204
VisualCogA_Task-1,1,1,F4,0.29296875,-6.27281330439038,-4.25357560826269,-3.98591401381101
VisualCogA_Task-1,1,1,F4,0.296875,-6.60621503299878,-4.48750348674173,-3.81414787985255
VisualCogA_Task-1,1,1,F4,0.30078125,-6.64594432764267,-4.11104266876749,-3.54318477257238
VisualCogA_Task-1,1,1,F4,0.3046875,-6.35071533770406,-3.52972210599802,-3.17042300459698
VisualCogA_Task-1,1,1,F4,0.30859375,-5.82011992926486,-2.79013798690187,-2.74058237990243
VisualCogA_Task-1,1,1,F4,0.3125,-5.23714890011101,-2.00037497853854,-2.32832429424822
VisualCogA_Task-1,1,1,F4,0.31640625,-4.78250436118192,-1.00916797628834,-2.01243977731048
VisualCogA_Task-1,1,1,F4,0.3203125,-4.57114537206794,-0.758089779713995,-1.84439074912283
VisualCogA_Task-1,1,1,F4,0.32421875,-4.63743020848167,-1.94476957135213,-1.79203314630042
VisualCogA_Task-1,1,1,F4,0.328125,-4.94977504027339,-2.66802746523321,-1.73269782467429
VisualCogA_Task-1,1,1,F4,0.33203125,-5.41983590263282,-2.44161833771523,-1.55644367549649
VisualCogA_Task-1,1,1,F4,0.3359375,-5.90606501708253,-1.74051019015709,-1.2312737267323
VisualCogA_Task-1,1,1,F4,0.33984375,-6.24697132656221,-1.26131965714301,-0.798955561531878
VisualCogA_Task-1,1,1,F4,0.34375,-6.33625080692164,-0.0773908984294877,-0.343693134997474
VisualCogA_Task-1,1,1,F4,0.34765625,-6.19217188200557,0.58479786988806,0.0117792564677478
VisualCogA_Task-1,1,1,F4,0.3515625,-5.95739988606334,1.07446742889166,0.166919169507953
VisualCogA_Task-1,1,1,F4,0.35546875,-5.8197747801431,1.00583782088017,0.0689357118856682
VisualCogA_Task-1,1,1,F4,0.359375,-5.90856894107787,0.168002907833208,-0.259332987021274
VisualCogA_Task-1,1,1,F4,0.36328125,-6.23248706001138,-1.0923994152376,-0.716973622085499
VisualCogA_Task-1,1,1,F4,0.3671875,-6.69084191054115,-1.58262662085742,-1.16746156360842
VisualCogA_Task-1,1,1,F4,0.37109375,-7.14619562273633,-2.24970222982309,-1.50555766465414
VisualCogA_Task-1,1,1,F4,0.375,-7.5145178312722,-2.62498521260835,-1.66061986639082
VisualCogA_Task-1,1,1,F4,0.37890625,-7.81722609201657,-1.97443672080755,-1.62401815708406
VisualCogA_Task-1,1,1,F4,0.3828125,-8.16279647839094,-1.30280183646688,-1.4674863038509
VisualCogA_Task-1,1,1,F4,0.38671875,-8.67423080234026,-1.26184297854333,-1.29195962078534
VisualCogA_Task-1,1,1,F4,0.390625,-9.41047740040849,-0.0471881694764485,-1.18464971636606
VisualCogA_Task-1,1,1,F4,0.39453125,-10.3223872145589,-0.464725345043222,-1.23025847888488
VisualCogA_Task-1,1,1,F4,0.3984375,-11.2606773391256,-1.72858620669576,-1.41869933439285
VisualCogA_Task-1,1,1,F4,0.40234375,-12.0368057013525,-2.25868119906141,-1.67609128112085
VisualCogA_Task-1,1,1,F4,0.40625,-12.5164615048595,-2.28385846760017,-1.95437722332502
VisualCogA_Task-1,1,1,F4,0.41015625,-12.6962197036047,-2.38491214829356,-2.25404922508989
VisualCogA_Task-1,1,1,F4,0.4140625,-12.7101656413671,-2.08103958702811,-2.60305612085622
VisualCogA_Task-1,1,1,F4,0.41796875,-12.7585284417194,-2.48284270849843,-3.04025198866509
VisualCogA_Task-1,1,1,F4,0.421875,-13.0095035111617,-3.58951403597373,-3.56098952873859
VisualCogA_Task-1,1,1,F4,0.42578125,-13.5380356730153,-4.1657671201944,-4.11417066795156
VisualCogA_Task-1,1,1,F4,0.4296875,-14.3223135990397,-4.57618221195754,-4.65107437544845
VisualCogA_Task-1,1,1,F4,0.43359375,-15.2735013246165,-5.74893545276162,-5.12727932472727
VisualCogA_Task-1,1,1,F4,0.4375,-16.2691907939629,-5.74632001771836,-5.49212317566177
VisualCogA_Task-1,1,1,F4,0.44140625,-17.1797913094583,-6.01242419056485,-5.74674826546194
VisualCogA_Task-1,1,1,F4,0.4453125,-17.8870892376169,-6.14188362148026,-5.91348000150912
VisualCogA_Task-1,1,1,F4,0.44921875,-18.2958196887253,-5.49806267838845,-6.03678345160988
VisualCogA_Task-1,1,1,F4,0.453125,-18.3457000275978,-5.68638575808676,-6.18015731856842
VisualCogA_Task-1,1,1,F4,0.45703125,-18.0342997766821,-6.96356131928277,-6.36220690742044
VisualCogA_Task-1,1,1,F4,0.4609375,-17.4451230557742,-6.99551165713366,-6.56038989316154
VisualCogA_Task-1,1,1,F4,0.46484375,-16.7542399296124,-6.38454733589529,-6.8022768184425
VisualCogA_Task-1,1,1,F4,0.46875,-16.1934661740205,-6.49924674775285,-7.15169837291177
VisualCogA_Task-1,1,1,F4,0.47265625,-15.9793073046534,-7.52737814915765,-7.63767445600551
VisualCogA_Task-1,1,1,F4,0.4765625,-16.2422900371399,-8.47030772599867,-8.23485399839668
VisualCogA_Task-1,1,1,F4,0.48046875,-16.9888178978576,-9.27920281591948,-8.90869457185421
VisualCogA_Task-1,1,1,F4,0.484375,-18.1056802119975,-8.6375595900631,-9.64427489211389
VisualCogA_Task-1,1,1,F4,0.48828125,-19.3965201630568,-10.3740083484771,-10.4575493619169
VisualCogA_Task-1,1,1,F4,0.4921875,-20.6331643879194,-11.5170164561966,-11.280579442167
VisualCogA_Task-1,1,1,F4,0.49609375,-21.6110049295688,-12.317190082266,-12.0384648426477
VisualCogA_Task-1,1,1,F4,0.5,-22.203660009901,-12.8187380267774,-12.6760083576452
VisualCogA_Task-1,1,1,F4,0.50390625,-22.406818711943,-12.8296774843832,-13.1612398847471
VisualCogA_Task-1,1,1,F4,0.5078125,-22.3478474734187,-13.8115539491202,-13.4740834606355
VisualCogA_Task-1,1,1,F4,0.51171875,-22.236563647209,-14.0516874602226,-13.566832921962
VisualCogA_Task-1,1,1,F4,0.515625,-22.2627494347999,-13.4015861899803,-13.4199046460854
VisualCogA_Task-1,1,1,F4,0.51953125,-22.493474114289,-12.9426676231993,-13.0541195552193
VisualCogA_Task-1,1,1,F4,0.5234375,-22.839461998168,-12.9776432551093,-12.488772033569
VisualCogA_Task-1,1,1,F4,0.52734375,-23.1162735884791,-12.6768844981564,-11.7338688043376
VisualCogA_Task-1,1,1,F4,0.53125,-23.1589792631525,-10.6738488161188,-10.8401558591903
VisualCogA_Task-1,1,1,F4,0.53515625,-22.9190261150014,-9.47349619157612,-9.93696383094358
VisualCogA_Task-1,1,1,F4,0.5390625,-22.4939909642055,-8.96590760374241,-9.13976443215816
VisualCogA_Task-1,1,1,F4,0.54296875,-22.0822779501426,-8.05271079115607,-8.52540707211403
VisualCogA_Task-1,1,1,F4,0.546875,-21.8881912519023,-7.79480277712619,-8.15625309105656
VisualCogA_Task-1,1,1,F4,0.55078125,-22.0240978841169,-7.57976827403815,-8.05527247248463
VisualCogA_Task-1,1,1,F4,0.5546875,-22.4598899520834,-7.97990710795182,-8.2153143404029
VisualCogA_Task-1,1,1,F4,0.55859375,-23.0452571601737,-8.445378978795,-8.5896024689455
VisualCogA_Task-1,1,1,F4,0.5625,-23.5882927627386,-8.86659909522175,-9.11174336287565
VisualCogA_Task-1,1,1,F4,0.56640625,-23.9460319281507,-10.1870553992751,-9.70332490277733
VisualCogA_Task-1,1,1,F4,0.5703125,-24.0847305737867,-11.0986955615924,-10.2655062802634
VisualCogA_Task-1,1,1,F4,0.57421875,-24.086503077647,-11.0281015306801,-10.7397575616548
VisualCogA_Task-1,1,1,F4,0.578125,-24.0994176154063,-10.9498206052465,-11.1369812533832
VisualCogA_Task-1,1,1,F4,0.58203125,-24.2531034252166,-11.362045867085,-11.4921085259659
VisualCogA_Task-1,1,1,F4,0.5859375,-24.5876662864321,-11.4563117589862,-11.8244738292419
VisualCogA_Task-1,1,1,F4,0.58984375,-25.0426910018475,-12.5917459628487,-12.1425730581436
VisualCogA_Task-1,1,1,F4,0.59375,-25.5112528183191,-12.5876168245939,-12.4242219350821
VisualCogA_Task-1,1,1,F4,0.59765625,-25.9157461116622,-13.0168200633769,-12.6846672578604
VisualCogA_Task-1,1,1,F4,0.6015625,-26.2536257618642,-13.1980430965372,-12.9527720650744
VisualCogA_Task-1,1,1,F4,0.60546875,-26.5913360205517,-13.193570016227,-13.2850787957796
VisualCogA_Task-1,1,1,F4,0.609375,-27.0186005868584,-12.6163632605173,-13.7585691416533
VisualCogA_Task-1,1,1,F4,0.61328125,-27.5921438209964,-13.564804900771,-14.4425990627435
VisualCogA_Task-1,1,1,F4,0.6171875,-28.2997026390206,-14.7200631930412,-15.3113406956704
VisualCogA_Task-1,1,1,F4,0.62109375,-29.0639622837023,-17.1052958724764,-16.265816663556
VisualCogA_Task-1,1,1,F4,0.625,-29.7814608670767,-17.2545388573198,-17.1577764643037
VisualCogA_Task-1,1,1,F4,0.62890625,-30.3658675198071,-17.8489052839405,-17.9089261965601
VisualCogA_Task-1,1,1,F4,0.6328125,-30.7629634748422,-19.4129237174116,-18.4490354917229
VisualCogA_Task-1,1,1,F4,0.63671875,-30.9352388026077,-19.1335670137856,-18.7028722384717
VisualCogA_Task-1,1,1,F4,0.640625,-30.8475497634863,-18.310454569921,-18.6755283442936
VisualCogA_Task-1,1,1,F4,0.64453125,-30.4812311571438,-19.0045927576867,-18.4079869479516
VisualCogA_Task-1,1,1,F4,0.6484375,-29.8660133624567,-18.109737951277,-17.9108083736778
VisualCogA_Task-1,1,1,F4,0.65234375,-29.0930132224019,-16.8718780486708,-17.2442700965156
VisualCogA_Task-1,1,1,F4,0.65625,-28.2858530456376,-16.2172846129812,-16.4852270563082
VisualCogA_Task-1,1,1,F4,0.66015625,-27.5428608150275,-15.2985266422091,-15.6795015222451
VisualCogA_Task-1,1,1,F4,0.6640625,-26.8895013838773,-14.6306817107798,-14.8505872265718
VisualCogA_Task-1,1,1,F4,0.66796875,-26.2776311167801,-14.1622033618041,-13.9902299948645
VisualCogA_Task-1,1,1,F4,0.671875,-25.6343699840411,-13.6952491128781,-13.0718501930495
VisualCogA_Task-1,1,1,F4,0.67578125,-24.9220143531271,-12.6198265755413,-12.0831993009652
VisualCogA_Task-1,1,1,F4,0.6796875,-24.1623928055397,-12.1871835812408,-11.0639787084355
VisualCogA_Task-1,1,1,F4,0.68359375,-23.4151230315298,-9.35625200978621,-10.0986087448323
VisualCogA_Task-1,1,1,F4,0.6875,-22.7395167193873,-8.21786756540889,-9.36511014559474
VisualCogA_Task-1,1,1,F4,0.69140625,-22.1723841708797,-7.44138454212181,-8.97964058490796
VisualCogA_Task-1,1,1,F4,0.6953125,-21.724876792463,-8.2306406091179,-8.96275418860835
VisualCogA_Task-1,1,1,F4,0.69921875,-21.3813342357552,-9.22096907518062,-9.20681707896679
VisualCogA_Task-1,1,1,F4,0.703125,-21.0934418154297,-10.2161949784345,-9.54318591329658
VisualCogA_Task-1,1,1,F4,0.70703125,-20.7820804050386,-10.5655627628308,-9.80439668192889
VisualCogA_Task-1,1,1,F4,0.7109375,-20.3572775462196,-10.3411510177219,-9.87906946395632
VisualCogA_Task-1,1,1,F4,0.71484375,-19.7493185916177,-9.96692600968847,-9.71925484521335
VisualCogA_Task-1,1,1,F4,0.71875,-18.9367220306277,-9.34857040939817,-9.31551020768156
VisualCogA_Task-1,1,1,F4,0.72265625,-17.961192945381,-8.9171886496053,-8.67903219704879
VisualCogA_Task-1,1,1,F4,0.7265625,-16.9202379240134,-7.96021038570152,-7.82377247581261
VisualCogA_Task-1,1,1,F4,0.73046875,-15.9284316308398,-6.77926959322768,-6.78352907751693
VisualCogA_Task-1,1,1,F4,0.734375,-15.0558840018748,-5.387474965583,-5.60346986152978
VisualCogA_Task-1,1,1,F4,0.73828125,-14.2807098592303,-4.0206164934993,-4.32840773019504
VisualCogA_Task-1,1,1,F4,0.7421875,-13.4972210498971,-3.25251073197078,-2.98515601119438
VisualCogA_Task-1,1,1,F4,0.74609375,-12.5848332953565,-1.13798783755094,-1.57487876248483
VisualCogA_Task-1,1,1,F4,0.75,-11.4921828639166,-0.195127153129181,-0.121019602088108
VisualCogA_Task-1,1,1,F4,0.75390625,-10.274572805968,1.01831472137726,1.38938542905189
VisualCogA_Task-1,1,1,F4,0.7578125,-9.0577223554061,2.5758995366464,2.96312466073785
VisualCogA_Task-1,1,1,F4,0.76171875,-7.95782599697015,4.25676085642822,4.57606386379956
VisualCogA_Task-1,1,1,F4,0.765625,-7.02050369789688,6.39708320396826,6.17180004872586
VisualCogA_Task-1,1,1,F4,0.76953125,-6.22287266916158,8.16168389118655,7.66732164205798
VisualCogA_Task-1,1,1,F4,0.7734375,-5.52844534582187,9.48329602025008,8.99839066660735
VisualCogA_Task-1,1,1,F4,0.77734375,-4.94051287374542,10.399978810412,10.1419659992794
VisualCogA_Task-1,1,1,F4,0.78125,-4.50430913749818,10.8087103938673,11.1154152964499
VisualCogA_Task-1,1,1,F4,0.78515625,-4.25577778062635,12.1336924624394,11.9576072820888
VisualCogA_Task-1,1,1,F4,0.7890625,-4.16330475608149,12.5090286046258,12.6818519382844
VisualCogA_Task-1,1,1,F4,0.79296875,-4.11835971800628,13.0428570151208,13.3161330121541
VisualCogA_Task-1,1,1,F4,0.796875,-3.99349917746156,15.0112023930708,13.8740323063437
VisualCogA_Task-1,1,1,F4,0.80078125,-3.7308898816974,13.3194829023022,14.3463586237463
VisualCogA_Task-2,2,-1,Fz,-0.19921875,-4.29669740588776,-2.69332681510471,-2.55336378688637
VisualCogA_Task-2,2,-1,Fz,-0.1953125,-3.63620576991527,-2.44763630925387,-2.24202915353095
VisualCogA_Task-2,2,-1,Fz,-0.19140625,-3.06376388250945,-2.04089697454006,-1.9423581058604
VisualCogA_Task-2,2,-1,Fz,-0.1875,-2.64275137726899,-1.4294283816767,-1.68314815920315
VisualCogA_Task-2,2,-1,Fz,-0.18359375,-2.39488916057177,-1.24584128489041,-1.50140840127761
VisualCogA_Task-2,2,-1,Fz,-0.1796875,-2.30841015386336,-1.2082473879411,-1.41300460500832
VisualCogA_Task-2,2,-1,Fz,-0.17578125,-2.35351455996236,-1.21336437851987,-1.41250528362089
VisualCogA_Task-2,2,-1,Fz,-0.171875,-2.48971396623418,-1.52366202198978,-1.47741584891866
VisualCogA_Task-2,2,-1,Fz,-0.16796875,-2.66264568530005,-1.58919865585878,-1.56864663727988
VisualCogA_Task-2,2,-1,Fz,-0.1640625,-2.80035642069668,-1.66633980524548,-1.65096183283873
VisualCogA_Task-2,2,-1,Fz,-0.16015625,-2.82023126631271,-1.9048028359435,-1.6908382879443
VisualCogA_Task-2,2,-1,Fz,-0.15625,-2.6505686188538,-1.91036375295383,-1.65603435264624
VisualCogA_Task-2,2,-1,Fz,-0.15234375,-2.26018620660846,-1.65195054354517,-1.53213875599412
VisualCogA_Task-2,2,-1,Fz,-0.1484375,-1.67892876699902,-1.38643315495768,-1.32593434372984
VisualCogA_Task-2,2,-1,Fz,-0.14453125,-0.991295320703072,-0.997565151199027,-1.05418827722453
VisualCogA_Task-2,2,-1,Fz,-0.140625,-0.302298874411479,-0.87940397679687,-0.738709285451649
VisualCogA_Task-2,2,-1,Fz,-0.13671875,0.303140884266444,-0.676287833168944,-0.396587503549187
VisualCogA_Task-2,2,-1,Fz,-0.1328125,0.781748297321115,-0.0828521160332736,-0.0566376242672477
VisualCogA_Task-2,2,-1,Fz,-0.12890625,1.12674172201193,0.51862634774427,0.229017298842424
VisualCogA_Task-2,2,-1,Fz,-0.125,1.34772184117711,0.708424541590198,0.40606967124758
VisualCogA_Task-2,2,-1,Fz,-0.12109375,1.45116756416907,0.755026864744999,0.44434598582446
VisualCogA_Task-2,2,-1,Fz,-0.1171875,1.43081750961446,0.686061661836195,0.338868974644521
VisualCogA_Task-2,2,-1,Fz,-0.11328125,1.27280898098788,0.344636325479427,0.110551443022599
VisualCogA_Task-2,2,-1,Fz,-0.109375,0.976410937450916,-0.0594099587046009,-0.190761079793832
VisualCogA_Task-2,2,-1,Fz,-0.10546875,0.580364725501274,-0.605755325436783,-0.495715991019228
VisualCogA_Task-2,2,-1,Fz,-0.1015625,0.173798989816921,-1.16102789789305,-0.72401476111061
VisualCogA_Task-2,2,-1,Fz,-0.09765625,-0.124386220520748,-1.52347291943974,-0.804528805059794
VisualCogA_Task-2,2,-1,Fz,-0.09375,-0.212042817955064,-1.34363026496526,-0.702547299257132
VisualCogA_Task-2,2,-1,Fz,-0.08984375,-0.052118646310552,-0.744669652936556,-0.443271429624643
VisualCogA_Task-2,2,-1,Fz,-0.0859375,0.301777871393105,-0.0480468463938566,-0.105325962560018
VisualCogA_Task-2,2,-1,Fz,-0.08203125,0.715952826849507,0.696879771618339,0.207547816929723
VisualCogA_Task-2,2,-1,Fz,-0.078125,1.0236542487471,1.29090928616793,0.396381883518072
VisualCogA_Task-2,2,-1,Fz,-0.07421875,1.09398701586272,1.24346179438821,0.402985874769242
VisualCogA_Task-2,2,-1,Fz,-0.0703125,0.89299512847827,0.571840255372351,0.243713378468266
VisualCogA_Task-2,2,-1,Fz,-0.06640625,0.504328586432661,-0.208507473623037,0.00495764236842473
VisualCogA_Task-2,2,-1,Fz,-0.0625,0.0961069410418813,-0.697939064747919,-0.199544179368328
VisualCogA_Task-2,2,-1,Fz,-0.05859375,-0.148825122015707,-0.873669816811709,-0.273843692245995
VisualCogA_Task-2,2,-1,Fz,-0.0546875,-0.103868433359719,-0.881602005789216,-0.163525408883541
VisualCogA_Task-2,2,-1,Fz,-0.05078125,0.259421730156987,-0.215854251329754,0.135840647719589
VisualCogA_Task-2,2,-1,Fz,-0.046875,0.870897727917581,0.530043840432504,0.568844738155145
VisualCogA_Task-2,2,-1,Fz,-0.04296875,1.59737609704629,1.21605800717309,1.05076921476077
VisualCogA_Task-2,2,-1,Fz,-0.0390625,2.29386847711858,1.83397739078932,1.49366302173054
VisualCogA_Task-2,2,-1,Fz,-0.03515625,2.84375560404531,2.20139361390259,1.8233491692929
VisualCogA_Task-2,2,-1,Fz,-0.03125,3.17322327363351,2.38553193894822,1.99401019843121
VisualCogA_Task-2,2,-1,Fz,-0.02734375,3.24861021230618,2.39866231324104,1.99133235384626
VisualCogA_Task-2,2,-1,Fz,-0.0234375,3.07426129874639,1.96049825071067,1.83362869194864
VisualCogA_Task-2,2,-1,Fz,-0.01953125,2.69436987714115,1.52149867647435,1.5731564324318
VisualCogA_Task-2,2,-1,Fz,-0.015625,2.18811869966466,1.13331820463694,1.27274525821938
VisualCogA_Task-2,2,-1,Fz,-0.01171875,1.65265368636991,0.566460295562825,0.990920039238568
VisualCogA_Task-2,2,-1,Fz,-0.0078125,1.18102476454955,0.425748898642519,0.774586724284664
VisualCogA_Task-2,2,-1,Fz,-0.00390625,0.84259315644182,0.499299095822408,0.635279616846674
VisualCogA_Task-2,2,-1,Fz,0,0.6663954182078,0.470513715110507,0.555463201610084
VisualCogA_Task-2,2,-1,Fz,0.00390625,0.629537681460404,0.389877960119731,0.506270253175027
VisualCogA_Task-2,2,-1,Fz,0.0078125,0.659606423635567,0.606805836067833,0.451754422266668
VisualCogA_Task-2,2,-1,Fz,0.01171875,0.65700151226188,0.706357550220224,0.346270001855569
VisualCogA_Task-2,2,-1,Fz,0.015625,0.53080412596713,0.644870736060645,0.157092236062387
VisualCogA_Task-2,2,-1,Fz,0.01953125,0.234974637012402,0.290119813440648,-0.118496335295169
VisualCogA_Task-2,2,-1,Fz,0.0234375,-0.206481488706368,-0.293020270940431,-0.442564964066198
VisualCogA_Task-2,2,-1,Fz,0.02734375,-0.695555049293511,-0.890855823854161,-0.743131556371817
VisualCogA_Task-2,2,-1,Fz,0.03125,-1.08644473821598,-1.31187706996313,-0.93575196057266
VisualCogA_Task-2,2,-1,Fz,0.03515625,-1.23865610496057,-1.55171730518656,-0.948292380652891
VisualCogA_Task-2,2,-1,Fz,0.0390625,-1.07381099838166,-1.31869730275275,-0.739962779712547
VisualCogA_Task-2,2,-1,Fz,0.04296875,-0.606109231101629,-0.534909915358041,-0.320258531229469
VisualCogA_Task-2,2,-1,Fz,0.046875,0.0681440549772753,0.251764192450801,0.253097114398485
VisualCogA_Task-2,2,-1,Fz,0.05078125,0.813896008778287,1.04434199968036,0.904493291429408
VisualCogA_Task-2,2,-1,Fz,0.0546875,1.51276366586753,1.93502812390581,1.55820805729242
VisualCogA_Task-2,2,-1,Fz,0.05859375,2.10671762645857,2.46174920322101,2.15017352843755
VisualCogA_Task-2,2,-1,Fz,0.0625,2.60893259506903,2.8544609861695,2.64772349353262
VisualCogA_Task-2,2,-1,Fz,0.06640625,3.07490518284669,3.11403430925732,3.04415638081073
VisualCogA_Task-2,2,-1,Fz,0.0703125,3.55244105275697,3.36487487590024,3.34999874289139
VisualCogA_Task-2,2,-1,Fz,0.07421875,4.04432219777076,3.52423923766312,3.58160029309798
VisualCogA_Task-2,2,-1,Fz,0.078125,4.50421088366183,3.7148119450096,3.75655042250463
VisualCogA_Task-2,2,-1,Fz,0.08203125,4.85962115146938,3.82302552139484,3.88765843423256
VisualCogA_Task-2,2,-1,Fz,0.0859375,5.04411215041874,4.04251255121251,3.98425542494508
VisualCogA_Task-2,2,-1,Fz,0.08984375,5.0268858683871,4.21542289791323,4.05028641523566
VisualCogA_Task-2,2,-1,Fz,0.09375,4.83254795005253,4.18656076213723,4.09455118622009
VisualCogA_Task-2,2,-1,Fz,0.09765625,4.54128023609243,4.08313693899608,4.13961089257061
VisualCogA_Task-2,2,-1,Fz,0.1015625,4.2637147792854,4.03847741722875,4.2156941536192
VisualCogA_Task-2,2,-1,Fz,0.10546875,4.09947069119146,4.04973616600036,4.34832342589998
VisualCogA_Task-2,2,-1,Fz,0.109375,4.09883262186014,4.27324799742016,4.54825310458121
VisualCogA_Task-2,2,-1,Fz,0.11328125,4.24374072799051,4.62384519770116,4.80135531317283
VisualCogA_Task-2,2,-1,Fz,0.1171875,4.4544107817061,5.11851586884431,5.07058508292136
VisualCogA_Task-2,2,-1,Fz,0.12109375,4.6199949604972,5.52319972251604,5.30410493545069
VisualCogA_Task-2,2,-1,Fz,0.125,4.64416314375125,5.73637017889385,5.45407162454494
VisualCogA_Task-2,2,-1,Fz,0.12890625,4.48686367056768,5.8095210386769,5.49089980291035
VisualCogA_Task-2,2,-1,Fz,0.1328125,4.18026413100315,5.74282972418427,5.40852900278224
VisualCogA_Task-2,2,-1,Fz,0.13671875,3.81087104707092,5.34123612891162,5.22745052604312
VisualCogA_Task-2,2,-1,Fz,0.140625,3.48262902352257,5.02840661177864,4.9960140680257
VisualCogA_Task-2,2,-1,Fz,0.14453125,3.28355724218635,4.33323110650813,4.77205145763503
VisualCogA_Task-2,2,-1,Fz,0.1484375,3.26530414431167,4.35495570917804,4.61609390242225
VisualCogA_Task-2,2,-1,Fz,0.15234375,3.43221702147564,4.28013378186462,4.55210424734461
VisualCogA_Task-2,2,-1,Fz,0.15625,3.73946816350328,4.46703267200736,4.58228382125564
VisualCogA_Task-2,2,-1,Fz,0.16015625,4.10602407854806,4.59455931312644,4.68616974755222
VisualCogA_Task-2,2,-1,Fz,0.1640625,4.44134314715078,4.68359868493808,4.83369488719389
VisualCogA_Task-2,2,-1,Fz,0.16796875,4.67233081161316,4.99255389257171,4.98715789827135
VisualCogA_Task-2,2,-1,Fz,0.171875,4.75783173690566,5.50343935117724,5.09634942202065
VisualCogA_Task-2,2,-1,Fz,0.17578125,4.69061169411522,5.49688848711899,5.11150976586954
VisualCogA_Task-2,2,-1,Fz,0.1796875,4.49367698357069,5.27691242948481,5.01680339800881
VisualCogA_Task-2,2,-1,Fz,0.18359375,4.21353559972324,5.0546684713678,4.82850968006672
VisualCogA_Task-2,2,-1,Fz,0.1875,3.90948355258933,4.54794667280592,4.58458372629452
VisualCogA_Task-2,2,-1,Fz,0.19140625,3.64111160972191,4.13496392370681,4.34182721688521
VisualCogA_Task-2,2,-1,Fz,0.1953125,3.45807681047686,3.90870752912359,4.15398874424107
VisualCogA_Task-2,2,-1,Fz,0.19921875,3.39292754359954,3.72358777607539,4.05757829299954
VisualCogA_Task-2,2,-1,Fz,0.203125,3.45603996613709,3.76646873702484,4.06866574653824
VisualCogA_Task-2,2,-1,Fz,0.20703125,3.63348477566142,4.03593065426763,4.17548844515778
VisualCogA_Task-2,2,-1,Fz,0.2109375,3.88817625292419,4.31115055482173,4.34110064503267
VisualCogA_Task-2,2,-1,Fz,0.21484375,4.16281696483619,4.69280181156826,4.51692678642989
VisualCogA_Task-2,2,-1,Fz,0.21875,4.3863802244377,4.97787729241327,4.6518954687655
VisualCogA_Task-2,2,-1,Fz,0.22265625,4.49035216801386,5.08665877753377,4.70959154355045
VisualCogA_Task-2,2,-1,Fz,0.2265625,4.43525281034324,4.84803657749864,4.6807650142663
VisualCogA_Task-2,2,-1,Fz,0.23046875,4.23371566730287,4.71063892794119,4.58758815389325
VisualCogA_Task-2,2,-1,Fz,0.234375,3.95176665077105,4.43267739888992,4.4661725323475
VisualCogA_Task-2,2,-1,Fz,0.23828125,3.68500712943924,4.27837171420171,4.36288395071594
VisualCogA_Task-2,2,-1,Fz,0.2421875,3.52580047529972,4.14340841010783,4.32129694896398
VisualCogA_Task-2,2,-1,Fz,0.24609375,3.54022001632232,4.32188962142172,4.37794338068082
VisualCogA_Task-2,2,-1,Fz,0.25,3.7614048988623,4.54871195672276,4.55453105455101
VisualCogA_Task-2,2,-1,Fz,0.25390625,4.19570830956058,4.62357222744567,4.86809663265417
VisualCogA_Task-2,2,-1,Fz,0.2578125,4.8338025069337,4.94620397660366,5.33519185225088
VisualCogA_Task-2,2,-1,Fz,0.26171875,5.65581473716654,5.84141546599633,5.95199141683435
VisualCogA_Task-2,2,-1,Fz,0.265625,6.62262722998699,6.62599257478281,6.68225437359388
VisualCogA_Task-2,2,-1,Fz,0.26953125,7.66049095860352,7.57868973646007,7.48052510714889
VisualCogA_Task-2,2,-1,Fz,0.2734375,8.6603388364677,8.39877530664184,8.29665951888457
VisualCogA_Task-2,2,-1,Fz,0.27734375,9.50716573152299,9.31344145850845,9.08869389596203
VisualCogA_Task-2,2,-1,Fz,0.28125,10.1296943998271,10.1141397689017,9.82317417452215
VisualCogA_Task-2,2,-1,Fz,0.28515625,10.5397064688548,10.7137714558114,10.4853752542514
VisualCogA_Task-2,2,-1,Fz,0.2890625,10.8340053209178,11.1509683122335,11.084819167701
VisualCogA_Task-2,2,-1,Fz,0.29296875,11.1555679341559,11.5570701727589,11.6500609642192
VisualCogA_Task-2,2,-1,Fz,0.296875,11.6325261879047,12.0080709178288,12.2151681218649
VisualCogA_Task-2,2,-1,Fz,0.30078125,12.321495059571,12.5136389861676,12.8064588860756
VisualCogA_Task-2,2,-1,Fz,0.3046875,13.1797490295828,13.2434953862924,13.4329934019524
VisualCogA_Task-2,2,-1,Fz,0.30859375,14.0818150032121,14.1186715846226,14.0794301562706
VisualCogA_Task-2,2,-1,Fz,0.3125,14.875851072025,14.8726082686799,14.7146361345005
VisualCogA_Task-2,2,-1,Fz,0.31640625,15.451773857833,15.4746894746455,15.310748441142
VisualCogA_Task-2,2,-1,Fz,0.3203125,15.7870409836901,16.0566043535233,15.8530685252096
VisualCogA_Task-2,2,-1,Fz,0.32421875,15.9513530678509,16.2763705275141,16.3405595885099
VisualCogA_Task-2,2,-1,Fz,0.328125,16.0714655982539,16.6447543886312,16.7891461518758
VisualCogA_Task-2,2,-1,Fz,0.33203125,16.2713385649782,17.1182290586432,17.2094036477236
VisualCogA_Task-2,2,-1,Fz,0.3359375,16.6137602051345,17.3882753714991,17.5998748615326
VisualCogA_Task-2,2,-1,Fz,0.33984375,17.0735328276767,18.1435738433435,17.951504696359
VisualCogA_Task-2,2,-1,Fz,0.34375,17.5570580854937,18.3988369865457,18.2376047644225
VisualCogA_Task-2,2,-1,Fz,0.34765625,17.9525035500512,18.4638251055442,18.4474924401918
VisualCogA_Task-2,2,-1,Fz,0.3515625,18.1759554198206,18.719681712653,18.5839211166456
VisualCogA_Task-2,2,-1,Fz,0.35546875,18.1909031512736,18.745923004435,18.6510052422089
VisualCogA_Task-2,2,-1,Fz,0.359375,18.0044101879323,18.3243832201307,18.664172648307
VisualCogA_Task-2,2,-1,Fz,0.36328125,17.6544322735368,18.5809777679622,18.6467609798844
VisualCogA_Task-2,2,-1,Fz,0.3671875,17.1963383023325,18.487404957352,18.5937920962039
VisualCogA_Task-2,2,-1,Fz,0.37109375,16.6905184360795,18.6347676825922,18.4948059222018
VisualCogA_Task-2,2,-1,Fz,0.375,16.1924200231102,18.5228784886998,18.3304767879096
VisualCogA_Task-2,2,-1,Fz,0.37890625,15.7439515955718,18.1984078346041,18.0931425033917
VisualCogA_Task-2,2,-1,Fz,0.3828125,15.3637377846565,17.9866817374686,17.7911743537784
VisualCogA_Task-2,2,-1,Fz,0.38671875,15.0411504075297,17.4879173361615,17.441715735134
VisualCogA_Task-2,2,-1,Fz,0.390625,14.7456464405342,17.0670779213213,17.0782023254972
VisualCogA_Task-2,2,-1,Fz,0.39453125,14.4521997042988,16.5986157059352,16.7379199363258
VisualCogA_Task-2,2,-1,Fz,0.3984375,14.1639854218227,16.3046041578854,16.4572273453959
VisualCogA_Task-2,2,-1,Fz,0.40234375,13.912347589257,16.133598787062,16.2608746446181
VisualCogA_Task-2,2,-1,Fz,0.40625,13.7367019939546,15.9748443051445,16.1608933269435
VisualCogA_Task-2,2,-1,Fz,0.41015625,13.6653497856422,16.1717152415827,16.1587085638604
VisualCogA_Task-2,2,-1,Fz,0.4140625,13.7105132763724,16.3789884157193,16.240241441707
VisualCogA_Task-2,2,-1,Fz,0.41796875,13.8718272477536,16.5768361359883,16.3924969366318
VisualCogA_Task-2,2,-1,Fz,0.421875,14.1375822534329,16.7028238147545,16.6140422726175
VisualCogA_Task-2,2,-1,Fz,0.42578125,14.4825053848685,16.6520798054575,16.9188062735935
VisualCogA_Task-2,2,-1,Fz,0.4296875,14.8676498403565,16.7839900050477,17.3281162253335
VisualCogA_Task-2,2,-1,Fz,0.43359375,15.2462303733155,17.6922018088679,17.8410722079336
VisualCogA_Task-2,2,-1,Fz,0.4375,15.5759200572678,18.6926467797663,18.4114304497991
VisualCogA_Task-2,2,-1,Fz,0.44140625,15.8354673762845,19.4240348634917,18.9805413127467
VisualCogA_Task-2,2,-1,Fz,0.4453125,16.0384334456084,19.9238209167798,19.5131898527569
VisualCogA_Task-2,2,-1,Fz,0.44921875,16.2336230584756,19.9391503695128,20.0111189217057
VisualCogA_Task-2,2,-1,Fz,0.453125,16.4886370467397,20.6831982206744,20.5102906268042
VisualCogA_Task-2,2,-1,Fz,0.45703125,16.8659544388978,20.9046458350217,21.0406696959142
VisualCogA_Task-2,2,-1,Fz,0.4609375,17.4054908002548,21.6002316282996,21.6466298230533
VisualCogA_Task-2,2,-1,Fz,0.46484375,18.1191040708525,21.9679450386598,22.3612093804981
VisualCogA_Task-2,2,-1,Fz,0.46875,18.9925416313925,22.8091639793295,23.2135802242957
VisualCogA_Task-2,2,-1,Fz,0.47265625,19.9885454150763,23.8145623547325,24.2001421820065
VisualCogA_Task-2,2,-1,Fz,0.4765625,21.0487613507239,25.2349937237381,25.2835937274441
VisualCogA_Task-2,2,-1,Fz,0.48046875,22.0973822890015,26.9440052929798,26.3945016821488
VisualCogA_Task-2,2,-1,Fz,0.484375,23.054551366202,28.159205505817,27.4593828673524
VisualCogA_Task-2,2,-1,Fz,0.48828125,23.86560342743,28.8518210904987,28.4505460718558
VisualCogA_Task-2,2,-1,Fz,0.4921875,24.5369918591981,29.4920034543565,29.3986186376653
VisualCogA_Task-2,2,-1,Fz,0.49609375,25.1533451293812,30.1306772446902,30.3676674916741
VisualCogA_Task-2,2,-1,Fz,0.5,25.8551795487817,31.0965927167985,31.4295416288331
VisualCogA_Task-2,2,-1,Fz,0.50390625,26.7846262626949,32.401283531317,32.6363408568442
VisualCogA_Task-2,2,-1,Fz,0.5078125,28.0298828748683,33.6601236987579,34.0124192407403
VisualCogA_Task-2,2,-1,Fz,0.51171875,29.5959298630061,35.3426680274645,35.5625427350931
VisualCogA_Task-2,2,-1,Fz,0.515625,31.4089520965992,37.1845866688744,37.2621193326429
VisualCogA_Task-2,2,-1,Fz,0.51953125,33.3474036571753,39.2864707294251,39.0682341338273
VisualCogA_Task-2,2,-1,Fz,0.5234375,35.2881136796959,41.2951341747892,40.93151118377
VisualCogA_Task-2,2,-1,Fz,0.52734375,37.151877323103,43.173844353832,42.8207609105611
VisualCogA_Task-2,2,-1,Fz,0.53125,38.9303487249548,44.7663234524411,44.7350956582091
VisualCogA_Task-2,2,-1,Fz,0.53515625,40.68411843644,46.5091503456713,46.703051390995
VisualCogA_Task-2,2,-1,Fz,0.5390625,42.5175069166655,48.5057335176399,48.7557663893856
VisualCogA_Task-2,2,-1,Fz,0.54296875,44.5431361147206,50.6193231357437,50.9082205134043
VisualCogA_Task-2,2,-1,Fz,0.546875,46.8444484151701,52.6784348332266,53.154557550429
VisualCogA_Task-2,2,-1,Fz,0.55078125,49.4411603276312,55.4723083255906,55.4648465063658
VisualCogA_Task-2,2,-1,Fz,0.5546875,52.2693230663149,57.9513486087516,57.7694794940205
VisualCogA_Task-2,2,-1,Fz,0.55859375,55.1912957972802,60.5100856492738,59.9994704444678
VisualCogA_Task-2,2,-1,Fz,0.5625,58.0383797178255,62.4947035309676,62.1009890483432
VisualCogA_Task-2,2,-1,Fz,0.56640625,60.6692943982066,64.174787220926,64.0627562633495
VisualCogA_Task-2,2,-1,Fz,0.5703125,63.0197492462838,66.0044721044295,65.9063025874079
VisualCogA_Task-2,2,-1,Fz,0.57421875,65.1241790810166,67.5808130566237,67.6624944315711
VisualCogA_Task-2,2,-1,Fz,0.578125,67.099757081788,69.1026602203013,69.370378999977
VisualCogA_Task-2,2,-1,Fz,0.58203125,69.0942666266259,71.2945164779618,71.0621967155177
VisualCogA_Task-2,2,-1,Fz,0.5859375,71.2186697380244,72.8089918408637,72.7478781027792
VisualCogA_Task-2,2,-1,Fz,0.58984375,73.5010909707768,74.4507698967545,74.456713666551
VisualCogA_Task-2,2,-1,Fz,0.59375,75.8893788658011,75.7568821398224,76.2230867231296
VisualCogA_Task-2,2,-1,Fz,0.59765625,78.2950863589625,77.6380483973091,78.0808852746619
VisualCogA_Task-2,2,-1,Fz,0.6015625,80.6435249815966,79.7769489644825,80.0251469413523
VisualCogA_Task-2,2,-1,Fz,0.60546875,82.8974887978563,81.8787913188068,82.0140062702927
VisualCogA_Task-2,2,-1,Fz,0.609375,85.0475681675001,84.0624727630826,83.9849146438358
VisualCogA_Task-2,2,-1,Fz,0.61328125,87.0846259457032,86.0202244988737,85.8640555317103
VisualCogA_Task-2,2,-1,Fz,0.6171875,88.97750376261,87.8641788378676,87.5840755802489
VisualCogA_Task-2,2,-1,Fz,0.62109375,90.6731005303926,89.7460218016236,89.0906355163812
VisualCogA_Task-2,2,-1,Fz,0.625,92.1208322138303,90.8936563100234,90.3527380051717
VisualCogA_Task-2,2,-1,Fz,0.62890625,93.3054723017989,91.5431170223223,91.3940012354551
VisualCogA_Task-2,2,-1,Fz,0.6328125,94.2642639065316,92.337348931026,92.2831199214701
VisualCogA_Task-2,2,-1,Fz,0.63671875,95.0759019433748,92.7915884915172,93.101215093028
VisualCogA_Task-2,2,-1,Fz,0.640625,95.8309853700005,93.2172364198404,93.9339268640695
VisualCogA_Task-2,2,-1,Fz,0.64453125,96.602996608598,94.347794517356,94.841093131743
VisualCogA_Task-2,2,-1,Fz,0.6484375,97.4298439648326,95.5419761815478,95.8228275895108
VisualCogA_Task-2,2,-1,Fz,0.65234375,98.3073089825736,97.4732759346299,96.8381357129698
VisualCogA_Task-2,2,-1,Fz,0.65625,99.1986026111929,98.0233181206215,97.8226186937198
VisualCogA_Task-2,2,-1,Fz,0.66015625,100.063062510236,98.4592203237542,98.7648060751656
VisualCogA_Task-2,2,-1,Fz,0.6640625,100.889113064087,99.8769755806611,99.669952352954
VisualCogA_Task-2,2,-1,Fz,0.66796875,101.702073089917,100.204330301757,100.517846543447
VisualCogA_Task-2,2,-1,Fz,0.671875,102.534059467416,101.664944018422,101.30552959865
VisualCogA_Task-2,2,-1,Fz,0.67578125,103.380415061836,102.20849292026,102.003916117093
VisualCogA_Task-2,2,-1,Fz,0.6796875,104.183134032613,102.1367489415,102.613871898953
VisualCogA_Task-2,2,-1,Fz,0.68359375,104.858437531745,102.71905577455,103.15331081134
VisualCogA_Task-2,2,-1,Fz,0.6875,105.348625510842,103.587517562682,103.600386474908
VisualCogA_Task-2,2,-1,Fz,0.69140625,105.660214168071,104.448244842374,103.897064590578
VisualCogA_Task-2,2,-1,Fz,0.6953125,105.85910843154,104.520301618668,103.984238449919
VisualCogA_Task-2,2,-1,Fz,0.69921875,106.021284172554,104.296166176997,103.848733032151
VisualCogA_Task-2,2,-1,Fz,0.703125,106.171470211356,103.436854827641,103.522045247223
VisualCogA_Task-2,2,-1,Fz,0.70703125,106.258366449702,103.120132720608,103.072958100486
VisualCogA_Task-2,2,-1,Fz,0.7109375,106.190952279359,102.782312057622,102.56315539566
VisualCogA_Task-2,2,-1,Fz,0.71484375,105.91129443245,101.63803413707,102.058252154809
VisualCogA_Task-2,2,-1,Fz,0.71875,105.450347826879,101.058689465324,101.642126455161
VisualCogA_Task-2,2,-1,Fz,0.72265625,104.928532237728,101.008177413469,101.363638205797
VisualCogA_Task-2,2,-1,Fz,0.7265625,104.502355582924,101.352540396437,101.223027566647
VisualCogA_Task-2,2,-1,Fz,0.73046875,104.289650968464,101.068728834849,101.190912964946
VisualCogA_Task-2,2,-1,Fz,0.734375,104.314509052281,101.021355169569,101.248705563745
VisualCogA_Task-2,2,-1,Fz,0.73828125,104.499623093355,101.331212369413,101.367634515253
VisualCogA_Task-2,2,-1,Fz,0.7421875,104.705929905117,101.556862001035,101.4999831055
VisualCogA_Task-2,2,-1,Fz,0.74609375,104.792447294546,101.658729982709,101.594999441692
VisualCogA_Task-2,2,-1,Fz,0.75,104.662492933928,101.940315711012,101.606671539
VisualCogA_Task-2,2,-1,Fz,0.75390625,104.281160462862,101.589522442853,101.494298291011
VisualCogA_Task-2,2,-1,Fz,0.7578125,103.672840674167,101.393177257927,101.244982272313
VisualCogA_Task-2,2,-1,Fz,0.76171875,102.911881108333,100.921355928329,100.853761403482
VisualCogA_Task-2,2,-1,Fz,0.765625,102.106458848091,100.565498798782,100.328023187227
VisualCogA_Task-2,2,-1,Fz,0.76953125,101.370466435829,99.8419551611925,99.6807880033303
VisualCogA_Task-2,2,-1,Fz,0.7734375,100.790728235724,99.0197731917775,98.9448658658672
VisualCogA_Task-2,2,-1,Fz,0.77734375,100.407615321528,98.225137375269,98.1664973854029
VisualCogA_Task-2,2,-1,Fz,0.78125,100.217906257316,97.5471403323045,97.398165449662
VisualCogA_Task-2,2,-1,Fz,0.78515625,100.190062397615,96.3653153030054,96.6972396121908
VisualCogA_Task-2,2,-1,Fz,0.7890625,100.275749242358,95.2489026694848,96.1335040000893
VisualCogA_Task-2,2,-1,Fz,0.79296875,100.410480260121,95.0851799037182,95.7490823813587
VisualCogA_Task-2,2,-1,Fz,0.796875,100.508688228529,95.8257671250535,95.5123817464497
VisualCogA_Task-2,2,-1,Fz,0.80078125,100.467133222798,96.0661170929708,95.336483879343
VisualCogA_Task-2,2,-1,F3,-0.19921875,-5.81005935897112,-6.77774060813127,-6.21948254546785
VisualCogA_Task-2,2,-1,F3,-0.1953125,-4.84149859049168,-5.8170262527987,-5.54697380016563
VisualCogA_Task-2,2,-1,F3,-0.19140625,-3.94422522637281,-4.91187409149158,-4.92098656008535
VisualCogA_Task-2,2,-1,F3,-0.1875,-3.192724586656,-4.13404283806928,-4.41054670150174
VisualCogA_Task-2,2,-1,F3,-0.18359375,-2.643987070294,-3.52397244926675,-4.08392072830669
VisualCogA_Task-2,2,-1,F3,-0.1796875,-2.33415915474882,-3.32292213400073,-3.98633315577271
VisualCogA_Task-2,2,-1,F3,-0.17578125,-2.27271282549122,-3.65251198654996,-4.11634614258567
VisualCogA_Task-2,2,-1,F3,-0.171875,-2.43266409652106,-4.18874025812969,-4.4172375956171
VisualCogA_Task-2,2,-1,F3,-0.16796875,-2.74299476806869,-4.88277433402621,-4.79363257540222
VisualCogA_Task-2,2,-1,F3,-0.1640625,-3.09207997466398,-5.57328061513534,-5.13111469768562
VisualCogA_Task-2,2,-1,F3,-0.16015625,-3.3486666506404,-6.0031047102961,-5.32269605809726
VisualCogA_Task-2,2,-1,F3,-0.15625,-3.39985230149805,-5.90655851796055,-5.29823591205453
VisualCogA_Task-2,2,-1,F3,-0.15234375,-3.19239894461604,-5.36702797599657,-5.04429423599141
VisualCogA_Task-2,2,-1,F3,-0.1484375,-2.75321205693578,-4.60643252782678,-4.59812455683406
VisualCogA_Task-2,2,-1,F3,-0.14453125,-2.17208751116949,-3.75427059018254,-4.02387487984237
VisualCogA_Task-2,2,-1,F3,-0.140625,-1.55490242461272,-3.29796023233154,-3.38638554119234
VisualCogA_Task-2,2,-1,F3,-0.13671875,-0.976551059558053,-2.67342875838922,-2.7280298529216
VisualCogA_Task-2,2,-1,F3,-0.1328125,-0.460358346422883,-2.17631133377167,-2.08381235132941
VisualCogA_Task-2,2,-1,F3,-0.12890625,0.0102369204940286,-1.48076645590705,-1.48418748150399
VisualCogA_Task-2,2,-1,F3,-0.125,0.46020104038542,-0.625398633618914,-0.967317937070432
VisualCogA_Task-2,2,-1,F3,-0.12109375,0.890112960323703,-0.265014253792075,-0.57108132618739
VisualCogA_Task-2,2,-1,F3,-0.1171875,1.26013714183088,0.0181246788696461,-0.30486198172591
VisualCogA_Task-2,2,-1,F3,-0.11328125,1.50325486146598,0.0319119343059155,-0.152538647190755
VisualCogA_Task-2,2,-1,F3,-0.109375,1.56443187209649,-0.0339626792523679,-0.0710745110370588
VisualCogA_Task-2,2,-1,F3,-0.10546875,1.4431244871435,-0.235432498843169,-0.00206187992856704
VisualCogA_Task-2,2,-1,F3,-0.1015625,1.21078248455177,-0.337255530962596,0.115999592119699
VisualCogA_Task-2,2,-1,F3,-0.09765625,0.989375163016825,-0.195667436715804,0.325162699516503
VisualCogA_Task-2,2,-1,F3,-0.09375,0.900127189589503,0.337765929362551,0.629708976413747
VisualCogA_Task-2,2,-1,F3,-0.08984375,1.00710780633499,0.92566321285937,0.990517445610643
VisualCogA_Task-2,2,-1,F3,-0.0859375,1.28190980453436,1.52624357348406,1.34413854265214
VisualCogA_Task-2,2,-1,F3,-0.08203125,1.60769195746731,1.97805764194448,1.62171818368723
VisualCogA_Task-2,2,-1,F3,-0.078125,1.82640813259766,2.38306286976948,1.76957770410093
VisualCogA_Task-2,2,-1,F3,-0.07421875,1.81238820580381,2.37108537179097,1.76373339413301
VisualCogA_Task-2,2,-1,F3,-0.0703125,1.53662027690612,1.67018339336903,1.63132530782893
VisualCogA_Task-2,2,-1,F3,-0.06640625,1.08540216157771,1.46510872847275,1.45010616403903
VisualCogA_Task-2,2,-1,F3,-0.0625,0.621831297281766,1.04252128550782,1.30106685540861
VisualCogA_Task-2,2,-1,F3,-0.05859375,0.313492185544954,0.95207799407823,1.2664484882858
VisualCogA_Task-2,2,-1,F3,-0.0546875,0.267714989130886,0.954973251086539,1.40694670486035
VisualCogA_Task-2,2,-1,F3,-0.05078125,0.504702860654544,1.20013419046872,1.75705960613802
VisualCogA_Task-2,2,-1,F3,-0.046875,0.971435871144059,1.91651548407329,2.31362083864344
VisualCogA_Task-2,2,-1,F3,-0.04296875,1.57705981716649,2.88429754138037,3.02705359759544
VisualCogA_Task-2,2,-1,F3,-0.0390625,2.2244043172471,3.86466997254492,3.81468896533203
VisualCogA_Task-2,2,-1,F3,-0.03515625,2.82222053094949,4.75802216863841,4.58196168617328
VisualCogA_Task-2,2,-1,F3,-0.03125,3.28300041837869,5.62055002108387,5.23847158837368
VisualCogA_Task-2,2,-1,F3,-0.02734375,3.52661377206524,6.11131530873127,5.70849020705981
VisualCogA_Task-2,2,-1,F3,-0.0234375,3.50273343547346,6.50091927984484,5.94812894675075
VisualCogA_Task-2,2,-1,F3,-0.01953125,3.21951645081846,6.49202255547858,5.94706797043821
VisualCogA_Task-2,2,-1,F3,-0.015625,2.7509364018123,5.8593305169952,5.74105330220509
VisualCogA_Task-2,2,-1,F3,-0.01171875,2.20946428037338,5.17108182690002,5.41124384822097
VisualCogA_Task-2,2,-1,F3,-0.0078125,1.69957010214636,4.58506222684877,5.04865494922129
VisualCogA_Task-2,2,-1,F3,-0.00390625,1.28112575142527,4.24462658686602,4.72428844416473
VisualCogA_Task-2,2,-1,F3,0,0.960424747264912,4.1536358269971,4.47051344514559
VisualCogA_Task-2,2,-1,F3,0.00390625,0.705549747739092,4.18287648321724,4.27972724281663
VisualCogA_Task-2,2,-1,F3,0.0078125,0.470518852422409,4.36400340767236,4.11792065965156
VisualCogA_Task-2,2,-1,F3,0.01171875,0.214624504353193,4.2899282123389,3.94301362149079
VisualCogA_Task-2,2,-1,F3,0.015625,-0.0860667623923972,4.06448457968926,3.73343294984316
VisualCogA_Task-2,2,-1,F3,0.01953125,-0.430037322674433,3.71819818528068,3.49651501545483
VisualCogA_Task-2,2,-1,F3,0.0234375,-0.782513571057547,3.30831403227082,3.26718382489249
VisualCogA_Task-2,2,-1,F3,0.02734375,-1.07642070783947,2.93458524275519,3.0988369822083
VisualCogA_Task-2,2,-1,F3,0.03125,-1.23128023036612,2.74168043245132,3.04829960873595
VisualCogA_Task-2,2,-1,F3,0.03515625,-1.18619108577714,2.7551569011093,3.1587091808547
VisualCogA_Task-2,2,-1,F3,0.0390625,-0.92965515873197,3.01253281622949,3.44765157692009
VisualCogA_Task-2,2,-1,F3,0.04296875,-0.509485037133574,3.71277876476043,3.89908331864223
VisualCogA_Task-2,2,-1,F3,0.046875,-0.0167209112320385,4.4694338327141,4.46070103100697
VisualCogA_Task-2,2,-1,F3,0.05078125,0.451497069752902,5.42781680212853,5.06467595951006
VisualCogA_Task-2,2,-1,F3,0.0546875,0.835246790704171,6.0980127836738,5.6439070831228
VisualCogA_Task-2,2,-1,F3,0.05859375,1.13866715568395,6.45093877643087,6.16155511770138
VisualCogA_Task-2,2,-1,F3,0.0625,1.42140067756995,6.59178002218977,6.61862292081459
VisualCogA_Task-2,2,-1,F3,0.06640625,1.75683698396474,6.77210583884532,7.04022865492531
VisualCogA_Task-2,2,-1,F3,0.0703125,2.18351153295792,7.20980845536312,7.4492535742777
VisualCogA_Task-2,2,-1,F3,0.07421875,2.67872986753437,7.81884248744756,7.84623536510925
VisualCogA_Task-2,2,-1,F3,0.078125,3.1632264398152,8.32767283967366,8.2117579537479
VisualCogA_Task-2,2,-1,F3,0.08203125,3.52808783764997,8.59068928586364,8.52412252671645
VisualCogA_Task-2,2,-1,F3,0.0859375,3.67393569539752,8.93705973235656,8.77128984436484
VisualCogA_Task-2,2,-1,F3,0.08984375,3.55267689669595,9.12888618930919,8.94676789697195
VisualCogA_Task-2,2,-1,F3,0.09375,3.19453690944239,9.16768483147704,9.0578788321493
VisualCogA_Task-2,2,-1,F3,0.09765625,2.70250169051461,9.12734857744486,9.12712132186984
VisualCogA_Task-2,2,-1,F3,0.1015625,2.21351345419502,8.9949044244535,9.18614453805049
VisualCogA_Task-2,2,-1,F3,0.10546875,1.84613169301366,9.02121266772457,9.26661659057275
VisualCogA_Task-2,2,-1,F3,0.109375,1.65945306515643,9.18565667665476,9.38426891318507
VisualCogA_Task-2,2,-1,F3,0.11328125,1.63863292014056,9.36034974764924,9.53438261273184
VisualCogA_Task-2,2,-1,F3,0.1171875,1.70904409421035,9.53777997401875,9.69568777634661
VisualCogA_Task-2,2,-1,F3,0.12109375,1.77050699021963,9.90315293229372,9.83241175240605
VisualCogA_Task-2,2,-1,F3,0.125,1.73703269478521,10.2363858998021,9.89562290575949
VisualCogA_Task-2,2,-1,F3,0.12890625,1.56582803838299,10.2250557319935,9.84228469958024
VisualCogA_Task-2,2,-1,F3,0.1328125,1.26411670507304,10.0780255947444,9.65775751321183
VisualCogA_Task-2,2,-1,F3,0.13671875,0.876254267052942,9.68134710863104,9.35929931203222
VisualCogA_Task-2,2,-1,F3,0.140625,0.466526862093288,8.81152828940155,8.99919040154706
VisualCogA_Task-2,2,-1,F3,0.14453125,0.108398949884533,8.26219376325933,8.65654840364527
VisualCogA_Task-2,2,-1,F3,0.1484375,-0.126625505875085,8.1134649329974,8.39485243087029
VisualCogA_Task-2,2,-1,F3,0.15234375,-0.192152820410334,7.85256231045965,8.24471870906671
VisualCogA_Task-2,2,-1,F3,0.15625,-0.0954714149946678,7.85487074973826,8.21331450592306
VisualCogA_Task-2,2,-1,F3,0.16015625,0.0920324338539489,8.11177070649901,8.27512738924397
VisualCogA_Task-2,2,-1,F3,0.1640625,0.256781207904033,8.82501932975425,8.37477461381862
VisualCogA_Task-2,2,-1,F3,0.16796875,0.286876337546275,8.83111780207798,8.44326037754081
VisualCogA_Task-2,2,-1,F3,0.171875,0.116260891874408,8.72585093848402,8.44910927129896
VisualCogA_Task-2,2,-1,F3,0.17578125,-0.247431772582331,8.56506535395853,8.39316733802625
VisualCogA_Task-2,2,-1,F3,0.1796875,-0.722256826778823,8.21999874145357,8.29934242625462
VisualCogA_Task-2,2,-1,F3,0.18359375,-1.18416430227863,8.03699169134897,8.20586721917704
VisualCogA_Task-2,2,-1,F3,0.1875,-1.52231685197422,7.83068858582843,8.14436242625304
VisualCogA_Task-2,2,-1,F3,0.19140625,-1.68858396478205,7.89406928448798,8.13237579628981
VisualCogA_Task-2,2,-1,F3,0.1953125,-1.71062404707937,8.47914411898718,8.16131559139248
VisualCogA_Task-2,2,-1,F3,0.19921875,-1.6618001491874,8.32417867528848,8.20273119768272
VisualCogA_Task-2,2,-1,F3,0.203125,-1.61176657912207,8.16335873388881,8.25465771191505
VisualCogA_Task-2,2,-1,F3,0.20703125,-1.59271838555419,8.19685581293308,8.32525085397784
VisualCogA_Task-2,2,-1,F3,0.2109375,-1.60012725337462,8.48068649895876,8.41505809559059
VisualCogA_Task-2,2,-1,F3,0.21484375,-1.61893917127889,8.35780280248858,8.51392732171905
VisualCogA_Task-2,2,-1,F3,0.21875,-1.64968866794822,8.60484353443573,8.61717545094302
VisualCogA_Task-2,2,-1,F3,0.22265625,-1.71414977677833,8.85376542957581,8.70710902523972
VisualCogA_Task-2,2,-1,F3,0.2265625,-1.83927837237905,8.93797899963881,8.76500692687744
VisualCogA_Task-2,2,-1,F3,0.23046875,-2.03540173053014,8.94932357056193,8.78436940515248
VisualCogA_Task-2,2,-1,F3,0.234375,-2.28679728177972,8.82537666160287,8.77311104875792
VisualCogA_Task-2,2,-1,F3,0.23828125,-2.55843831381581,8.91258466744958,8.75289262683762
VisualCogA_Task-2,2,-1,F3,0.2421875,-2.80690517637069,8.86341146939504,8.74973037627252
VisualCogA_Task-2,2,-1,F3,0.24609375,-2.98426593949356,8.77002603877919,8.80294820399456
VisualCogA_Task-2,2,-1,F3,0.25,-3.03793778228998,8.72305898849117,8.96134344136252
VisualCogA_Task-2,2,-1,F3,0.25390625,-2.91664824476117,8.96288391336778,9.27096990596729
VisualCogA_Task-2,2,-1,F3,0.2578125,-2.58476435856551,9.46739389281627,9.75802437766041
VisualCogA_Task-2,2,-1,F3,0.26171875,-2.03777590559255,10.1918663621925,10.4230298035769
VisualCogA_Task-2,2,-1,F3,0.265625,-1.31142990735076,11.1016315335524,11.2422899237812
VisualCogA_Task-2,2,-1,F3,0.26953125,-0.480587661560667,12.1465225968396,12.1728448582227
VisualCogA_Task-2,2,-1,F3,0.2734375,0.355039107335326,13.2612094499985,13.1600131943316
VisualCogA_Task-2,2,-1,F3,0.27734375,1.09827513763103,14.3635130079931,14.146919997756
VisualCogA_Task-2,2,-1,F3,0.28125,1.68659674067151,15.3661654206973,15.0851233554497
VisualCogA_Task-2,2,-1,F3,0.28515625,2.11356460882023,16.1760466671722,15.9442307718864
VisualCogA_Task-2,2,-1,F3,0.2890625,2.42815912193121,16.8583012510115,16.7172699236436
VisualCogA_Task-2,2,-1,F3,0.29296875,2.71383105357383,17.47096822772,17.4165864785725
VisualCogA_Task-2,2,-1,F3,0.296875,3.05795065148603,17.9922157709616,18.0662787151384
VisualCogA_Task-2,2,-1,F3,0.30078125,3.51997194947741,18.380885527652,18.6949767242358
VisualCogA_Task-2,2,-1,F3,0.3046875,4.10434239762648,19.1050387833927,19.3251386847441
VisualCogA_Task-2,2,-1,F3,0.30859375,4.75053015667051,19.8413831508021,19.9530485091608
VisualCogA_Task-2,2,-1,F3,0.3125,5.35383788886757,20.7343162224551,20.5566484515375
VisualCogA_Task-2,2,-1,F3,0.31640625,5.81373581098522,21.3262783366803,21.104575319396
VisualCogA_Task-2,2,-1,F3,0.3203125,6.08446835981941,21.8378537940534,21.5802715678345
VisualCogA_Task-2,2,-1,F3,0.32421875,6.19809031240998,22.1899037363747,21.9856549033914
VisualCogA_Task-2,2,-1,F3,0.328125,6.24698774878022,22.3664203986372,22.3441082181235
VisualCogA_Task-2,2,-1,F3,0.33203125,6.33757396481253,22.44217610826,22.6960351401696
VisualCogA_Task-2,2,-1,F3,0.3359375,6.54226680842212,22.6767454732648,23.0836986460444
VisualCogA_Task-2,2,-1,F3,0.33984375,6.87406839498498,23.1616840708238,23.5282067929369
VisualCogA_Task-2,2,-1,F3,0.34375,7.29102342738671,23.8760114302442,24.0167548736379
VisualCogA_Task-2,2,-1,F3,0.34765625,7.71985627591902,24.7904351343412,24.5059946207621
VisualCogA_Task-2,2,-1,F3,0.3515625,8.0817414692057,25.1021847492859,24.9408491466411
VisualCogA_Task-2,2,-1,F3,0.35546875,8.31002937482655,25.484298030007,25.2899449397383
VisualCogA_Task-2,2,-1,F3,0.359375,8.35988820774809,25.7739096874969,25.535353122071
VisualCogA_Task-2,2,-1,F3,0.36328125,8.21389948111018,25.6457087384042,25.6753409065119
VisualCogA_Task-2,2,-1,F3,0.3671875,7.88610710683209,25.8287864798196,25.7280552197193
VisualCogA_Task-2,2,-1,F3,0.37109375,7.42429325920229,25.7690774336282,25.7091736410092
VisualCogA_Task-2,2,-1,F3,0.375,6.90650810010274,25.5756902971739,25.6427680213726
VisualCogA_Task-2,2,-1,F3,0.37890625,6.42438782551963,25.3952361736601,25.5579021945189
VisualCogA_Task-2,2,-1,F3,0.3828125,6.05179748023754,25.3537232548012,25.4780501838073
VisualCogA_Task-2,2,-1,F3,0.38671875,5.81477576808914,25.3956878520761,25.413130510859
VisualCogA_Task-2,2,-1,F3,0.390625,5.68667853464316,25.3558423342027,25.3627011198779
VisualCogA_Task-2,2,-1,F3,0.39453125,5.61301279251192,25.2843061345665,25.3248664001694
VisualCogA_Task-2,2,-1,F3,0.3984375,5.54335508796623,25.3800344398905,25.297159175566
VisualCogA_Task-2,2,-1,F3,0.40234375,5.44698203325514,25.2280397159566,25.2737322477665
VisualCogA_Task-2,2,-1,F3,0.40625,5.31280816971072,25.4034492468519,25.2556446904968
VisualCogA_Task-2,2,-1,F3,0.41015625,5.14905348055699,25.4212121221804,25.2401478664985
VisualCogA_Task-2,2,-1,F3,0.4140625,4.98709377530434,25.2990175636792,25.2368101848765
VisualCogA_Task-2,2,-1,F3,0.41796875,4.87751915453061,25.2590412014176,25.2702887427089
VisualCogA_Task-2,2,-1,F3,0.421875,4.86933720697699,25.1605353275543,25.3704245853072
VisualCogA_Task-2,2,-1,F3,0.42578125,4.98182260189296,25.2452724138875,25.5661214628756
VisualCogA_Task-2,2,-1,F3,0.4296875,5.18921284459711,25.6034034201486,25.8687923541388
VisualCogA_Task-2,2,-1,F3,0.43359375,5.43001679505127,26.2189630054471,26.2631128170723
VisualCogA_Task-2,2,-1,F3,0.4375,5.6366718737836,26.93271734766,26.7116426651528
VisualCogA_Task-2,2,-1,F3,0.44140625,5.771230301449,27.4369656863821,27.1732625608878
VisualCogA_Task-2,2,-1,F3,0.4453125,5.84941247877104,27.9283110198405,27.6252760569941
VisualCogA_Task-2,2,-1,F3,0.44921875,5.93775385503861,28.2555270848532,28.066961966646
VisualCogA_Task-2,2,-1,F3,0.453125,6.12165564018909,28.5741135085967,28.5228520165886
VisualCogA_Task-2,2,-1,F3,0.45703125,6.46308076581907,28.9649007890098,29.0331916934174
VisualCogA_Task-2,2,-1,F3,0.4609375,6.97731329444955,29.5206216267755,29.6424982747287
VisualCogA_Task-2,2,-1,F3,0.46484375,7.64424403085733,30.1114810885822,30.3895981294182
VisualCogA_Task-2,2,-1,F3,0.46875,8.44063731985628,30.9033230811642,31.3031612390519
VisualCogA_Task-2,2,-1,F3,0.47265625,9.36133785000316,32.0536400062286,32.3886811651263
VisualCogA_Task-2,2,-1,F3,0.4765625,10.4064633605558,33.4456488284228,33.6183316226474
VisualCogA_Task-2,2,-1,F3,0.48046875,11.543427846578,34.9936360333328,34.936366230046
VisualCogA_Task-2,2,-1,F3,0.484375,12.6819755793425,36.6712747708789,36.2726483729013
VisualCogA_Task-2,2,-1,F3,0.48828125,13.6974434037753,38.198375879155,37.5618139203994
VisualCogA_Task-2,2,-1,F3,0.4921875,14.4984032092433,39.3797088850918,38.7717176082246
VisualCogA_Task-2,2,-1,F3,0.49609375,15.0947570257806,40.2347095226244,39.9232610019576
VisualCogA_Task-2,2,-1,F3,0.5,15.6186669280887,40.9700247783562,41.0880116069178
VisualCogA_Task-2,2,-1,F3,0.50390625,16.28143344671,41.6593887240802,42.3634909718137
VisualCogA_Task-2,2,-1,F3,0.5078125,17.2855184710107,43.2153407730383,43.8373884096402
VisualCogA_Task-2,2,-1,F3,0.51171875,18.7329483269444,44.9695627682107,45.5387180460811
VisualCogA_Task-2,2,-1,F3,0.515625,20.5747827014663,47.2238504565964,47.4446567037701
VisualCogA_Task-2,2,-1,F3,0.51953125,22.62914343528,50.0196451177006,49.4849515988514
VisualCogA_Task-2,2,-1,F3,0.5234375,24.6616126375686,52.2511184400428,51.5709494268717
VisualCogA_Task-2,2,-1,F3,0.52734375,26.4886625273204,54.1804096812054,53.658554676615
VisualCogA_Task-2,2,-1,F3,0.53125,28.0526292632056,55.5905312995533,55.7603525879628
VisualCogA_Task-2,2,-1,F3,0.53515625,29.4344601194602,57.5405295690754,57.9324163178459
VisualCogA_Task-2,2,-1,F3,0.5390625,30.8073529295743,59.966187863647,60.2166672491609
VisualCogA_Task-2,2,-1,F3,0.54296875,32.3646762774892,62.5188192510493,62.6223695357404
VisualCogA_Task-2,2,-1,F3,0.546875,34.2586540753487,65.0524453234694,65.1379140492905
VisualCogA_Task-2,2,-1,F3,0.55078125,36.5655995368246,67.5155336168712,67.7430624711265
VisualCogA_Task-2,2,-1,F3,0.5546875,39.271148046202,69.59604415725,70.4104540887454
VisualCogA_Task-2,2,-1,F3,0.55859375,42.2648153578299,73.13175765687,73.0937674517893
VisualCogA_Task-2,2,-1,F3,0.5625,45.3482012898349,75.9726844906372,75.6788136156091
VisualCogA_Task-2,2,-1,F3,0.56640625,48.2753443481759,78.5769040603408,78.0545694859793
VisualCogA_Task-2,2,-1,F3,0.5703125,50.8331493642355,80.6917116238538,80.1345012082597
VisualCogA_Task-2,2,-1,F3,0.57421875,52.933736422171,82.4951856806592,81.8756028090072
VisualCogA_Task-2,2,-1,F3,0.578125,54.6617710685572,83.6136712605494,83.2813025160778
VisualCogA_Task-2,2,-1,F3,0.58203125,56.2349041362313,84.6991980848033,84.4066604632989
VisualCogA_Task-2,2,-1,F3,0.5859375,57.8912958706798,85.6043297094071,85.3344341798701
VisualCogA_Task-2,2,-1,F3,0.58984375,59.7700995844597,85.5317040678194,86.1717593301167
VisualCogA_Task-2,2,-1,F3,0.59375,61.8551933900799,85.8283188823103,87.0482628724917
VisualCogA_Task-2,2,-1,F3,0.59765625,64.0065283197084,87.4020583045537,88.0402338269237
VisualCogA_Task-2,2,-1,F3,0.6015625,66.0463425168344,89.1688317771245,89.1222992141593
VisualCogA_Task-2,2,-1,F3,0.60546875,67.843018591648,90.5253811328847,90.2159047614142
VisualCogA_Task-2,2,-1,F3,0.609375,69.3523302476536,91.7226829718919,91.2463739094846
VisualCogA_Task-2,2,-1,F3,0.61328125,70.6093233453411,92.3995090587205,92.1648197967893
VisualCogA_Task-2,2,-1,F3,0.6171875,71.6883718480412,92.8506976057862,92.9620479836142
VisualCogA_Task-2,2,-1,F3,0.62109375,72.6567103998913,93.4944013551413,93.6484214687394
VisualCogA_Task-2,2,-1,F3,0.625,73.5423684249514,94.112167785541,94.2250240527929
VisualCogA_Task-2,2,-1,F3,0.62890625,74.3267677036199,94.703960905585,94.680104526936
VisualCogA_Task-2,2,-1,F3,0.6328125,74.9614526314933,95.1769986371424,94.9925069933921
VisualCogA_Task-2,2,-1,F3,0.63671875,75.4018299208183,95.7029609435077,95.143063585939
VisualCogA_Task-2,2,-1,F3,0.640625,75.6453001608818,95.9847157682012,95.1279807420002
VisualCogA_Task-2,2,-1,F3,0.64453125,75.7535878213368,94.8942202584032,94.9901230121298
VisualCogA_Task-2,2,-1,F3,0.6484375,75.83956196291,93.9839620105792,94.8437495323989
VisualCogA_Task-2,2,-1,F3,0.65234375,76.0195357162674,94.2180808092502,94.7951275427345
VisualCogA_Task-2,2,-1,F3,0.65625,76.3611245223261,94.4102689650153,94.878875322912
VisualCogA_Task-2,2,-1,F3,0.66015625,76.8628268580228,94.6525709255467,95.0815239249166
VisualCogA_Task-2,2,-1,F3,0.6640625,77.4721515086408,95.3649380418542,95.3505538709085
VisualCogA_Task-2,2,-1,F3,0.66796875,78.1145807644142,95.9158586275004,95.5976995997671
VisualCogA_Task-2,2,-1,F3,0.671875,78.7069315878413,96.4663870173264,95.735894231284
VisualCogA_Task-2,2,-1,F3,0.67578125,79.1614633123969,96.4463477549078,95.7045841375619
VisualCogA_Task-2,2,-1,F3,0.6796875,79.4042187290915,95.5721852213982,95.5040900895403
VisualCogA_Task-2,2,-1,F3,0.68359375,79.4096017387698,95.3539761068444,95.1965464929374
VisualCogA_Task-2,2,-1,F3,0.6875,79.2247763145866,94.8174775432062,94.8497623477932
VisualCogA_Task-2,2,-1,F3,0.69140625,78.9581422073549,93.3326433400496,94.5446657886395
VisualCogA_Task-2,2,-1,F3,0.6953125,78.7306416907676,93.6911037242732,94.3594945496263
VisualCogA_Task-2,2,-1,F3,0.69921875,78.6120395557126,93.9917621149725,94.2714844941873
VisualCogA_Task-2,2,-1,F3,0.703125,78.5762089043153,94.6167714169281,94.2021722503104
VisualCogA_Task-2,2,-1,F3,0.70703125,78.5066232885725,95.4078921248479,94.0497842477155
VisualCogA_Task-2,2,-1,F3,0.7109375,78.2584784679182,94.1678644310684,93.7470968466738
VisualCogA_Task-2,2,-1,F3,0.71484375,77.7451378702229,93.1643316530941,93.3400620638844
VisualCogA_Task-2,2,-1,F3,0.71875,76.994614857151,92.7507639204876,92.9096958814125
VisualCogA_Task-2,2,-1,F3,0.72265625,76.1389968773288,92.5921010693211,92.5223700804241
VisualCogA_Task-2,2,-1,F3,0.7265625,75.3441468095414,90.8723698917273,92.231212112008
VisualCogA_Task-2,2,-1,F3,0.73046875,74.7246995223713,91.3347651296198,92.0951603429946
VisualCogA_Task-2,2,-1,F3,0.734375,74.2939687367614,91.9956600492269,92.059916288524
VisualCogA_Task-2,2,-1,F3,0.73828125,73.9704068076729,92.3620595798164,92.0078151959551
VisualCogA_Task-2,2,-1,F3,0.7421875,73.6266294739556,92.0533475187674,91.8158376260388
VisualCogA_Task-2,2,-1,F3,0.74609375,73.1486506367236,92.9536044402849,91.3904845048477
VisualCogA_Task-2,2,-1,F3,0.75,72.4767264376723,91.5017809511014,90.658049249515
VisualCogA_Task-2,2,-1,F3,0.75390625,71.6164355593239,90.3133244162754,89.6750852717936
VisualCogA_Task-2,2,-1,F3,0.7578125,70.6274090582223,88.4360881170677,88.5684569585689
VisualCogA_Task-2,2,-1,F3,0.76171875,69.6035530128156,86.373036984685,87.5182152920993
VisualCogA_Task-2,2,-1,F3,0.765625,68.6496275964024,85.3530404104403,86.6933805178518
VisualCogA_Task-2,2,-1,F3,0.76953125,67.8514839435792,85.6024756525335,86.1675413556755
VisualCogA_Task-2,2,-1,F3,0.7734375,67.245111642759,85.7662179175959,85.9025915164683
VisualCogA_Task-2,2,-1,F3,0.77734375,66.8018438055328,86.0797927206421,85.813335902533
VisualCogA_Task-2,2,-1,F3,0.78125,66.4433435803868,86.4847304640318,85.8032149495998
VisualCogA_Task-2,2,-1,F3,0.78515625,66.0794944956643,86.1996763318342,85.7978738282412
VisualCogA_Task-2,2,-1,F3,0.7890625,65.6444475185889,85.4962755453094,85.7797506685659
VisualCogA_Task-2,2,-1,F3,0.79296875,65.1077287333677,85.6409565826961,85.7647671426483
VisualCogA_Task-2,2,-1,F3,0.796875,64.4577371265322,86.2324126855208,85.745221995625
VisualCogA_Task-2,2,-1,F3,0.80078125,63.6791733981379,85.4321313543881,85.70309642597
VisualCogA_Task-2,2,-1,F4,-0.19921875,-7.9191865217327,-6.46373634817413,-6.13459129386993
VisualCogA_Task-2,2,-1,F4,-0.1953125,-7.02548662127386,-5.75404350531436,-5.54969857838336
VisualCogA_Task-2,2,-1,F4,-0.19140625,-6.15060593061448,-4.97381389432978,-4.99223461742214
VisualCogA_Task-2,2,-1,F4,-0.1875,-5.40580306251953,-4.3153605433409,-4.50665690942253
VisualCogA_Task-2,2,-1,F4,-0.18359375,-4.86127033658363,-3.8412409471337,-4.13588789256311
VisualCogA_Task-2,2,-1,F4,-0.1796875,-4.53470452686583,-3.58164591453002,-3.90690864118231
VisualCogA_Task-2,2,-1,F4,-0.17578125,-4.39791835181075,-3.54933416722378,-3.82214631749945
VisualCogA_Task-2,2,-1,F4,-0.171875,-4.38904692816075,-3.65872750858942,-3.85692285651282
VisualCogA_Task-2,2,-1,F4,-0.16796875,-4.42505188275005,-3.99171939749378,-3.96382584736441
VisualCogA_Task-2,2,-1,F4,-0.1640625,-4.41628484861021,-4.29190259309411,-4.07892660020259
VisualCogA_Task-2,2,-1,F4,-0.16015625,-4.28392256823884,-4.43712500083967,-4.1406208876865
VisualCogA_Task-2,2,-1,F4,-0.15625,-3.97866478082738,-4.45035313888966,-4.10505248188293
VisualCogA_Task-2,2,-1,F4,-0.15234375,-3.49706736277109,-4.11574690572535,-3.95307383095474
VisualCogA_Task-2,2,-1,F4,-0.1484375,-2.88635982892869,-3.65708382449349,-3.69431243781538
VisualCogA_Task-2,2,-1,F4,-0.14453125,-2.22744240312576,-3.34129961159763,-3.35195189494248
VisualCogA_Task-2,2,-1,F4,-0.140625,-1.59953524435724,-2.9962551642472,-2.94607341037022
VisualCogA_Task-2,2,-1,F4,-0.13671875,-1.04810486569169,-2.76010080229314,-2.49587050185402
VisualCogA_Task-2,2,-1,F4,-0.1328125,-0.577984621441293,-2.15398882029445,-2.02471849997238
VisualCogA_Task-2,2,-1,F4,-0.12890625,-0.173222408486833,-1.39420178332956,-1.57801192700707
VisualCogA_Task-2,2,-1,F4,-0.125,0.174392458726112,-0.82605792291382,-1.21191783193336
VisualCogA_Task-2,2,-1,F4,-0.12109375,0.447255853857897,-0.605822230986483,-0.967285751753405
VisualCogA_Task-2,2,-1,F4,-0.1171875,0.602751336829253,-0.590777399365607,-0.852810231051047
VisualCogA_Task-2,2,-1,F4,-0.11328125,0.593938062375712,-0.568496180811394,-0.847063854346231
VisualCogA_Task-2,2,-1,F4,-0.109375,0.405639855119658,-0.759900319931883,-0.906783136851778
VisualCogA_Task-2,2,-1,F4,-0.10546875,0.0887239551695885,-1.12253104967792,-0.965490620985941
VisualCogA_Task-2,2,-1,F4,-0.1015625,-0.23521559487571,-1.48534939367165,-0.944468614423647
VisualCogA_Task-2,2,-1,F4,-0.09765625,-0.413859176836888,-1.50195312898594,-0.778086127230822
VisualCogA_Task-2,2,-1,F4,-0.09375,-0.331126555268227,-0.895029681959661,-0.445785567744059
VisualCogA_Task-2,2,-1,F4,-0.08984375,0.0379778670314061,-0.164063987253241,0.0126684055537899
VisualCogA_Task-2,2,-1,F4,-0.0859375,0.6143627230789,0.803337899794934,0.520074124661903
VisualCogA_Task-2,2,-1,F4,-0.08203125,1.24776339765931,1.47273692573424,0.984502222178875
VisualCogA_Task-2,2,-1,F4,-0.078125,1.77921424760393,1.98286045655426,1.33762864529772
VisualCogA_Task-2,2,-1,F4,-0.07421875,2.1061426327039,2.01683433080122,1.55181556650772
VisualCogA_Task-2,2,-1,F4,-0.0703125,2.22102121434426,1.77074012192492,1.6531944759029
VisualCogA_Task-2,2,-1,F4,-0.06640625,2.2059803871821,1.5249350174589,1.70664842726838
VisualCogA_Task-2,2,-1,F4,-0.0625,2.189839886629,1.418356126385,1.78685594489112
VisualCogA_Task-2,2,-1,F4,-0.05859375,2.2928089005217,1.55295909664087,1.9533527689073
VisualCogA_Task-2,2,-1,F4,-0.0546875,2.58261031561088,1.82153543672605,2.23496632124427
VisualCogA_Task-2,2,-1,F4,-0.05078125,3.05299506494755,2.397027083212,2.62715788447381
VisualCogA_Task-2,2,-1,F4,-0.046875,3.6284576094418,3.16034728786618,3.09093616745788
VisualCogA_Task-2,2,-1,F4,-0.04296875,4.19523960978458,3.73815076947374,3.56813231228661
VisualCogA_Task-2,2,-1,F4,-0.0390625,4.6468981797175,4.14222461018143,4.00636172108415
VisualCogA_Task-2,2,-1,F4,-0.03515625,4.92034079078724,4.46767763488497,4.36740800074025
VisualCogA_Task-2,2,-1,F4,-0.03125,5.00463532868698,4.87388134823157,4.62437666556943
VisualCogA_Task-2,2,-1,F4,-0.02734375,4.92725954720184,5.05930747506315,4.75872903273159
VisualCogA_Task-2,2,-1,F4,-0.0234375,4.73522648149087,5.03259462029726,4.77271847627517
VisualCogA_Task-2,2,-1,F4,-0.01953125,4.48086390913156,4.75969322242981,4.69364657377622
VisualCogA_Task-2,2,-1,F4,-0.015625,4.21152425659138,4.42627746804273,4.57047124814597
VisualCogA_Task-2,2,-1,F4,-0.01171875,3.96402429732273,4.21093720062385,4.45765430968345
VisualCogA_Task-2,2,-1,F4,-0.0078125,3.76776952030841,4.11271873725916,4.39764142034575
VisualCogA_Task-2,2,-1,F4,-0.00390625,3.65220673191567,4.16748454385276,4.41231848300168
VisualCogA_Task-2,2,-1,F4,0,3.64509664403958,4.26133699100617,4.49982784359613
VisualCogA_Task-2,2,-1,F4,0.00390625,3.75568154995248,4.65581243325285,4.63790901981161
VisualCogA_Task-2,2,-1,F4,0.0078125,3.9548025418563,4.9588671301325,4.7844272916148
VisualCogA_Task-2,2,-1,F4,0.01171875,4.17063433617009,5.29051583589054,4.89873989009247
VisualCogA_Task-2,2,-1,F4,0.015625,4.3089302366311,5.32990059454822,4.95474069954119
VisualCogA_Task-2,2,-1,F4,0.01953125,4.29366068524129,5.23638234392737,4.95897159974074
VisualCogA_Task-2,2,-1,F4,0.0234375,4.11364484572822,5.09431903317368,4.94923779505478
VisualCogA_Task-2,2,-1,F4,0.02734375,3.85031911955377,4.85867236093327,4.98646205186254
VisualCogA_Task-2,2,-1,F4,0.03125,3.66048519073003,4.7124254628924,5.14365723971981
VisualCogA_Task-2,2,-1,F4,0.03515625,3.71096140935439,4.87758762392284,5.48318708727162
VisualCogA_Task-2,2,-1,F4,0.0390625,4.09883330577412,5.47797725649597,6.03147934176071
VisualCogA_Task-2,2,-1,F4,0.04296875,4.80599652902429,6.5186863925924,6.76449512848409
VisualCogA_Task-2,2,-1,F4,0.046875,5.71294632705348,7.73429680836866,7.61207039896669
VisualCogA_Task-2,2,-1,F4,0.05078125,6.6580456375625,8.76309904118846,8.48355704340916
VisualCogA_Task-2,2,-1,F4,0.0546875,7.50735557450252,9.69740143870999,9.29849248612896
VisualCogA_Task-2,2,-1,F4,0.05859375,8.20193391864718,10.3180064515598,9.99970931792514
VisualCogA_Task-2,2,-1,F4,0.0625,8.76263001244783,10.7844446295693,10.5632825423119
VisualCogA_Task-2,2,-1,F4,0.06640625,9.25364093166194,11.084647545489,10.9918119239395
VisualCogA_Task-2,2,-1,F4,0.0703125,9.7314234101247,11.284997488181,11.3063274013965
VisualCogA_Task-2,2,-1,F4,0.07421875,10.2137285480297,11.446454332337,11.5355952150672
VisualCogA_Task-2,2,-1,F4,0.078125,10.6814024920668,11.6627777190176,11.7066041125678
VisualCogA_Task-2,2,-1,F4,0.08203125,11.0967437041759,11.9597551709097,11.8389144346206
VisualCogA_Task-2,2,-1,F4,0.0859375,11.4191957371686,12.0698276411332,11.948434322485
VisualCogA_Task-2,2,-1,F4,0.08984375,11.617313276105,11.9493585247822,12.0611419787783
VisualCogA_Task-2,2,-1,F4,0.09375,11.6834208072175,11.9807556331561,12.2131317160046
VisualCogA_Task-2,2,-1,F4,0.09765625,11.6453914867176,12.2735528840008,12.4311825588354
VisualCogA_Task-2,2,-1,F4,0.1015625,11.5624636772629,12.6060038999253,12.7227088583714
VisualCogA_Task-2,2,-1,F4,0.10546875,11.5034822479293,12.9815066579913,13.0819891594769
VisualCogA_Task-2,2,-1,F4,0.109375,11.5206474253102,13.4036362122497,13.4935765938126
VisualCogA_Task-2,2,-1,F4,0.11328125,11.6325361089061,13.8685799597862,13.9336507512486
VisualCogA_Task-2,2,-1,F4,0.1171875,11.8211071385497,14.3614458240647,14.370896189858
VisualCogA_Task-2,2,-1,F4,0.12109375,12.0409913706363,14.8543660855652,14.768574901759
VisualCogA_Task-2,2,-1,F4,0.125,12.237631811971,15.3055877012408,15.0891613485868
VisualCogA_Task-2,2,-1,F4,0.12890625,12.3680881070985,15.662848415916,15.3022792572937
VisualCogA_Task-2,2,-1,F4,0.1328125,12.4153226648658,15.8466180438074,15.3955878842199
VisualCogA_Task-2,2,-1,F4,0.13671875,12.391166767925,15.4815653725714,15.386793915591
VisualCogA_Task-2,2,-1,F4,0.140625,12.3323321422928,15.1704808583752,15.3311898842646
VisualCogA_Task-2,2,-1,F4,0.14453125,12.2942037542367,15.1146915144436,15.2919659445135
VisualCogA_Task-2,2,-1,F4,0.1484375,12.33859561799,14.9900007007448,15.3189198317862
VisualCogA_Task-2,2,-1,F4,0.15234375,12.5113009185752,15.0589164811671,15.4470764123589
VisualCogA_Task-2,2,-1,F4,0.15625,12.8182088788986,15.3721512967914,15.6840506249209
VisualCogA_Task-2,2,-1,F4,0.16015625,13.2171299466793,15.8137819381752,16.0051107472289
VisualCogA_Task-2,2,-1,F4,0.1640625,13.6323603682809,16.3780619523053,16.3595334463621
VisualCogA_Task-2,2,-1,F4,0.16796875,13.9810830509272,16.9240496599114,16.6806513219787
VisualCogA_Task-2,2,-1,F4,0.171875,14.1953473167887,17.3615416802991,16.9033410158986
VisualCogA_Task-2,2,-1,F4,0.17578125,14.2341529954912,17.4092364807532,16.9827623647695
VisualCogA_Task-2,2,-1,F4,0.1796875,14.0909073397377,17.2963068892273,16.9122585939393
VisualCogA_Task-2,2,-1,F4,0.18359375,13.7995958218465,16.9665341688754,16.720712438421
VisualCogA_Task-2,2,-1,F4,0.1875,13.4347685891252,16.5180417595786,16.4690106578349
VisualCogA_Task-2,2,-1,F4,0.19140625,13.0980858121942,15.8981735897192,16.2385251560061
VisualCogA_Task-2,2,-1,F4,0.1953125,12.8902972552343,15.5672263819946,16.1147137619047
VisualCogA_Task-2,2,-1,F4,0.19921875,12.8781612080065,15.6134715058213,16.1546716739771
VisualCogA_Task-2,2,-1,F4,0.203125,13.0734414482516,16.0138117640607,16.3698701423436
VisualCogA_Task-2,2,-1,F4,0.20703125,13.4352405284283,16.5536737723153,16.7266804031119
VisualCogA_Task-2,2,-1,F4,0.2109375,13.8886770626353,17.2246666328072,17.1618021608657
VisualCogA_Task-2,2,-1,F4,0.21484375,14.342826072564,17.9379265804506,17.597517900956
VisualCogA_Task-2,2,-1,F4,0.21875,14.7028363619898,18.4092521632842,17.9613488147286
VisualCogA_Task-2,2,-1,F4,0.22265625,14.8879843997393,18.6495109764649,18.2091834834875
VisualCogA_Task-2,2,-1,F4,0.2265625,14.8626129063543,18.6353140849262,18.3342357675827
VisualCogA_Task-2,2,-1,F4,0.23046875,14.6639775589587,18.5115251487935,18.3664134851125
VisualCogA_Task-2,2,-1,F4,0.234375,14.4005080157989,18.2836074183414,18.3607143139538
VisualCogA_Task-2,2,-1,F4,0.23828125,14.2122229418918,18.3053396925987,18.3842285706235
VisualCogA_Task-2,2,-1,F4,0.2421875,14.2138437172518,18.1584041495192,18.4976209970043
VisualCogA_Task-2,2,-1,F4,0.24609375,14.4529977805636,18.4350585547837,18.75498226181
VisualCogA_Task-2,2,-1,F4,0.25,14.9048544074521,18.9956262956414,19.1821349631307
VisualCogA_Task-2,2,-1,F4,0.25390625,15.5030910126007,19.5848629423948,19.7782413901376
VisualCogA_Task-2,2,-1,F4,0.2578125,16.1862449637395,20.430499841562,20.5269214430445
VisualCogA_Task-2,2,-1,F4,0.26171875,16.9271373859349,21.2359001050569,21.39568015142
VisualCogA_Task-2,2,-1,F4,0.265625,17.7237689225445,22.396954861716,22.3439874113757
VisualCogA_Task-2,2,-1,F4,0.26953125,18.5622636030469,23.3682292778345,23.3179981151597
VisualCogA_Task-2,2,-1,F4,0.2734375,19.3888096913213,24.3670657853682,24.2682811092152
VisualCogA_Task-2,2,-1,F4,0.27734375,20.1204718288456,25.3065308588075,25.1495911702081
VisualCogA_Task-2,2,-1,F4,0.28125,20.6901086539464,26.3936011893998,25.9249151311506
VisualCogA_Task-2,2,-1,F4,0.28515625,21.0911839312721,26.8036190041862,26.5703181324379
VisualCogA_Task-2,2,-1,F4,0.2890625,21.3887162790053,27.2530910669633,27.1009224859861
VisualCogA_Task-2,2,-1,F4,0.29296875,21.6885986099708,27.4855387976037,27.5512922430239
VisualCogA_Task-2,2,-1,F4,0.296875,22.0849134611443,27.7191352157565,27.968672169861
VisualCogA_Task-2,2,-1,F4,0.30078125,22.6149318756172,28.0914572690769,28.3948275790224
VisualCogA_Task-2,2,-1,F4,0.3046875,23.2439510539888,28.6172496245069,28.8507290368576
VisualCogA_Task-2,2,-1,F4,0.30859375,23.8855709812716,29.392310730402,29.3320662505538
VisualCogA_Task-2,2,-1,F4,0.3125,24.4447964658976,29.8268514509874,29.8150723096025
VisualCogA_Task-2,2,-1,F4,0.31640625,24.8608318022053,30.3633187066437,30.281000676816
VisualCogA_Task-2,2,-1,F4,0.3203125,25.131031635541,30.72391396213,30.7120864101216
VisualCogA_Task-2,2,-1,F4,0.32421875,25.3104857475771,31.2567895920743,31.097424403266
VisualCogA_Task-2,2,-1,F4,0.328125,25.4897374405106,31.5318261057765,31.4270951793295
VisualCogA_Task-2,2,-1,F4,0.33203125,25.7556913671019,31.5121665232314,31.7044596937936
VisualCogA_Task-2,2,-1,F4,0.3359375,26.1478793131643,31.9318222597654,31.9416064793432
VisualCogA_Task-2,2,-1,F4,0.33984375,26.6328052797935,32.1952157484959,32.1345996377834
VisualCogA_Task-2,2,-1,F4,0.34375,27.1158954923843,32.3979281265937,32.2786879192874
VisualCogA_Task-2,2,-1,F4,0.34765625,27.4860822294256,32.3587655908042,32.3741714165883
VisualCogA_Task-2,2,-1,F4,0.3515625,27.6641360322137,32.4993349244486,32.4312869063609
VisualCogA_Task-2,2,-1,F4,0.35546875,27.6286377481129,32.6523486951897,32.4589873464649
VisualCogA_Task-2,2,-1,F4,0.359375,27.4157947751848,32.3049358314606,32.4718963629339
VisualCogA_Task-2,2,-1,F4,0.36328125,27.1027581467289,31.9917388334801,32.5007510275286
VisualCogA_Task-2,2,-1,F4,0.3671875,26.7814166720995,32.7087902856778,32.562375034387
VisualCogA_Task-2,2,-1,F4,0.37109375,26.5272140964124,32.5696859482183,32.6311743948095
VisualCogA_Task-2,2,-1,F4,0.375,26.3716619525149,32.6973303520638,32.6937563910376
VisualCogA_Task-2,2,-1,F4,0.37890625,26.2885698133759,32.7636637070979,32.7316042680967
VisualCogA_Task-2,2,-1,F4,0.3828125,26.2010468643454,32.9108784891047,32.7264991010978
VisualCogA_Task-2,2,-1,F4,0.38671875,26.0135465855084,32.929393995609,32.6628935850687
VisualCogA_Task-2,2,-1,F4,0.390625,25.6636577263815,32.7909466852165,32.5406053640377
VisualCogA_Task-2,2,-1,F4,0.39453125,25.1684632716652,32.5463505560131,32.3816604495781
VisualCogA_Task-2,2,-1,F4,0.3984375,24.6312866952055,32.1383000990617,32.2289466300282
VisualCogA_Task-2,2,-1,F4,0.40234375,24.1975849339419,31.885517976611,32.1390758692623
VisualCogA_Task-2,2,-1,F4,0.40625,23.987138484513,31.8428070228714,32.1611062535745
VisualCogA_Task-2,2,-1,F4,0.41015625,24.0449768656065,32.0580312854586,32.322966044871
VisualCogA_Task-2,2,-1,F4,0.4140625,24.3338050279035,32.4763201363884,32.6260585691661
VisualCogA_Task-2,2,-1,F4,0.41796875,24.7611053647673,32.9927625515079,33.0497092558567
VisualCogA_Task-2,2,-1,F4,0.421875,25.2200777918936,33.5626318045026,33.5607653316079
VisualCogA_Task-2,2,-1,F4,0.42578125,25.625744604981,34.1526936532279,34.121328464389
VisualCogA_Task-2,2,-1,F4,0.4296875,25.9346654398892,34.7602887778297,34.6936558615775
VisualCogA_Task-2,2,-1,F4,0.43359375,26.1449628680512,35.3768559030603,35.2426184962873
VisualCogA_Task-2,2,-1,F4,0.4375,26.2829527758029,35.9669977360237,35.7386400846531
VisualCogA_Task-2,2,-1,F4,0.44140625,26.3876342831521,36.3918133618182,36.1633307933744
VisualCogA_Task-2,2,-1,F4,0.4453125,26.4998374481763,36.7569120428365,36.5173305934313
VisualCogA_Task-2,2,-1,F4,0.44921875,26.6562570969757,37.0058340180724,36.8203196698409
VisualCogA_Task-2,2,-1,F4,0.453125,26.8882808716557,37.1996032606439,37.1119433284042
VisualCogA_Task-2,2,-1,F4,0.45703125,27.2260949402365,37.2633510736657,37.4473064039414
VisualCogA_Task-2,2,-1,F4,0.4609375,27.7027381031617,37.6155588748682,37.8888187256258
VisualCogA_Task-2,2,-1,F4,0.46484375,28.3484783739008,38.0576875627773,38.4835605117748
VisualCogA_Task-2,2,-1,F4,0.46875,29.1738225237848,38.9147818072754,39.2558403264757
VisualCogA_Task-2,2,-1,F4,0.47265625,30.1524513934383,40.0122563659142,40.1944773213994
VisualCogA_Task-2,2,-1,F4,0.4765625,31.2178188041392,41.3253233538003,41.25986910495
VisualCogA_Task-2,2,-1,F4,0.48046875,32.2783568671815,42.7309841990523,42.3972282059079
VisualCogA_Task-2,2,-1,F4,0.484375,33.247769558522,43.9771060019882,43.5572216737912
VisualCogA_Task-2,2,-1,F4,0.48828125,34.0824307379376,45.1094446145833,44.7183295575464
VisualCogA_Task-2,2,-1,F4,0.4921875,34.812084514151,46.0778276668754,45.8940222668032
VisualCogA_Task-2,2,-1,F4,0.49609375,35.5452604310607,47.1626335009784,47.1303631326111
VisualCogA_Task-2,2,-1,F4,0.5,36.438282709483,48.1466397006546,48.4887326026921
VisualCogA_Task-2,2,-1,F4,0.50390625,37.6376313832169,49.5550703700156,50.0332003221323
VisualCogA_Task-2,2,-1,F4,0.5078125,39.2233426250196,51.3758748970784,51.7993281941812
VisualCogA_Task-2,2,-1,F4,0.51171875,41.1801640081549,53.6372471701517,53.782833959412
VisualCogA_Task-2,2,-1,F4,0.515625,43.4066173099133,55.9881909143025,55.9441475836392
VisualCogA_Task-2,2,-1,F4,0.51953125,45.7555788541639,58.1621603562223,58.2315668002391
VisualCogA_Task-2,2,-1,F4,0.5234375,48.0904057743451,60.8488867385734,60.5970596201432
VisualCogA_Task-2,2,-1,F4,0.52734375,50.334887018354,63.3061696500923,62.9868101839482
VisualCogA_Task-2,2,-1,F4,0.53125,52.4956162760028,65.6486426716824,65.3679882254534
VisualCogA_Task-2,2,-1,F4,0.53515625,54.6485428494567,67.9069086451395,67.7343767673033
VisualCogA_Task-2,2,-1,F4,0.5390625,56.9014343665833,70.0385375963879,70.1031467026615
VisualCogA_Task-2,2,-1,F4,0.54296875,59.3525442153049,72.258260803178,72.5058465811782
VisualCogA_Task-2,2,-1,F4,0.546875,62.0575105538703,74.6931158239721,74.9686408603136
VisualCogA_Task-2,2,-1,F4,0.55078125,65.0078138695057,77.3544518630227,77.4970618493617
VisualCogA_Task-2,2,-1,F4,0.5546875,68.1264689546924,79.8148374286306,80.0736814379211
VisualCogA_Task-2,2,-1,F4,0.55859375,71.2884659758395,82.7985905099294,82.6691873500622
VisualCogA_Task-2,2,-1,F4,0.5625,74.3625753757559,85.6266300645988,85.2326969757478
VisualCogA_Task-2,2,-1,F4,0.56640625,77.2571778654817,88.0202911883417,87.7241113015963
VisualCogA_Task-2,2,-1,F4,0.5703125,79.9514198599498,90.3503081540188,90.1361590716302
VisualCogA_Task-2,2,-1,F4,0.57421875,82.501663212185,92.5542424034686,92.4862506871011
VisualCogA_Task-2,2,-1,F4,0.578125,85.0198614695737,94.6575505624655,94.8096423061258
VisualCogA_Task-2,2,-1,F4,0.58203125,87.6263149774882,96.8447406733033,97.1472560631855
VisualCogA_Task-2,2,-1,F4,0.5859375,90.3931001197146,99.281402618932,99.5273397807894
VisualCogA_Task-2,2,-1,F4,0.58984375,93.3088039059663,101.804551536948,101.952931665623
VisualCogA_Task-2,2,-1,F4,0.59375,96.2891222676321,104.276889675438,104.406575160884
VisualCogA_Task-2,2,-1,F4,0.59765625,99.2282086900978,106.833410214703,106.858448699047
VisualCogA_Task-2,2,-1,F4,0.6015625,102.05665136393,109.284801955018,109.2679235888
VisualCogA_Task-2,2,-1,F4,0.60546875,104.768128312794,111.610784659569,111.592284598467
VisualCogA_Task-2,2,-1,F4,0.609375,107.399508807776,113.841256786271,113.790223026893
VisualCogA_Task-2,2,-1,F4,0.61328125,109.981094623508,116.176837504932,115.82197184468
VisualCogA_Task-2,2,-1,F4,0.6171875,112.493479065066,118.585795668781,117.65201683571
VisualCogA_Task-2,2,-1,F4,0.62109375,114.862046941277,119.236942515987,119.274415922221
VisualCogA_Task-2,2,-1,F4,0.625,116.993367301845,120.485932130203,120.761041929209
VisualCogA_Task-2,2,-1,F4,0.62890625,118.828292062005,121.622106752773,122.180644897812
VisualCogA_Task-2,2,-1,F4,0.6328125,120.375457057389,123.227105097883,123.579049052589
VisualCogA_Task-2,2,-1,F4,0.63671875,121.705181298656,124.57819862212,124.955533772676
VisualCogA_Task-2,2,-1,F4,0.640625,122.913560822656,126.565117595571,126.280049774318
VisualCogA_Task-2,2,-1,F4,0.64453125,124.082207234375,128.11183704551,127.491103177881
VisualCogA_Task-2,2,-1,F4,0.6484375,125.251237133854,128.739316920569,128.550955755501
VisualCogA_Task-2,2,-1,F4,0.65234375,126.410947771294,129.226822507302,129.473597101617
VisualCogA_Task-2,2,-1,F4,0.65625,127.515674741149,130.589646088045,130.288713574422
VisualCogA_Task-2,2,-1,F4,0.66015625,128.519083729164,130.871130811139,131.005426982585
VisualCogA_Task-2,2,-1,F4,0.6640625,129.412377815625,131.318408484305,131.657936844243
VisualCogA_Task-2,2,-1,F4,0.66796875,130.235060225047,132.58770894766,132.269251329912
VisualCogA_Task-2,2,-1,F4,0.671875,131.046125233645,132.949434772078,132.834084580112
VisualCogA_Task-2,2,-1,F4,0.67578125,131.878792808083,133.786707167034,133.373688870177
VisualCogA_Task-2,2,-1,F4,0.6796875,132.716465692075,133.170177350517,133.918928991437
VisualCogA_Task-2,2,-1,F4,0.68359375,133.507538341965,133.75251004659,134.535087926629
VisualCogA_Task-2,2,-1,F4,0.6875,134.204723114764,135.382199372788,135.22505268841
VisualCogA_Task-2,2,-1,F4,0.69140625,134.798042711272,135.932197746164,135.926495466103
VisualCogA_Task-2,2,-1,F4,0.6953125,135.316531769547,136.269274133935,136.590184006061
VisualCogA_Task-2,2,-1,F4,0.69921875,135.795684382044,137.465981774123,137.167361244643
VisualCogA_Task-2,2,-1,F4,0.703125,136.235359081148,138.837613520209,137.582527628862
VisualCogA_Task-2,2,-1,F4,0.70703125,136.585698279738,138.464084536664,137.785068649858
VisualCogA_Task-2,2,-1,F4,0.7109375,136.778128749839,137.199915379988,137.828960289714
VisualCogA_Task-2,2,-1,F4,0.71484375,136.779004972173,137.138667995752,137.824763187746
VisualCogA_Task-2,2,-1,F4,0.71875,136.623941737324,138.005865186785,137.830617574128
VisualCogA_Task-2,2,-1,F4,0.72265625,136.408038066953,138.248632933619,137.847489079702
VisualCogA_Task-2,2,-1,F4,0.7265625,136.240253693102,137.026539283342,137.890947303028
VisualCogA_Task-2,2,-1,F4,0.73046875,136.191777010262,137.695363175355,138.009990497162
VisualCogA_Task-2,2,-1,F4,0.734375,136.268327023863,138.052869618343,138.181582913518
VisualCogA_Task-2,2,-1,F4,0.73828125,136.419110072331,139.24278301424,138.356469860027
VisualCogA_Task-2,2,-1,F4,0.7421875,136.571028965588,138.44996826904,138.474670536689
VisualCogA_Task-2,2,-1,F4,0.74609375,136.66089636685,138.505080607202,138.550063573019
VisualCogA_Task-2,2,-1,F4,0.75,136.644843596049,138.218687777167,138.594469076231
VisualCogA_Task-2,2,-1,F4,0.75390625,136.489544318343,138.178585823509,138.615958573053
VisualCogA_Task-2,2,-1,F4,0.7578125,136.16808820169,138.392086642804,138.591288481957
VisualCogA_Task-2,2,-1,F4,0.76171875,135.672711260324,138.748953776494,138.460767492287
VisualCogA_Task-2,2,-1,F4,0.765625,135.031039444677,138.712057020747,138.148104140125
VisualCogA_Task-2,2,-1,F4,0.76953125,134.305471472253,138.577892095139,137.601022485235
VisualCogA_Task-2,2,-1,F4,0.7734375,133.574571769766,137.331471980088,136.814242660768
VisualCogA_Task-2,2,-1,F4,0.77734375,132.913834747712,135.70332525366,135.863890600699
VisualCogA_Task-2,2,-1,F4,0.78125,132.387646419705,134.261626186603,134.86919468228
VisualCogA_Task-2,2,-1,F4,0.78515625,132.045674225599,133.437000827946,133.936002837178
VisualCogA_Task-2,2,-1,F4,0.7890625,131.911568197939,132.714810024678,133.119532289084
VisualCogA_Task-2,2,-1,F4,0.79296875,131.964140240555,132.064957105777,132.433416760922
VisualCogA_Task-2,2,-1,F4,0.796875,132.12399928125,131.753574959344,131.857563120247
VisualCogA_Task-2,2,-1,F4,0.80078125,132.261457030508,132.054738668731,131.341173263354
VisualCogA_Task-2,2,1,Fz,-0.19921875,-8.2454245214999,-7.79579214875111,-8.11614505515812
VisualCogA_Task-2,2,1,Fz,-0.1953125,-7.96275936479445,-7.65727842418078,-7.80411665180604
VisualCogA_Task-2,2,1,Fz,-0.19140625,-7.7317997751697,-7.58555268423948,-7.46539217292005
VisualCogA_Task-2,2,1,Fz,-0.1875,-7.44830831193428,-7.41892511376576,-7.06103902399744
VisualCogA_Task-2,2,1,Fz,-0.18359375,-7.02657165645055,-6.95717830171779,-6.56213798647883
VisualCogA_Task-2,2,1,Fz,-0.1796875,-6.45124579341314,-6.28764987726314,-5.96959368261883
VisualCogA_Task-2,2,1,Fz,-0.17578125,-5.78535220028566,-5.39342429460291,-5.31723076094197
VisualCogA_Task-2,2,1,Fz,-0.171875,-5.13346725077746,-4.40618460883055,-4.66537855285983
VisualCogA_Task-2,2,1,Fz,-0.16796875,-4.58971392865839,-3.8765128501676,-4.08071585092238
VisualCogA_Task-2,2,1,Fz,-0.1640625,-4.20124924926898,-3.25810241158737,-3.60832195234381
VisualCogA_Task-2,2,1,Fz,-0.16015625,-3.95971513701254,-2.82399095507992,-3.27625923760877
VisualCogA_Task-2,2,1,Fz,-0.15625,-3.81678042596534,-2.92615060115079,-3.08340512547218
VisualCogA_Task-2,2,1,Fz,-0.15234375,-3.71212381275416,-2.92657980268591,-2.99094801114491
VisualCogA_Task-2,2,1,Fz,-0.1484375,-3.59933901563299,-2.97894159742492,-2.94697174614437
VisualCogA_Task-2,2,1,Fz,-0.14453125,-3.45724399538299,-3.17943508422887,-2.89419616461638
VisualCogA_Task-2,2,1,Fz,-0.140625,-3.28309954398988,-3.14475647557174,-2.77800525498017
VisualCogA_Task-2,2,1,Fz,-0.13671875,-3.07596134234609,-2.73116351461626,-2.56755291562264
VisualCogA_Task-2,2,1,Fz,-0.1328125,-2.8242479553146,-2.36511712399188,-2.26255564664667
VisualCogA_Task-2,2,1,Fz,-0.12890625,-2.50752328169141,-2.07443553553231,-1.87636416473795
VisualCogA_Task-2,2,1,Fz,-0.125,-2.11170455345027,-1.59345610913357,-1.43087597636093
VisualCogA_Task-2,2,1,Fz,-0.12109375,-1.6472063702224,-0.995903487025629,-0.964494535546257
VisualCogA_Task-2,2,1,Fz,-0.1171875,-1.15739635820047,-0.37528402613466,-0.529171640722302
VisualCogA_Task-2,2,1,Fz,-0.11328125,-0.710567315574326,0.196410722488591,-0.179476502940715
VisualCogA_Task-2,2,1,Fz,-0.109375,-0.37834550317762,0.42146410736226,0.0428456346291583
VisualCogA_Task-2,2,1,Fz,-0.10546875,-0.211074835642078,0.344687337088651,0.127373464270414
VisualCogA_Task-2,2,1,Fz,-0.1015625,-0.220692864176056,0.173337054954876,0.0952372176605728
VisualCogA_Task-2,2,1,Fz,-0.09765625,-0.37558404423926,-0.0519213731760494,-0.0143233841213244
VisualCogA_Task-2,2,1,Fz,-0.09375,-0.607752363603485,-0.193605950259065,-0.155560300221711
VisualCogA_Task-2,2,1,Fz,-0.08984375,-0.831873363918067,-0.366980043708498,-0.285858655541582
VisualCogA_Task-2,2,1,Fz,-0.0859375,-0.972063883982132,-0.495299709937665,-0.365774045818377
VisualCogA_Task-2,2,1,Fz,-0.08203125,-0.985249511681824,-0.719454280113893,-0.362622182470114
VisualCogA_Task-2,2,1,Fz,-0.078125,-0.86852643313277,-0.396015431364985,-0.254512582258081
VisualCogA_Task-2,2,1,Fz,-0.07421875,-0.646375895988554,0.0501643855473442,-0.0492907700805531
VisualCogA_Task-2,2,1,Fz,-0.0703125,-0.345526968105391,0.297077462519401,0.233405825071957
VisualCogA_Task-2,2,1,Fz,-0.06640625,0.0276856578692541,0.61842034336837,0.582227703844594
VisualCogA_Task-2,2,1,Fz,-0.0625,0.493367218415551,0.976802932114899,0.991131336669787
VisualCogA_Task-2,2,1,Fz,-0.05859375,1.08262483726589,1.29591378854759,1.45708924727362
VisualCogA_Task-2,2,1,Fz,-0.0546875,1.81083437769409,1.82700649072951,1.97587992566926
VisualCogA_Task-2,2,1,Fz,-0.05078125,2.65947395309174,2.58083428669935,2.52985057364271
VisualCogA_Task-2,2,1,Fz,-0.046875,3.58040959947213,3.49258621884206,3.08894227340168
VisualCogA_Task-2,2,1,Fz,-0.04296875,4.52015748363468,3.82932990053263,3.62734474990856
VisualCogA_Task-2,2,1,Fz,-0.0390625,5.44858822719432,4.09356642550562,4.15288472357914
VisualCogA_Task-2,2,1,Fz,-0.03515625,6.37321473894889,4.36323425829179,4.69022101071454
VisualCogA_Task-2,2,1,Fz,-0.03125,7.32662238028623,4.88195830137101,5.25906923610975
VisualCogA_Task-2,2,1,Fz,-0.02734375,8.33002776244414,5.58840534188944,5.85189612852452
VisualCogA_Task-2,2,1,Fz,-0.0234375,9.35419551971787,6.48008127867588,6.42974250549037
VisualCogA_Task-2,2,1,Fz,-0.01953125,10.3063811103928,7.20557099576594,6.93169161898593
VisualCogA_Task-2,2,1,Fz,-0.015625,11.0584853063948,7.76878054697396,7.30102161875525
VisualCogA_Task-2,2,1,Fz,-0.01171875,11.5032088627725,7.82420527120637,7.50383393594074
VisualCogA_Task-2,2,1,Fz,-0.0078125,11.6032877064477,7.87812297943542,7.5452099123697
VisualCogA_Task-2,2,1,Fz,-0.00390625,11.4033020853945,7.58414908227634,7.45692850114156
VisualCogA_Task-2,2,1,Fz,0,11.0013772700472,7.15916425528825,7.29851141094458
VisualCogA_Task-2,2,1,Fz,0.00390625,10.5053020291065,6.92039519369202,7.14008206556155
VisualCogA_Task-2,2,1,Fz,0.0078125,10.0021884834219,6.77741324995051,7.04015162580393
VisualCogA_Task-2,2,1,Fz,0.01171875,9.55385663551553,7.01656831950005,7.03892401316071
VisualCogA_Task-2,2,1,Fz,0.015625,9.21019439405981,7.15990436915724,7.15470828446645
VisualCogA_Task-2,2,1,Fz,0.01953125,9.02308249987414,7.14576254477834,7.40395052208396
VisualCogA_Task-2,2,1,Fz,0.0234375,9.0448531391988,7.32270187659184,7.80352981543362
VisualCogA_Task-2,2,1,Fz,0.02734375,9.30605742790983,8.04537540662261,8.34880958916034
VisualCogA_Task-2,2,1,Fz,0.03125,9.78471483904942,8.76618385586281,8.99508427300556
VisualCogA_Task-2,2,1,Fz,0.03515625,10.391889998814,9.7269339501684,9.67236211483255
VisualCogA_Task-2,2,1,Fz,0.0390625,10.9921410643324,10.573681980486,10.2915763277427
VisualCogA_Task-2,2,1,Fz,0.04296875,11.4524318321368,11.2601078795507,10.7682077777821
VisualCogA_Task-2,2,1,Fz,0.046875,11.6905842195984,11.4507423620302,11.0412461353919
VisualCogA_Task-2,2,1,Fz,0.05078125,11.6961519935374,11.6042151338898,11.090672746161
VisualCogA_Task-2,2,1,Fz,0.0546875,11.5195558680031,11.4023936116908,10.9305936412311
VisualCogA_Task-2,2,1,Fz,0.05859375,11.2453852855969,10.9859785066808,10.6179100507216
VisualCogA_Task-2,2,1,Fz,0.0625,10.9672005794008,10.1085760501378,10.2488398689567
VisualCogA_Task-2,2,1,Fz,0.06640625,10.7701155797655,9.13590779538118,9.95027336159059
VisualCogA_Task-2,2,1,Fz,0.0703125,10.7184370745419,8.86667773249327,9.83741214270911
VisualCogA_Task-2,2,1,Fz,0.07421875,10.8455634305116,9.6467281792661,9.9575940292141
VisualCogA_Task-2,2,1,Fz,0.078125,11.1482723525725,10.6205487920914,10.2772623038227
VisualCogA_Task-2,2,1,Fz,0.08203125,11.5895357500628,11.0174374520089,10.7369547617564
VisualCogA_Task-2,2,1,Fz,0.0859375,12.1104440615959,11.3209938188178,11.3058164055924
VisualCogA_Task-2,2,1,Fz,0.08984375,12.6473721415921,11.8893025617818,11.9763657954289
VisualCogA_Task-2,2,1,Fz,0.09375,13.1499605712855,12.6941449509091,12.7423862757995
VisualCogA_Task-2,2,1,Fz,0.09765625,13.5975432613442,13.5193853432612,13.5904059217675
VisualCogA_Task-2,2,1,Fz,0.1015625,14.0111433416491,14.439535269766,14.5029326979883
VisualCogA_Task-2,2,1,Fz,0.10546875,14.453811768698,15.3086884467241,15.4565561875752
VisualCogA_Task-2,2,1,Fz,0.109375,15.0108376385828,16.4277486282318,16.4225828546232
VisualCogA_Task-2,2,1,Fz,0.11328125,15.7506106714861,17.4269077820836,17.3599968514893
VisualCogA_Task-2,2,1,Fz,0.1171875,16.6825992763153,18.3165190347409,18.228212811665
VisualCogA_Task-2,2,1,Fz,0.12109375,17.7373200778671,19.2188494136202,18.9922212795243
VisualCogA_Task-2,2,1,Fz,0.125,18.7849199353105,19.969931823172,19.6243716513643
VisualCogA_Task-2,2,1,Fz,0.12890625,19.6877326404659,20.3505883855779,20.1158990013234
VisualCogA_Task-2,2,1,Fz,0.1328125,20.3613955238155,20.6611156962434,20.4868350845242
VisualCogA_Task-2,2,1,Fz,0.13671875,20.8118490128993,20.7731340849016,20.7767691047769
VisualCogA_Task-2,2,1,Fz,0.140625,21.1263480333945,20.6286008763927,21.0398136502017
VisualCogA_Task-2,2,1,Fz,0.14453125,21.4216364181622,20.9084489385579,21.3297783905959
VisualCogA_Task-2,2,1,Fz,0.1484375,21.7799511640398,21.8007542995882,21.6662052646059
VisualCogA_Task-2,2,1,Fz,0.15234375,22.213693177241,22.1245257992858,22.0335254232086
VisualCogA_Task-2,2,1,Fz,0.15625,22.6791736643066,22.5151735259324,22.4273824369623
VisualCogA_Task-2,2,1,Fz,0.16015625,23.1226757165409,22.8634153051869,22.8510032410988
VisualCogA_Task-2,2,1,Fz,0.1640625,23.5208173123753,23.0700280375169,23.3149306949305
VisualCogA_Task-2,2,1,Fz,0.16796875,23.8889648713974,23.6013118026134,23.8307419964439
VisualCogA_Task-2,2,1,Fz,0.171875,24.2605679677626,24.1297515377483,24.3896057888409
VisualCogA_Task-2,2,1,Fz,0.17578125,24.6586937411135,24.9011384714903,24.9635715325044
VisualCogA_Task-2,2,1,Fz,0.1796875,25.0784882989561,25.6653636993705,25.5030341668927
VisualCogA_Task-2,2,1,Fz,0.18359375,25.4867154140527,26.220369365754,25.9531858763798
VisualCogA_Task-2,2,1,Fz,0.1875,25.8338648971819,26.6233814522424,26.2727463063792
VisualCogA_Task-2,2,1,Fz,0.19140625,26.0693432093171,26.6510827017039,26.4427003930859
VisualCogA_Task-2,2,1,Fz,0.1953125,26.1534752420591,26.6945517945875,26.4732526681833
VisualCogA_Task-2,2,1,Fz,0.19921875,26.0692377821354,26.5579661223332,26.3919728557397
VisualCogA_Task-2,2,1,Fz,0.203125,25.8382953835852,26.0747307528263,26.2448722736904
VisualCogA_Task-2,2,1,Fz,0.20703125,25.5338259784141,26.0912308966141,26.0917950121868
VisualCogA_Task-2,2,1,Fz,0.2109375,25.2741298679128,26.0477951516341,25.9784067013083
VisualCogA_Task-2,2,1,Fz,0.21484375,25.192040020778,25.9603493936179,25.9503259615033
VisualCogA_Task-2,2,1,Fz,0.21875,25.3936537672352,25.5175523498153,26.0589537840805
VisualCogA_Task-2,2,1,Fz,0.22265625,25.9252190726664,25.9441906584401,26.3565264463583
VisualCogA_Task-2,2,1,Fz,0.2265625,26.7594649965512,26.6263026438738,26.8501634394663
VisualCogA_Task-2,2,1,Fz,0.23046875,27.8055089584102,27.473572626158,27.5126229388742
VisualCogA_Task-2,2,1,Fz,0.234375,28.941420082018,28.2804472201567,28.2980080537523
VisualCogA_Task-2,2,1,Fz,0.23828125,30.0578830628616,29.2798662579234,29.1571677005448
VisualCogA_Task-2,2,1,Fz,0.2421875,31.0897805643665,30.0122513989953,30.0394873928958
VisualCogA_Task-2,2,1,Fz,0.24609375,32.0169712249915,31.3330871317566,30.9045775242314
VisualCogA_Task-2,2,1,Fz,0.25,32.8392710559327,31.6736094340919,31.709778821819
VisualCogA_Task-2,2,1,Fz,0.25390625,33.5521462111408,32.5706649083406,32.4481411468866
VisualCogA_Task-2,2,1,Fz,0.2578125,34.1466309949602,33.1153284999651,33.1097002450181
VisualCogA_Task-2,2,1,Fz,0.26171875,34.6319412434163,33.7137793443455,33.6947021752522
VisualCogA_Task-2,2,1,Fz,0.265625,35.0560864261704,34.288185659321,34.2038620178728
VisualCogA_Task-2,2,1,Fz,0.26953125,35.4998558380086,34.662033365067,34.6394846172551
VisualCogA_Task-2,2,1,Fz,0.2734375,36.0422583817527,34.983785356919,35.0109017878951
VisualCogA_Task-2,2,1,Fz,0.27734375,36.7204798670793,35.3452759521295,35.3293244066061
VisualCogA_Task-2,2,1,Fz,0.28125,37.5136304309134,35.7172688998659,35.6037036476205
VisualCogA_Task-2,2,1,Fz,0.28515625,38.3620480183706,36.1389356288424,35.8443199806306
VisualCogA_Task-2,2,1,Fz,0.2890625,39.2070405980047,36.3378652307866,36.0709176463494
VisualCogA_Task-2,2,1,Fz,0.29296875,40.0221805038369,36.0067504370071,36.3277921895073
VisualCogA_Task-2,2,1,Fz,0.296875,40.8175131240832,36.096773887364,36.6814847868712
VisualCogA_Task-2,2,1,Fz,0.30078125,41.6208006179015,36.9078764840802,37.1717831358332
VisualCogA_Task-2,2,1,Fz,0.3046875,42.4537137455102,37.8783682694562,37.7897490254928
VisualCogA_Task-2,2,1,Fz,0.30859375,43.3169132128127,38.1595186386692,38.5044520239704
VisualCogA_Task-2,2,1,Fz,0.3125,44.1868037400295,39.144930255801,39.292346636383
VisualCogA_Task-2,2,1,Fz,0.31640625,45.0224255413213,40.569387652291,40.1011429190728
VisualCogA_Task-2,2,1,Fz,0.3203125,45.7825751291206,41.4401205877192,40.8662662300001
VisualCogA_Task-2,2,1,Fz,0.32421875,46.449140047979,41.7807110248282,41.5621623215598
VisualCogA_Task-2,2,1,Fz,0.328125,47.042128630629,41.7914803172905,42.2110981426237
VisualCogA_Task-2,2,1,Fz,0.33203125,47.6104904394341,42.8929028957623,42.8535530340023
VisualCogA_Task-2,2,1,Fz,0.3359375,48.1992860688972,43.0489292413761,43.4950381843954
VisualCogA_Task-2,2,1,Fz,0.33984375,48.8139593797882,43.7302057622705,44.1443439376491
VisualCogA_Task-2,2,1,Fz,0.34375,49.4064875906871,44.5644403505836,44.773084892358
VisualCogA_Task-2,2,1,Fz,0.34765625,49.8939270084647,45.4198145764097,45.3183641325019
VisualCogA_Task-2,2,1,Fz,0.3515625,50.1998068146791,46.0173427219479,45.6998976969126
VisualCogA_Task-2,2,1,Fz,0.35546875,50.2943384789303,47.0364850348802,45.8458558280808
VisualCogA_Task-2,2,1,Fz,0.359375,50.2086190340871,46.8459591317308,45.7108625205836
VisualCogA_Task-2,2,1,Fz,0.36328125,50.0150015564108,45.2824690557389,45.3487608695647
VisualCogA_Task-2,2,1,Fz,0.3671875,49.7898875548241,44.1283659532135,44.90798535443
VisualCogA_Task-2,2,1,Fz,0.37109375,49.5846434241933,43.4329531425404,44.5314461367666
VisualCogA_Task-2,2,1,Fz,0.375,49.4178609311676,43.6694900749878,44.2970850947268
VisualCogA_Task-2,2,1,Fz,0.37890625,49.2845415275645,44.3761890590026,44.1913030236109
VisualCogA_Task-2,2,1,Fz,0.3828125,49.1719690159476,44.5994358441523,44.1482011337407
VisualCogA_Task-2,2,1,Fz,0.38671875,49.0747466910633,44.7901653075101,44.1172878050542
VisualCogA_Task-2,2,1,Fz,0.390625,49.0025702449836,44.6251201941307,44.0856743100235
VisualCogA_Task-2,2,1,Fz,0.39453125,48.9763836149396,43.5755410349893,44.0965450463255
VisualCogA_Task-2,2,1,Fz,0.3984375,49.0172229411662,43.2839606008113,44.2380382353126
VisualCogA_Task-2,2,1,Fz,0.40234375,49.1388570925873,44.3162337308848,44.5548750973926
VisualCogA_Task-2,2,1,Fz,0.40625,49.3488902966484,45.3877861577839,45.0122703834314
VisualCogA_Task-2,2,1,Fz,0.41015625,49.6498127830844,45.3682791611121,45.5555520637526
VisualCogA_Task-2,2,1,Fz,0.4140625,50.0298473842808,45.3604096817343,46.1613410898758
VisualCogA_Task-2,2,1,Fz,0.41796875,50.4478756066868,46.3324244206265,46.7906523381008
VisualCogA_Task-2,2,1,Fz,0.421875,50.8306721575632,48.4057516691052,47.3377564007153
VisualCogA_Task-2,2,1,Fz,0.42578125,51.0973143176215,49.4126867596086,47.6587382102175
VisualCogA_Task-2,2,1,Fz,0.4296875,51.2064195571155,48.9376501114497,47.6986823048051
VisualCogA_Task-2,2,1,Fz,0.43359375,51.2012478282243,47.8872357664087,47.5488356017912
VisualCogA_Task-2,2,1,Fz,0.4375,51.220075657627,46.3074336594584,47.4036923357096
VisualCogA_Task-2,2,1,Fz,0.44140625,51.4531718745832,46.1666232057553,47.4859467548122
VisualCogA_Task-2,2,1,Fz,0.4453125,52.0595207515898,47.1342595688722,47.9269382176631
VisualCogA_Task-2,2,1,Fz,0.44921875,53.0857578112961,48.2671674629488,48.7480624537385
VisualCogA_Task-2,2,1,Fz,0.453125,54.433170230979,49.3422031080398,49.9046586384485
VisualCogA_Task-2,2,1,Fz,0.45703125,55.8923501768106,51.0899055527193,51.3119913646375
VisualCogA_Task-2,2,1,Fz,0.4609375,57.228229391997,53.182997944429,52.8384539309491
VisualCogA_Task-2,2,1,Fz,0.46484375,58.2736439230666,55.2759648804006,54.3339324850338
VisualCogA_Task-2,2,1,Fz,0.46875,58.9878753831948,56.5931529152056,55.6770251756653
VisualCogA_Task-2,2,1,Fz,0.47265625,59.455334125844,57.2995985079189,56.8248328512312
VisualCogA_Task-2,2,1,Fz,0.4765625,59.8293754809223,57.6643685320559,57.8108003384141
VisualCogA_Task-2,2,1,Fz,0.48046875,60.2544062792702,58.1363057840879,58.7079362686207
VisualCogA_Task-2,2,1,Fz,0.484375,60.8105068411619,59.5482215533045,59.5770466227277
VisualCogA_Task-2,2,1,Fz,0.48828125,61.5084347594518,60.7869836387629,60.4313015079008
VisualCogA_Task-2,2,1,Fz,0.4921875,62.3277500703876,61.5597196838878,61.2814689421868
VisualCogA_Task-2,2,1,Fz,0.49609375,63.2630835195757,62.0312009306672,62.1679571212048
VisualCogA_Task-2,2,1,Fz,0.5,64.3437826734575,62.9166827676001,63.1543618023819
VisualCogA_Task-2,2,1,Fz,0.50390625,65.6166231211009,64.0027743122163,64.292882393934
VisualCogA_Task-2,2,1,Fz,0.5078125,67.1084675102763,65.0912454270977,65.615911717845
VisualCogA_Task-2,2,1,Fz,0.51171875,68.7970932352286,66.8895369304927,67.1316669226224
VisualCogA_Task-2,2,1,Fz,0.515625,70.6107594110655,69.0648385868566,68.8046429658781
VisualCogA_Task-2,2,1,Fz,0.51953125,72.458711047631,70.9980267853075,70.5791573058797
VisualCogA_Task-2,2,1,Fz,0.5234375,74.2761389225003,72.7684694497106,72.42121036931
VisualCogA_Task-2,2,1,Fz,0.52734375,76.0582794374823,74.5931444797165,74.3317083728036
VisualCogA_Task-2,2,1,Fz,0.53125,77.8662316922495,76.4107487749259,76.3404957896956
VisualCogA_Task-2,2,1,Fz,0.53515625,79.8055190118402,78.3041932219663,78.4992034355635
VisualCogA_Task-2,2,1,Fz,0.5390625,81.9906807026296,80.4037595012965,80.8653165414209
VisualCogA_Task-2,2,1,Fz,0.54296875,84.5087021754489,83.3534995812034,83.4800694871481
VisualCogA_Task-2,2,1,Fz,0.546875,87.3905071928455,86.199384433908,86.3462335659484
VisualCogA_Task-2,2,1,Fz,0.55078125,90.5990666756357,89.1893132251418,89.4560325788631
VisualCogA_Task-2,2,1,Fz,0.5546875,94.0392858634437,92.3515957985423,92.7894528992632
VisualCogA_Task-2,2,1,Fz,0.55859375,97.5866120072069,96.3357294851452,96.3042542877099
VisualCogA_Task-2,2,1,Fz,0.5625,101.124027599988,100.185710839022,99.9217084130374
VisualCogA_Task-2,2,1,Fz,0.56640625,104.573030608414,103.687187838792,103.5657098772
VisualCogA_Task-2,2,1,Fz,0.5703125,107.903546136412,107.06095315143,107.182153484316
VisualCogA_Task-2,2,1,Fz,0.57421875,111.1161960768,110.566988308589,110.727057201971
VisualCogA_Task-2,2,1,Fz,0.578125,114.209190918593,114.243668690794,114.146338970011
VisualCogA_Task-2,2,1,Fz,0.58203125,117.156756360328,117.695020354718,117.37257765383
VisualCogA_Task-2,2,1,Fz,0.5859375,119.918456166863,120.828136469063,120.346462928892
VisualCogA_Task-2,2,1,Fz,0.58984375,122.470810567699,123.338528515825,123.03555469573
VisualCogA_Task-2,2,1,Fz,0.59375,124.82983081204,125.663889873029,125.447552316561
VisualCogA_Task-2,2,1,Fz,0.59765625,127.039269518381,127.550345560554,127.615402971943
VisualCogA_Task-2,2,1,Fz,0.6015625,129.129737143323,129.37531300307,129.590081972139
VisualCogA_Task-2,2,1,Fz,0.60546875,131.081619500093,131.224098510649,131.417143176463
VisualCogA_Task-2,2,1,Fz,0.609375,132.827660476583,133.024234929801,133.12424303014
VisualCogA_Task-2,2,1,Fz,0.61328125,134.304567250804,134.86356135945,134.72295092291
VisualCogA_Task-2,2,1,Fz,0.6171875,135.522386888941,136.469724950552,136.216502236152
VisualCogA_Task-2,2,1,Fz,0.62109375,136.597683093917,137.812107549039,137.619849887623
VisualCogA_Task-2,2,1,Fz,0.625,137.716618406316,138.890874110616,138.969048687947
VisualCogA_Task-2,2,1,Fz,0.62890625,139.045145086055,139.884640058898,140.316174919532
VisualCogA_Task-2,2,1,Fz,0.6328125,140.643616867636,141.399204152779,141.706790316676
VisualCogA_Task-2,2,1,Fz,0.63671875,142.440261079968,143.053999041901,143.150495375289
VisualCogA_Task-2,2,1,Fz,0.640625,144.277584627646,144.709574788481,144.631258410958
VisualCogA_Task-2,2,1,Fz,0.64453125,146.000588759957,146.265356090843,146.125006378155
VisualCogA_Task-2,2,1,Fz,0.6484375,147.534830521209,147.68625327328,147.614192596143
VisualCogA_Task-2,2,1,Fz,0.65234375,148.912499717974,149.022937757189,149.092966193577
VisualCogA_Task-2,2,1,Fz,0.65625,150.235461583475,150.375242789663,150.561481355541
VisualCogA_Task-2,2,1,Fz,0.66015625,151.600788267832,151.773641447549,152.014056564084
VisualCogA_Task-2,2,1,Fz,0.6640625,153.037732934537,153.303394024065,153.429490420769
VisualCogA_Task-2,2,1,Fz,0.66796875,154.495661575619,154.853330514088,154.766546934112
VisualCogA_Task-2,2,1,Fz,0.671875,155.882078678332,156.277055384188,155.973482079569
VisualCogA_Task-2,2,1,Fz,0.67578125,157.11304776914,157.273520966737,157.005783797596
VisualCogA_Task-2,2,1,Fz,0.6796875,158.138933249859,158.003686543754,157.844237804035
VisualCogA_Task-2,2,1,Fz,0.68359375,158.940466257531,158.611444760307,158.491941245486
VisualCogA_Task-2,2,1,Fz,0.6875,159.517049122461,159.045951531882,158.965278663529
VisualCogA_Task-2,2,1,Fz,0.69140625,159.8865255442,159.314430149894,159.290593225978
VisualCogA_Task-2,2,1,Fz,0.6953125,160.093655465605,159.427827065944,159.500950839675
VisualCogA_Task-2,2,1,Fz,0.69921875,160.210449498896,159.542556065262,159.631403821789
VisualCogA_Task-2,2,1,Fz,0.703125,160.317837818449,159.442004149478,159.71091084168
VisualCogA_Task-2,2,1,Fz,0.70703125,160.475023333086,159.700671973859,159.761026588994
VisualCogA_Task-2,2,1,Fz,0.7109375,160.695063076771,159.881107762804,159.780896862363
VisualCogA_Task-2,2,1,Fz,0.71484375,160.944388231241,159.877273146931,159.764637909157
VisualCogA_Task-2,2,1,Fz,0.71875,161.169091860343,159.785055762284,159.714716885115
VisualCogA_Task-2,2,1,Fz,0.72265625,161.330474785385,159.630522421278,159.642987215791
VisualCogA_Task-2,2,1,Fz,0.7265625,161.424333256097,159.458344628974,159.567163899838
VisualCogA_Task-2,2,1,Fz,0.73046875,161.473091526063,159.329185449975,159.50392320303
VisualCogA_Task-2,2,1,Fz,0.734375,161.503115571376,159.506688308107,159.46087311857
VisualCogA_Task-2,2,1,Fz,0.73828125,161.527210943127,159.587189948452,159.431060160241
VisualCogA_Task-2,2,1,Fz,0.7421875,161.541271033589,159.592346681818,159.411348774286
VisualCogA_Task-2,2,1,Fz,0.74609375,161.532462160054,159.390896920847,159.411614222633
VisualCogA_Task-2,2,1,Fz,0.75,161.494196224229,159.463657756997,159.45681492617
VisualCogA_Task-2,2,1,Fz,0.75390625,161.44279325731,159.479700587537,159.57018286397
VisualCogA_Task-2,2,1,Fz,0.7578125,161.426602896639,159.630047991952,159.775520251008
VisualCogA_Task-2,2,1,Fz,0.76171875,161.517166924366,159.938509047986,160.089089112558
VisualCogA_Task-2,2,1,Fz,0.765625,161.780867483335,160.381297732496,160.515028785637
VisualCogA_Task-2,2,1,Fz,0.76953125,162.244706364197,160.954093927741,161.044930268549
VisualCogA_Task-2,2,1,Fz,0.7734375,162.878783724615,161.667546461378,161.659240305167
VisualCogA_Task-2,2,1,Fz,0.77734375,163.610099813958,162.371700919987,162.330835944301
VisualCogA_Task-2,2,1,Fz,0.78125,164.360939033781,163.147435279584,163.033286414443
VisualCogA_Task-2,2,1,Fz,0.78515625,165.087040386423,163.847110627678,163.743566358723
VisualCogA_Task-2,2,1,Fz,0.7890625,165.789935236972,164.503750541592,164.448162825703
VisualCogA_Task-2,2,1,Fz,0.79296875,166.494203632513,165.176376623162,165.142191553024
VisualCogA_Task-2,2,1,Fz,0.796875,167.204090699935,165.892913620911,165.825400587982
VisualCogA_Task-2,2,1,Fz,0.80078125,167.870888854747,166.401712063084,166.500386733721
VisualCogA_Task-2,2,1,F3,-0.19921875,-16.8818470129197,-15.3968521515254,-15.3735619717882
VisualCogA_Task-2,2,1,F3,-0.1953125,-15.8227245798276,-14.7005009326391,-14.8744866036213
VisualCogA_Task-2,2,1,F3,-0.19140625,-14.9604729476991,-14.2303271567703,-14.3773520837658
VisualCogA_Task-2,2,1,F3,-0.1875,-14.2222016681298,-13.9275432952911,-13.869600454618
VisualCogA_Task-2,2,1,F3,-0.18359375,-13.5136679361824,-13.3966775523052,-13.3264216813245
VisualCogA_Task-2,2,1,F3,-0.1796875,-12.7888224584886,-12.9439616145173,-12.7278342990881
VisualCogA_Task-2,2,1,F3,-0.17578125,-12.0639954749337,-12.2389364980577,-12.0597114990265
VisualCogA_Task-2,2,1,F3,-0.171875,-11.378955957023,-11.4662232558606,-11.3259370818766
VisualCogA_Task-2,2,1,F3,-0.16796875,-10.7504829660416,-10.4609509079378,-10.5453302649614
VisualCogA_Task-2,2,1,F3,-0.1640625,-10.1570634061427,-9.76987943101082,-9.74840078010229
VisualCogA_Task-2,2,1,F3,-0.16015625,-9.55552620813034,-8.88127513874688,-8.95862674603544
VisualCogA_Task-2,2,1,F3,-0.15625,-8.90707183557072,-8.10079456614936,-8.20127616907279
VisualCogA_Task-2,2,1,F3,-0.15234375,-8.19682226922798,-7.43159959783067,-7.49517108825221
VisualCogA_Task-2,2,1,F3,-0.1484375,-7.44468481230882,-6.79151944772756,-6.85076007570126
VisualCogA_Task-2,2,1,F3,-0.14453125,-6.70535209260358,-6.21644054762776,-6.27319407934572
VisualCogA_Task-2,2,1,F3,-0.140625,-6.05081074135367,-5.6439062554127,-5.76268732811356
VisualCogA_Task-2,2,1,F3,-0.13671875,-5.53711317411478,-5.23651713017264,-5.31472458995626
VisualCogA_Task-2,2,1,F3,-0.1328125,-5.17393050949535,-4.95661181099318,-4.91489221010021
VisualCogA_Task-2,2,1,F3,-0.12890625,-4.91864652746496,-4.56218367485572,-4.54225924545653
VisualCogA_Task-2,2,1,F3,-0.125,-4.69767682613405,-4.09028666146794,-4.17937138634407
VisualCogA_Task-2,2,1,F3,-0.12109375,-4.43728861252088,-3.89334886099887,-3.81043469219828
VisualCogA_Task-2,2,1,F3,-0.1171875,-4.08690134010747,-3.61267264121209,-3.4122314953816
VisualCogA_Task-2,2,1,F3,-0.11328125,-3.63047753124012,-3.15683085959111,-2.96845364232318
VisualCogA_Task-2,2,1,F3,-0.109375,-3.08650352556136,-2.6089459881001,-2.47949640827139
VisualCogA_Task-2,2,1,F3,-0.10546875,-2.49667960459047,-1.89734129063441,-1.96145316991358
VisualCogA_Task-2,2,1,F3,-0.1015625,-1.90733049277968,-1.22071456885,-1.44120476892283
VisualCogA_Task-2,2,1,F3,-0.09765625,-1.35174398123565,-0.7211157436489,-0.940289390365635
VisualCogA_Task-2,2,1,F3,-0.09375,-0.840255649235635,-0.284417162992854,-0.46187103596907
VisualCogA_Task-2,2,1,F3,-0.08984375,-0.360471677211181,0.0920113411174445,0.00915076309950749
VisualCogA_Task-2,2,1,F3,-0.0859375,0.113882472645154,0.472651316599035,0.502664298420759
VisualCogA_Task-2,2,1,F3,-0.08203125,0.610989716783949,0.890323522667651,1.05546290974351
VisualCogA_Task-2,2,1,F3,-0.078125,1.15461721605542,1.44909171776847,1.7018388549981
VisualCogA_Task-2,2,1,F3,-0.07421875,1.76884239702903,2.28557778763649,2.46232277652523
VisualCogA_Task-2,2,1,F3,-0.0703125,2.48771755708636,3.20479425862733,3.33638305522978
VisualCogA_Task-2,2,1,F3,-0.06640625,3.3550644441669,4.20602388823949,4.30875932294259
VisualCogA_Task-2,2,1,F3,-0.0625,4.4056865321881,5.27855102471919,5.35322547844428
VisualCogA_Task-2,2,1,F3,-0.05859375,5.63747422641939,6.16071789216306,6.43499413429023
VisualCogA_Task-2,2,1,F3,-0.0546875,6.99719084286892,7.64830089861096,7.51305503189205
VisualCogA_Task-2,2,1,F3,-0.05078125,8.39542274111829,9.13474725895041,8.52354155915076
VisualCogA_Task-2,2,1,F3,-0.046875,9.7431733015613,9.87073261322054,9.41385759286063
VisualCogA_Task-2,2,1,F3,-0.04296875,10.9875994198209,10.2896317609512,10.1823408181326
VisualCogA_Task-2,2,1,F3,-0.0390625,12.129287661187,10.713569967066,10.8654018384408
VisualCogA_Task-2,2,1,F3,-0.03515625,13.2151974649132,11.2892945245008,11.508392169161
VisualCogA_Task-2,2,1,F3,-0.03125,14.3085955863158,11.8975132312039,12.1440106697212
VisualCogA_Task-2,2,1,F3,-0.02734375,15.4454195431499,12.6986427553551,12.7866980624942
VisualCogA_Task-2,2,1,F3,-0.0234375,16.5984544839203,13.3724237088223,13.4303536166431
VisualCogA_Task-2,2,1,F3,-0.01953125,17.6749106307357,14.0247966032723,14.0615386590693
VisualCogA_Task-2,2,1,F3,-0.015625,18.5573146690326,14.8922894339037,14.661987024356
VisualCogA_Task-2,2,1,F3,-0.01171875,19.1670299293496,15.4089161303053,15.2103707091031
VisualCogA_Task-2,2,1,F3,-0.0078125,19.5084912353918,15.8807827468436,15.7045535773731
VisualCogA_Task-2,2,1,F3,-0.00390625,19.663159746535,16.3195482339727,16.1589449449951
VisualCogA_Task-2,2,1,F3,0,19.7397150784466,16.5119772594868,16.6026398919207
VisualCogA_Task-2,2,1,F3,0.00390625,19.8190073782698,16.8140692010778,17.0781171055166
VisualCogA_Task-2,2,1,F3,0.0078125,19.9317443477622,17.6770198027733,17.6203000537798
VisualCogA_Task-2,2,1,F3,0.01171875,20.0775977664441,18.3653982990638,18.2421082126706
VisualCogA_Task-2,2,1,F3,0.015625,20.2639789099656,18.5990832169191,18.9611877038991
VisualCogA_Task-2,2,1,F3,0.01953125,20.5331831307386,19.5010603709241,19.8054588230412
VisualCogA_Task-2,2,1,F3,0.0234375,20.9581177592045,20.5202860801523,20.772666491758
VisualCogA_Task-2,2,1,F3,0.02734375,21.6071281803738,21.6561474791902,21.835189094034
VisualCogA_Task-2,2,1,F3,0.03125,22.4969294312467,22.8135228185941,22.9443733128867
VisualCogA_Task-2,2,1,F3,0.03515625,23.5626443441971,24.0112602779689,24.0366456967631
VisualCogA_Task-2,2,1,F3,0.0390625,24.6679179561396,25.2508182869798,25.0375285862527
VisualCogA_Task-2,2,1,F3,0.04296875,25.6531818373748,26.3785431919337,25.8704288703785
VisualCogA_Task-2,2,1,F3,0.046875,26.3930933112144,27.1636694407144,26.476527579891
VisualCogA_Task-2,2,1,F3,0.05078125,26.8314470801267,27.4972300699166,26.8393486056702
VisualCogA_Task-2,2,1,F3,0.0546875,26.9844862085071,27.0998510109025,26.9996776603315
VisualCogA_Task-2,2,1,F3,0.05859375,26.9244044872298,26.9870719761152,27.0531239118438
VisualCogA_Task-2,2,1,F3,0.0625,26.7572477406433,26.7799084958327,27.1036443073908
VisualCogA_Task-2,2,1,F3,0.06640625,26.6022095633043,26.8234488220922,27.2496914661782
VisualCogA_Task-2,2,1,F3,0.0703125,26.5736421312336,27.1106532523116,27.5627400231157
VisualCogA_Task-2,2,1,F3,0.07421875,26.7644126734535,27.8076549812247,28.0787443927723
VisualCogA_Task-2,2,1,F3,0.078125,27.2296611217052,28.608683076622,28.7959850921498
VisualCogA_Task-2,2,1,F3,0.08203125,27.9738688674042,29.5516076948387,29.6901518539546
VisualCogA_Task-2,2,1,F3,0.0859375,28.94790374739,30.6990705429527,30.7213259095991
VisualCogA_Task-2,2,1,F3,0.08984375,30.0620296813534,31.9359225023356,31.8380431439024
VisualCogA_Task-2,2,1,F3,0.09375,31.2145762082601,33.3412742654943,32.9869848277968
VisualCogA_Task-2,2,1,F3,0.09765625,32.3267858532886,34.4986593836236,34.1229888454171
VisualCogA_Task-2,2,1,F3,0.1015625,33.3688541316766,35.4787992181504,35.2304172007061
VisualCogA_Task-2,2,1,F3,0.10546875,34.365794830947,36.3747296858827,36.3249377757909
VisualCogA_Task-2,2,1,F3,0.109375,35.3820152414951,37.2751023556374,37.4429169542518
VisualCogA_Task-2,2,1,F3,0.11328125,36.4920539186186,38.2772009125456,38.6248704455104
VisualCogA_Task-2,2,1,F3,0.1171875,37.7475430308608,39.50443014217,39.8973294091035
VisualCogA_Task-2,2,1,F3,0.12109375,39.1513459550843,40.9743423764129,41.2578525434878
VisualCogA_Task-2,2,1,F3,0.125,40.6515270137335,42.5542908825179,42.671256941542
VisualCogA_Task-2,2,1,F3,0.12890625,42.1619766059626,44.1664530968723,44.0787338488886
VisualCogA_Task-2,2,1,F3,0.1328125,43.5989739437995,45.589892837691,45.4117273395647
VisualCogA_Task-2,2,1,F3,0.13671875,44.9093570465181,46.914584261428,46.6089914249393
VisualCogA_Task-2,2,1,F3,0.140625,46.0730186961726,47.9684674954749,47.6241272412254
VisualCogA_Task-2,2,1,F3,0.14453125,47.0843831976196,48.863676470028,48.4362019943433
VisualCogA_Task-2,2,1,F3,0.1484375,47.9346264692293,49.4401574271642,49.0529779114007
VisualCogA_Task-2,2,1,F3,0.15234375,48.614789822968,49.623842445783,49.5178400924791
VisualCogA_Task-2,2,1,F3,0.15625,49.1396267256431,49.706016067385,49.9064385973071
VisualCogA_Task-2,2,1,F3,0.16015625,49.5688381087825,49.9370015965381,50.3032570150548
VisualCogA_Task-2,2,1,F3,0.1640625,49.9993554853194,50.3072393247498,50.7760770573993
VisualCogA_Task-2,2,1,F3,0.16796875,50.526374351933,50.8189351111986,51.3621591511411
VisualCogA_Task-2,2,1,F3,0.171875,51.1996148331462,51.7293555901381,52.0596939120263
VisualCogA_Task-2,2,1,F3,0.17578125,52.0052663088556,52.8625834218911,52.8216032858062
VisualCogA_Task-2,2,1,F3,0.1796875,52.8808607366163,53.7929376500067,53.5732810247411
VisualCogA_Task-2,2,1,F3,0.18359375,53.745559759843,54.5867253762197,54.2435358924319
VisualCogA_Task-2,2,1,F3,0.1875,54.5236636401818,55.1791021470628,54.7794813712514
VisualCogA_Task-2,2,1,F3,0.19140625,55.1533504539987,55.5388797300457,55.1568300672216
VisualCogA_Task-2,2,1,F3,0.1953125,55.590971759983,55.6789864186529,55.384596317682
VisualCogA_Task-2,2,1,F3,0.19921875,55.826440374643,55.6458645042112,55.5036319318741
VisualCogA_Task-2,2,1,F3,0.203125,55.9083250315461,55.5230817697171,55.5793212274536
VisualCogA_Task-2,2,1,F3,0.20703125,55.9539471554465,55.4323295511356,55.6889012364377
VisualCogA_Task-2,2,1,F3,0.2109375,56.1206991683414,55.5090302513716,55.9049223693655
VisualCogA_Task-2,2,1,F3,0.21484375,56.5456125360191,55.8554570235945,56.2785540630008
VisualCogA_Task-2,2,1,F3,0.21875,57.2900107787521,56.5008933483894,56.8279747442748
VisualCogA_Task-2,2,1,F3,0.22265625,58.3237592781912,57.3960738556725,57.5361047535014
VisualCogA_Task-2,2,1,F3,0.2265625,59.5523219424862,58.441803280037,58.3586076480039
VisualCogA_Task-2,2,1,F3,0.23046875,60.8615656836795,59.5285519957548,59.23947774362
VisualCogA_Task-2,2,1,F3,0.234375,62.1543240319371,60.2309276206445,60.1296423255235
VisualCogA_Task-2,2,1,F3,0.23828125,63.3698044489909,61.0134608152348,61.0041181998992
VisualCogA_Task-2,2,1,F3,0.2421875,64.4875025103778,61.9002211439972,61.8463626141923
VisualCogA_Task-2,2,1,F3,0.24609375,65.5165598888073,62.841302387572,62.6406113671257
VisualCogA_Task-2,2,1,F3,0.25,66.4734789874891,63.6057148494245,63.3755884682392
VisualCogA_Task-2,2,1,F3,0.25390625,67.3613534425334,64.1402813800995,64.0567421787769
VisualCogA_Task-2,2,1,F3,0.2578125,68.1695817119838,64.6759677441896,64.7086979584147
VisualCogA_Task-2,2,1,F3,0.26171875,68.8993524217008,65.1799443534887,65.3630428669387
VisualCogA_Task-2,2,1,F3,0.265625,69.5926865236573,65.8288382757351,66.0486364462831
VisualCogA_Task-2,2,1,F3,0.26953125,70.3311021802288,66.7256975515953,66.7790800289276
VisualCogA_Task-2,2,1,F3,0.2734375,71.1943260723673,67.6319238816607,67.5496584331398
VisualCogA_Task-2,2,1,F3,0.27734375,72.2087997977794,68.4192136247651,68.3512079374095
VisualCogA_Task-2,2,1,F3,0.28125,73.3283766872543,69.210560759416,69.1814202742699
VisualCogA_Task-2,2,1,F3,0.28515625,74.4626986426625,70.0164247280052,70.0436543168672
VisualCogA_Task-2,2,1,F3,0.2890625,75.5303339209797,70.8223380033711,70.9436973121097
VisualCogA_Task-2,2,1,F3,0.29296875,76.4987953848546,71.6913178649125,71.8850673745006
VisualCogA_Task-2,2,1,F3,0.296875,77.3895259418678,72.7250315302545,72.8611693428147
VisualCogA_Task-2,2,1,F3,0.30078125,78.2530336347627,73.9603200685711,73.8492622633613
VisualCogA_Task-2,2,1,F3,0.3046875,79.1354347602092,74.9602734675,74.8152603647361
VisualCogA_Task-2,2,1,F3,0.30859375,80.0559467748735,75.8654871589173,75.7343326926358
VisualCogA_Task-2,2,1,F3,0.3125,81.0030538957584,76.6727856679371,76.5937327179875
VisualCogA_Task-2,2,1,F3,0.31640625,81.9466955419113,77.6127969191059,77.3916434505747
VisualCogA_Task-2,2,1,F3,0.3203125,82.859065987829,78.2480339278097,78.1328356460103
VisualCogA_Task-2,2,1,F3,0.32421875,83.7336749604813,78.7418436992014,78.840509515618
VisualCogA_Task-2,2,1,F3,0.328125,84.5904874488079,79.2656037509823,79.5474651275382
VisualCogA_Task-2,2,1,F3,0.33203125,85.4604411287525,80.022094139283,80.2782803985432
VisualCogA_Task-2,2,1,F3,0.3359375,86.3575861507962,80.9603343343133,81.034044797359
VisualCogA_Task-2,2,1,F3,0.33984375,87.260478986019,81.8541349230467,81.7944989377729
VisualCogA_Task-2,2,1,F3,0.34375,88.1208223111209,82.6112235787687,82.5332408949855
VisualCogA_Task-2,2,1,F3,0.34765625,88.8960571150072,83.268894248041,83.2288384096367
VisualCogA_Task-2,2,1,F3,0.3515625,89.5815251203161,83.9670076217342,83.8663577793481
VisualCogA_Task-2,2,1,F3,0.35546875,90.2152091700275,84.5104191908621,84.4342032882752
VisualCogA_Task-2,2,1,F3,0.359375,90.8476379866892,84.9416833005761,84.929166707439
VisualCogA_Task-2,2,1,F3,0.36328125,91.4983811032584,85.3974846688187,85.3543911330759
VisualCogA_Task-2,2,1,F3,0.3671875,92.1342847845736,85.7739737865972,85.7140627108505
VisualCogA_Task-2,2,1,F3,0.37109375,92.6874266943534,85.9411754767817,86.0159587144059
VisualCogA_Task-2,2,1,F3,0.375,93.0978205037165,86.3575015201917,86.2728490070308
VisualCogA_Task-2,2,1,F3,0.37890625,93.3503384793143,86.7574713449309,86.491271515545
VisualCogA_Task-2,2,1,F3,0.3828125,93.4879886483874,86.8093228037645,86.6848185428654
VisualCogA_Task-2,2,1,F3,0.38671875,93.6021602243325,86.8184588465688,86.889265711024
VisualCogA_Task-2,2,1,F3,0.390625,93.8050231535117,86.8933009333179,87.1507639971279
VisualCogA_Task-2,2,1,F3,0.39453125,94.189244772388,87.2635537645168,87.5095638062462
VisualCogA_Task-2,2,1,F3,0.3984375,94.7895593275063,87.5993596262253,87.9844602881305
VisualCogA_Task-2,2,1,F3,0.40234375,95.5690648493242,88.2442312750127,88.5737477557215
VisualCogA_Task-2,2,1,F3,0.40625,96.4417735017399,89.0876553138825,89.2436288001346
VisualCogA_Task-2,2,1,F3,0.41015625,97.3165289384909,90.0277394318647,89.9328463057592
VisualCogA_Task-2,2,1,F3,0.4140625,98.1314873466567,91.0718017127414,90.5671453664637
VisualCogA_Task-2,2,1,F3,0.41796875,98.8591334030512,92.1041490453724,91.0801788366255
VisualCogA_Task-2,2,1,F3,0.421875,99.4885090755816,92.0489046090167,91.4476542661449
VisualCogA_Task-2,2,1,F3,0.42578125,100.009786691275,91.4655175119058,91.7306100556512
VisualCogA_Task-2,2,1,F3,0.4296875,100.421669636774,91.4763192270839,92.0401888010127
VisualCogA_Task-2,2,1,F3,0.43359375,100.758279753189,92.1093490656603,92.4654420527861
VisualCogA_Task-2,2,1,F3,0.4375,101.10922558927,92.6988544359022,93.0484322303668
VisualCogA_Task-2,2,1,F3,0.44140625,101.606344185577,93.5173240393278,93.8015473375567
VisualCogA_Task-2,2,1,F3,0.4453125,102.375075353737,94.4806741480148,94.7080438952855
VisualCogA_Task-2,2,1,F3,0.44921875,103.475945797499,95.7580828933761,95.7274931496304
VisualCogA_Task-2,2,1,F3,0.453125,104.870226482239,97.2828793018952,96.8005188677295
VisualCogA_Task-2,2,1,F3,0.45703125,106.430252032323,98.3774695550288,97.870293962033
VisualCogA_Task-2,2,1,F3,0.4609375,107.9907375374,99.0944700931958,98.9201880478379
VisualCogA_Task-2,2,1,F3,0.46484375,109.416487448025,99.6502082408378,99.9758353731914
VisualCogA_Task-2,2,1,F3,0.46875,110.653242747478,100.662071342904,101.07739368992
VisualCogA_Task-2,2,1,F3,0.47265625,111.735613330055,101.990144918079,102.237885155488
VisualCogA_Task-2,2,1,F3,0.4765625,112.748283427141,103.579549134739,103.435721731774
VisualCogA_Task-2,2,1,F3,0.48046875,113.765981650303,104.927074016142,104.628670360873
VisualCogA_Task-2,2,1,F3,0.484375,114.814763243762,106.050696154621,105.786483601794
VisualCogA_Task-2,2,1,F3,0.48828125,115.882696375884,107.233299596738,106.903780984819
VisualCogA_Task-2,2,1,F3,0.4921875,116.967991080591,107.831929719639,107.997199752965
VisualCogA_Task-2,2,1,F3,0.49609375,118.120693743328,108.96429715162,109.110837033575
VisualCogA_Task-2,2,1,F3,0.5,119.438760811258,110.416099943471,110.275017451215
VisualCogA_Task-2,2,1,F3,0.50390625,121.015855897969,111.440030718397,111.507853973621
VisualCogA_Task-2,2,1,F3,0.5078125,122.876668370447,112.366608613572,112.839216442886
VisualCogA_Task-2,2,1,F3,0.51171875,124.946954961321,114.018746512359,114.293322763164
VisualCogA_Task-2,2,1,F3,0.515625,127.082095217802,116.086445685617,115.855006852836
VisualCogA_Task-2,2,1,F3,0.51953125,129.138252879829,117.905310375482,117.486221276048
VisualCogA_Task-2,2,1,F3,0.5234375,131.043318730714,119.61945201132,119.168205166343
VisualCogA_Task-2,2,1,F3,0.52734375,132.827753033486,121.15802922335,120.917121748886
VisualCogA_Task-2,2,1,F3,0.53125,134.604187211003,122.807482097125,122.786738152588
VisualCogA_Task-2,2,1,F3,0.53515625,136.516698927954,124.572157495319,124.850897129233
VisualCogA_Task-2,2,1,F3,0.5390625,138.691075483232,126.578461108416,127.185170092649
VisualCogA_Task-2,2,1,F3,0.54296875,141.204132592362,129.206888841502,129.841900153839
VisualCogA_Task-2,2,1,F3,0.546875,144.073724718028,132.683261028247,132.822871341785
VisualCogA_Task-2,2,1,F3,0.55078125,147.264483620793,135.92383585001,136.076950076108
VisualCogA_Task-2,2,1,F3,0.5546875,150.703229821032,139.681750237057,139.541368583635
VisualCogA_Task-2,2,1,F3,0.55859375,154.298242398479,143.300242165509,143.14059957235
VisualCogA_Task-2,2,1,F3,0.5625,157.958125199617,146.745828229018,146.810814221358
VisualCogA_Task-2,2,1,F3,0.56640625,161.605211583012,150.476554801439,150.50148725919
VisualCogA_Task-2,2,1,F3,0.5703125,165.176011901411,154.085238236125,154.15667791502
VisualCogA_Task-2,2,1,F3,0.57421875,168.60759511586,157.647757052094,157.718367713205
VisualCogA_Task-2,2,1,F3,0.578125,171.825051152384,161.300782746781,161.122584871531
VisualCogA_Task-2,2,1,F3,0.58203125,174.751800459449,164.764519440786,164.299473386021
VisualCogA_Task-2,2,1,F3,0.5859375,177.346051172103,167.877230873386,167.194027075639
VisualCogA_Task-2,2,1,F3,0.58984375,179.637550142897,170.232891347273,169.789993597244
VisualCogA_Task-2,2,1,F3,0.59375,181.729080175933,172.005938987085,172.128054257508
VisualCogA_Task-2,2,1,F3,0.59765625,183.748177596139,173.583532429501,174.285798508936
VisualCogA_Task-2,2,1,F3,0.6015625,185.770344610931,175.978350709209,176.330639531503
VisualCogA_Task-2,2,1,F3,0.60546875,187.761466758945,178.050300838063,178.271468331892
VisualCogA_Task-2,2,1,F3,0.609375,189.585205549894,180.153709664657,180.087818514933
VisualCogA_Task-2,2,1,F3,0.61328125,191.083194238961,182.13180600777,181.740793060966
VisualCogA_Task-2,2,1,F3,0.6171875,192.181175805326,183.731117496667,183.196985879478
VisualCogA_Task-2,2,1,F3,0.62109375,192.948921927863,184.850647226294,184.455575292187
VisualCogA_Task-2,2,1,F3,0.625,193.574379978883,185.286976551012,185.560250588913
VisualCogA_Task-2,2,1,F3,0.62890625,194.273656664462,185.831916456562,186.587623720649
VisualCogA_Task-2,2,1,F3,0.6328125,195.193163995381,187.402512177106,187.591533801897
VisualCogA_Task-2,2,1,F3,0.63671875,196.351938003914,188.467618446572,188.562844341818
VisualCogA_Task-2,2,1,F3,0.640625,197.64557326072,189.69751410871,189.476667047509
VisualCogA_Task-2,2,1,F3,0.64453125,198.907592430068,190.917444457364,190.300178134794
VisualCogA_Task-2,2,1,F3,0.6484375,199.998335110757,191.303372037389,191.018957741264
VisualCogA_Task-2,2,1,F3,0.65234375,200.871792647735,191.438909019364,191.670024864726
VisualCogA_Task-2,2,1,F3,0.65625,201.579567524784,192.089621758883,192.314099694329
VisualCogA_Task-2,2,1,F3,0.66015625,202.214827802131,192.716305431142,192.992642765442
VisualCogA_Task-2,2,1,F3,0.6640625,202.844196689707,193.303350017231,193.728408118814
VisualCogA_Task-2,2,1,F3,0.66796875,203.477656959866,194.10673064329,194.521121684002
VisualCogA_Task-2,2,1,F3,0.671875,204.084895561954,195.254125115026,195.335087882098
VisualCogA_Task-2,2,1,F3,0.67578125,204.627581134071,196.364894708812,196.100078547466
VisualCogA_Task-2,2,1,F3,0.6796875,205.077108374372,197.156123024644,196.739118617217
VisualCogA_Task-2,2,1,F3,0.68359375,205.413472432829,197.584404451772,197.197301041906
VisualCogA_Task-2,2,1,F3,0.6875,205.619469208453,197.672001867485,197.454469139373
VisualCogA_Task-2,2,1,F3,0.69140625,205.68287340324,197.778031406454,197.522724844948
VisualCogA_Task-2,2,1,F3,0.6953125,205.607578160336,197.682329387033,197.432297821303
VisualCogA_Task-2,2,1,F3,0.69921875,205.424618858312,197.445098893114,197.234693277901
VisualCogA_Task-2,2,1,F3,0.703125,205.191064809915,196.759424255084,197.002252388019
VisualCogA_Task-2,2,1,F3,0.70703125,204.971537276556,196.197515545204,196.824850126197
VisualCogA_Task-2,2,1,F3,0.7109375,204.811434096874,196.033274695903,196.772125789236
VisualCogA_Task-2,2,1,F3,0.71484375,204.72097236877,196.134629136048,196.861440792182
VisualCogA_Task-2,2,1,F3,0.71875,204.682026738868,197.017625982537,197.048585625641
VisualCogA_Task-2,2,1,F3,0.72265625,204.669736964243,197.733149815739,197.228783142205
VisualCogA_Task-2,2,1,F3,0.7265625,204.668821994659,197.840945535248,197.294676224208
VisualCogA_Task-2,2,1,F3,0.73046875,204.673057151228,197.665009778855,197.180938310113
VisualCogA_Task-2,2,1,F3,0.734375,204.674527531205,197.258988394441,196.867765280968
VisualCogA_Task-2,2,1,F3,0.73828125,204.657378368484,196.699465580004,196.375692306884
VisualCogA_Task-2,2,1,F3,0.7421875,204.603095114032,195.878087118796,195.757856484093
VisualCogA_Task-2,2,1,F3,0.74609375,204.502336039958,195.191844630394,195.094376014922
VisualCogA_Task-2,2,1,F3,0.75,204.364263506788,194.157021354623,194.475388321257
VisualCogA_Task-2,2,1,F3,0.75390625,204.217690634855,193.369012347842,193.999153209604
VisualCogA_Task-2,2,1,F3,0.7578125,204.102492451486,193.19135460778,193.737399905918
VisualCogA_Task-2,2,1,F3,0.76171875,204.053213941183,193.408038211929,193.709345897673
VisualCogA_Task-2,2,1,F3,0.765625,204.08118517119,193.921618998613,193.888704897501
VisualCogA_Task-2,2,1,F3,0.76953125,204.165357973435,194.495645265859,194.224081644217
VisualCogA_Task-2,2,1,F3,0.7734375,204.261327215833,194.935327303964,194.6668237184
VisualCogA_Task-2,2,1,F3,0.77734375,204.32880951172,195.230830177544,195.190909002429
VisualCogA_Task-2,2,1,F3,0.78125,204.363639587235,195.856318899697,195.792690677482
VisualCogA_Task-2,2,1,F3,0.78515625,204.412444752624,196.401527997419,196.471848689328
VisualCogA_Task-2,2,1,F3,0.7890625,204.554121611869,197.049079459828,197.23336533559
VisualCogA_Task-2,2,1,F3,0.79296875,204.850230810952,197.869609204666,198.07636285623
VisualCogA_Task-2,2,1,F3,0.796875,205.289838534108,199.00480013414,198.984606334896
VisualCogA_Task-2,2,1,F3,0.80078125,205.768565683264,200.306010232808,199.924631384273
VisualCogA_Task-2,2,1,F4,-0.19921875,-13.0098420263537,-12.514095502042,-12.7782659453581
VisualCogA_Task-2,2,1,F4,-0.1953125,-12.6136166067168,-12.1588914095805,-12.2367914561875
VisualCogA_Task-2,2,1,F4,-0.19140625,-12.1549638474569,-11.8741546006446,-11.6733027634073
VisualCogA_Task-2,2,1,F4,-0.1875,-11.5292954527925,-11.3952331630215,-11.0592939928571
VisualCogA_Task-2,2,1,F4,-0.18359375,-10.702766655133,-10.6207073621194,-10.3829969234798
VisualCogA_Task-2,2,1,F4,-0.1796875,-9.74414109928537,-9.72433526760595,-9.66063826506532
VisualCogA_Task-2,2,1,F4,-0.17578125,-8.79793477117513,-8.78134090477005,-8.92825393062346
VisualCogA_Task-2,2,1,F4,-0.171875,-8.01275798874075,-7.95851580984573,-8.22718791670915
VisualCogA_Task-2,2,1,F4,-0.16796875,-7.46898301400507,-7.34605932675209,-7.58654146772283
VisualCogA_Task-2,2,1,F4,-0.1640625,-7.1459845395315,-6.97065243191953,-7.01302648582634
VisualCogA_Task-2,2,1,F4,-0.16015625,-6.94116565201533,-6.67251690066725,-6.49331469476729
VisualCogA_Task-2,2,1,F4,-0.15625,-6.72543864493933,-6.08650807248334,-6.01054664713438
VisualCogA_Task-2,2,1,F4,-0.15234375,-6.40504545193533,-5.39949607458091,-5.56279641267464
VisualCogA_Task-2,2,1,F4,-0.1484375,-5.9589252234742,-4.90983842010945,-5.15446817991418
VisualCogA_Task-2,2,1,F4,-0.14453125,-5.43536217777177,-4.84425100111785,-4.7763577758713
VisualCogA_Task-2,2,1,F4,-0.140625,-4.91497470856842,-4.42945443267088,-4.39887521424725
VisualCogA_Task-2,2,1,F4,-0.13671875,-4.46302481015767,-4.04865805875059,-3.99808827751382
VisualCogA_Task-2,2,1,F4,-0.1328125,-4.09456725752955,-3.66699450671371,-3.55261301634475
VisualCogA_Task-2,2,1,F4,-0.12890625,-3.7674803259904,-3.28636557273672,-3.04527962985021
VisualCogA_Task-2,2,1,F4,-0.125,-3.40638026337689,-2.8252274780629,-2.46845010800443
VisualCogA_Task-2,2,1,F4,-0.12109375,-2.94529157789437,-2.11080567601839,-1.8345769360222
VisualCogA_Task-2,2,1,F4,-0.1171875,-2.36517076577643,-1.22986788973914,-1.18584404662316
VisualCogA_Task-2,2,1,F4,-0.11328125,-1.70545489632572,-0.13474909431125,-0.587454434193302
VisualCogA_Task-2,2,1,F4,-0.109375,-1.04735004346585,0.346042328942577,-0.108279746711638
VisualCogA_Task-2,2,1,F4,-0.10546875,-0.483736692198858,0.534366039760879,0.220533812833011
VisualCogA_Task-2,2,1,F4,-0.1015625,-0.0904186059667721,0.535685791029429,0.405700214423001
VisualCogA_Task-2,2,1,F4,-0.09765625,0.0971094456022191,0.541312897029769,0.480086113618013
VisualCogA_Task-2,2,1,F4,-0.09375,0.0992254030045531,0.540295191464288,0.487390297361597
VisualCogA_Task-2,2,1,F4,-0.08984375,-0.008908249536826,0.415384458325277,0.476413784548281
VisualCogA_Task-2,2,1,F4,-0.0859375,-0.121890005385166,0.296958526250057,0.500366335247819
VisualCogA_Task-2,2,1,F4,-0.08203125,-0.142851240150121,0.394723525511439,0.607371932344714
VisualCogA_Task-2,2,1,F4,-0.078125,-0.014860829850185,0.598250688867133,0.828603907973655
VisualCogA_Task-2,2,1,F4,-0.07421875,0.271415054455263,0.964913912733819,1.17751489369989
VisualCogA_Task-2,2,1,F4,-0.0703125,0.694278687561594,1.54854547079001,1.64836141949646
VisualCogA_Task-2,2,1,F4,-0.06640625,1.22927183373108,2.2359339395883,2.21768326692257
VisualCogA_Task-2,2,1,F4,-0.0625,1.87181229634303,2.92146089102574,2.85370222181188
VisualCogA_Task-2,2,1,F4,-0.05859375,2.64083084902436,3.57017526917281,3.52616095938686
VisualCogA_Task-2,2,1,F4,-0.0546875,3.56190304245753,4.31147855506709,4.21044871063782
VisualCogA_Task-2,2,1,F4,-0.05078125,4.64181520403152,5.23457171294257,4.88562256570388
VisualCogA_Task-2,2,1,F4,-0.046875,5.85270976887269,5.69129531005313,5.53915876842661
VisualCogA_Task-2,2,1,F4,-0.04296875,7.13853282294154,6.17701510461656,6.1876126582508
VisualCogA_Task-2,2,1,F4,-0.0390625,8.44153374693891,6.63507775463328,6.86021761975678
VisualCogA_Task-2,2,1,F4,-0.03515625,9.73028976892408,7.26569014319628,7.58532390805537
VisualCogA_Task-2,2,1,F4,-0.03125,11.0054706036609,8.06215330877353,8.37252012283042
VisualCogA_Task-2,2,1,F4,-0.02734375,12.2738812158184,9.06627305807532,9.20475871669419
VisualCogA_Task-2,2,1,F4,-0.0234375,13.5088053629446,10.112803362016,10.0391282410875
VisualCogA_Task-2,2,1,F4,-0.01953125,14.6317643335488,10.9899277894371,10.8211767758997
VisualCogA_Task-2,2,1,F4,-0.015625,15.5365859540627,11.7524416773205,11.5025919944308
VisualCogA_Task-2,2,1,F4,-0.01171875,16.1403604573984,12.3602028225748,12.0491241544422
VisualCogA_Task-2,2,1,F4,-0.0078125,16.4228100706997,12.7859645092966,12.4473443206027
VisualCogA_Task-2,2,1,F4,-0.00390625,16.4281775014784,12.8438038508937,12.7097467799258
VisualCogA_Task-2,2,1,F4,0,16.2369420759326,12.8332300014495,12.8770441684825
VisualCogA_Task-2,2,1,F4,0.00390625,15.9355018750516,12.961704733368,13.0011205449247
VisualCogA_Task-2,2,1,F4,0.0078125,15.6040409343192,13.0540151423255,13.130208787318
VisualCogA_Task-2,2,1,F4,0.01171875,15.3198334739445,13.1373991285385,13.3092571227651
VisualCogA_Task-2,2,1,F4,0.015625,15.1604378771455,13.5079002808466,13.5768643079526
VisualCogA_Task-2,2,1,F4,0.01953125,15.196170365116,13.6741571004802,13.9573076000483
VisualCogA_Task-2,2,1,F4,0.0234375,15.4719196709513,14.1090622055781,14.4691172539609
VisualCogA_Task-2,2,1,F4,0.02734375,15.9856015894056,14.7517595891386,15.1072276496355
VisualCogA_Task-2,2,1,F4,0.03125,16.6750080428717,15.711746591945,15.8365685796515
VisualCogA_Task-2,2,1,F4,0.03515625,17.4251708351089,16.7328325323529,16.5924474982141
VisualCogA_Task-2,2,1,F4,0.0390625,18.0999029613393,17.5002099495601,17.2997700272191
VisualCogA_Task-2,2,1,F4,0.04296875,18.5864812611251,18.2323278639824,17.8951405414074
VisualCogA_Task-2,2,1,F4,0.046875,18.8329885368709,18.8711587723919,18.3318667423819
VisualCogA_Task-2,2,1,F4,0.05078125,18.861923940824,19.0774183071582,18.591355275293
VisualCogA_Task-2,2,1,F4,0.0546875,18.7572452812232,18.9034615283851,18.6999537877921
VisualCogA_Task-2,2,1,F4,0.05859375,18.6339634086915,18.6824864204997,18.7245151801861
VisualCogA_Task-2,2,1,F4,0.0625,18.6031477466714,18.5162833159392,18.7488513311646
VisualCogA_Task-2,2,1,F4,0.06640625,18.7427666171769,18.5104783980602,18.8532717227766
VisualCogA_Task-2,2,1,F4,0.0703125,19.0815508527956,18.6941185248981,19.0987051691357
VisualCogA_Task-2,2,1,F4,0.07421875,19.6000688231032,19.1215897573138,19.5175143739625
VisualCogA_Task-2,2,1,F4,0.078125,20.2473096032425,19.9598103133557,20.1083464872909
VisualCogA_Task-2,2,1,F4,0.08203125,20.963349251528,20.9734306163083,20.836854941101
VisualCogA_Task-2,2,1,F4,0.0859375,21.6963288115513,21.8601796989946,21.6563151528783
VisualCogA_Task-2,2,1,F4,0.08984375,22.4085464036663,22.5487136493425,22.5313838463753
VisualCogA_Task-2,2,1,F4,0.09375,23.0761514128197,23.4382224760443,23.4437064575211
VisualCogA_Task-2,2,1,F4,0.09765625,23.691110521802,24.6076261425109,24.376372572492
VisualCogA_Task-2,2,1,F4,0.1015625,24.2689323655998,25.4109651890889,25.3120147790078
VisualCogA_Task-2,2,1,F4,0.10546875,24.8548830765859,26.1452475997918,26.2525367956234
VisualCogA_Task-2,2,1,F4,0.109375,25.5157877422747,27.0248187777758,27.2080882084003
VisualCogA_Task-2,2,1,F4,0.11328125,26.3125339134763,27.9786219640402,28.1798778370808
VisualCogA_Task-2,2,1,F4,0.1171875,27.2651366269239,29.0181216279795,29.1538420488548
VisualCogA_Task-2,2,1,F4,0.12109375,28.3321941973272,30.070766102935,30.0991458881593
VisualCogA_Task-2,2,1,F4,0.125,29.4198688274177,31.2368272013357,30.9736443643581
VisualCogA_Task-2,2,1,F4,0.12890625,30.4182546383673,32.1106805749289,31.7328275047129
VisualCogA_Task-2,2,1,F4,0.1328125,31.2487043614513,32.6435269994505,32.354117239567
VisualCogA_Task-2,2,1,F4,0.13671875,31.8995867498455,33.0377807950887,32.8464232551151
VisualCogA_Task-2,2,1,F4,0.140625,32.4292753275716,33.2120142584701,33.2427727175418
VisualCogA_Task-2,2,1,F4,0.14453125,32.9295072788377,33.5090170433816,33.5921392546966
VisualCogA_Task-2,2,1,F4,0.1484375,33.4698312140463,33.755014308564,33.9409332895061
VisualCogA_Task-2,2,1,F4,0.15234375,34.0620477501457,34.1973282045682,34.3286383939541
VisualCogA_Task-2,2,1,F4,0.15625,34.6691707681666,34.7046156642893,34.7792448916125
VisualCogA_Task-2,2,1,F4,0.16015625,35.2474318233795,35.2758368697516,35.3058005902709
VisualCogA_Task-2,2,1,F4,0.1640625,35.7867153051026,35.8324576548012,35.9151341954421
VisualCogA_Task-2,2,1,F4,0.16796875,36.3224773174138,36.441444552388,36.6115774359291
VisualCogA_Task-2,2,1,F4,0.171875,36.9164376353118,37.1624856284709,37.3925723288144
VisualCogA_Task-2,2,1,F4,0.17578125,37.620476614931,38.0573997863864,38.2413831508858
VisualCogA_Task-2,2,1,F4,0.1796875,38.4423862642465,39.0578844048599,39.1221002872356
VisualCogA_Task-2,2,1,F4,0.18359375,39.330823371789,40.072856826381,39.9834821759145
VisualCogA_Task-2,2,1,F4,0.1875,40.1893968339806,41.0155077828047,40.7689359314419
VisualCogA_Task-2,2,1,F4,0.19140625,40.9130241232574,41.776727833428,41.429316555876
VisualCogA_Task-2,2,1,F4,0.1953125,41.4263182746133,42.3137517499185,41.9360267055554
VisualCogA_Task-2,2,1,F4,0.19921875,41.7083364213274,42.6333268710448,42.2894199766145
VisualCogA_Task-2,2,1,F4,0.203125,41.8009152630165,42.7283411030015,42.521327052218
VisualCogA_Task-2,2,1,F4,0.20703125,41.8014484614621,42.6897279911869,42.6922375233999
VisualCogA_Task-2,2,1,F4,0.2109375,41.8393538256489,42.6469639599416,42.8798921520927
VisualCogA_Task-2,2,1,F4,0.21484375,42.0409341990699,42.8500509451963,43.1618225725444
VisualCogA_Task-2,2,1,F4,0.21875,42.4949141366035,43.1454707542641,43.5961497363239
VisualCogA_Task-2,2,1,F4,0.22265625,43.2299766171289,43.7503100014375,44.2150136260543
VisualCogA_Task-2,2,1,F4,0.2265625,44.2094994898024,44.7892958851112,45.0129976425206
VisualCogA_Task-2,2,1,F4,0.23046875,45.3454540597569,45.9961582010903,45.945959884456
VisualCogA_Task-2,2,1,F4,0.234375,46.5301787592043,47.0185967383265,46.9511166374767
VisualCogA_Task-2,2,1,F4,0.23828125,47.6750164822671,48.1272330570692,47.9698673802514
VisualCogA_Task-2,2,1,F4,0.2421875,48.7349207232982,49.2131515085815,48.9492349331865
VisualCogA_Task-2,2,1,F4,0.24609375,49.7032889144433,50.1313490139178,49.8493559230896
VisualCogA_Task-2,2,1,F4,0.25,50.5838055314693,50.854428556766,50.6523600247181
VisualCogA_Task-2,2,1,F4,0.25390625,51.3666354360289,51.3618016854394,51.363876337065
VisualCogA_Task-2,2,1,F4,0.2578125,52.0327659631543,51.9685930590676,52.0063730034606
VisualCogA_Task-2,2,1,F4,0.26171875,52.5835479587117,52.5729137339352,52.6021452795996
VisualCogA_Task-2,2,1,F4,0.265625,53.0678024399858,53.1382551228393,53.1703400924776
VisualCogA_Task-2,2,1,F4,0.26953125,53.5792546920019,53.6505277499894,53.7276684069511
VisualCogA_Task-2,2,1,F4,0.2734375,54.2208459144724,54.2661659708807,54.2881674404071
VisualCogA_Task-2,2,1,F4,0.27734375,55.0585008731972,54.970066670462,54.8594460221521
VisualCogA_Task-2,2,1,F4,0.28125,56.094599357268,55.5277401888637,55.447279525699
VisualCogA_Task-2,2,1,F4,0.28515625,57.2758730972568,56.1345476885733,56.0666617119196
VisualCogA_Task-2,2,1,F4,0.2890625,58.5255992355542,56.7577554966063,56.7392913969496
VisualCogA_Task-2,2,1,F4,0.29296875,59.7765175930846,57.2530065873632,57.4925245616457
VisualCogA_Task-2,2,1,F4,0.296875,60.9877512817274,57.6489557573108,58.3552558618361
VisualCogA_Task-2,2,1,F4,0.30078125,62.1456292475143,59.0350901007444,59.3364201221586
VisualCogA_Task-2,2,1,F4,0.3046875,63.2570405519035,60.6040628611455,60.3860938252075
VisualCogA_Task-2,2,1,F4,0.30859375,64.3398574911801,61.7614297202758,61.4292426184589
VisualCogA_Task-2,2,1,F4,0.3125,65.4097830431709,62.7019353266691,62.4089962357173
VisualCogA_Task-2,2,1,F4,0.31640625,66.4670469703689,63.4677562642259,63.2961666692717
VisualCogA_Task-2,2,1,F4,0.3203125,67.4929590757984,64.1997243519208,64.0859775023239
VisualCogA_Task-2,2,1,F4,0.32421875,68.4614733388547,64.9273101788844,64.7879514509885
VisualCogA_Task-2,2,1,F4,0.328125,69.35607465111,65.2969044182238,65.4210901355132
VisualCogA_Task-2,2,1,F4,0.33203125,70.1758453151424,65.7980800896925,66.0160084034703
VisualCogA_Task-2,2,1,F4,0.3359375,70.9258809337657,66.3260630794788,66.592972292658
VisualCogA_Task-2,2,1,F4,0.33984375,71.6020360084131,67.0393144004372,67.1540871480596
VisualCogA_Task-2,2,1,F4,0.34375,72.1823345392323,67.7304087247531,67.6792158802267
VisualCogA_Task-2,2,1,F4,0.34765625,72.6309080680937,68.2839167822626,68.1386570040759
VisualCogA_Task-2,2,1,F4,0.3515625,72.914320134171,68.8298289202681,68.506975104901
VisualCogA_Task-2,2,1,F4,0.35546875,73.0234646822788,69.0454300523243,68.770839749511
VisualCogA_Task-2,2,1,F4,0.359375,72.9875844351809,69.0239480257701,68.9438249893293
VisualCogA_Task-2,2,1,F4,0.36328125,72.8704889772199,69.1199482688907,69.0623874010133
VisualCogA_Task-2,2,1,F4,0.3671875,72.7530622852333,69.0541532703822,69.169660480924
VisualCogA_Task-2,2,1,F4,0.37109375,72.7138778114085,69.0348335702631,69.3135744644122
VisualCogA_Task-2,2,1,F4,0.375,72.8126443712376,69.177385932211,69.5324339859499
VisualCogA_Task-2,2,1,F4,0.37890625,73.0737161854437,69.5404428100268,69.8413152721636
VisualCogA_Task-2,2,1,F4,0.3828125,73.4730039161345,70.1976291585407,70.2257072118682
VisualCogA_Task-2,2,1,F4,0.38671875,73.9411005914729,70.7639408595445,70.6460259887004
VisualCogA_Task-2,2,1,F4,0.390625,74.389373254598,71.4109607946221,71.0603479485197
VisualCogA_Task-2,2,1,F4,0.39453125,74.7475215098031,71.7206245700677,71.4365756764225
VisualCogA_Task-2,2,1,F4,0.3984375,74.9923915208665,71.8702381086424,71.7718294946803
VisualCogA_Task-2,2,1,F4,0.40234375,75.1560993467149,72.0476766867143,72.0869004667019
VisualCogA_Task-2,2,1,F4,0.40625,75.3122769217664,72.2126076274971,72.4107803737262
VisualCogA_Task-2,2,1,F4,0.41015625,75.5432646487679,72.742056159193,72.7691923486595
VisualCogA_Task-2,2,1,F4,0.4140625,75.8971297025804,73.0451910757827,73.1713451288893
VisualCogA_Task-2,2,1,F4,0.41796875,76.3558573514674,73.5717522698619,73.6241861026807
VisualCogA_Task-2,2,1,F4,0.421875,76.8395401491806,74.2213598493977,74.1241498205401
VisualCogA_Task-2,2,1,F4,0.42578125,77.252624518241,74.8707182020069,74.6633013469052
VisualCogA_Task-2,2,1,F4,0.4296875,77.5493497284516,75.5002732647529,75.2418065819524
VisualCogA_Task-2,2,1,F4,0.43359375,77.7798426495761,75.9804231876233,75.8771161637829
VisualCogA_Task-2,2,1,F4,0.4375,78.0856707881366,76.3435546052783,76.6082196207313
VisualCogA_Task-2,2,1,F4,0.44140625,78.6395312129892,76.959896083244,77.4827153997855
VisualCogA_Task-2,2,1,F4,0.4453125,79.5567647445567,77.9739771929126,78.5261465299792
VisualCogA_Task-2,2,1,F4,0.44921875,80.8273440803552,79.3489344810189,79.7204877639672
VisualCogA_Task-2,2,1,F4,0.453125,82.3084889045477,80.9493738023331,81.0016997429826
VisualCogA_Task-2,2,1,F4,0.45703125,83.7833542256005,82.6628559778834,82.274780334679
VisualCogA_Task-2,2,1,F4,0.4609375,85.0537983109375,84.12446252589,83.4403669116559
VisualCogA_Task-2,2,1,F4,0.46484375,86.0183397409784,85.144280215743,84.4314364834469
VisualCogA_Task-2,2,1,F4,0.46875,86.6979563430178,85.5445305763767,85.2379740274379
VisualCogA_Task-2,2,1,F4,0.47265625,87.2035047515805,85.932009146653,85.909368165373
VisualCogA_Task-2,2,1,F4,0.4765625,87.6703550298443,86.2131729248475,86.5205538980745
VisualCogA_Task-2,2,1,F4,0.48046875,88.2006114209226,87.0086709918572,87.1483529748047
VisualCogA_Task-2,2,1,F4,0.484375,88.843497992831,88.0589401349677,87.8439720637234
VisualCogA_Task-2,2,1,F4,0.48828125,89.6162659730766,88.3378844649657,88.6469776677451
VisualCogA_Task-2,2,1,F4,0.4921875,90.5400339111012,89.3751120927593,89.614850295721
VisualCogA_Task-2,2,1,F4,0.49609375,91.6578338900646,90.4381100734085,90.7793126896043
VisualCogA_Task-2,2,1,F4,0.5,93.0208380305648,92.0194574216771,92.1521094077678
VisualCogA_Task-2,2,1,F4,0.50390625,94.6565305108979,93.8849297915622,93.7165514572347
VisualCogA_Task-2,2,1,F4,0.5078125,96.5453494302391,95.503107162136,95.4448955128541
VisualCogA_Task-2,2,1,F4,0.51171875,98.622026923953,97.3491403594742,97.3234297773356
VisualCogA_Task-2,2,1,F4,0.515625,100.799250959705,99.3980962439161,99.3432934241623
VisualCogA_Task-2,2,1,F4,0.51953125,103.001331988428,101.714657217887,101.497768175329
VisualCogA_Task-2,2,1,F4,0.5234375,105.194490308371,104.038231062592,103.784702654476
VisualCogA_Task-2,2,1,F4,0.52734375,107.401533239226,106.397639447714,106.220019572124
VisualCogA_Task-2,2,1,F4,0.53125,109.694184928618,108.8681920856,108.840769006136
VisualCogA_Task-2,2,1,F4,0.53515625,112.168125782473,111.542245758929,111.698802690676
VisualCogA_Task-2,2,1,F4,0.5390625,114.914223272316,114.498964558332,114.848257616528
VisualCogA_Task-2,2,1,F4,0.54296875,117.99616157913,117.839536851526,118.330224363498
VisualCogA_Task-2,2,1,F4,0.546875,121.435937288404,121.801923609311,122.156685756542
VisualCogA_Task-2,2,1,F4,0.55078125,125.205054524603,125.834498884035,126.298733994617
VisualCogA_Task-2,2,1,F4,0.5546875,129.22245555543,130.28789235,130.697897764415
VisualCogA_Task-2,2,1,F4,0.55859375,133.364922639555,135.340422733824,135.257019493407
VisualCogA_Task-2,2,1,F4,0.5625,137.495071114811,140.235616388367,139.8447744912
VisualCogA_Task-2,2,1,F4,0.56640625,141.501744726775,144.748883607991,144.336788337434
VisualCogA_Task-2,2,1,F4,0.5703125,145.333293171346,149.107812682649,148.641256769849
VisualCogA_Task-2,2,1,F4,0.57421875,149.001754051707,153.311686058538,152.700716798727
VisualCogA_Task-2,2,1,F4,0.578125,152.554063440047,156.803817264449,156.496585093752
VisualCogA_Task-2,2,1,F4,0.58203125,156.031715680332,160.043065866157,160.061192429594
VisualCogA_Task-2,2,1,F4,0.5859375,159.447898158048,163.079612074063,163.452472261813
VisualCogA_Task-2,2,1,F4,0.58984375,162.791851924793,166.363614755277,166.726847499014
VisualCogA_Task-2,2,1,F4,0.59375,166.043672636414,169.680668713525,169.909669367492
VisualCogA_Task-2,2,1,F4,0.59765625,169.176981072976,172.940250637507,172.99601969823
VisualCogA_Task-2,2,1,F4,0.6015625,172.146607467411,176.122403739424,175.96189693438
VisualCogA_Task-2,2,1,F4,0.60546875,174.881868600355,178.980824703236,178.778652097366
VisualCogA_Task-2,2,1,F4,0.609375,177.30883826757,181.700517114256,181.431011775702
VisualCogA_Task-2,2,1,F4,0.61328125,179.401379595056,184.205860710399,183.920550275054
VisualCogA_Task-2,2,1,F4,0.6171875,181.228958731469,186.328196021925,186.271300679303
VisualCogA_Task-2,2,1,F4,0.62109375,182.959246958557,188.338375870078,188.531071941942
VisualCogA_Task-2,2,1,F4,0.625,184.798614187366,190.386449000249,190.752414295015
VisualCogA_Task-2,2,1,F4,0.62890625,186.896254661532,192.603459908322,192.971819964578
VisualCogA_Task-2,2,1,F4,0.6328125,189.266469615781,195.014688075675,195.195284068789
VisualCogA_Task-2,2,1,F4,0.63671875,191.77792843112,197.509809115955,197.398105054453
VisualCogA_Task-2,2,1,F4,0.640625,194.220340440828,199.778951922037,199.540531702279
VisualCogA_Task-2,2,1,F4,0.64453125,196.412265357683,201.925725137469,201.59212146477
VisualCogA_Task-2,2,1,F4,0.6484375,198.289846602473,203.810059109062,203.542300146077
VisualCogA_Task-2,2,1,F4,0.65234375,199.928792801097,205.390346069898,205.408293856406
VisualCogA_Task-2,2,1,F4,0.65625,201.491027157844,206.939261249355,207.22964195288
VisualCogA_Task-2,2,1,F4,0.66015625,203.130595115188,208.625802745929,209.044388143746
VisualCogA_Task-2,2,1,F4,0.6640625,204.915343569818,210.513016041769,210.866377745291
VisualCogA_Task-2,2,1,F4,0.66796875,206.80554296233,212.532330462859,212.674573957316
VisualCogA_Task-2,2,1,F4,0.671875,208.689041574704,214.52734675593,214.418493170997
VisualCogA_Task-2,2,1,F4,0.67578125,210.438863635831,216.332034209719,216.03579815297
VisualCogA_Task-2,2,1,F4,0.6796875,211.957082936849,217.836383317394,217.473222801949
VisualCogA_Task-2,2,1,F4,0.68359375,213.191001963028,219.012083341431,218.702187354713
VisualCogA_Task-2,2,1,F4,0.6875,214.130970684934,219.900707210285,219.724375424324
VisualCogA_Task-2,2,1,F4,0.69140625,214.806327027472,220.583962767628,220.567295289406
VisualCogA_Task-2,2,1,F4,0.6953125,215.285162701235,221.153098139521,221.273149544081
VisualCogA_Task-2,2,1,F4,0.69921875,215.6686714902,221.684737098217,221.885529738987
VisualCogA_Task-2,2,1,F4,0.703125,216.068288022998,222.225646978079,222.43802314105
VisualCogA_Task-2,2,1,F4,0.70703125,216.566846090285,222.787460594213,222.94748429713
VisualCogA_Task-2,2,1,F4,0.7109375,217.182036324184,223.349589679204,223.413069740509
VisualCogA_Task-2,2,1,F4,0.71484375,217.85634405571,223.868193039987,223.820600695889
VisualCogA_Task-2,2,1,F4,0.71875,218.484535492389,224.291703645613,224.150608382866
VisualCogA_Task-2,2,1,F4,0.72265625,218.964596595937,224.580829056794,224.38759004971
VisualCogA_Task-2,2,1,F4,0.7265625,219.241584242946,224.723892374189,224.527800883253
VisualCogA_Task-2,2,1,F4,0.73046875,219.322089758381,224.740006915388,224.583599320917
VisualCogA_Task-2,2,1,F4,0.734375,219.260545841933,224.673139027082,224.583684757702
VisualCogA_Task-2,2,1,F4,0.73828125,219.133403227827,224.583531029579,224.569790554815
VisualCogA_Task-2,2,1,F4,0.7421875,219.015448384661,224.536545449558,224.59110459591
VisualCogA_Task-2,2,1,F4,0.74609375,218.965804260705,224.588533513338,224.697959804206
VisualCogA_Task-2,2,1,F4,0.75,219.026845305801,224.617220777805,224.93614250739
VisualCogA_Task-2,2,1,F4,0.75390625,219.233625961335,225.132062637247,225.34232017558
VisualCogA_Task-2,2,1,F4,0.7578125,219.623522845758,225.677190314344,225.926583468093
VisualCogA_Task-2,2,1,F4,0.76171875,220.232974151593,226.43931180231,226.681501582718
VisualCogA_Task-2,2,1,F4,0.765625,221.077106089034,227.418399401096,227.578860954432
VisualCogA_Task-2,2,1,F4,0.76953125,222.124832858263,228.560220256167,228.570265536513
VisualCogA_Task-2,2,1,F4,0.7734375,223.291746057626,229.754894311994,229.593947486125
VisualCogA_Task-2,2,1,F4,0.77734375,224.463238672902,230.87275214259,230.587301853738
VisualCogA_Task-2,2,1,F4,0.78125,225.537499043524,231.816583910237,231.50113592531
VisualCogA_Task-2,2,1,F4,0.78515625,226.463024012675,232.557719055144,232.310044510871
VisualCogA_Task-2,2,1,F4,0.7890625,227.249050341526,233.136087620286,233.014909752526
VisualCogA_Task-2,2,1,F4,0.79296875,227.942832355834,233.625580421535,233.637253337739
VisualCogA_Task-2,2,1,F4,0.796875,228.585133920255,234.083986467413,234.208695109618
VisualCogA_Task-2,2,1,F4,0.80078125,229.169121238435,234.516825609357,234.759882168256
VisualCogB_Task-1,1,-1,Fz,-0.19921875,-3.42976234202754,-4.15247101198783,-4.59227363088722
VisualCogB_Task-1,1,-1,Fz,-0.1953125,-3.39738312390299,-4.1440577834916,-4.2784778300579
VisualCogB_Task-1,1,-1,Fz,-0.19140625,-3.3306550515992,-4.03690358958191,-3.92803181098697
VisualCogB_Task-1,1,-1,Fz,-0.1875,-3.19101036132332,-3.98030815651971,-3.49308368488561
VisualCogB_Task-1,1,-1,Fz,-0.18359375,-2.9408846505084,-3.59230537374519,-2.93485421118128
VisualCogB_Task-1,1,-1,Fz,-0.1796875,-2.56575604207085,-2.65429547768319,-2.25516618860423
VisualCogB_Task-1,1,-1,Fz,-0.17578125,-2.09187314727592,-1.50819510530331,-1.51063001276509
VisualCogB_Task-1,1,-1,Fz,-0.171875,-1.5893017882806,-0.58232963807308,-0.79111685336437
VisualCogB_Task-1,1,-1,Fz,-0.16796875,-1.15653679071752,0.152486868524027,-0.186294971147441
VisualCogB_Task-1,1,-1,Fz,-0.1640625,-0.891089190374879,0.666290918785621,0.231566307747933
VisualCogB_Task-1,1,-1,Fz,-0.16015625,-0.856776394380494,0.748200463918608,0.418429477156611
VisualCogB_Task-1,1,-1,Fz,-0.15625,-1.06081362029798,0.661095965974007,0.36648408183326
VisualCogB_Task-1,1,-1,Fz,-0.15234375,-1.45184529133618,0.31644471256259,0.0954005820960469
VisualCogB_Task-1,1,-1,Fz,-0.1484375,-1.94178494832777,-0.179338020080598,-0.350599571391801
VisualCogB_Task-1,1,-1,Fz,-0.14453125,-2.44050699875181,-0.956969990631656,-0.90887458376151
VisualCogB_Task-1,1,-1,Fz,-0.140625,-2.88312093379247,-1.62932579999727,-1.50251086420171
VisualCogB_Task-1,1,-1,Fz,-0.13671875,-3.23545321800668,-2.25669964733748,-2.05860277247353
VisualCogB_Task-1,1,-1,Fz,-0.1328125,-3.48097350361837,-2.74659657241824,-2.51481257965441
VisualCogB_Task-1,1,-1,Fz,-0.12890625,-3.60595592651764,-3.1546684683187,-2.82531062972713
VisualCogB_Task-1,1,-1,Fz,-0.125,-3.59717805446986,-3.23675672688591,-2.96358259940476
VisualCogB_Task-1,1,-1,Fz,-0.12109375,-3.45075229925155,-2.98156058341326,-2.93056065194969
VisualCogB_Task-1,1,-1,Fz,-0.1171875,-3.1774581062283,-2.80748051078585,-2.74994146124773
VisualCogB_Task-1,1,-1,Fz,-0.11328125,-2.79412745626446,-2.26452697202615,-2.44967169547332
VisualCogB_Task-1,1,-1,Fz,-0.109375,-2.30870986377975,-1.71250174541034,-2.06249294359577
VisualCogB_Task-1,1,-1,Fz,-0.10546875,-1.71638062218847,-1.65939171982741,-1.60571806763041
VisualCogB_Task-1,1,-1,Fz,-0.1015625,-1.01167636940597,-1.3899334276185,-1.06749399641049
VisualCogB_Task-1,1,-1,Fz,-0.09765625,-0.203293200650904,-0.768935760683546,-0.440440463119003
VisualCogB_Task-1,1,-1,Fz,-0.09375,0.681358532139274,-0.0312332433528501,0.255952846460405
VisualCogB_Task-1,1,-1,Fz,-0.08984375,1.59837511432588,0.851112608864034,0.974821638413697
VisualCogB_Task-1,1,-1,Fz,-0.0859375,2.48510780479371,1.82870477842656,1.64536944467573
VisualCogB_Task-1,1,-1,Fz,-0.08203125,3.25290795710515,2.69765666007492,2.18649071138557
VisualCogB_Task-1,1,-1,Fz,-0.078125,3.78961967780865,3.05839222453064,2.5323578291615
VisualCogB_Task-1,1,-1,Fz,-0.07421875,3.988673538446,3.24637032426621,2.65974035101259
VisualCogB_Task-1,1,-1,Fz,-0.0703125,3.80383775720431,3.00676004974529,2.589244029562
VisualCogB_Task-1,1,-1,Fz,-0.06640625,3.30059127537298,2.3703236115902,2.39036044853738
VisualCogB_Task-1,1,-1,Fz,-0.0625,2.66180789160787,1.78366022582438,2.16737419334828
VisualCogB_Task-1,1,-1,Fz,-0.05859375,2.12781758548717,1.28080561285757,2.02290011299203
VisualCogB_Task-1,1,-1,Fz,-0.0546875,1.89716746744641,1.38561859417281,2.0275768925056
VisualCogB_Task-1,1,-1,Fz,-0.05078125,2.04373883367788,1.64762362786749,2.19020200858146
VisualCogB_Task-1,1,-1,Fz,-0.046875,2.49227942741179,2.37974390071044,2.46607641305098
VisualCogB_Task-1,1,-1,Fz,-0.04296875,3.05632350884934,2.94988941134487,2.76528619268605
VisualCogB_Task-1,1,-1,Fz,-0.0390625,3.51529150285155,3.60110035920273,2.99072305823018
VisualCogB_Task-1,1,-1,Fz,-0.03515625,3.70040974352866,3.88677269279745,3.06066232198178
VisualCogB_Task-1,1,-1,Fz,-0.03125,3.55818614574686,3.43949323636991,2.94424407132029
VisualCogB_Task-1,1,-1,Fz,-0.02734375,3.16304681717621,2.79725718916027,2.67945092452649
VisualCogB_Task-1,1,-1,Fz,-0.0234375,2.67087770890059,1.84472553240973,2.34553626363526
VisualCogB_Task-1,1,-1,Fz,-0.01953125,2.24033636185129,1.55565823542044,2.03157065940099
VisualCogB_Task-1,1,-1,Fz,-0.015625,1.96863357440788,1.71491445958982,1.78489045497591
VisualCogB_Task-1,1,-1,Fz,-0.01171875,1.87211994781051,1.72055809003651,1.61317262484724
VisualCogB_Task-1,1,-1,Fz,-0.0078125,1.9090586750488,1.84244930532336,1.51826281055333
VisualCogB_Task-1,1,-1,Fz,-0.00390625,2.02349244635165,1.70470298814303,1.51095544239832
VisualCogB_Task-1,1,-1,Fz,0,2.18770106349398,1.31451951523323,1.62906049191719
VisualCogB_Task-1,1,-1,Fz,0.00390625,2.42281681219162,1.02128292651252,1.92653355945695
VisualCogB_Task-1,1,-1,Fz,0.0078125,2.78293966254488,1.96563645869219,2.43111849730766
VisualCogB_Task-1,1,-1,Fz,0.01171875,3.30658674498298,2.80073109079013,3.09512160501397
VisualCogB_Task-1,1,-1,Fz,0.015625,3.96546925946816,3.76695946596726,3.83205901223593
VisualCogB_Task-1,1,-1,Fz,0.01953125,4.6520467471285,5.02844695500735,4.53091430578159
VisualCogB_Task-1,1,-1,Fz,0.0234375,5.22545282440986,5.84500060548041,5.07524611026997
VisualCogB_Task-1,1,-1,Fz,0.02734375,5.59001970776127,6.17996670986745,5.39007410442219
VisualCogB_Task-1,1,-1,Fz,0.03125,5.74951504384017,6.34687522936472,5.46456417489362
VisualCogB_Task-1,1,-1,Fz,0.03515625,5.79442975992468,5.27661147290536,5.3537065921267
VisualCogB_Task-1,1,-1,Fz,0.0390625,5.829792548413,4.18107250452105,5.18601754776981
VisualCogB_Task-1,1,-1,Fz,0.04296875,5.89589159400942,4.21770795232054,5.08358864020289
VisualCogB_Task-1,1,-1,Fz,0.046875,5.94015499770958,4.64961457279508,5.08476604753513
VisualCogB_Task-1,1,-1,Fz,0.05078125,5.86263819357067,5.32083119602692,5.15573922388553
VisualCogB_Task-1,1,-1,Fz,0.0546875,5.6043245758133,5.58453638676831,5.22643500047811
VisualCogB_Task-1,1,-1,Fz,0.05859375,5.21302268166259,5.63576742419212,5.24053787288196
VisualCogB_Task-1,1,-1,Fz,0.0625,4.83445975469131,5.50438266056163,5.17157411885705
VisualCogB_Task-1,1,-1,Fz,0.06640625,4.63143662672849,5.03461362635602,5.02600581210585
VisualCogB_Task-1,1,-1,Fz,0.0703125,4.68767886720198,4.74022926424019,4.83802907147288
VisualCogB_Task-1,1,-1,Fz,0.07421875,4.96040252576081,4.61795770732084,4.64255733365684
VisualCogB_Task-1,1,-1,Fz,0.078125,5.30746320537646,4.35827232216279,4.46635405142037
VisualCogB_Task-1,1,-1,Fz,0.08203125,5.56920913161931,4.24643533422252,4.33413270866478
VisualCogB_Task-1,1,-1,Fz,0.0859375,5.65869060843736,4.25719805520419,4.26159997851992
VisualCogB_Task-1,1,-1,Fz,0.08984375,5.61019446282263,4.3272158283812,4.25715441957876
VisualCogB_Task-1,1,-1,Fz,0.09375,5.55733161980666,4.1491391084821,4.32882776349133
VisualCogB_Task-1,1,-1,Fz,0.09765625,5.65409019827345,4.26063223678823,4.49049019264115
VisualCogB_Task-1,1,-1,Fz,0.1015625,5.98743670419499,4.57831089161229,4.74103783482767
VisualCogB_Task-1,1,-1,Fz,0.10546875,6.52954608879609,4.94363234130843,5.06021198819593
VisualCogB_Task-1,1,-1,Fz,0.109375,7.14802980210199,5.4038056564827,5.41419337228966
VisualCogB_Task-1,1,-1,Fz,0.11328125,7.66361110020117,6.02349831791938,5.75944773607865
VisualCogB_Task-1,1,-1,Fz,0.1171875,7.93025828666255,6.16917735210903,6.05157518554878
VisualCogB_Task-1,1,-1,Fz,0.12109375,7.90424693785719,6.48235957836783,6.2681800418393
VisualCogB_Task-1,1,-1,Fz,0.125,7.66569474694103,6.59369618611745,6.39666680663619
VisualCogB_Task-1,1,-1,Fz,0.12890625,7.37533884275543,6.51332805455864,6.44228827633608
VisualCogB_Task-1,1,-1,Fz,0.1328125,7.19032105277458,6.37710125401717,6.42671636229243
VisualCogB_Task-1,1,-1,Fz,0.13671875,7.19136339030493,6.30808617254174,6.37754295737719
VisualCogB_Task-1,1,-1,Fz,0.140625,7.36054987184092,6.22153431268532,6.31822536210608
VisualCogB_Task-1,1,-1,Fz,0.14453125,7.60895210967782,6.22662025163914,6.26643281159186
VisualCogB_Task-1,1,-1,Fz,0.1484375,7.82696872924935,6.35017513774845,6.23177695349553
VisualCogB_Task-1,1,-1,Fz,0.15234375,7.93358751524796,6.20912885927319,6.22055172214871
VisualCogB_Task-1,1,-1,Fz,0.15625,7.9135138491667,6.25105873797356,6.24891756723745
VisualCogB_Task-1,1,-1,Fz,0.16015625,7.83242401817462,6.14684892873168,6.33208303320814
VisualCogB_Task-1,1,-1,Fz,0.1640625,7.81719730710681,6.2165484046844,6.48543509540186
VisualCogB_Task-1,1,-1,Fz,0.16796875,7.99836176136949,6.43223107777406,6.70892455378665
VisualCogB_Task-1,1,-1,Fz,0.171875,8.43706547152124,6.81823115083048,6.9800949841041
VisualCogB_Task-1,1,-1,Fz,0.17578125,9.07832547421387,7.39732234737834,7.25343217242807
VisualCogB_Task-1,1,-1,Fz,0.1796875,9.76478985691963,7.86474524137201,7.46993325205961
VisualCogB_Task-1,1,-1,Fz,0.18359375,10.3096705455842,8.01153093132828,7.5825862042123
VisualCogB_Task-1,1,-1,Fz,0.1875,10.5877329013098,8.02078740672224,7.5772800092091
VisualCogB_Task-1,1,-1,Fz,0.19140625,10.5907544490284,7.79178787238345,7.47564904129928
VisualCogB_Task-1,1,-1,Fz,0.1953125,10.4200873076761,7.41470495684327,7.33628662452489
VisualCogB_Task-1,1,-1,Fz,0.19921875,10.2316891408374,6.70590135113873,7.24413098551828
VisualCogB_Task-1,1,-1,Fz,0.203125,10.1717180904256,6.80236094141121,7.29065521193839
VisualCogB_Task-1,1,-1,Fz,0.20703125,10.3308240205193,7.08497404229292,7.5224799219125
VisualCogB_Task-1,1,-1,Fz,0.2109375,10.7242480385432,7.67078058507062,7.94553454435728
VisualCogB_Task-1,1,-1,Fz,0.21484375,11.2957353052242,8.35741743412317,8.52928968488778
VisualCogB_Task-1,1,-1,Fz,0.21875,11.9431070800227,9.17808074679844,9.22031978584515
VisualCogB_Task-1,1,-1,Fz,0.22265625,12.5582585642429,9.96685489622637,9.95087660200683
VisualCogB_Task-1,1,-1,Fz,0.2265625,13.0648873904174,10.8648062108054,10.6496919682297
VisualCogB_Task-1,1,-1,Fz,0.23046875,13.4358237061141,11.5516376699748,11.2468292438889
VisualCogB_Task-1,1,-1,Fz,0.234375,13.6835276237794,12.0201992132483,11.6902779752409
VisualCogB_Task-1,1,-1,Fz,0.23828125,13.8339356237327,12.2223855609776,11.9534284107161
VisualCogB_Task-1,1,-1,Fz,0.2421875,13.9041287074782,12.3421747642632,12.0371642352452
VisualCogB_Task-1,1,-1,Fz,0.24609375,13.9016163062558,12.1692865170027,11.9647822296144
VisualCogB_Task-1,1,-1,Fz,0.25,13.8465670074076,11.8174980330757,11.7849967186945
VisualCogB_Task-1,1,-1,Fz,0.25390625,13.7971980004393,11.3337168178638,11.5635640513054
VisualCogB_Task-1,1,-1,Fz,0.2578125,13.8505396187225,11.0827549227373,11.368949019132
VisualCogB_Task-1,1,-1,Fz,0.26171875,14.1069353788524,10.9578188965789,11.2504624777392
VisualCogB_Task-1,1,-1,Fz,0.265625,14.6169624991984,11.1259985453085,11.233565774659
VisualCogB_Task-1,1,-1,Fz,0.26953125,15.3479377038127,11.4913859280833,11.3193332923266
VisualCogB_Task-1,1,-1,Fz,0.2734375,16.1955218309216,11.5942297904128,11.499875477398
VisualCogB_Task-1,1,-1,Fz,0.27734375,17.0340840937136,11.6954664369932,11.7816404961757
VisualCogB_Task-1,1,-1,Fz,0.28125,17.7754118671402,12.2303898611662,12.17893937438
VisualCogB_Task-1,1,-1,Fz,0.28515625,18.4044422717805,12.8031728450014,12.6989019661326
VisualCogB_Task-1,1,-1,Fz,0.2890625,18.9759421407207,12.8686000525302,13.3529456661209
VisualCogB_Task-1,1,-1,Fz,0.29296875,19.5760831137936,13.599495351757,14.1611771089378
VisualCogB_Task-1,1,-1,Fz,0.296875,20.2712156784982,14.7734244141273,15.1033407947104
VisualCogB_Task-1,1,-1,Fz,0.30078125,21.072366916032,16.2929843632549,16.1123744104676
VisualCogB_Task-1,1,-1,Fz,0.3046875,21.9296542629676,17.4096292909849,17.0937226115226
VisualCogB_Task-1,1,-1,Fz,0.30859375,22.7493445045437,18.3181697973567,17.9678808825879
VisualCogB_Task-1,1,-1,Fz,0.3125,23.4213973486999,19.1480238975959,18.6816702649977
VisualCogB_Task-1,1,-1,Fz,0.31640625,23.855739870423,19.7609634419623,19.2111025429836
VisualCogB_Task-1,1,-1,Fz,0.3203125,24.0260721301156,19.9085957994816,19.5710523034939
VisualCogB_Task-1,1,-1,Fz,0.32421875,24.0021359732019,19.7033988325407,19.8222158750582
VisualCogB_Task-1,1,-1,Fz,0.328125,23.9400790518939,19.6208423291686,20.0534182108719
VisualCogB_Task-1,1,-1,Fz,0.33203125,24.0205679591352,19.6908376672396,20.3435828439205
VisualCogB_Task-1,1,-1,Fz,0.3359375,24.3631621618977,19.9879594783166,20.7355853170475
VisualCogB_Task-1,1,-1,Fz,0.33984375,24.9657289162402,20.9356986301599,21.2179057417066
VisualCogB_Task-1,1,-1,Fz,0.34375,25.7016169173334,21.8075935613144,21.7167220761235
VisualCogB_Task-1,1,-1,Fz,0.34765625,26.3727616915295,22.5898964623081,22.1346950192287
VisualCogB_Task-1,1,-1,Fz,0.3515625,26.790088594927,22.8822764655586,22.3820578937183
VisualCogB_Task-1,1,-1,Fz,0.35546875,26.8440801927544,22.943557665468,22.4069774758787
VisualCogB_Task-1,1,-1,Fz,0.359375,26.5372992245741,22.6176333319471,22.1993054229826
VisualCogB_Task-1,1,-1,Fz,0.36328125,25.9712321016032,21.8170337317106,21.7936084081021
VisualCogB_Task-1,1,-1,Fz,0.3671875,25.2993434562178,20.4526481418376,21.2593137633896
VisualCogB_Task-1,1,-1,Fz,0.37109375,24.666485188175,20.4196615543206,20.667800931298
VisualCogB_Task-1,1,-1,Fz,0.375,24.1558929515802,20.224611484347,20.0232272191512
VisualCogB_Task-1,1,-1,Fz,0.37890625,23.7653239010172,19.6425222860118,19.309071652858
VisualCogB_Task-1,1,-1,Fz,0.3828125,23.4262704056715,18.5252389699498,18.5255952804271
VisualCogB_Task-1,1,-1,Fz,0.38671875,23.0572259270187,17.8985210507355,17.7008467026298
VisualCogB_Task-1,1,-1,Fz,0.390625,22.6171015670935,16.8951982982284,16.8628448276978
VisualCogB_Task-1,1,-1,Fz,0.39453125,22.1230071213876,15.9439953136989,16.0560814262049
VisualCogB_Task-1,1,-1,Fz,0.3984375,21.6246194564791,15.0611406675874,15.3277443912689
VisualCogB_Task-1,1,-1,Fz,0.40234375,21.1620426328287,14.3351585820516,14.7156811066324
VisualCogB_Task-1,1,-1,Fz,0.40625,20.7429247208971,14.17657040967,14.2355219790644
VisualCogB_Task-1,1,-1,Fz,0.41015625,20.3507953209779,13.7864103290127,13.871187204952
VisualCogB_Task-1,1,-1,Fz,0.4140625,19.9676179576559,13.577344455283,13.6016843498998
VisualCogB_Task-1,1,-1,Fz,0.41796875,19.5879193625786,13.4550618916518,13.3989562398504
VisualCogB_Task-1,1,-1,Fz,0.421875,19.2171417037089,13.3466908868243,13.2329173761954
VisualCogB_Task-1,1,-1,Fz,0.42578125,18.861606994675,13.2352783261653,13.0781577313094
VisualCogB_Task-1,1,-1,Fz,0.4296875,18.5210850011178,13.1175410879487,12.9187484034531
VisualCogB_Task-1,1,-1,Fz,0.43359375,18.1914226305291,12.8059579127681,12.7518538737918
VisualCogB_Task-1,1,-1,Fz,0.4375,17.8781601647042,12.7004742969779,12.5912046805318
VisualCogB_Task-1,1,-1,Fz,0.44140625,17.6133886376768,12.5608009532358,12.4550400317945
VisualCogB_Task-1,1,-1,Fz,0.4453125,17.4612148365101,12.0975604582809,12.3707049370715
VisualCogB_Task-1,1,-1,Fz,0.44921875,17.499082100283,11.8903616786482,12.3743578159746
VisualCogB_Task-1,1,-1,Fz,0.453125,17.7756416834413,11.9762312695054,12.4793950482166
VisualCogB_Task-1,1,-1,Fz,0.45703125,18.2649108386827,12.5474561572517,12.6588800020662
VisualCogB_Task-1,1,-1,Fz,0.4609375,18.8491975768883,13.3985198474588,12.8439457308994
VisualCogB_Task-1,1,-1,Fz,0.46484375,19.3567869560075,13.7039964409821,12.9564399676912
VisualCogB_Task-1,1,-1,Fz,0.46875,19.6480445649052,13.4748795490099,12.9644249551299
VisualCogB_Task-1,1,-1,Fz,0.47265625,19.7009466086266,13.1420146811299,12.8982593086779
VisualCogB_Task-1,1,-1,Fz,0.4765625,19.6337911129691,12.6452223335341,12.830839526621
VisualCogB_Task-1,1,-1,Fz,0.48046875,19.6432935164863,12.3237333843132,12.8553750549492
VisualCogB_Task-1,1,-1,Fz,0.484375,19.899314017591,12.3867482239033,13.0496072402288
VisualCogB_Task-1,1,-1,Fz,0.48828125,20.4645140725235,13.0889891966849,13.4469739564729
VisualCogB_Task-1,1,-1,Fz,0.4921875,21.2804330694114,13.9359413377431,14.0256748263343
VisualCogB_Task-1,1,-1,Fz,0.49609375,22.2159584625212,14.9016546733608,14.7340774091499
VisualCogB_Task-1,1,-1,Fz,0.5,23.1446474042116,15.6957655168052,15.513071473541
VisualCogB_Task-1,1,-1,Fz,0.50390625,24.0071219106011,16.2668569352963,16.3175115601462
VisualCogB_Task-1,1,-1,Fz,0.5078125,24.8212854068009,17.0065542646431,17.1174767132095
VisualCogB_Task-1,1,-1,Fz,0.51171875,25.6339937866688,17.7386099464204,17.8788247582375
VisualCogB_Task-1,1,-1,Fz,0.515625,26.4526590430947,18.7489664105161,18.5581699833561
VisualCogB_Task-1,1,-1,Fz,0.51953125,27.2145244107609,19.5990445336128,19.1004421090399
VisualCogB_Task-1,1,-1,Fz,0.5234375,27.8196003062906,19.9541433957316,19.4664705580267
VisualCogB_Task-1,1,-1,Fz,0.52734375,28.1975602851016,20.1132799800971,19.6586349551022
VisualCogB_Task-1,1,-1,Fz,0.53125,28.3536181910254,20.0977007520649,19.719954328194
VisualCogB_Task-1,1,-1,Fz,0.53515625,28.3649336439102,19.7052496788106,19.7313347906462
VisualCogB_Task-1,1,-1,Fz,0.5390625,28.3436994876897,19.2191049341714,19.8051613244585
VisualCogB_Task-1,1,-1,Fz,0.54296875,28.3993066372151,19.1923850901387,20.0516451523111
VisualCogB_Task-1,1,-1,Fz,0.546875,28.6136083014304,19.7747509385902,20.5321594643604
VisualCogB_Task-1,1,-1,Fz,0.55078125,29.0222521400718,20.7151067390659,21.2364724455814
VisualCogB_Task-1,1,-1,Fz,0.5546875,29.5964259707523,21.9089284531838,22.091234903802
VisualCogB_Task-1,1,-1,Fz,0.55859375,30.2365577623019,23.2359598686072,22.9796505046402
VisualCogB_Task-1,1,-1,Fz,0.5625,30.7987575901112,24.4185885436985,23.7697307094959
VisualCogB_Task-1,1,-1,Fz,0.56640625,31.1588515550527,25.3646495304228,24.3508460934328
VisualCogB_Task-1,1,-1,Fz,0.5703125,31.2834313153401,25.6123954148973,24.6664387176984
VisualCogB_Task-1,1,-1,Fz,0.57421875,31.2553988679721,25.2059810049631,24.7444342632892
VisualCogB_Task-1,1,-1,Fz,0.578125,31.2258173830495,24.3987440227046,24.6915881359682
VisualCogB_Task-1,1,-1,Fz,0.58203125,31.3222932941907,24.1208728194151,24.6531179699713
VisualCogB_Task-1,1,-1,Fz,0.5859375,31.5809498423749,24.1299626715708,24.7498377234291
VisualCogB_Task-1,1,-1,Fz,0.58984375,31.9467681673131,24.3817622289272,25.0582075919258
VisualCogB_Task-1,1,-1,Fz,0.59375,32.3297717886083,25.1220019204879,25.6030315167241
VisualCogB_Task-1,1,-1,Fz,0.59765625,32.6668326080092,26.0730773366692,26.3527429921702
VisualCogB_Task-1,1,-1,Fz,0.6015625,32.947501635797,27.159077286258,27.2356897129239
VisualCogB_Task-1,1,-1,Fz,0.60546875,33.1992105150926,28.453467024011,28.1569139023531
VisualCogB_Task-1,1,-1,Fz,0.609375,33.4563171907308,29.4759673523947,29.0150734149372
VisualCogB_Task-1,1,-1,Fz,0.61328125,33.738976191851,30.2092205072794,29.7335388652934
VisualCogB_Task-1,1,-1,Fz,0.6171875,34.0514085023283,30.7658610708064,30.2740886961605
VisualCogB_Task-1,1,-1,Fz,0.62109375,34.3953703513727,31.1382964352545,30.6381414871095
VisualCogB_Task-1,1,-1,Fz,0.625,34.7895961945749,30.9960862402893,30.8680968489318
VisualCogB_Task-1,1,-1,Fz,0.62890625,35.283463087399,31.1837274904043,31.048033971431
VisualCogB_Task-1,1,-1,Fz,0.6328125,35.9528503712323,31.0060377939081,31.2726978270237
VisualCogB_Task-1,1,-1,Fz,0.63671875,36.8742282496692,30.9375640360598,31.6481411813743
VisualCogB_Task-1,1,-1,Fz,0.640625,38.0864367845777,31.4944229906026,32.258195130721
VisualCogB_Task-1,1,-1,Fz,0.64453125,39.5571919225809,32.6035192709254,33.1274760091924
VisualCogB_Task-1,1,-1,Fz,0.6484375,41.1704206309612,33.9884890357354,34.2169524725736
VisualCogB_Task-1,1,-1,Fz,0.65234375,42.7458844362277,35.4795655085086,35.443930115128
VisualCogB_Task-1,1,-1,Fz,0.65625,44.0915461901156,36.7967690788639,36.706675911382
VisualCogB_Task-1,1,-1,Fz,0.66015625,45.0700814172929,38.4747681066833,37.9064264519772
VisualCogB_Task-1,1,-1,Fz,0.6640625,45.6482894455076,39.4976977403308,38.9519260915122
VisualCogB_Task-1,1,-1,Fz,0.66796875,45.905296984414,40.0790960472341,39.7992809891442
VisualCogB_Task-1,1,-1,Fz,0.671875,45.9949616606909,40.4020140295673,40.4500782747653
VisualCogB_Task-1,1,-1,Fz,0.67578125,46.0767981385278,40.9667361759964,40.9292229997753
VisualCogB_Task-1,1,-1,Fz,0.6796875,46.2448007120183,40.8747044950728,41.2576148618072
VisualCogB_Task-1,1,-1,Fz,0.68359375,46.4889603559886,41.3813503632572,41.4592796565127
VisualCogB_Task-1,1,-1,Fz,0.6875,46.7085926170381,41.5774899076407,41.5263339823153
VisualCogB_Task-1,1,-1,Fz,0.69140625,46.7646426635764,41.6636715892658,41.4444003298676
VisualCogB_Task-1,1,-1,Fz,0.6953125,46.5364131651999,41.3463023424905,41.2033641835989
VisualCogB_Task-1,1,-1,Fz,0.69921875,45.9555453228005,41.0919034531591,40.8113836328886
VisualCogB_Task-1,1,-1,Fz,0.703125,45.0153691454655,40.1780626198415,40.2885282803569
VisualCogB_Task-1,1,-1,Fz,0.70703125,43.7707036130816,40.1163401107189,39.6782443803135
VisualCogB_Task-1,1,-1,Fz,0.7109375,42.3388434297395,39.5431808118698,39.014772715358
VisualCogB_Task-1,1,-1,Fz,0.71484375,40.8949504238249,38.0754573418842,38.3688620456241
VisualCogB_Task-1,1,-1,Fz,0.71875,39.6430914677119,37.1876662371889,37.855295139288
VisualCogB_Task-1,1,-1,Fz,0.72265625,38.7535453720288,36.3504403980602,37.5644043725477
VisualCogB_Task-1,1,-1,Fz,0.7265625,38.2868798191953,36.3297969293343,37.5308863797596
VisualCogB_Task-1,1,-1,Fz,0.73046875,38.1513386506007,37.1967809186072,37.6882741307392
VisualCogB_Task-1,1,-1,Fz,0.734375,38.1316909774703,38.3454630071267,37.8700098077668
VisualCogB_Task-1,1,-1,Fz,0.73828125,37.9819543888444,39.1913451987746,37.868577825445
VisualCogB_Task-1,1,-1,Fz,0.7421875,37.5274478426409,39.327805282417,37.516083698323
VisualCogB_Task-1,1,-1,Fz,0.74609375,36.7162382597958,37.6064043765152,36.7548635553941
VisualCogB_Task-1,1,-1,Fz,0.75,35.6013986039285,35.2031696872281,35.6782303243261
VisualCogB_Task-1,1,-1,Fz,0.75390625,34.2849245880552,34.4086434190044,34.4504586678804
VisualCogB_Task-1,1,-1,Fz,0.7578125,32.8693390520947,32.3593661451745,33.1962348623933
VisualCogB_Task-1,1,-1,Fz,0.76171875,31.4398238731881,31.8961555207632,32.0367605801282
VisualCogB_Task-1,1,-1,Fz,0.765625,30.0688768874065,31.0573219175262,31.0234984335804
VisualCogB_Task-1,1,-1,Fz,0.76953125,28.8239214993446,29.73512877608,30.1961939469644
VisualCogB_Task-1,1,-1,Fz,0.7734375,27.7658458545178,29.2260440602114,29.5974112681573
VisualCogB_Task-1,1,-1,Fz,0.77734375,26.9380084896652,29.0300788311141,29.2312924474623
VisualCogB_Task-1,1,-1,Fz,0.78125,26.3516402942863,29.0681968354046,29.0710322678536
VisualCogB_Task-1,1,-1,Fz,0.78515625,25.9753914020092,29.1091760570283,29.0730577109433
VisualCogB_Task-1,1,-1,Fz,0.7890625,25.7353411230838,29.2914857261635,29.1935594723059
VisualCogB_Task-1,1,-1,Fz,0.79296875,25.5265948577904,29.4009216234737,29.3917381096899
VisualCogB_Task-1,1,-1,Fz,0.796875,25.2321827289701,29.8594663216633,29.6349547019982
VisualCogB_Task-1,1,-1,Fz,0.80078125,24.7443886551903,30.0493075406632,29.8913356209494
VisualCogB_Task-1,1,-1,F3,-0.19921875,2.71555771974305,3.76346086019278,3.62581759328932
VisualCogB_Task-1,1,-1,F3,-0.1953125,2.36680654894735,3.54597009929254,3.53378096250861
VisualCogB_Task-1,1,-1,F3,-0.19140625,2.03233758692212,3.36837952167755,3.45321460396986
VisualCogB_Task-1,1,-1,F3,-0.1875,1.76434100043905,3.16936928646792,3.39660455131367
VisualCogB_Task-1,1,-1,F3,-0.18359375,1.60454504458124,3.19711999118568,3.36936724798963
VisualCogB_Task-1,1,-1,F3,-0.1796875,1.56346202463908,3.40371663873903,3.35798286537687
VisualCogB_Task-1,1,-1,F3,-0.17578125,1.61272151976632,3.34373778226503,3.33457763678748
VisualCogB_Task-1,1,-1,F3,-0.171875,1.69400784128855,3.35663378740433,3.27508894331376
VisualCogB_Task-1,1,-1,F3,-0.16796875,1.74023099469576,3.35067482081603,3.15621751150447
VisualCogB_Task-1,1,-1,F3,-0.1640625,1.69813873579942,3.01231360398327,2.96145947158258
VisualCogB_Task-1,1,-1,F3,-0.16015625,1.54170613258719,2.71758377509712,2.69051572954702
VisualCogB_Task-1,1,-1,F3,-0.15625,1.27260085641911,2.27488015280704,2.34732503576345
VisualCogB_Task-1,1,-1,F3,-0.15234375,0.910768664626019,2.0908017846847,1.93808181106005
VisualCogB_Task-1,1,-1,F3,-0.1484375,0.481406378361525,1.65342567930211,1.46294340268526
VisualCogB_Task-1,1,-1,F3,-0.14453125,0.00586603067566359,0.96856643812635,0.934793822356273
VisualCogB_Task-1,1,-1,F3,-0.140625,-0.498098805443358,0.51738966018425,0.382390604841681
VisualCogB_Task-1,1,-1,F3,-0.13671875,-1.00833492581773,-0.223798161819694,-0.162694330442422
VisualCogB_Task-1,1,-1,F3,-0.1328125,-1.49061841558265,-0.788101482628074,-0.657639142801393
VisualCogB_Task-1,1,-1,F3,-0.12890625,-1.89871153061624,-1.129839047965,-1.06471397748869
VisualCogB_Task-1,1,-1,F3,-0.125,-2.18264115369402,-1.39546304586963,-1.35706084141001
VisualCogB_Task-1,1,-1,F3,-0.12109375,-2.29923664672898,-1.59588767452036,-1.51324883067739
VisualCogB_Task-1,1,-1,F3,-0.1171875,-2.21864777159975,-1.78582881188081,-1.51504722510785
VisualCogB_Task-1,1,-1,F3,-0.11328125,-1.92682650842928,-1.52243455768698,-1.35111187483864
VisualCogB_Task-1,1,-1,F3,-0.109375,-1.42990508590731,-1.15105241669279,-1.0326637622381
VisualCogB_Task-1,1,-1,F3,-0.10546875,-0.762670415700521,-0.695538942484176,-0.585200759911932
VisualCogB_Task-1,1,-1,F3,-0.1015625,0.0086990917090814,-0.139206474245301,-0.0440864616704007
VisualCogB_Task-1,1,-1,F3,-0.09765625,0.802606566976209,0.437134803519693,0.546120690128551
VisualCogB_Task-1,1,-1,F3,-0.09375,1.55150609190205,1.02106481827209,1.1329355854124
VisualCogB_Task-1,1,-1,F3,-0.08984375,2.21797241405282,1.6426671345219,1.65479095689122
VisualCogB_Task-1,1,-1,F3,-0.0859375,2.77684255201337,2.21301664227,2.04079697334673
VisualCogB_Task-1,1,-1,F3,-0.08203125,3.17669457014664,2.58031340097353,2.21905348502987
VisualCogB_Task-1,1,-1,F3,-0.078125,3.31926409056892,2.88254757410761,2.1320119812685
VisualCogB_Task-1,1,-1,F3,-0.07421875,3.08693679101862,2.48548157113072,1.75222894438582
VisualCogB_Task-1,1,-1,F3,-0.0703125,2.41459726010183,1.54695821730795,1.11480548944159
VisualCogB_Task-1,1,-1,F3,-0.06640625,1.36598065058263,0.367851835658112,0.315947117057664
VisualCogB_Task-1,1,-1,F3,-0.0625,0.15873247941748,-0.867663030276406,-0.512127944821913
VisualCogB_Task-1,1,-1,F3,-0.05859375,-0.89548068174816,-2.08078417783941,-1.23287607503639
VisualCogB_Task-1,1,-1,F3,-0.0546875,-1.51562217261708,-2.70836314863841,-1.7393815762129
VisualCogB_Task-1,1,-1,F3,-0.05078125,-1.57574001990809,-2.6579940494825,-1.99538775954548
VisualCogB_Task-1,1,-1,F3,-0.046875,-1.16472670611533,-2.22936007839453,-2.04538640059697
VisualCogB_Task-1,1,-1,F3,-0.04296875,-0.55383668949401,-1.82345156901896,-1.98908646575828
VisualCogB_Task-1,1,-1,F3,-0.0390625,-0.0858615908515555,-1.46531573865617,-1.94152806123682
VisualCogB_Task-1,1,-1,F3,-0.03515625,-0.0312906638248014,-1.21676161326213,-2.00394838517834
VisualCogB_Task-1,1,-1,F3,-0.03125,-0.47593277723198,-1.56719611444878,-2.23790027551358
VisualCogB_Task-1,1,-1,F3,-0.02734375,-1.29760686904349,-2.32207667059656,-2.63933767251357
VisualCogB_Task-1,1,-1,F3,-0.0234375,-2.24401810978715,-3.29168659313259,-3.14832250302727
VisualCogB_Task-1,1,-1,F3,-0.01953125,-3.06230354151534,-4.0634864162437,-3.67847827707724
VisualCogB_Task-1,1,-1,F3,-0.015625,-3.60366216902193,-4.59509363596658,-4.1553755121948
VisualCogB_Task-1,1,-1,F3,-0.01171875,-3.85617586560828,-4.77785038926108,-4.53666873750849
VisualCogB_Task-1,1,-1,F3,-0.0078125,-3.91090904749628,-4.88923690959213,-4.81665565912784
VisualCogB_Task-1,1,-1,F3,-0.00390625,-3.89547147419771,-4.94170247589229,-5.00973245414175
VisualCogB_Task-1,1,-1,F3,0,-3.90893992964971,-4.98206410628883,-5.1363437371778
VisualCogB_Task-1,1,-1,F3,0.00390625,-3.98268182037162,-5.15167536636504,-5.21126495800948
VisualCogB_Task-1,1,-1,F3,0.0078125,-4.08290914361516,-5.31659621028753,-5.23641493050283
VisualCogB_Task-1,1,-1,F3,0.01171875,-4.15414125716526,-5.33225086447195,-5.20874666922021
VisualCogB_Task-1,1,-1,F3,0.015625,-4.17588762809468,-5.17608295081163,-5.1318949620394
VisualCogB_Task-1,1,-1,F3,0.01953125,-4.18898643642882,-4.85765645984151,-5.0197866131091
VisualCogB_Task-1,1,-1,F3,0.0234375,-4.2666173216802,-4.92340862177952,-4.89003075897573
VisualCogB_Task-1,1,-1,F3,0.02734375,-4.44987016996041,-4.83635412331442,-4.74672569008008
VisualCogB_Task-1,1,-1,F3,0.03125,-4.70059766981815,-4.59763974422526,-4.5967511854299
VisualCogB_Task-1,1,-1,F3,0.03515625,-4.91432361814052,-4.65408114315028,-4.45445606013582
VisualCogB_Task-1,1,-1,F3,0.0390625,-4.99048002472096,-4.4495122826072,-4.33426317587473
VisualCogB_Task-1,1,-1,F3,0.04296875,-4.91257809911616,-4.30056688242914,-4.26723081790808
VisualCogB_Task-1,1,-1,F3,0.046875,-4.77970118260566,-3.89377810688402,-4.29402136372501
VisualCogB_Task-1,1,-1,F3,0.05078125,-4.76075383504217,-4.03883972470997,-4.45807519619143
VisualCogB_Task-1,1,-1,F3,0.0546875,-4.99534854753123,-4.45885410781795,-4.76947909343647
VisualCogB_Task-1,1,-1,F3,0.05859375,-5.50454197009249,-4.95920194630409,-5.20338354429916
VisualCogB_Task-1,1,-1,F3,0.0625,-6.17084007618534,-5.56755439749326,-5.70905362215031
VisualCogB_Task-1,1,-1,F3,0.06640625,-6.80024297471757,-6.46736667069243,-6.21540593386115
VisualCogB_Task-1,1,-1,F3,0.0703125,-7.22515322442463,-7.24421949271991,-6.63956548424813
VisualCogB_Task-1,1,-1,F3,0.07421875,-7.38670360043157,-7.50174046292853,-6.919654006197
VisualCogB_Task-1,1,-1,F3,0.078125,-7.35485046001964,-7.29335958798002,-7.04418106663281
VisualCogB_Task-1,1,-1,F3,0.08203125,-7.27996199847982,-7.04062958285229,-7.05016343720824
VisualCogB_Task-1,1,-1,F3,0.0859375,-7.30277253704711,-6.70566759881001,-6.99538276635491
VisualCogB_Task-1,1,-1,F3,0.08984375,-7.47341742716852,-6.59428982460121,-6.93682621464142
VisualCogB_Task-1,1,-1,F3,0.09375,-7.72852057274521,-6.78577762088241,-6.90733801200764
VisualCogB_Task-1,1,-1,F3,0.09765625,-7.93872461426569,-6.97389795963534,-6.91121768922342
VisualCogB_Task-1,1,-1,F3,0.1015625,-7.99312723270235,-7.09651499601822,-6.94263474446485
VisualCogB_Task-1,1,-1,F3,0.10546875,-7.86946621454139,-7.0598192968689,-7.00098203177567
VisualCogB_Task-1,1,-1,F3,0.109375,-7.65517769233309,-6.94740605246184,-7.09847575949572
VisualCogB_Task-1,1,-1,F3,0.11328125,-7.51155092077668,-7.01408125725467,-7.25223524138929
VisualCogB_Task-1,1,-1,F3,0.1171875,-7.59678956155148,-7.19639726986795,-7.46679064896785
VisualCogB_Task-1,1,-1,F3,0.12109375,-7.98423783216942,-7.55257502985201,-7.72682598839829
VisualCogB_Task-1,1,-1,F3,0.125,-8.62040792082773,-7.97608629278961,-7.99449248425587
VisualCogB_Task-1,1,-1,F3,0.12890625,-9.34817198454372,-8.39452642991629,-8.21742044790364
VisualCogB_Task-1,1,-1,F3,0.1328125,-9.98048188138651,-8.66311114790195,-8.3417063414158
VisualCogB_Task-1,1,-1,F3,0.13671875,-10.380431147222,-8.7734198329006,-8.32820545870093
VisualCogB_Task-1,1,-1,F3,0.140625,-10.507098339817,-8.54276510293651,-8.16455682754146
VisualCogB_Task-1,1,-1,F3,0.14453125,-10.4150540398936,-8.0234005530428,-7.87550067356978
VisualCogB_Task-1,1,-1,F3,0.1484375,-10.2206965596543,-7.44218797594538,-7.51729457870121
VisualCogB_Task-1,1,-1,F3,0.15234375,-10.0537906197333,-6.90813052047355,-7.15852111480714
VisualCogB_Task-1,1,-1,F3,0.15625,-10.0076447458415,-6.47533496747222,-6.86150397019598
VisualCogB_Task-1,1,-1,F3,0.16015625,-10.1028633579188,-6.31786780739575,-6.66770095031501
VisualCogB_Task-1,1,-1,F3,0.1640625,-10.2836200840876,-6.39948750672326,-6.58638911038451
VisualCogB_Task-1,1,-1,F3,0.16796875,-10.4550211439788,-6.70383266141243,-6.59769274371484
VisualCogB_Task-1,1,-1,F3,0.171875,-10.5441698173347,-6.88950533091009,-6.66616100997792
VisualCogB_Task-1,1,-1,F3,0.17578125,-10.5471166313943,-6.98522259200104,-6.76518806198711
VisualCogB_Task-1,1,-1,F3,0.1796875,-10.5302536396848,-6.98322568760244,-6.88678007930015
VisualCogB_Task-1,1,-1,F3,0.18359375,-10.5866273574999,-6.90701416040472,-7.04127945230924
VisualCogB_Task-1,1,-1,F3,0.1875,-10.7802954248496,-6.98207747609421,-7.24706570543179
VisualCogB_Task-1,1,-1,F3,0.19140625,-11.1172429825038,-7.26105810568983,-7.51132958875983
VisualCogB_Task-1,1,-1,F3,0.1953125,-11.554575622834,-7.70236933829663,-7.81917949994058
VisualCogB_Task-1,1,-1,F3,0.19921875,-12.0275192140919,-8.19382840467251,-8.13486787969877
VisualCogB_Task-1,1,-1,F3,0.203125,-12.4688284539511,-8.60318484746622,-8.41291298862213
VisualCogB_Task-1,1,-1,F3,0.20703125,-12.8170015442818,-8.83082058504696,-8.61274646437953
VisualCogB_Task-1,1,-1,F3,0.2109375,-13.0252735301077,-9.00994433100214,-8.70965593287685
VisualCogB_Task-1,1,-1,F3,0.21484375,-13.0740650222026,-8.81691610183834,-8.69710186340891
VisualCogB_Task-1,1,-1,F3,0.21875,-12.975582865449,-8.49453780155038,-8.59356875844765
VisualCogB_Task-1,1,-1,F3,0.22265625,-12.7642705816232,-8.30227394254026,-8.42752564033411
VisualCogB_Task-1,1,-1,F3,0.2265625,-12.4822723283167,-8.15655462604009,-8.21918895166792
VisualCogB_Task-1,1,-1,F3,0.23046875,-12.1728940840457,-7.96810973460933,-7.97833749356586
VisualCogB_Task-1,1,-1,F3,0.234375,-11.8846728462509,-7.77780714599872,-7.70953054000906
VisualCogB_Task-1,1,-1,F3,0.23828125,-11.6766552748072,-7.47329573352927,-7.41647505173228
VisualCogB_Task-1,1,-1,F3,0.2421875,-11.6101734409162,-7.07261402835966,-7.10856770663607
VisualCogB_Task-1,1,-1,F3,0.24609375,-11.7190398136894,-6.65269670927336,-6.79994023943741
VisualCogB_Task-1,1,-1,F3,0.25,-11.970969254658,-6.38987953420914,-6.50172824499689
VisualCogB_Task-1,1,-1,F3,0.25390625,-12.252646316682,-6.18321034803283,-6.2127970239948
VisualCogB_Task-1,1,-1,F3,0.2578125,-12.403697740795,-5.93290083291478,-5.9226911512124
VisualCogB_Task-1,1,-1,F3,0.26171875,-12.2892726839221,-5.48084047270169,-5.61848964510082
VisualCogB_Task-1,1,-1,F3,0.265625,-11.8670597388658,-5.21655604781897,-5.2881223309197
VisualCogB_Task-1,1,-1,F3,0.26953125,-11.2040335288561,-4.95122354925203,-4.90804826956211
VisualCogB_Task-1,1,-1,F3,0.2734375,-10.4338949573551,-4.47187730642535,-4.44876266499602
VisualCogB_Task-1,1,-1,F3,0.27734375,-9.68819889987537,-4.1102163242889,-3.8843586611636
VisualCogB_Task-1,1,-1,F3,0.28125,-9.04628077462821,-3.47125708027681,-3.1908556221261
VisualCogB_Task-1,1,-1,F3,0.28515625,-8.52474307078916,-2.73980853527874,-2.3630943838719
VisualCogB_Task-1,1,-1,F3,0.2890625,-8.09538901758916,-1.65849707410586,-1.41928257056858
VisualCogB_Task-1,1,-1,F3,0.29296875,-7.71005452137728,-0.50560572740367,-0.409020652334318
VisualCogB_Task-1,1,-1,F3,0.296875,-7.32057071820754,0.705150480964123,0.598156358751289
VisualCogB_Task-1,1,-1,F3,0.30078125,-6.89404205057579,1.86577027886433,1.52466469435286
VisualCogB_Task-1,1,-1,F3,0.3046875,-6.42704943779835,2.80753380557838,2.30183676298607
VisualCogB_Task-1,1,-1,F3,0.30859375,-5.95544346055846,3.42469512653652,2.88943043854258
VisualCogB_Task-1,1,-1,F3,0.3125,-5.54646572104139,3.70845500707705,3.28934501513003
VisualCogB_Task-1,1,-1,F3,0.31640625,-5.2640102468689,3.71294898013726,3.54808517752228
VisualCogB_Task-1,1,-1,F3,0.3203125,-5.1207850962201,3.65855188815497,3.74708144315538
VisualCogB_Task-1,1,-1,F3,0.32421875,-5.05108645334849,3.60283668848318,3.98150297968335
VisualCogB_Task-1,1,-1,F3,0.328125,-4.93011871995811,3.73929452887868,4.33914149184345
VisualCogB_Task-1,1,-1,F3,0.33203125,-4.63347106465764,4.22425857038034,4.87623316010631
VisualCogB_Task-1,1,-1,F3,0.3359375,-4.101797749959,5.12194785474431,5.59902691802881
VisualCogB_Task-1,1,-1,F3,0.33984375,-3.37417666614305,6.20585408984633,6.45944048335732
VisualCogB_Task-1,1,-1,F3,0.34375,-2.57573446115385,7.47537744172565,7.36963498523117
VisualCogB_Task-1,1,-1,F3,0.34765625,-1.87008858147987,8.67152915829331,8.22063935333047
VisualCogB_Task-1,1,-1,F3,0.3515625,-1.39988884029981,9.57128793749734,8.91229438870982
VisualCogB_Task-1,1,-1,F3,0.35546875,-1.23858268681707,10.0129320080754,9.38201504283744
VisualCogB_Task-1,1,-1,F3,0.359375,-1.36866870598343,10.0174577706271,9.62213239624714
VisualCogB_Task-1,1,-1,F3,0.36328125,-1.69103359079335,9.72072685949459,9.67755394324256
VisualCogB_Task-1,1,-1,F3,0.3671875,-2.06160464097808,9.33498946812921,9.62613095932569
VisualCogB_Task-1,1,-1,F3,0.37109375,-2.3460702438801,9.06748064387162,9.54931246301951
VisualCogB_Task-1,1,-1,F3,0.375,-2.47538025738508,8.93784999369637,9.50428568191393
VisualCogB_Task-1,1,-1,F3,0.37890625,-2.47619224090138,9.17790950446772,9.50808519200325
VisualCogB_Task-1,1,-1,F3,0.3828125,-2.45541490670709,9.5557735348947,9.53054259526359
VisualCogB_Task-1,1,-1,F3,0.38671875,-2.54245826042949,9.79257701174265,9.51397485304313
VisualCogB_Task-1,1,-1,F3,0.390625,-2.82116105754733,9.81359725518695,9.40280150499265
VisualCogB_Task-1,1,-1,F3,0.39453125,-3.29221391861474,9.56542596640017,9.16465893732121
VisualCogB_Task-1,1,-1,F3,0.3984375,-3.88573348337213,9.08031637459766,8.80141651542073
VisualCogB_Task-1,1,-1,F3,0.40234375,-4.50664723122449,8.43999907386166,8.34834085710636
VisualCogB_Task-1,1,-1,F3,0.40625,-5.07561876211289,7.74854134245561,7.86394023512469
VisualCogB_Task-1,1,-1,F3,0.41015625,-5.54381485642447,7.12396976308027,7.41436110695189
VisualCogB_Task-1,1,-1,F3,0.4140625,-5.88913846784855,6.68236407181771,7.05613335567504
VisualCogB_Task-1,1,-1,F3,0.41796875,-6.11090764754068,6.4980234978334,6.82158758572527
VisualCogB_Task-1,1,-1,F3,0.421875,-6.22766875100299,6.56373956599208,6.71190696121225
VisualCogB_Task-1,1,-1,F3,0.42578125,-6.27226671083635,6.78984212230926,6.70131097225465
VisualCogB_Task-1,1,-1,F3,0.4296875,-6.28124443194728,7.0500939829237,6.75167182603613
VisualCogB_Task-1,1,-1,F3,0.43359375,-6.28310195159274,7.12313040653046,6.83223932557825
VisualCogB_Task-1,1,-1,F3,0.4375,-6.29024695647129,6.96530623412719,6.93713178697651
VisualCogB_Task-1,1,-1,F3,0.44140625,-6.29406449387867,6.87032184698536,7.08470844973911
VisualCogB_Task-1,1,-1,F3,0.4453125,-6.26259584157571,7.22599640495125,7.29567642397014
VisualCogB_Task-1,1,-1,F3,0.44921875,-6.14728361214005,7.49018387644494,7.57287726954418
VisualCogB_Task-1,1,-1,F3,0.453125,-5.90524897858381,7.81399620899276,7.91334587808427
VisualCogB_Task-1,1,-1,F3,0.45703125,-5.52952266459573,8.37145780911186,8.30722602512182
VisualCogB_Task-1,1,-1,F3,0.4609375,-5.06468168004838,8.81699927019412,8.73638234709729
VisualCogB_Task-1,1,-1,F3,0.46484375,-4.58777764541836,9.33938849031077,9.18803212911697
VisualCogB_Task-1,1,-1,F3,0.46875,-4.15940035679104,9.67086441397801,9.65611073321189
VisualCogB_Task-1,1,-1,F3,0.47265625,-3.77977969631332,9.96860018696576,10.1471665515125
VisualCogB_Task-1,1,-1,F3,0.4765625,-3.38735766804946,10.6265866091147,10.6689774495466
VisualCogB_Task-1,1,-1,F3,0.48046875,-2.90185017588928,11.5122259263766,11.2144407624629
VisualCogB_Task-1,1,-1,F3,0.484375,-2.27601476344478,11.9911238460118,11.7729212553741
VisualCogB_Task-1,1,-1,F3,0.48828125,-1.51967841987069,12.3857125350569,12.3585991237193
VisualCogB_Task-1,1,-1,F3,0.4921875,-0.687835466522026,13.1723387595283,13.003838112157
VisualCogB_Task-1,1,-1,F3,0.49609375,0.154292833632547,13.5752883979315,13.7432614162909
VisualCogB_Task-1,1,-1,F3,0.5,0.972708636962402,14.2708543856507,14.6255339523387
VisualCogB_Task-1,1,-1,F3,0.50390625,1.7931998242324,14.7558855349236,15.6853228849882
VisualCogB_Task-1,1,-1,F3,0.5078125,2.69386720532746,16.5841197720528,16.92773874837
VisualCogB_Task-1,1,-1,F3,0.51171875,3.75405764915374,17.683767288952,18.2804389641092
VisualCogB_Task-1,1,-1,F3,0.515625,4.98812166601154,20.1908171757045,19.6424460391378
VisualCogB_Task-1,1,-1,F3,0.51953125,6.3142635215673,21.6884880182926,20.8630598407912
VisualCogB_Task-1,1,-1,F3,0.5234375,7.58691060963798,23.0183421502051,21.8372778311191
VisualCogB_Task-1,1,-1,F3,0.52734375,8.67046322930548,22.9096201194567,22.5288831536292
VisualCogB_Task-1,1,-1,F3,0.53125,9.5002120821565,22.1655644288712,23.00008097842
VisualCogB_Task-1,1,-1,F3,0.53515625,10.0931762644379,23.9586385827091,23.3448045560754
VisualCogB_Task-1,1,-1,F3,0.5390625,10.5174400432444,23.6693305160261,23.5874440913838
VisualCogB_Task-1,1,-1,F3,0.54296875,10.8551403066295,23.3643699101561,23.8035426246861
VisualCogB_Task-1,1,-1,F3,0.546875,11.1819924727104,23.4504390279896,24.0754670650437
VisualCogB_Task-1,1,-1,F3,0.55078125,11.5596509747658,24.533211762466,24.4489865953069
VisualCogB_Task-1,1,-1,F3,0.5546875,12.0264481635612,24.8450633186505,24.9177847285717
VisualCogB_Task-1,1,-1,F3,0.55859375,12.5833640714765,24.8360777327934,25.4825637418639
VisualCogB_Task-1,1,-1,F3,0.5625,13.1908032214439,25.5901232119557,26.1379657947159
VisualCogB_Task-1,1,-1,F3,0.56640625,13.7940868250758,27.6908747847786,26.8247592125709
VisualCogB_Task-1,1,-1,F3,0.5703125,14.3700752849745,28.2226382488687,27.4380587723086
VisualCogB_Task-1,1,-1,F3,0.57421875,14.9573749010985,27.7051749140785,27.9451555484929
VisualCogB_Task-1,1,-1,F3,0.578125,15.6367227430785,27.6983637558783,28.3787222387342
VisualCogB_Task-1,1,-1,F3,0.58203125,16.4700305787471,29.4923781501251,28.7514331544417
VisualCogB_Task-1,1,-1,F3,0.5859375,17.4452886387412,29.3678249941698,29.0192660667868
VisualCogB_Task-1,1,-1,F3,0.58984375,18.4715791730036,28.2890055098306,29.1999441632475
VisualCogB_Task-1,1,-1,F3,0.59375,19.4280481295199,29.7796051414758,29.340237208584
VisualCogB_Task-1,1,-1,F3,0.59765625,20.2302501313022,29.783561429366,29.411003413105
VisualCogB_Task-1,1,-1,F3,0.6015625,20.8699464543666,29.5982276180196,29.4197149815268
VisualCogB_Task-1,1,-1,F3,0.60546875,21.4106374183805,29.3325255778819,29.4048906199208
VisualCogB_Task-1,1,-1,F3,0.609375,21.9521764458414,29.5779295017032,29.4199250873994
VisualCogB_Task-1,1,-1,F3,0.61328125,22.5892232947491,29.0431006713613,29.5121827229052
VisualCogB_Task-1,1,-1,F3,0.6171875,23.3821322919264,29.5284616198391,29.7421948999061
VisualCogB_Task-1,1,-1,F3,0.62109375,24.3491645671528,30.4430999907136,30.1314028209078
VisualCogB_Task-1,1,-1,F3,0.625,25.4801363548969,30.5994326452644,30.683436581744
VisualCogB_Task-1,1,-1,F3,0.62890625,26.7611156044664,30.4126927313698,31.4279010423986
VisualCogB_Task-1,1,-1,F3,0.6328125,28.1918496169694,32.2476702722223,32.3874007348159
VisualCogB_Task-1,1,-1,F3,0.63671875,29.7826305970381,33.6554490188421,33.4999394983541
VisualCogB_Task-1,1,-1,F3,0.640625,31.5341031014575,34.8531022449607,34.6918769671555
VisualCogB_Task-1,1,-1,F3,0.64453125,33.4157824188797,35.9870490496684,35.9025319020695
VisualCogB_Task-1,1,-1,F3,0.6484375,35.3578197074036,37.3045326938007,37.0846585037627
VisualCogB_Task-1,1,-1,F3,0.65234375,37.2629312574499,38.2829002011901,38.1980540685351
VisualCogB_Task-1,1,-1,F3,0.65625,39.0359236811884,39.2059630535599,39.2208387418562
VisualCogB_Task-1,1,-1,F3,0.66015625,40.6161659485922,40.1828652643886,40.1382031802503
VisualCogB_Task-1,1,-1,F3,0.6640625,41.9929094579159,41.1579053817979,40.9340983995504
VisualCogB_Task-1,1,-1,F3,0.66796875,43.1938515974803,41.6479351478855,41.596197255934
VisualCogB_Task-1,1,-1,F3,0.671875,44.254617170527,42.0575145315983,42.1308231874329
VisualCogB_Task-1,1,-1,F3,0.67578125,45.1867539028752,42.5476974397958,42.5486111230748
VisualCogB_Task-1,1,-1,F3,0.6796875,45.9629462568535,42.6592460056214,42.8540869372344
VisualCogB_Task-1,1,-1,F3,0.68359375,46.5315090262568,42.6884196596324,43.051700364013
VisualCogB_Task-1,1,-1,F3,0.6875,46.8550234319225,43.2681655695224,43.1296643932112
VisualCogB_Task-1,1,-1,F3,0.69140625,46.9478851152019,43.509150685921,43.0459186225974
VisualCogB_Task-1,1,-1,F3,0.6953125,46.8834174874638,43.3311007893279,42.769944414633
VisualCogB_Task-1,1,-1,F3,0.69921875,46.7616623435935,42.716908752488,42.3098258037228
VisualCogB_Task-1,1,-1,F3,0.703125,46.660093191454,41.8859866178674,41.7204098554963
VisualCogB_Task-1,1,-1,F3,0.70703125,46.6055205227673,40.9488729914841,41.0904672146464
VisualCogB_Task-1,1,-1,F3,0.7109375,46.5900476378308,40.098142940244,40.5225665893975
VisualCogB_Task-1,1,-1,F3,0.71484375,46.6163890139231,39.5010408764525,40.1074771693766
VisualCogB_Task-1,1,-1,F3,0.71875,46.7293210739244,39.2187230014746,39.9005995067816
VisualCogB_Task-1,1,-1,F3,0.72265625,46.9984772949312,39.3893929781094,39.9067977960664
VisualCogB_Task-1,1,-1,F3,0.7265625,47.4603378162936,39.7616421120365,40.0741131895762
VisualCogB_Task-1,1,-1,F3,0.73046875,48.0665038458157,40.3121973032266,40.3074697714931
VisualCogB_Task-1,1,-1,F3,0.734375,48.6824461935763,41.0208047010039,40.4857523695375
VisualCogB_Task-1,1,-1,F3,0.73828125,49.1389578745869,41.2875447466327,40.4882397724075
VisualCogB_Task-1,1,-1,F3,0.7421875,49.2995150453665,41.0178467690435,40.2387984630901
VisualCogB_Task-1,1,-1,F3,0.74609375,49.1033250349594,40.2324848416674,39.7279036724245
VisualCogB_Task-1,1,-1,F3,0.75,48.5699905636895,38.9392186146389,39.0109513234126
VisualCogB_Task-1,1,-1,F3,0.75390625,47.7797873557879,38.0668324617472,38.1853857698265
VisualCogB_Task-1,1,-1,F3,0.7578125,46.8520070335156,37.2202396280065,37.3426736397073
VisualCogB_Task-1,1,-1,F3,0.76171875,45.9304424932116,36.3261275758637,36.5644021187559
VisualCogB_Task-1,1,-1,F3,0.765625,45.1670951890416,35.2214517096599,35.9219555583649
VisualCogB_Task-1,1,-1,F3,0.76953125,44.6933312836683,35.4249809827802,35.4668620980192
VisualCogB_Task-1,1,-1,F3,0.7734375,44.5836427795579,35.2290451090759,35.1922745564785
VisualCogB_Task-1,1,-1,F3,0.77734375,44.8314998191785,34.9392457737977,35.0878556595656
VisualCogB_Task-1,1,-1,F3,0.78125,45.3530526825959,35.0491836034934,35.1463323458198
VisualCogB_Task-1,1,-1,F3,0.78515625,46.0177625814065,35.1353741718123,35.3480473966331
VisualCogB_Task-1,1,-1,F3,0.7890625,46.6910168454487,35.7037926994621,35.6652478648705
VisualCogB_Task-1,1,-1,F3,0.79296875,47.2692561160156,36.2654546310308,36.0524580346615
VisualCogB_Task-1,1,-1,F3,0.796875,47.6929874804302,36.7227959158574,36.4674142596853
VisualCogB_Task-1,1,-1,F3,0.80078125,47.9368831099254,36.9243881132952,36.8856026099849
VisualCogB_Task-1,1,-1,F4,-0.19921875,-6.17019359684123,-4.37903840587967,-4.84222632469597
VisualCogB_Task-1,1,-1,F4,-0.1953125,-5.98301272043843,-4.42009696148997,-4.34409603375538
VisualCogB_Task-1,1,-1,F4,-0.19140625,-5.69215511827284,-4.18174174146069,-3.8073667495801
VisualCogB_Task-1,1,-1,F4,-0.1875,-5.27333151137567,-3.58883693025585,-3.19977288957998
VisualCogB_Task-1,1,-1,F4,-0.18359375,-4.72148323192354,-2.88060995040085,-2.52024678715493
VisualCogB_Task-1,1,-1,F4,-0.1796875,-4.06373441191602,-2.00707530146266,-1.80014277909452
VisualCogB_Task-1,1,-1,F4,-0.17578125,-3.36559791927248,-1.07609331158112,-1.10084546579213
VisualCogB_Task-1,1,-1,F4,-0.171875,-2.72352709958428,-0.0803547836628106,-0.500983824505165
VisualCogB_Task-1,1,-1,F4,-0.16796875,-2.24231699663387,0.305996438411396,-0.0771241529734367
VisualCogB_Task-1,1,-1,F4,-0.1640625,-2.0035703616091,0.363874541686049,0.129219671133434
VisualCogB_Task-1,1,-1,F4,-0.16015625,-2.03712915857359,0.373250093174038,0.108460486094563
VisualCogB_Task-1,1,-1,F4,-0.15625,-2.30836102494911,0.225173408776075,-0.129434297264881
VisualCogB_Task-1,1,-1,F4,-0.15234375,-2.73037918886511,-0.365373462321549,-0.552431467529775
VisualCogB_Task-1,1,-1,F4,-0.1484375,-3.199000316403,-1.16592821917702,-1.09894717111491
VisualCogB_Task-1,1,-1,F4,-0.14453125,-3.63171220172014,-1.98267987294391,-1.69180938733441
VisualCogB_Task-1,1,-1,F4,-0.140625,-3.98538336595066,-2.46311184919683,-2.25942784950755
VisualCogB_Task-1,1,-1,F4,-0.13671875,-4.24306511065714,-2.85692296392989,-2.75445149808774
VisualCogB_Task-1,1,-1,F4,-0.1328125,-4.38699949517327,-3.30494683765925,-3.14650294016918
VisualCogB_Task-1,1,-1,F4,-0.12890625,-4.38712632431138,-3.55477615385782,-3.41374407166622
VisualCogB_Task-1,1,-1,F4,-0.125,-4.21820341749704,-3.57009060081548,-3.5475404466174
VisualCogB_Task-1,1,-1,F4,-0.12109375,-3.88770176222356,-3.51094840315519,-3.55101029257724
VisualCogB_Task-1,1,-1,F4,-0.1171875,-3.44224803383611,-3.396047971123,-3.42915101661674
VisualCogB_Task-1,1,-1,F4,-0.11328125,-2.94050721264208,-3.0968277572097,-3.18362153502173
VisualCogB_Task-1,1,-1,F4,-0.109375,-2.41520844186039,-2.88132225687019,-2.81332217695359
VisualCogB_Task-1,1,-1,F4,-0.10546875,-1.85753871008228,-2.40797765363924,-2.30992045675599
VisualCogB_Task-1,1,-1,F4,-0.1015625,-1.23275484639317,-1.8961696335774,-1.67075056209903
VisualCogB_Task-1,1,-1,F4,-0.09765625,-0.507817777680686,-1.15576340043254,-0.901318113726378
VisualCogB_Task-1,1,-1,F4,-0.09375,0.329310886197483,-0.37829425043931,-0.0259136550049096
VisualCogB_Task-1,1,-1,F4,-0.08984375,1.2610266504846,0.63796484463561,0.909968496806314
VisualCogB_Task-1,1,-1,F4,-0.0859375,2.23410067528835,1.77500820783566,1.8314689748287
VisualCogB_Task-1,1,-1,F4,-0.08203125,3.15507719620255,2.87839934506532,2.64106144116943
VisualCogB_Task-1,1,-1,F4,-0.078125,3.89851399589292,3.95851523377675,3.23651449401961
VisualCogB_Task-1,1,-1,F4,-0.07421875,4.34246337740658,4.46272237605797,3.53537489022831
VisualCogB_Task-1,1,-1,F4,-0.0703125,4.42785896921542,4.54170292060463,3.51535611495772
VisualCogB_Task-1,1,-1,F4,-0.06640625,4.20840596282634,3.57178961428083,3.2314506105225
VisualCogB_Task-1,1,-1,F4,-0.0625,3.84710155923848,2.22868711920611,2.82417971970786
VisualCogB_Task-1,1,-1,F4,-0.05859375,3.54768069537676,1.29950222315728,2.46242636894557
VisualCogB_Task-1,1,-1,F4,-0.0546875,3.46100978969899,1.29922935664251,2.26544910129225
VisualCogB_Task-1,1,-1,F4,-0.05078125,3.62623944319928,1.97211986249213,2.25559611432216
VisualCogB_Task-1,1,-1,F4,-0.046875,3.97492901131661,2.65527029235994,2.3746972935554
VisualCogB_Task-1,1,-1,F4,-0.04296875,4.37956106368269,3.00699206765993,2.54095950352625
VisualCogB_Task-1,1,-1,F4,-0.0390625,4.71101665948682,2.76726577023604,2.6959706920027
VisualCogB_Task-1,1,-1,F4,-0.03515625,4.88410391239904,3.01217646599985,2.82015485376387
VisualCogB_Task-1,1,-1,F4,-0.03125,4.88420987194327,2.76676360718545,2.89987724010836
VisualCogB_Task-1,1,-1,F4,-0.02734375,4.76713516401811,3.1287580067916,2.93750490335438
VisualCogB_Task-1,1,-1,F4,-0.0234375,4.62667462395122,2.7210385079562,2.92431209307661
VisualCogB_Task-1,1,-1,F4,-0.01953125,4.54361167817675,2.79285386095619,2.86751081746947
VisualCogB_Task-1,1,-1,F4,-0.015625,4.54645764535117,2.92109723554873,2.7573736193007
VisualCogB_Task-1,1,-1,F4,-0.01171875,4.60718034509029,3.04226121061399,2.57795162829525
VisualCogB_Task-1,1,-1,F4,-0.0078125,4.67266869003761,2.89030650040851,2.32693960886541
VisualCogB_Task-1,1,-1,F4,-0.00390625,4.71372149020488,2.2165570391964,2.0407247906167
VisualCogB_Task-1,1,-1,F4,0,4.7631657182393,1.80104406079947,1.80264164411658
VisualCogB_Task-1,1,-1,F4,0.00390625,4.91580718320993,1.00636563529933,1.71067732731413
VisualCogB_Task-1,1,-1,F4,0.0078125,5.2817358599821,0.702896433124653,1.86268586621535
VisualCogB_Task-1,1,-1,F4,0.01171875,5.91524241492645,1.4704587984831,2.297828645825
VisualCogB_Task-1,1,-1,F4,0.015625,6.76336982683842,2.50839878539075,2.95861793172361
VisualCogB_Task-1,1,-1,F4,0.01953125,7.67271744773354,4.56664388150939,3.71861850221324
VisualCogB_Task-1,1,-1,F4,0.0234375,8.45889586809392,5.18040113687593,4.41387687340152
VisualCogB_Task-1,1,-1,F4,0.02734375,8.99941950943587,5.33492887501477,4.95110834300411
VisualCogB_Task-1,1,-1,F4,0.03125,9.29082295922578,5.63258337086327,5.30090523069287
VisualCogB_Task-1,1,-1,F4,0.03515625,9.43329448962534,5.84784492283504,5.46584490047385
VisualCogB_Task-1,1,-1,F4,0.0390625,9.55434989603401,5.34066455735348,5.47614456136735
VisualCogB_Task-1,1,-1,F4,0.04296875,9.72201311199998,5.28021681220259,5.39385475759039
VisualCogB_Task-1,1,-1,F4,0.046875,9.90521645471439,4.88820590600156,5.26973603302552
VisualCogB_Task-1,1,-1,F4,0.05078125,10.010895810289,5.0494731890908,5.14507910277297
VisualCogB_Task-1,1,-1,F4,0.0546875,9.97487176762006,5.25665049297306,5.02938050468097
VisualCogB_Task-1,1,-1,F4,0.05859375,9.83872885805773,5.09543836506171,4.92416961712422
VisualCogB_Task-1,1,-1,F4,0.0625,9.74779574869243,4.52402518657094,4.84991498416846
VisualCogB_Task-1,1,-1,F4,0.06640625,9.86393854241126,4.48374347835714,4.84135754554085
VisualCogB_Task-1,1,-1,F4,0.0703125,10.2547226330156,4.79462652445453,4.90608075783545
VisualCogB_Task-1,1,-1,F4,0.07421875,10.8383496175313,5.12925732254531,5.021866905381
VisualCogB_Task-1,1,-1,F4,0.078125,11.4216411849719,5.2572785631426,5.1572104197245
VisualCogB_Task-1,1,-1,F4,0.08203125,11.8067811083857,5.43573619630196,5.28955493384328
VisualCogB_Task-1,1,-1,F4,0.0859375,11.9029470877186,5.71189176139867,5.40468309266621
VisualCogB_Task-1,1,-1,F4,0.08984375,11.777912785906,5.58561204694784,5.5005593129937
VisualCogB_Task-1,1,-1,F4,0.09375,11.6208534102668,5.57476446550582,5.60074873402054
VisualCogB_Task-1,1,-1,F4,0.09765625,11.6411142168395,5.46820931089325,5.73590422277103
VisualCogB_Task-1,1,-1,F4,0.1015625,11.9627455795061,5.61846259786807,5.9345132905599
VisualCogB_Task-1,1,-1,F4,0.10546875,12.5685022397082,5.88137884749695,6.20275553937873
VisualCogB_Task-1,1,-1,F4,0.109375,13.3126907782587,6.65362141538028,6.52047301349479
VisualCogB_Task-1,1,-1,F4,0.11328125,13.9897473493181,6.71530761089711,6.84072636618519
VisualCogB_Task-1,1,-1,F4,0.1171875,14.4279763743417,7.24709269144962,7.12767195088417
VisualCogB_Task-1,1,-1,F4,0.12109375,14.5685992907728,7.65453863848476,7.33501455808529
VisualCogB_Task-1,1,-1,F4,0.125,14.4897046359312,7.95424782443505,7.42641070666256
VisualCogB_Task-1,1,-1,F4,0.12890625,14.3583833369514,7.49013935980253,7.39214392218997
VisualCogB_Task-1,1,-1,F4,0.1328125,14.3390154222429,7.42631733477523,7.26648415672251
VisualCogB_Task-1,1,-1,F4,0.13671875,14.5141753919452,6.82399143651165,7.09186764878292
VisualCogB_Task-1,1,-1,F4,0.140625,14.8589390254073,6.48148443591215,6.9240500683983
VisualCogB_Task-1,1,-1,F4,0.14453125,15.2687789564066,6.66530805116127,6.79646406790649
VisualCogB_Task-1,1,-1,F4,0.1484375,15.6157132788138,6.65357601851969,6.70566183027149
VisualCogB_Task-1,1,-1,F4,0.15234375,15.8084042916607,7.15657555560587,6.63726587039519
VisualCogB_Task-1,1,-1,F4,0.15625,15.8392449727821,6.77399698388259,6.57255821886681
VisualCogB_Task-1,1,-1,F4,0.16015625,15.8006131318853,6.96029857355191,6.5360967133765
VisualCogB_Task-1,1,-1,F4,0.1640625,15.854360696713,5.96962546736239,6.56922575536568
VisualCogB_Task-1,1,-1,F4,0.16796875,16.1580628945272,6.16381490732315,6.74863990129041
VisualCogB_Task-1,1,-1,F4,0.171875,16.7812336267536,6.57788496696107,7.10106701693981
VisualCogB_Task-1,1,-1,F4,0.17578125,17.6595970167585,6.75825373906634,7.60449955193905
VisualCogB_Task-1,1,-1,F4,0.1796875,18.618238243357,8.19544406845387,8.19333145174841
VisualCogB_Task-1,1,-1,F4,0.18359375,19.4531215755789,9.40265882147305,8.73143617742209
VisualCogB_Task-1,1,-1,F4,0.1875,20.0238751441993,10.1375808623589,9.08286324140644
VisualCogB_Task-1,1,-1,F4,0.19140625,20.3061294287551,9.96074476916399,9.16759737648537
VisualCogB_Task-1,1,-1,F4,0.1953125,20.3822453055448,9.45786146725074,8.99351645052216
VisualCogB_Task-1,1,-1,F4,0.19921875,20.3893744451995,8.92171538585375,8.63459394743664
VisualCogB_Task-1,1,-1,F4,0.203125,20.4609316553427,7.90720943046782,8.20349876920936
VisualCogB_Task-1,1,-1,F4,0.20703125,20.6850831770405,6.40009229114824,7.8368266043556
VisualCogB_Task-1,1,-1,F4,0.2109375,21.0850485332701,6.73213393312994,7.64648236316222
VisualCogB_Task-1,1,-1,F4,0.21484375,21.6205775419437,7.75093280882859,7.6246430964821
VisualCogB_Task-1,1,-1,F4,0.21875,22.2109672557321,7.96147683585353,7.68729015266543
VisualCogB_Task-1,1,-1,F4,0.22265625,22.7725491300275,8.40200160702024,7.76092902275794
VisualCogB_Task-1,1,-1,F4,0.2265625,23.251553122513,8.28575350678987,7.79491408807105
VisualCogB_Task-1,1,-1,F4,0.23046875,23.6337957656402,7.41067509037253,7.79202244527135
VisualCogB_Task-1,1,-1,F4,0.234375,23.9300249775237,7.55957962491273,7.79593447591867
VisualCogB_Task-1,1,-1,F4,0.23828125,24.1539641920535,8.04304687717731,7.81855161533127
VisualCogB_Task-1,1,-1,F4,0.2421875,24.312912216472,7.89543654463341,7.85207906124358
VisualCogB_Task-1,1,-1,F4,0.24609375,24.418157671528,8.44066288760026,7.9074299498772
VisualCogB_Task-1,1,-1,F4,0.25,24.5055409122865,7.82029974175076,7.99913054106956
VisualCogB_Task-1,1,-1,F4,0.25390625,24.6466262092054,7.48865670530433,8.18614317280167
VisualCogB_Task-1,1,-1,F4,0.2578125,24.9347988140892,8.33852736255542,8.51252761644462
VisualCogB_Task-1,1,-1,F4,0.26171875,25.4471635887553,8.94410845683484,8.96421977107808
VisualCogB_Task-1,1,-1,F4,0.265625,26.2022797240392,9.66941716265601,9.51265551462428
VisualCogB_Task-1,1,-1,F4,0.26953125,27.1408946217724,9.34001143330802,10.1275947821518
VisualCogB_Task-1,1,-1,F4,0.2734375,28.1447822384252,9.8430760932233,10.7918609793987
VisualCogB_Task-1,1,-1,F4,0.27734375,29.0862605171356,12.1321729502046,11.4226455663657
VisualCogB_Task-1,1,-1,F4,0.28125,29.8838870294034,13.5617170033851,11.8580745958727
VisualCogB_Task-1,1,-1,F4,0.28515625,30.5362920105649,12.3109561101813,11.9954014027257
VisualCogB_Task-1,1,-1,F4,0.2890625,31.1156542731225,13.1604382891383,11.8738495223571
VisualCogB_Task-1,1,-1,F4,0.29296875,31.7228625758624,12.2919840590236,11.5589387158205
VisualCogB_Task-1,1,-1,F4,0.296875,32.4300274958933,9.89769045245564,11.2234044747344
VisualCogB_Task-1,1,-1,F4,0.30078125,33.2445332868847,9.59204604507769,11.1010694026512
VisualCogB_Task-1,1,-1,F4,0.3046875,34.1109520116408,9.70611712002132,11.3152799345999
VisualCogB_Task-1,1,-1,F4,0.30859375,34.9391068090498,12.2551655673145,11.8636305591449
VisualCogB_Task-1,1,-1,F4,0.3125,35.6370040636881,13.6048630627313,12.609618863636
VisualCogB_Task-1,1,-1,F4,0.31640625,36.139966670068,13.3350428647231,13.4493703527703
VisualCogB_Task-1,1,-1,F4,0.3203125,36.4374021581801,14.3155022678388,14.3619475478361
VisualCogB_Task-1,1,-1,F4,0.32421875,36.5902128458068,15.7345627072961,15.3168856794513
VisualCogB_Task-1,1,-1,F4,0.328125,36.7203070273555,16.1122288858158,16.279849538234
VisualCogB_Task-1,1,-1,F4,0.33203125,36.9630250929745,16.5966964244524,17.2513103337892
VisualCogB_Task-1,1,-1,F4,0.3359375,37.4012680790514,17.6504051574357,18.2177708880204
VisualCogB_Task-1,1,-1,F4,0.33984375,38.0189663884351,19.398238286148,19.1111828637199
VisualCogB_Task-1,1,-1,F4,0.34375,38.7022248777634,20.479485551337,19.8162174461311
VisualCogB_Task-1,1,-1,F4,0.34765625,39.2881870136675,20.882835118921,20.2414671056997
VisualCogB_Task-1,1,-1,F4,0.3515625,39.6356609207983,20.9768954205334,20.350796654972
VisualCogB_Task-1,1,-1,F4,0.35546875,39.6817968100635,20.1243988715993,20.1615182409293
VisualCogB_Task-1,1,-1,F4,0.359375,39.4597994533924,19.7378052212094,19.743118907683
VisualCogB_Task-1,1,-1,F4,0.36328125,39.0764321213629,19.5261163038943,19.1619924185672
VisualCogB_Task-1,1,-1,F4,0.3671875,38.6663475395613,18.9552151040888,18.4840897297096
VisualCogB_Task-1,1,-1,F4,0.37109375,38.3423320964582,17.2196208227808,17.8057054543486
VisualCogB_Task-1,1,-1,F4,0.375,38.1565369200134,16.0293265136097,17.2623946535875
VisualCogB_Task-1,1,-1,F4,0.37890625,38.0880351640646,15.6338030526242,16.9408720025658
VisualCogB_Task-1,1,-1,F4,0.3828125,38.0669526614133,17.8563013493152,16.8250964980912
VisualCogB_Task-1,1,-1,F4,0.38671875,38.024355089925,16.3353127730626,16.7901047244765
VisualCogB_Task-1,1,-1,F4,0.390625,37.9348715384966,16.8140522898363,16.7968670036363
VisualCogB_Task-1,1,-1,F4,0.39453125,37.8224005805647,17.3377060824629,16.7684543282009
VisualCogB_Task-1,1,-1,F4,0.3984375,37.7304215016911,17.888387994739,16.6293697979839
VisualCogB_Task-1,1,-1,F4,0.40234375,37.6876078699526,16.6910649958857,16.3515541589872
VisualCogB_Task-1,1,-1,F4,0.40625,37.6971885690147,15.592194862747,16.0118663402759
VisualCogB_Task-1,1,-1,F4,0.41015625,37.7499702176938,15.0102144478736,15.7154578406564
VisualCogB_Task-1,1,-1,F4,0.4140625,37.8392868222431,14.983226475376,15.5325075358078
VisualCogB_Task-1,1,-1,F4,0.41796875,37.9612783061995,15.2026601968093,15.4744240186773
VisualCogB_Task-1,1,-1,F4,0.421875,38.1025068515373,15.065792973057,15.5068424605095
VisualCogB_Task-1,1,-1,F4,0.42578125,38.2283862956263,15.8054858017525,15.572751047393
VisualCogB_Task-1,1,-1,F4,0.4296875,38.2865996368412,16.3389081616876,15.5783838414625
VisualCogB_Task-1,1,-1,F4,0.43359375,38.2324654580702,16.2241990000142,15.4493694677157
VisualCogB_Task-1,1,-1,F4,0.4375,38.0670840870992,15.8160941544337,15.1747135778358
VisualCogB_Task-1,1,-1,F4,0.44140625,37.8621622115582,14.7130427662626,14.8079909511974
VisualCogB_Task-1,1,-1,F4,0.4453125,37.7462818778648,13.6781022738198,14.4562247485584
VisualCogB_Task-1,1,-1,F4,0.44921875,37.8510543337443,13.0676975789401,14.2185257819322
VisualCogB_Task-1,1,-1,F4,0.453125,38.2439022686041,14.0313730791442,14.1291613237704
VisualCogB_Task-1,1,-1,F4,0.45703125,38.885987397777,14.8574242757912,14.1264962962755
VisualCogB_Task-1,1,-1,F4,0.4609375,39.6427789930188,14.4283708708383,14.1407466012644
VisualCogB_Task-1,1,-1,F4,0.46484375,40.3477232249564,14.0004973826664,14.1630388055135
VisualCogB_Task-1,1,-1,F4,0.46875,40.8886526245648,14.4127629707947,14.2084681649306
VisualCogB_Task-1,1,-1,F4,0.47265625,41.2677900075335,14.7489565394624,14.2785848168527
VisualCogB_Task-1,1,-1,F4,0.4765625,41.5961987159548,14.5403742080076,14.3919634657722
VisualCogB_Task-1,1,-1,F4,0.48046875,42.0246304792119,13.9622340286169,14.6063764597322
VisualCogB_Task-1,1,-1,F4,0.484375,42.6572728027615,14.411184355865,14.9919637086291
VisualCogB_Task-1,1,-1,F4,0.48828125,43.5038990121201,15.2931336894696,15.5651865864326
VisualCogB_Task-1,1,-1,F4,0.4921875,44.4934147597845,16.1573826944655,16.2941081877156
VisualCogB_Task-1,1,-1,F4,0.49609375,45.5315953351604,17.518489961545,17.1241205323041
VisualCogB_Task-1,1,-1,F4,0.5,46.5662784732402,18.4025690962843,17.9892218489199
VisualCogB_Task-1,1,-1,F4,0.50390625,47.6221283476438,19.2373797097959,18.8562744853879
VisualCogB_Task-1,1,-1,F4,0.5078125,48.7790936346306,19.9652631407346,19.7265863934805
VisualCogB_Task-1,1,-1,F4,0.51171875,50.1011922315168,20.305785256491,20.6332242936706
VisualCogB_Task-1,1,-1,F4,0.515625,51.5642029244743,21.6928645506404,21.6291446353687
VisualCogB_Task-1,1,-1,F4,0.51953125,53.0415103709076,21.8359142298634,22.7400172815539
VisualCogB_Task-1,1,-1,F4,0.5234375,54.3645966919982,23.8751117607622,23.9968220881446
VisualCogB_Task-1,1,-1,F4,0.52734375,55.4140165926256,24.8451479407464,25.3551969900849
VisualCogB_Task-1,1,-1,F4,0.53125,56.176685387629,27.7786164635709,26.7606373950371
VisualCogB_Task-1,1,-1,F4,0.53515625,56.7409385025445,28.8281805868437,28.1161346232186
VisualCogB_Task-1,1,-1,F4,0.5390625,57.2496388865117,29.1432334473499,29.4095115838912
VisualCogB_Task-1,1,-1,F4,0.54296875,57.847094739072,30.3980522190172,30.6879283499523
VisualCogB_Task-1,1,-1,F4,0.546875,58.637528862762,31.6542957271942,31.9763551495874
VisualCogB_Task-1,1,-1,F4,0.55078125,59.6548070081215,32.8361450172709,33.2756058667372
VisualCogB_Task-1,1,-1,F4,0.5546875,60.8450137866457,34.4779311178887,34.5596561001434
VisualCogB_Task-1,1,-1,F4,0.55859375,62.0747945726945,35.9276133421265,35.7658597110917
VisualCogB_Task-1,1,-1,F4,0.5625,63.178396468865,37.4930304790666,36.8247601456802
VisualCogB_Task-1,1,-1,F4,0.56640625,64.035104549543,38.5352766187578,37.6803803192598
VisualCogB_Task-1,1,-1,F4,0.5703125,64.6373503587046,38.7021871063714,38.3324323416302
VisualCogB_Task-1,1,-1,F4,0.57421875,65.0990313251231,38.1124555874136,38.8518696808828
VisualCogB_Task-1,1,-1,F4,0.578125,65.5877912117502,39.2352330223925,39.3404587021705
VisualCogB_Task-1,1,-1,F4,0.58203125,66.225025173656,39.5167013060652,39.8383479295238
VisualCogB_Task-1,1,-1,F4,0.5859375,67.0267460735505,40.4037476223349,40.3769170803252
VisualCogB_Task-1,1,-1,F4,0.58984375,67.9238581738822,40.99577320134,40.9607419866689
VisualCogB_Task-1,1,-1,F4,0.59375,68.833957514215,41.4795799960132,41.5966343591497
VisualCogB_Task-1,1,-1,F4,0.59765625,69.7212490632687,42.1517324301738,42.294325176252
VisualCogB_Task-1,1,-1,F4,0.6015625,70.6034447739802,43.015375790735,43.0537908861984
VisualCogB_Task-1,1,-1,F4,0.60546875,71.5156908619251,43.9534549349829,43.8631252083719
VisualCogB_Task-1,1,-1,F4,0.609375,72.4724922889783,45.0776259410599,44.7072206042003
VisualCogB_Task-1,1,-1,F4,0.61328125,73.4579241025821,45.599051576251,45.5784970123287
VisualCogB_Task-1,1,-1,F4,0.6171875,74.4439435122892,46.5144892441436,46.5002414828074
VisualCogB_Task-1,1,-1,F4,0.62109375,75.41912539174,47.6026357122424,47.4974539460134
VisualCogB_Task-1,1,-1,F4,0.625,76.4117940551265,48.6473024205293,48.5963216457683
VisualCogB_Task-1,1,-1,F4,0.62890625,77.4970142042041,49.6349259960223,49.8317969730796
VisualCogB_Task-1,1,-1,F4,0.6328125,78.7798284146649,50.8244982481387,51.2430807168516
VisualCogB_Task-1,1,-1,F4,0.63671875,80.3554505871658,52.1931485295618,52.8529677512334
VisualCogB_Task-1,1,-1,F4,0.640625,82.261418692495,54.0581229929037,54.6493710779819
VisualCogB_Task-1,1,-1,F4,0.64453125,84.4440617686607,56.3701380572848,56.5652187637143
VisualCogB_Task-1,1,-1,F4,0.6484375,86.7560274895062,58.3926423186013,58.4841682012914
VisualCogB_Task-1,1,-1,F4,0.65234375,88.9902191845171,60.5604324659716,60.2736200580382
VisualCogB_Task-1,1,-1,F4,0.65625,90.942128543741,62.5102870323194,61.7933478443889
VisualCogB_Task-1,1,-1,F4,0.66015625,92.4778711535776,63.9931168475707,62.9270261047721
VisualCogB_Task-1,1,-1,F4,0.6640625,93.5792102263675,64.3458741997137,63.6180743159438
VisualCogB_Task-1,1,-1,F4,0.66796875,94.3469496619192,63.9454870506775,63.8987528498933
VisualCogB_Task-1,1,-1,F4,0.671875,94.9610228631142,63.8757546771392,63.8619720689239
VisualCogB_Task-1,1,-1,F4,0.67578125,95.6094553535474,63.3792343183028,63.6045368520712
VisualCogB_Task-1,1,-1,F4,0.6796875,96.4110952966568,62.491193046272,63.2244006290552
VisualCogB_Task-1,1,-1,F4,0.68359375,97.3655810277479,62.5343001152171,62.8007416184483
VisualCogB_Task-1,1,-1,F4,0.6875,98.3544711381432,61.8317990862887,62.3516374069247
VisualCogB_Task-1,1,-1,F4,0.69140625,99.1895970561319,61.5917762174468,61.8729621225558
VisualCogB_Task-1,1,-1,F4,0.6953125,99.6813670971307,61.9887109933051,61.3172700333599
VisualCogB_Task-1,1,-1,F4,0.69921875,99.6985637141435,61.0975604544677,60.6136832485964
VisualCogB_Task-1,1,-1,F4,0.703125,99.2047083003539,60.2046102709308,59.7472772908531
VisualCogB_Task-1,1,-1,F4,0.70703125,98.2685972234053,58.9351559971954,58.7434507832076
VisualCogB_Task-1,1,-1,F4,0.7109375,97.0522913172761,57.9460304404432,57.6657134304102
VisualCogB_Task-1,1,-1,F4,0.71484375,95.7793699292004,56.5256913001277,56.5935503717102
VisualCogB_Task-1,1,-1,F4,0.71875,94.6834563524246,55.2533872577307,55.6298064971931
VisualCogB_Task-1,1,-1,F4,0.72265625,93.9409328254293,53.5192403282622,54.8716717743126
VisualCogB_Task-1,1,-1,F4,0.7265625,93.6073652482075,53.6749282068716,54.3849679005669
VisualCogB_Task-1,1,-1,F4,0.73046875,93.5921405343769,54.2572968522204,54.1228139529501
VisualCogB_Task-1,1,-1,F4,0.734375,93.6975009008723,54.2472188278228,53.9791590339819
VisualCogB_Task-1,1,-1,F4,0.73828125,93.7105645229746,53.8264369455444,53.859159154454
VisualCogB_Task-1,1,-1,F4,0.7421875,93.4971884092926,54.4811621743152,53.690308641312
VisualCogB_Task-1,1,-1,F4,0.74609375,93.0428645373507,53.9209073074489,53.3973749707587
VisualCogB_Task-1,1,-1,F4,0.75,92.4252246167689,53.337984121354,52.9710300800807
VisualCogB_Task-1,1,-1,F4,0.75390625,91.7501286219108,52.5581098265062,52.4455736012885
VisualCogB_Task-1,1,-1,F4,0.7578125,91.0987951892511,51.974362571423,51.8858846698323
VisualCogB_Task-1,1,-1,F4,0.76171875,90.5120224698875,50.8122622594718,51.3662204399303
VisualCogB_Task-1,1,-1,F4,0.765625,90.0060410866244,50.3217071877457,50.9682112242666
VisualCogB_Task-1,1,-1,F4,0.76953125,89.5976770162771,50.1878895448133,50.7273241538203
VisualCogB_Task-1,1,-1,F4,0.7734375,89.3176711369427,50.6558703406803,50.6251510231939
VisualCogB_Task-1,1,-1,F4,0.77734375,89.202042779427,50.8588848446796,50.598330742906
VisualCogB_Task-1,1,-1,F4,0.78125,89.2661335848274,51.064314923669,50.5860621665988
VisualCogB_Task-1,1,-1,F4,0.78515625,89.4786371755134,50.7727679891558,50.5492569897293
VisualCogB_Task-1,1,-1,F4,0.7890625,89.7545137288057,50.3433954698207,50.4886813041767
VisualCogB_Task-1,1,-1,F4,0.79296875,89.9733512400321,50.3536333131715,50.4237271184392
VisualCogB_Task-1,1,-1,F4,0.796875,90.0142147547696,50.2921540980392,50.3616792881522
VisualCogB_Task-1,1,-1,F4,0.80078125,89.7917363325008,50.3561822462701,50.3039815185116
VisualCogB_Task-1,1,1,Fz,-0.19921875,-8.8081316658257,-8.11963847262659,-8.15188221361408
VisualCogB_Task-1,1,1,Fz,-0.1953125,-8.23579790964056,-7.51431809173591,-7.47452972125537
VisualCogB_Task-1,1,1,Fz,-0.19140625,-7.4589972032257,-6.91718510500364,-6.79449025048103
VisualCogB_Task-1,1,1,Fz,-0.1875,-6.53157536878978,-6.46164849302288,-6.11239252041549
VisualCogB_Task-1,1,1,Fz,-0.18359375,-5.58879102850726,-5.5676041775625,-5.4390898213934
VisualCogB_Task-1,1,1,Fz,-0.1796875,-4.78880596667501,-4.82986549897771,-4.81454010813333
VisualCogB_Task-1,1,1,Fz,-0.17578125,-4.24519044333791,-4.04541533457783,-4.28941086503464
VisualCogB_Task-1,1,1,Fz,-0.171875,-3.98643762285468,-3.39237529320278,-3.91564669240038
VisualCogB_Task-1,1,1,Fz,-0.16796875,-3.9610006990095,-3.35624119178681,-3.72485922966219
VisualCogB_Task-1,1,1,Fz,-0.1640625,-4.07856924155306,-3.53147179791763,-3.7050541663186
VisualCogB_Task-1,1,1,Fz,-0.16015625,-4.25607715184532,-3.72947782582313,-3.81351902204516
VisualCogB_Task-1,1,1,Fz,-0.15625,-4.438757840149,-4.0464081004656,-3.9930761191507
VisualCogB_Task-1,1,1,Fz,-0.15234375,-4.59294178599669,-4.56455457150449,-4.17954434692553
VisualCogB_Task-1,1,1,Fz,-0.1484375,-4.6923430555373,-4.50126319006239,-4.3131869264362
VisualCogB_Task-1,1,1,Fz,-0.14453125,-4.71768843274011,-4.62476972109067,-4.36635126413084
VisualCogB_Task-1,1,1,Fz,-0.140625,-4.66713789508467,-4.69015733654483,-4.32705778842644
VisualCogB_Task-1,1,1,Fz,-0.13671875,-4.56083893785379,-4.1920772470564,-4.20486179915331
VisualCogB_Task-1,1,1,Fz,-0.1328125,-4.43042049739029,-3.58764790441773,-4.03957689181829
VisualCogB_Task-1,1,1,Fz,-0.12890625,-4.29927796290006,-3.44713328490667,-3.86995128258679
VisualCogB_Task-1,1,1,Fz,-0.125,-4.16548465388617,-3.49631842065587,-3.69707243867421
VisualCogB_Task-1,1,1,Fz,-0.12109375,-3.99595741197122,-3.73319013425697,-3.48679299415593
VisualCogB_Task-1,1,1,Fz,-0.1171875,-3.73546841482141,-3.45779537715617,-3.18823608160577
VisualCogB_Task-1,1,1,Fz,-0.11328125,-3.32821996214159,-3.05323413305611,-2.77105792860601
VisualCogB_Task-1,1,1,Fz,-0.109375,-2.74203967209617,-2.44365313187989,-2.22737803736811
VisualCogB_Task-1,1,1,Fz,-0.10546875,-1.98212563965084,-1.64438461469642,-1.57283059380772
VisualCogB_Task-1,1,1,Fz,-0.1015625,-1.08845561810984,-0.79165226203675,-0.841072708383101
VisualCogB_Task-1,1,1,Fz,-0.09765625,-0.121865970864932,-0.126614679808141,-0.0717243266266162
VisualCogB_Task-1,1,1,Fz,-0.09375,0.852150154233511,0.766131241341367,0.699712976458257
VisualCogB_Task-1,1,1,Fz,-0.08984375,1.77561704953009,1.52906451071941,1.43316342976957
VisualCogB_Task-1,1,1,Fz,-0.0859375,2.60369801245944,2.26570323551977,2.09408611761232
VisualCogB_Task-1,1,1,Fz,-0.08203125,3.30494329539755,3.09650404234395,2.65593188103729
VisualCogB_Task-1,1,1,Fz,-0.078125,3.86075272987726,3.36122792407278,3.10645298758758
VisualCogB_Task-1,1,1,Fz,-0.07421875,4.26883018727802,3.42886930963505,3.47011605158184
VisualCogB_Task-1,1,1,Fz,-0.0703125,4.55133191987597,3.58403990820401,3.7926189320458
VisualCogB_Task-1,1,1,Fz,-0.06640625,4.76185437861052,3.76166780137162,4.11622225950964
VisualCogB_Task-1,1,1,Fz,-0.0625,4.98034084970999,4.05674388448629,4.46580507918339
VisualCogB_Task-1,1,1,Fz,-0.05859375,5.28795202811206,4.61200804512303,4.83670023143225
VisualCogB_Task-1,1,1,Fz,-0.0546875,5.72641426441614,5.02545488845899,5.19015212373
VisualCogB_Task-1,1,1,Fz,-0.05078125,6.26030875277422,5.57945151726588,5.4686808146913
VisualCogB_Task-1,1,1,Fz,-0.046875,6.7677502891984,6.29931544072781,5.60108159332492
VisualCogB_Task-1,1,1,Fz,-0.04296875,7.07873147873373,6.17733926996526,5.52538064052083
VisualCogB_Task-1,1,1,Fz,-0.0390625,7.05519699894761,5.95110434764539,5.23779029111924
VisualCogB_Task-1,1,1,Fz,-0.03515625,6.67244184283192,4.88601220076738,4.7888527657474
VisualCogB_Task-1,1,1,Fz,-0.03125,6.04896902962243,4.13478476360278,4.2885531230764
VisualCogB_Task-1,1,1,Fz,-0.02734375,5.40100263875522,3.25185161177804,3.85497304136233
VisualCogB_Task-1,1,1,Fz,-0.0234375,4.94712281842141,2.84547545108273,3.59338016890515
VisualCogB_Task-1,1,1,Fz,-0.01953125,4.81709253344451,2.92511239886078,3.55878203487279
VisualCogB_Task-1,1,1,Fz,-0.015625,5.00913320437825,3.49882663350784,3.7438607752813
VisualCogB_Task-1,1,1,Fz,-0.01171875,5.40842390404284,4.20732907279886,4.08849272314576
VisualCogB_Task-1,1,1,Fz,-0.0078125,5.85164004771605,4.83149802213716,4.51213469966677
VisualCogB_Task-1,1,1,Fz,-0.00390625,6.20669964409156,5.26776582588062,4.94414655518271
VisualCogB_Task-1,1,1,Fz,0,6.43154366323103,5.70485757747285,5.34050175023781
VisualCogB_Task-1,1,1,Fz,0.00390625,6.5837965020699,5.81872496619943,5.68414201793446
VisualCogB_Task-1,1,1,Fz,0.0078125,6.77741766587553,5.90875009820927,5.98837207697798
VisualCogB_Task-1,1,1,Fz,0.01171875,7.11151134928985,6.13294064486149,6.27771189176243
VisualCogB_Task-1,1,1,Fz,0.015625,7.61045266656456,6.35328400812582,6.57004626178449
VisualCogB_Task-1,1,1,Fz,0.01953125,8.20594913956414,6.58471220225117,6.87119571596575
VisualCogB_Task-1,1,1,Fz,0.0234375,8.77016253542789,7.1223188489907,7.16891726208959
VisualCogB_Task-1,1,1,Fz,0.02734375,9.18471178915693,7.7886768464689,7.42709428179648
VisualCogB_Task-1,1,1,Fz,0.03125,9.40901278951683,8.00587936298858,7.60572695563536
VisualCogB_Task-1,1,1,Fz,0.03515625,9.50628636529662,7.86888221093356,7.69494734454448
VisualCogB_Task-1,1,1,Fz,0.0390625,9.60892338018239,7.44751622366856,7.71823354340824
VisualCogB_Task-1,1,1,Fz,0.04296875,9.84382204544742,7.32975075517102,7.71355821931009
VisualCogB_Task-1,1,1,Fz,0.046875,10.2625226192743,7.50989296855295,7.69633426268852
VisualCogB_Task-1,1,1,Fz,0.05078125,10.8148534807779,7.69322456676617,7.64999060863712
VisualCogB_Task-1,1,1,Fz,0.0546875,11.3768998033707,7.75618074029878,7.54241941773814
VisualCogB_Task-1,1,1,Fz,0.05859375,11.8134042846951,7.58694472595404,7.34511568041793
VisualCogB_Task-1,1,1,Fz,0.0625,12.0391485172522,7.36698598579689,7.04738783064958
VisualCogB_Task-1,1,1,Fz,0.06640625,12.0509963470877,6.99842742003352,6.65869672286748
VisualCogB_Task-1,1,1,Fz,0.0703125,11.9226749357417,6.15822384962992,6.21513639110167
VisualCogB_Task-1,1,1,Fz,0.07421875,11.7717800651538,5.84251257690494,5.78111176081266
VisualCogB_Task-1,1,1,Fz,0.078125,11.7161630621643,5.23084565686444,5.41628504567167
VisualCogB_Task-1,1,1,Fz,0.08203125,11.836772476285,4.87968550693745,5.18543519402426
VisualCogB_Task-1,1,1,Fz,0.0859375,12.1581848473183,4.59369652675613,5.13788787181538
VisualCogB_Task-1,1,1,Fz,0.08984375,12.6489925831104,4.73437526642151,5.29748960439944
VisualCogB_Task-1,1,1,Fz,0.09375,13.2366119456243,5.40310466002782,5.64273763837588
VisualCogB_Task-1,1,1,Fz,0.09765625,13.828531625225,6.39280244468425,6.10520302551265
VisualCogB_Task-1,1,1,Fz,0.1015625,14.3350180336836,7.07213468207741,6.59648740271539
VisualCogB_Task-1,1,1,Fz,0.10546875,14.6924222933798,7.37473867188177,7.05215902515401
VisualCogB_Task-1,1,1,Fz,0.109375,14.8843375967658,7.48274507955589,7.44742342127859
VisualCogB_Task-1,1,1,Fz,0.11328125,14.9512076771294,7.7941887318953,7.78436775676653
VisualCogB_Task-1,1,1,Fz,0.1171875,14.9792971834609,7.92829661480904,8.06802266881833
VisualCogB_Task-1,1,1,Fz,0.12109375,15.0711176188503,8.60537109189018,8.30423720922855
VisualCogB_Task-1,1,1,Fz,0.125,15.3089357310692,8.60224957114073,8.48721659195765
VisualCogB_Task-1,1,1,Fz,0.12890625,15.7220083461685,8.43756398217016,8.63626052118787
VisualCogB_Task-1,1,1,Fz,0.1328125,16.2660081016427,8.24678107610781,8.78025478270005
VisualCogB_Task-1,1,1,Fz,0.13671875,16.8277793702466,8.73541129672433,8.93152711735688
VisualCogB_Task-1,1,1,Fz,0.140625,17.2664683508815,9.19466374119786,9.05794912380505
VisualCogB_Task-1,1,1,Fz,0.14453125,17.4781971477202,9.43579086806809,9.11104941563851
VisualCogB_Task-1,1,1,Fz,0.1484375,17.443947541208,9.163014295639,9.05374949123397
VisualCogB_Task-1,1,1,Fz,0.15234375,17.2267316597543,9.01611201914907,8.87603263667057
VisualCogB_Task-1,1,1,Fz,0.15625,16.9272503578432,8.92301288098675,8.57698753839457
VisualCogB_Task-1,1,1,Fz,0.16015625,16.6417266132615,8.64660507073008,8.16737616472542
VisualCogB_Task-1,1,1,Fz,0.1640625,16.452593116565,8.33361686265878,7.68679592919857
VisualCogB_Task-1,1,1,Fz,0.16796875,16.4393083136193,6.1640313856026,7.21477998751654
VisualCogB_Task-1,1,1,Fz,0.171875,16.6745721700418,6.07161420805179,6.88476323983685
VisualCogB_Task-1,1,1,Fz,0.17578125,17.1934378322545,6.35044347111142,6.74261820282421
VisualCogB_Task-1,1,1,Fz,0.1796875,17.9584191850634,6.98171562397022,6.76645497382789
VisualCogB_Task-1,1,1,Fz,0.18359375,18.8524878658392,6.90450404650869,6.90170242255442
VisualCogB_Task-1,1,1,Fz,0.1875,19.712042877194,6.88560194482607,7.11172780622222
VisualCogB_Task-1,1,1,Fz,0.19140625,20.3873771762349,7.77370163186385,7.36013185071252
VisualCogB_Task-1,1,1,Fz,0.1953125,20.8024994648155,7.87017823401193,7.59167146012358
VisualCogB_Task-1,1,1,Fz,0.19921875,20.98276767672,8.2922822583197,7.78556768698291
VisualCogB_Task-1,1,1,Fz,0.203125,21.0336133203097,7.7538931889069,7.94425048164203
VisualCogB_Task-1,1,1,Fz,0.20703125,21.0832820572234,7.68365739599724,8.11237600873056
VisualCogB_Task-1,1,1,Fz,0.2109375,21.2245248304374,8.01709898026334,8.31873732515017
VisualCogB_Task-1,1,1,Fz,0.21484375,21.4857161810282,8.47081227930534,8.55640093674142
VisualCogB_Task-1,1,1,Fz,0.21875,21.8390533083011,8.73832804810665,8.79329682060431
VisualCogB_Task-1,1,1,Fz,0.22265625,22.2336814275135,9.44727943339059,8.99022256571915
VisualCogB_Task-1,1,1,Fz,0.2265625,22.6329487631056,9.50182899869383,9.10339503002479
VisualCogB_Task-1,1,1,Fz,0.23046875,23.0340760832141,9.28549857239368,9.12711914376604
VisualCogB_Task-1,1,1,Fz,0.234375,23.457229279208,9.08267767798552,9.0889026679101
VisualCogB_Task-1,1,1,Fz,0.23828125,23.9121325165303,9.27697415857062,9.02945164914315
VisualCogB_Task-1,1,1,Fz,0.2421875,24.3711115146776,8.74426190935019,8.988953384991
VisualCogB_Task-1,1,1,Fz,0.24609375,24.7765920299488,8.96556258020427,9.02822204876505
VisualCogB_Task-1,1,1,Fz,0.25,25.0844629406722,9.10155012770921,9.18768085747332
VisualCogB_Task-1,1,1,Fz,0.25390625,25.3129153797859,9.18890346055919,9.50253140574376
VisualCogB_Task-1,1,1,Fz,0.2578125,25.5565244335237,9.5192478595097,10.0007977273906
VisualCogB_Task-1,1,1,Fz,0.26171875,25.9471429836925,10.1781718491191,10.6843681941295
VisualCogB_Task-1,1,1,Fz,0.265625,26.5804276264198,11.2270238125738,11.5150020220192
VisualCogB_Task-1,1,1,Fz,0.26953125,27.4524254125241,12.5875612623179,12.4122753983675
VisualCogB_Task-1,1,1,Fz,0.2734375,28.4475537821375,13.6522422014652,13.2717663263621
VisualCogB_Task-1,1,1,Fz,0.27734375,29.3888982001118,14.7460218832078,14.0036599645196
VisualCogB_Task-1,1,1,Fz,0.28125,30.1230314576856,15.2111647274667,14.5498477942818
VisualCogB_Task-1,1,1,Fz,0.28515625,30.59122830126,15.2853426021231,14.9140847903148
VisualCogB_Task-1,1,1,Fz,0.2890625,30.8505892177836,15.159326529138,15.1552356717166
VisualCogB_Task-1,1,1,Fz,0.29296875,31.0406598346968,15.1230515062428,15.3631033085691
VisualCogB_Task-1,1,1,Fz,0.296875,31.3194543408812,15.3716580623096,15.6278314757396
VisualCogB_Task-1,1,1,Fz,0.30078125,31.8018708317343,15.2891943898993,16.0195596312347
VisualCogB_Task-1,1,1,Fz,0.3046875,32.5244979769726,15.6897366961158,16.5870794486086
VisualCogB_Task-1,1,1,Fz,0.30859375,33.4437933996634,16.6962931707935,17.318318831304
VisualCogB_Task-1,1,1,Fz,0.3125,34.4587143322967,18.1767953024641,18.126427120056
VisualCogB_Task-1,1,1,Fz,0.31640625,35.4414647436689,19.590794835744,18.8727181838907
VisualCogB_Task-1,1,1,Fz,0.3203125,36.2655756114249,20.0330128087754,19.4227032403677
VisualCogB_Task-1,1,1,Fz,0.32421875,36.8316273812671,20.0746996861967,19.7017332280348
VisualCogB_Task-1,1,1,Fz,0.328125,37.0919008820515,19.8902651775234,19.6860182161404
VisualCogB_Task-1,1,1,Fz,0.33203125,37.0654158092466,20.6332061505466,19.3828488121127
VisualCogB_Task-1,1,1,Fz,0.3359375,36.8327897218259,19.4525702711138,18.8165362034956
VisualCogB_Task-1,1,1,Fz,0.33984375,36.5140292839799,18.2201318551525,18.1155880227022
VisualCogB_Task-1,1,1,Fz,0.34375,36.2424298673035,16.4617615526692,17.4615147411138
VisualCogB_Task-1,1,1,Fz,0.34765625,36.1378690261967,16.0909630031468,17.0445388161493
VisualCogB_Task-1,1,1,Fz,0.3515625,36.2708234129779,15.2855882483727,16.971569939524
VisualCogB_Task-1,1,1,Fz,0.35546875,36.6213700952157,16.1385204196093,17.2700531518693
VisualCogB_Task-1,1,1,Fz,0.359375,37.0628835514094,17.7603294779515,17.8269350195544
VisualCogB_Task-1,1,1,Fz,0.36328125,37.3977263413467,19.15949257098,18.4348677145932
VisualCogB_Task-1,1,1,Fz,0.3671875,37.4349778089409,20.4075506626685,18.8809529471993
VisualCogB_Task-1,1,1,Fz,0.37109375,37.0680694729827,20.0589607931951,19.0126778322856
VisualCogB_Task-1,1,1,Fz,0.375,36.3142332173569,19.064044573971,18.8047459610536
VisualCogB_Task-1,1,1,Fz,0.37890625,35.3050708598253,18.4626884107883,18.3190511714477
VisualCogB_Task-1,1,1,Fz,0.3828125,34.2405225217124,17.8421313127413,17.6390955191551
VisualCogB_Task-1,1,1,Fz,0.38671875,33.3275877734171,16.7150667857313,16.8603508298081
VisualCogB_Task-1,1,1,Fz,0.390625,32.724088778988,15.6912784862323,16.0952085785047
VisualCogB_Task-1,1,1,Fz,0.39453125,32.5008484889598,14.481507867857,15.4439532366696
VisualCogB_Task-1,1,1,Fz,0.3984375,32.6287958079231,14.3364228469116,14.9732084347049
VisualCogB_Task-1,1,1,Fz,0.40234375,32.9938606638921,14.2791021201218,14.6693940222783
VisualCogB_Task-1,1,1,Fz,0.40625,33.4362417368012,14.4139990793036,14.4658643834081
VisualCogB_Task-1,1,1,Fz,0.41015625,33.7993182331142,14.7708831704034,14.2634495769327
VisualCogB_Task-1,1,1,Fz,0.4140625,33.9686088284054,15.1336375342319,13.9586575530155
VisualCogB_Task-1,1,1,Fz,0.41796875,33.8914234636202,14.2626519350227,13.4902823946086
VisualCogB_Task-1,1,1,Fz,0.421875,33.5822736715034,12.8910207147594,12.8950331830993
VisualCogB_Task-1,1,1,Fz,0.42578125,33.1208209230707,11.9710979573606,12.2739831282423
VisualCogB_Task-1,1,1,Fz,0.4296875,32.6390049905815,11.1719341002156,11.7278710674311
VisualCogB_Task-1,1,1,Fz,0.43359375,32.2891976387676,10.6445360615711,11.332195407152
VisualCogB_Task-1,1,1,Fz,0.4375,32.195823326173,10.7069869839011,11.1161264732901
VisualCogB_Task-1,1,1,Fz,0.44140625,32.4086095657392,10.5981808608593,11.0515296462656
VisualCogB_Task-1,1,1,Fz,0.4453125,32.879310567523,11.0371093378243,11.0761753490494
VisualCogB_Task-1,1,1,Fz,0.44921875,33.4725027943933,11.2339582830407,11.090054939162
VisualCogB_Task-1,1,1,Fz,0.453125,34.0071163356887,11.8774357501776,10.9899042731883
VisualCogB_Task-1,1,1,Fz,0.45703125,34.3169885121846,12.0226000574905,10.6844511530367
VisualCogB_Task-1,1,1,Fz,0.4609375,34.3115533611722,10.3391570992291,10.1563843370312
VisualCogB_Task-1,1,1,Fz,0.46484375,34.0111431466778,9.48022915527898,9.49990499220019
VisualCogB_Task-1,1,1,Fz,0.46875,33.5384188031637,9.022449752968,8.82444534908875
VisualCogB_Task-1,1,1,Fz,0.47265625,33.0727914892202,7.93667197045893,8.23779798516507
VisualCogB_Task-1,1,1,Fz,0.4765625,32.7954017063684,7.03833136871947,7.8642558448873
VisualCogB_Task-1,1,1,Fz,0.48046875,32.8453143101042,6.78382887815504,7.80301803815477
VisualCogB_Task-1,1,1,Fz,0.484375,33.2868344440842,7.38668153045293,8.08445663518613
VisualCogB_Task-1,1,1,Fz,0.48828125,34.0851668502656,8.31181704832896,8.65401127620004
VisualCogB_Task-1,1,1,Fz,0.4921875,35.1037687808969,9.34684519470274,9.39897367602076
VisualCogB_Task-1,1,1,Fz,0.49609375,36.140079915203,10.6682753303568,10.1781193638166
VisualCogB_Task-1,1,1,Fz,0.5,36.9928493659163,11.6624570411275,10.845879828646
VisualCogB_Task-1,1,1,Fz,0.50390625,37.5301708761941,12.126332112531,11.2975328901126
VisualCogB_Task-1,1,1,Fz,0.5078125,37.7291415861084,11.9995296579171,11.4964044688598
VisualCogB_Task-1,1,1,Fz,0.51171875,37.6758672830701,11.7060514233758,11.4748870873996
VisualCogB_Task-1,1,1,Fz,0.515625,37.5265785089806,11.4244970505746,11.3073003673318
VisualCogB_Task-1,1,1,Fz,0.51953125,37.4406994828066,10.8008540867104,11.0872276249211
VisualCogB_Task-1,1,1,Fz,0.5234375,37.5153338887826,10.2255477213136,10.9180185667022
VisualCogB_Task-1,1,1,Fz,0.52734375,37.7599977754415,10.5398984529881,10.8791584376926
VisualCogB_Task-1,1,1,Fz,0.53125,38.1272380012552,10.7806639906011,10.9924265791271
VisualCogB_Task-1,1,1,Fz,0.53515625,38.5740074418246,11.4347796051493,11.2513306668485
VisualCogB_Task-1,1,1,Fz,0.5390625,39.1089065306442,11.6637264941593,11.6317314943226
VisualCogB_Task-1,1,1,Fz,0.54296875,39.7950511994137,11.777949407652,12.1247772665399
VisualCogB_Task-1,1,1,Fz,0.546875,40.7084764604563,12.4718808941219,12.7242824384777
VisualCogB_Task-1,1,1,Fz,0.55078125,41.8771130318391,12.9919212812712,13.3951591435392
VisualCogB_Task-1,1,1,Fz,0.5546875,43.2372716564657,14.1312031448974,14.0812860530976
VisualCogB_Task-1,1,1,Fz,0.55859375,44.6380624903098,15.6204149418389,14.6929386833376
VisualCogB_Task-1,1,1,Fz,0.5625,45.8971152407813,16.4021552604451,15.1445523080936
VisualCogB_Task-1,1,1,Fz,0.56640625,46.8771449364893,15.9333498382165,15.4278518894084
VisualCogB_Task-1,1,1,Fz,0.5703125,47.5389524033488,14.9700170074691,15.6393626353543
VisualCogB_Task-1,1,1,Fz,0.57421875,47.9446248242438,15.4955383254817,15.9177345830707
VisualCogB_Task-1,1,1,Fz,0.578125,48.2178417156817,16.0667791204685,16.3458389673734
VisualCogB_Task-1,1,1,Fz,0.58203125,48.490764370058,16.5810809354894,16.9713640016124
VisualCogB_Task-1,1,1,Fz,0.5859375,48.8687109056385,17.6927191397081,17.8187429118955
VisualCogB_Task-1,1,1,Fz,0.58984375,49.4267338659327,18.3718071138844,18.8798853354872
VisualCogB_Task-1,1,1,Fz,0.59375,50.2252552029322,20.3115006887674,20.136198928636
VisualCogB_Task-1,1,1,Fz,0.59765625,51.3153334455341,21.5310097502946,21.5267514957905
VisualCogB_Task-1,1,1,Fz,0.6015625,52.7171079638423,23.1577927656349,23.00521932141
VisualCogB_Task-1,1,1,Fz,0.60546875,54.3885398274766,25.1529350266029,24.5256335444959
VisualCogB_Task-1,1,1,Fz,0.609375,56.2198541256472,26.3129163434041,26.054739757735
VisualCogB_Task-1,1,1,Fz,0.61328125,58.0696744725452,27.8559887429054,27.611558677323
VisualCogB_Task-1,1,1,Fz,0.6171875,59.8217917087894,29.4563130081367,29.2366257349281
VisualCogB_Task-1,1,1,Fz,0.62109375,61.4244456844939,29.9350060109998,30.9908455343501
VisualCogB_Task-1,1,1,Fz,0.625,62.8888347058304,32.2230193942855,32.9534299521565
VisualCogB_Task-1,1,1,Fz,0.62890625,64.2526757967894,34.0745524944579,35.1156042379688
VisualCogB_Task-1,1,1,Fz,0.6328125,65.5365773320749,37.4902051990599,37.4077260949191
VisualCogB_Task-1,1,1,Fz,0.63671875,66.7240140105809,40.4316025540736,39.6733989141805
VisualCogB_Task-1,1,1,Fz,0.640625,67.7776780004749,42.1416276843277,41.7630993456041
VisualCogB_Task-1,1,1,Fz,0.64453125,68.676215857085,43.7424485738956,43.5904876756993
VisualCogB_Task-1,1,1,Fz,0.6484375,69.4378422837561,45.5232192810801,45.1007682192019
VisualCogB_Task-1,1,1,Fz,0.65234375,70.1086492185052,46.9376855979306,46.2518086990312
VisualCogB_Task-1,1,1,Fz,0.65625,70.7260878828361,46.8065720690447,47.0366810932626
VisualCogB_Task-1,1,1,Fz,0.66015625,71.2905596661005,47.6764822713606,47.5056137882133
VisualCogB_Task-1,1,1,Fz,0.6640625,71.7667165854657,47.2306582661034,47.6896594181823
VisualCogB_Task-1,1,1,Fz,0.66796875,72.1053141419591,47.9926217782788,47.6341096577309
VisualCogB_Task-1,1,1,Fz,0.671875,72.2627554056353,46.9764768156276,47.3460060854136
VisualCogB_Task-1,1,1,Fz,0.67578125,72.2096782984501,46.9639683137398,46.8622662898309
VisualCogB_Task-1,1,1,Fz,0.6796875,71.9359850130437,46.1447437892137,46.1890137537675
VisualCogB_Task-1,1,1,Fz,0.68359375,71.4572739654056,45.3296062778099,45.3408471286674
VisualCogB_Task-1,1,1,Fz,0.6875,70.818899303305,45.0174977671368,44.3286759022614
VisualCogB_Task-1,1,1,Fz,0.69140625,70.0944527677801,43.8791937676575,43.1624728247093
VisualCogB_Task-1,1,1,Fz,0.6953125,69.3781958383715,42.1927641075504,41.9096124682435
VisualCogB_Task-1,1,1,Fz,0.69921875,68.7675228338819,40.3102367231102,40.6971961503421
VisualCogB_Task-1,1,1,Fz,0.703125,68.3331481074531,39.1926825483586,39.6759211584257
VisualCogB_Task-1,1,1,Fz,0.70703125,68.0899347241661,37.8690511512547,38.9642381609787
VisualCogB_Task-1,1,1,Fz,0.7109375,67.9925256565216,37.8091107765894,38.6403279423131
VisualCogB_Task-1,1,1,Fz,0.71484375,67.9650763017011,38.1460420740406,38.6911057025974
VisualCogB_Task-1,1,1,Fz,0.71875,67.9434256235688,39.1681585299365,39.0342185448566
VisualCogB_Task-1,1,1,Fz,0.72265625,67.8965976124247,39.8690766544728,39.541891603069
VisualCogB_Task-1,1,1,Fz,0.7265625,67.8174205631828,40.1418467289768,40.0975116766363
VisualCogB_Task-1,1,1,Fz,0.73046875,67.7016354014656,40.6191311540424,40.6117309859106
VisualCogB_Task-1,1,1,Fz,0.734375,67.537501191486,41.0237957929372,40.9988963389389
VisualCogB_Task-1,1,1,Fz,0.73828125,67.3073975575017,42.1069589395245,41.173971224446
VisualCogB_Task-1,1,1,Fz,0.7421875,66.9899855970033,41.8030777034129,41.0539940856564
VisualCogB_Task-1,1,1,Fz,0.74609375,66.5598006330183,41.0722516872395,40.6337523420513
VisualCogB_Task-1,1,1,Fz,0.75,65.9936025905147,40.126737437576,39.9704570479247
VisualCogB_Task-1,1,1,Fz,0.75390625,65.2896557758135,39.0999728608457,39.1578608696699
VisualCogB_Task-1,1,1,Fz,0.7578125,64.4903381927047,38.1561525804862,38.3027398394841
VisualCogB_Task-1,1,1,Fz,0.76171875,63.6883316529568,37.0592130619236,37.5070459888294
VisualCogB_Task-1,1,1,Fz,0.765625,63.003510096295,36.2086521393641,36.8605157442513
VisualCogB_Task-1,1,1,Fz,0.76953125,62.5373351196298,36.1373784517737,36.4155661217199
VisualCogB_Task-1,1,1,Fz,0.7734375,62.3297073412782,36.1437555665359,36.1702921701312
VisualCogB_Task-1,1,1,Fz,0.77734375,62.3447337134738,36.0222160051807,36.0996066325527
VisualCogB_Task-1,1,1,Fz,0.78125,62.4931653456353,35.9349816055565,36.1762108684185
VisualCogB_Task-1,1,1,Fz,0.78515625,62.6750982482103,36.3918301970874,36.3663570182152
VisualCogB_Task-1,1,1,Fz,0.7890625,62.816866937996,36.9031332684058,36.6161947838578
VisualCogB_Task-1,1,1,Fz,0.79296875,62.8848754664215,37.2313404775893,36.8739966321669
VisualCogB_Task-1,1,1,Fz,0.796875,62.8751196465758,37.3030656283067,37.1119465703424
VisualCogB_Task-1,1,1,Fz,0.80078125,62.7906197249648,37.1173362695851,37.3320072593691
VisualCogB_Task-1,1,1,F3,-0.19921875,4.03548828762443,1.46572141941355,1.58624714758826
VisualCogB_Task-1,1,1,F3,-0.1953125,3.672626885992,1.59760516160134,1.59205824507545
VisualCogB_Task-1,1,1,F3,-0.19140625,3.52502114452358,1.79903869012213,1.58782553188141
VisualCogB_Task-1,1,1,F3,-0.1875,3.57139612006808,1.52691039746156,1.56396744036875
VisualCogB_Task-1,1,1,F3,-0.18359375,3.70418476325122,1.43850332196465,1.52850349942013
VisualCogB_Task-1,1,1,F3,-0.1796875,3.79129029769057,1.47681981767991,1.48636515100926
VisualCogB_Task-1,1,1,F3,-0.17578125,3.73594136697132,1.50070370617425,1.43498382232192
VisualCogB_Task-1,1,1,F3,-0.171875,3.50312991615995,1.36963511318517,1.37099549609977
VisualCogB_Task-1,1,1,F3,-0.16796875,3.11212475756706,1.32225473600367,1.29651281207216
VisualCogB_Task-1,1,1,F3,-0.1640625,2.61432787351273,1.36329559364189,1.21353504472555
VisualCogB_Task-1,1,1,F3,-0.16015625,2.07625319680095,1.12155800478901,1.12620662887405
VisualCogB_Task-1,1,1,F3,-0.15625,1.5728492392355,0.996939964983104,1.05115204507477
VisualCogB_Task-1,1,1,F3,-0.15234375,1.17895461515336,0.838978396293609,1.00460838854442
VisualCogB_Task-1,1,1,F3,-0.1484375,0.946222868770304,0.73771346989376,0.998295081158727
VisualCogB_Task-1,1,1,F3,-0.14453125,0.874179771136313,0.853589782574691,1.03012904543919
VisualCogB_Task-1,1,1,F3,-0.140625,0.901129690368335,1.09062116897661,1.07631206963523
VisualCogB_Task-1,1,1,F3,-0.13671875,0.928995083878174,1.45618952472578,1.09833433675754
VisualCogB_Task-1,1,1,F3,-0.1328125,0.868379396050261,1.44579939976678,1.05887845476196
VisualCogB_Task-1,1,1,F3,-0.12890625,0.676641128213648,1.04971907712889,0.950448297268327
VisualCogB_Task-1,1,1,F3,-0.125,0.371442311476258,0.702537006461863,0.797791149980222
VisualCogB_Task-1,1,1,F3,-0.12109375,0.0190266571642662,0.494397632132611,0.633926863589606
VisualCogB_Task-1,1,1,F3,-0.1171875,-0.294216253588469,0.421283747401951,0.483937443495242
VisualCogB_Task-1,1,1,F3,-0.11328125,-0.495069299404891,0.413581597416394,0.361277459141144
VisualCogB_Task-1,1,1,F3,-0.109375,-0.547504823656864,0.11185913822317,0.274180338630217
VisualCogB_Task-1,1,1,F3,-0.10546875,-0.455971721194755,0.257239139138401,0.235238188254973
VisualCogB_Task-1,1,1,F3,-0.1015625,-0.249005865455311,0.350736775265492,0.243516347607334
VisualCogB_Task-1,1,1,F3,-0.09765625,0.0413548895485727,-0.0983400013305235,0.299913568852843
VisualCogB_Task-1,1,1,F3,-0.09375,0.38658883299762,-0.00126236623837203,0.414263639795222
VisualCogB_Task-1,1,1,F3,-0.08984375,0.75105958146426,0.48661872920449,0.563212550722912
VisualCogB_Task-1,1,1,F3,-0.0859375,1.07771395949433,0.854735214921006,0.688779124754889
VisualCogB_Task-1,1,1,F3,-0.08203125,1.28984046881166,1.15351828714092,0.726599366550258
VisualCogB_Task-1,1,1,F3,-0.078125,1.31511837697986,1.14698336264246,0.626138954948637
VisualCogB_Task-1,1,1,F3,-0.07421875,1.11762130997183,0.732739051405414,0.37244014550553
VisualCogB_Task-1,1,1,F3,-0.0703125,0.716837855957623,0.104378918165926,-0.00605110558240655
VisualCogB_Task-1,1,1,F3,-0.06640625,0.184259697898254,-0.610703483531666,-0.450863933293526
VisualCogB_Task-1,1,1,F3,-0.0625,-0.378080468007615,-1.25330429493302,-0.894324970627153
VisualCogB_Task-1,1,1,F3,-0.05859375,-0.868189953316971,-1.63703225320755,-1.28208081310246
VisualCogB_Task-1,1,1,F3,-0.0546875,-1.21724837993668,-1.74994456978433,-1.58969299993077
VisualCogB_Task-1,1,1,F3,-0.05078125,-1.41958744331165,-2.02744054909117,-1.82230235699884
VisualCogB_Task-1,1,1,F3,-0.046875,-1.54657843431758,-1.94454611484452,-1.99840400768122
VisualCogB_Task-1,1,1,F3,-0.04296875,-1.72486728225349,-2.11376357271665,-2.15358792469347
VisualCogB_Task-1,1,1,F3,-0.0390625,-2.07493767049024,-2.17304754783765,-2.3189559230148
VisualCogB_Task-1,1,1,F3,-0.03515625,-2.64109908699752,-2.3745388236233,-2.5222911216263
VisualCogB_Task-1,1,1,F3,-0.03125,-3.36075351960584,-2.44564185763924,-2.77921760824433
VisualCogB_Task-1,1,1,F3,-0.02734375,-4.09502784232556,-2.95267834403213,-3.09304677908501
VisualCogB_Task-1,1,1,F3,-0.0234375,-4.6988782296248,-3.52987982502592,-3.43929205114733
VisualCogB_Task-1,1,1,F3,-0.01953125,-5.08727039226981,-3.8880849447643,-3.78176947184257
VisualCogB_Task-1,1,1,F3,-0.015625,-5.26563826181174,-4.37167113064809,-4.09184406973855
VisualCogB_Task-1,1,1,F3,-0.01171875,-5.31694905234551,-4.2841020879318,-4.34974049614658
VisualCogB_Task-1,1,1,F3,-0.0078125,-5.35539872747429,-4.4894105984609,-4.55900232412041
VisualCogB_Task-1,1,1,F3,-0.00390625,-5.46772763734297,-4.53954722318536,-4.71770325936259
VisualCogB_Task-1,1,1,F3,0,-5.67060704702379,-4.92228234641562,-4.81811769710401
VisualCogB_Task-1,1,1,F3,0.00390625,-5.90879766058782,-5.19828362185578,-4.83767369622748
VisualCogB_Task-1,1,1,F3,0.0078125,-6.09652693301811,-5.16651382508102,-4.76247970305844
VisualCogB_Task-1,1,1,F3,0.01171875,-6.17618538944141,-4.87082135839169,-4.60869499105802
VisualCogB_Task-1,1,1,F3,0.015625,-6.15910025257261,-4.19997128189297,-4.42614834385589
VisualCogB_Task-1,1,1,F3,0.01953125,-6.12836142960341,-4.11055551401187,-4.28651240902621
VisualCogB_Task-1,1,1,F3,0.0234375,-6.203178908074,-3.6736101053735,-4.24261174564621
VisualCogB_Task-1,1,1,F3,0.02734375,-6.47697778579003,-3.73569014630088,-4.33260783820862
VisualCogB_Task-1,1,1,F3,0.03125,-6.95640959418036,-4.25886831637256,-4.54724536785007
VisualCogB_Task-1,1,1,F3,0.03515625,-7.54057221366073,-5.05110545646899,-4.8275258747149
VisualCogB_Task-1,1,1,F3,0.0390625,-8.06429063638878,-5.62329333918586,-5.090419477991
VisualCogB_Task-1,1,1,F3,0.04296875,-8.38548887760959,-5.7678236113981,-5.27152792867907
VisualCogB_Task-1,1,1,F3,0.046875,-8.46206190120531,-5.84211031111643,-5.35085913287942
VisualCogB_Task-1,1,1,F3,0.05078125,-8.37060533682902,-5.40573090301764,-5.34977897025223
VisualCogB_Task-1,1,1,F3,0.0546875,-8.26001720290068,-5.16578766141824,-5.33059091864413
VisualCogB_Task-1,1,1,F3,0.05859375,-8.27391904045036,-5.04878780682661,-5.36026111696554
VisualCogB_Task-1,1,1,F3,0.0625,-8.48867586906141,-4.92774920715917,-5.49202209935802
VisualCogB_Task-1,1,1,F3,0.06640625,-8.89360226047027,-5.34226743063309,-5.75315029078491
VisualCogB_Task-1,1,1,F3,0.0703125,-9.40904048015891,-5.68689346278389,-6.12389937519299
VisualCogB_Task-1,1,1,F3,0.07421875,-9.9236267087488,-6.65736928730105,-6.55028279818303
VisualCogB_Task-1,1,1,F3,0.078125,-10.3356556798957,-7.57233413045144,-6.94189684598838
VisualCogB_Task-1,1,1,F3,0.08203125,-10.5871397157332,-7.66075072383149,-7.21726167893557
VisualCogB_Task-1,1,1,F3,0.0859375,-10.6776404744476,-7.63081988375079,-7.34743389772304
VisualCogB_Task-1,1,1,F3,0.08984375,-10.65054293088,-7.62832385442003,-7.34042752345721
VisualCogB_Task-1,1,1,F3,0.09375,-10.5623407450218,-7.11275277453045,-7.22787207608016
VisualCogB_Task-1,1,1,F3,0.09765625,-10.4594434988354,-6.79217996068499,-7.06538843644753
VisualCogB_Task-1,1,1,F3,0.1015625,-10.3778566970095,-6.77651595746923,-6.89900421028582
VisualCogB_Task-1,1,1,F3,0.10546875,-10.3558041697305,-6.59595429339989,-6.75197963034132
VisualCogB_Task-1,1,1,F3,0.109375,-10.4366977980659,-6.76185705944351,-6.63736757495891
VisualCogB_Task-1,1,1,F3,0.11328125,-10.6530724111377,-6.69216922959319,-6.55521881107171
VisualCogB_Task-1,1,1,F3,0.1171875,-11.0029905204186,-6.13966765559294,-6.51595822931989
VisualCogB_Task-1,1,1,F3,0.12109375,-11.4373144292929,-6.28018621048426,-6.54142325522038
VisualCogB_Task-1,1,1,F3,0.125,-11.8693805029316,-6.70256874304797,-6.62209376647956
VisualCogB_Task-1,1,1,F3,0.12890625,-12.2077817115367,-6.78785856127132,-6.72667988707577
VisualCogB_Task-1,1,1,F3,0.1328125,-12.3997176105741,-7.05582156067443,-6.83059798903474
VisualCogB_Task-1,1,1,F3,0.13671875,-12.4599560374815,-7.03293265495868,-6.91436266723182
VisualCogB_Task-1,1,1,F3,0.140625,-12.46420833121,-6.93400160678127,-6.97725714751233
VisualCogB_Task-1,1,1,F3,0.14453125,-12.5116992511241,-7.08917913662312,-7.02844548803217
VisualCogB_Task-1,1,1,F3,0.1484375,-12.6856836470156,-7.26987526443114,-7.07348711855297
VisualCogB_Task-1,1,1,F3,0.15234375,-13.0343045633731,-7.25111653923989,-7.12300260621895
VisualCogB_Task-1,1,1,F3,0.15625,-13.5667636991036,-7.12855462940713,-7.20397819699751
VisualCogB_Task-1,1,1,F3,0.16015625,-14.2473128741374,-7.03779175869347,-7.35407629794111
VisualCogB_Task-1,1,1,F3,0.1640625,-14.9859726061668,-7.09472778719391,-7.60467401880303
VisualCogB_Task-1,1,1,F3,0.16796875,-15.6461194686784,-7.63149034326089,-7.96079142439924
VisualCogB_Task-1,1,1,F3,0.171875,-16.085164466534,-8.4880552525528,-8.38495306024493
VisualCogB_Task-1,1,1,F3,0.17578125,-16.2157497926194,-9.13298185721811,-8.81224171509378
VisualCogB_Task-1,1,1,F3,0.1796875,-16.0524271246962,-9.40564037999547,-9.18633202705846
VisualCogB_Task-1,1,1,F3,0.18359375,-15.7161632244182,-9.77494106725003,-9.47762697942864
VisualCogB_Task-1,1,1,F3,0.1875,-15.3937866042175,-9.85361222682104,-9.6748052515721
VisualCogB_Task-1,1,1,F3,0.19140625,-15.2681784798811,-9.77537108057697,-9.79132169684169
VisualCogB_Task-1,1,1,F3,0.1953125,-15.4455309433366,-9.73592922091478,-9.85553174986106
VisualCogB_Task-1,1,1,F3,0.19921875,-15.9124449997661,-9.82637233654935,-9.89446162723175
VisualCogB_Task-1,1,1,F3,0.203125,-16.5469011450699,-9.78578775358337,-9.92517066814314
VisualCogB_Task-1,1,1,F3,0.20703125,-17.1777002384818,-10.0069220799299,-9.95904410422772
VisualCogB_Task-1,1,1,F3,0.2109375,-17.6583460268627,-10.149276354365,-9.99585192423801
VisualCogB_Task-1,1,1,F3,0.21484375,-17.9178807891578,-9.87697859513539,-10.039353948235
VisualCogB_Task-1,1,1,F3,0.21875,-17.9695689939631,-9.86762766323518,-10.106095365457
VisualCogB_Task-1,1,1,F3,0.22265625,-17.8806400966674,-9.92841841281202,-10.1990900857174
VisualCogB_Task-1,1,1,F3,0.2265625,-17.7250669732573,-10.4576974824167,-10.3014797103108
VisualCogB_Task-1,1,1,F3,0.23046875,-17.551330201078,-10.5253624484454,-10.3738498677901
VisualCogB_Task-1,1,1,F3,0.234375,-17.3856573884735,-10.4159162705194,-10.3898043343833
VisualCogB_Task-1,1,1,F3,0.23828125,-17.2600070883709,-10.8696838360885,-10.3355729347066
VisualCogB_Task-1,1,1,F3,0.2421875,-17.2300247473014,-10.1977998666467,-10.1995614880542
VisualCogB_Task-1,1,1,F3,0.24609375,-17.3551845882427,-9.48966057372136,-10.0146850555019
VisualCogB_Task-1,1,1,F3,0.25,-17.6470432422923,-9.4650372409819,-9.81371189634189
VisualCogB_Task-1,1,1,F3,0.25390625,-18.0254458972101,-9.56984369560579,-9.58565822971762
VisualCogB_Task-1,1,1,F3,0.2578125,-18.3271136569774,-9.68691717837461,-9.29048405349275
VisualCogB_Task-1,1,1,F3,0.26171875,-18.3770800604387,-9.43388115187725,-8.88683148768823
VisualCogB_Task-1,1,1,F3,0.265625,-18.0855647546333,-8.80557263578711,-8.36637874606517
VisualCogB_Task-1,1,1,F3,0.26953125,-17.509252147964,-7.87581879435955,-7.76639151440043
VisualCogB_Task-1,1,1,F3,0.2734375,-16.8347336913778,-7.08600784643723,-7.16073496928102
VisualCogB_Task-1,1,1,F3,0.27734375,-16.2906606516902,-6.22755840473461,-6.63239322729056
VisualCogB_Task-1,1,1,F3,0.28125,-16.0405766499505,-5.62650539300908,-6.25812314477566
VisualCogB_Task-1,1,1,F3,0.28515625,-16.1175429462314,-5.33726742526354,-6.08094534286996
VisualCogB_Task-1,1,1,F3,0.2890625,-16.4295563176334,-5.79906734113373,-6.09124563005987
VisualCogB_Task-1,1,1,F3,0.29296875,-16.8193420264621,-6.25853604563782,-6.21743665503125
VisualCogB_Task-1,1,1,F3,0.296875,-17.1364084398047,-6.93893897707857,-6.36358287572614
VisualCogB_Task-1,1,1,F3,0.30078125,-17.2842933494241,-7.1362316795433,-6.43717369930376
VisualCogB_Task-1,1,1,F3,0.3046875,-17.2306607955344,-6.76729503392779,-6.39364487470274
VisualCogB_Task-1,1,1,F3,0.30859375,-16.9937241113408,-6.39182175913232,-6.24668698254828
VisualCogB_Task-1,1,1,F3,0.3125,-16.6287068023837,-6.06765664764967,-6.04112811673439
VisualCogB_Task-1,1,1,F3,0.31640625,-16.2249487890652,-5.72573049816462,-5.83389093587037
VisualCogB_Task-1,1,1,F3,0.3203125,-15.899779920889,-5.43923571910163,-5.68410880947517
VisualCogB_Task-1,1,1,F3,0.32421875,-15.7680659346203,-5.13872752247166,-5.64190173725888
VisualCogB_Task-1,1,1,F3,0.328125,-15.8909705686565,-5.24040062543441,-5.73698362806717
VisualCogB_Task-1,1,1,F3,0.33203125,-16.2389364913816,-5.64062517605478,-5.95713720618008
VisualCogB_Task-1,1,1,F3,0.3359375,-16.7011563791109,-6.16386366021277,-6.24876327899159
VisualCogB_Task-1,1,1,F3,0.33984375,-17.1341118137559,-6.86956024128875,-6.53188665138525
VisualCogB_Task-1,1,1,F3,0.34375,-17.4118580693877,-7.2514590296164,-6.71945716001303
VisualCogB_Task-1,1,1,F3,0.34765625,-17.4562209741903,-7.25894401116038,-6.75256410735218
VisualCogB_Task-1,1,1,F3,0.3515625,-17.2571400542699,-7.29863838781993,-6.61663028501359
VisualCogB_Task-1,1,1,F3,0.35546875,-16.8909712725508,-6.72578189403819,-6.33927680992548
VisualCogB_Task-1,1,1,F3,0.359375,-16.5154867107397,-5.70858394878492,-6.00495880758326
VisualCogB_Task-1,1,1,F3,0.36328125,-16.319664879118,-5.10812035242997,-5.73034016049174
VisualCogB_Task-1,1,1,F3,0.3671875,-16.4467995100039,-4.99525859495979,-5.60738684625586
VisualCogB_Task-1,1,1,F3,0.37109375,-16.9394765778095,-5.06757838661825,-5.67621319180875
VisualCogB_Task-1,1,1,F3,0.375,-17.7361966270317,-6.04625123452016,-5.92592283647554
VisualCogB_Task-1,1,1,F3,0.37890625,-18.7072087280756,-6.59366664203313,-6.29489985248216
VisualCogB_Task-1,1,1,F3,0.3828125,-19.6980784956256,-6.76183597359889,-6.73155567855822
VisualCogB_Task-1,1,1,F3,0.38671875,-20.5629394433726,-7.27804459369223,-7.20919898589595
VisualCogB_Task-1,1,1,F3,0.390625,-21.1895140353926,-7.83438123092749,-7.70366180360759
VisualCogB_Task-1,1,1,F3,0.39453125,-21.522774802578,-7.87955810886495,-8.19651329478845
VisualCogB_Task-1,1,1,F3,0.3984375,-21.5839447798375,-8.77947974567927,-8.6802159081438
VisualCogB_Task-1,1,1,F3,0.40234375,-21.4713600740535,-9.44639945855667,-9.12081916021861
VisualCogB_Task-1,1,1,F3,0.40625,-21.3337397879128,-9.74379353006908,-9.49264455401917
VisualCogB_Task-1,1,1,F3,0.41015625,-21.3238059168719,-9.99240178250386,-9.7971452840799
VisualCogB_Task-1,1,1,F3,0.4140625,-21.5536657816133,-10.0757466838955,-10.0567036262727
VisualCogB_Task-1,1,1,F3,0.41796875,-22.0685907499082,-10.1924691717202,-10.3099732313383
VisualCogB_Task-1,1,1,F3,0.421875,-22.840043768685,-10.1947821942829,-10.5971946714856
VisualCogB_Task-1,1,1,F3,0.42578125,-23.7711481136726,-10.4947586521588,-10.9488165139558
VisualCogB_Task-1,1,1,F3,0.4296875,-24.7133251414231,-10.7892534079391,-11.3617529528895
VisualCogB_Task-1,1,1,F3,0.43359375,-25.4980247602737,-11.721897326161,-11.7950800272779
VisualCogB_Task-1,1,1,F3,0.4375,-25.981190170065,-12.5696426626098,-12.1601654806992
VisualCogB_Task-1,1,1,F3,0.44140625,-26.0859073738324,-12.7611241697374,-12.3622784983057
VisualCogB_Task-1,1,1,F3,0.4453125,-25.8250926533544,-13.1414218511426,-12.3408113637418
VisualCogB_Task-1,1,1,F3,0.44921875,-25.2965452182399,-12.6082210960053,-12.0683934999382
VisualCogB_Task-1,1,1,F3,0.453125,-24.6550544389957,-11.7138814580136,-11.5843718704422
VisualCogB_Task-1,1,1,F3,0.45703125,-24.0680128304317,-10.7400978977666,-10.9730790718067
VisualCogB_Task-1,1,1,F3,0.4609375,-23.6615012686464,-9.6543002496606,-10.3296401662154
VisualCogB_Task-1,1,1,F3,0.46484375,-23.476153831814,-9.24238808339832,-9.72976511801565
VisualCogB_Task-1,1,1,F3,0.46875,-23.4602677532172,-8.91866326230387,-9.1928855651749
VisualCogB_Task-1,1,1,F3,0.47265625,-23.5077352572607,-8.71407730578168,-8.69781839277601
VisualCogB_Task-1,1,1,F3,0.4765625,-23.5144425786715,-8.4222031061901,-8.20052862732918
VisualCogB_Task-1,1,1,F3,0.48046875,-23.4167988190947,-8.31108204876672,-7.65833620476177
VisualCogB_Task-1,1,1,F3,0.484375,-23.1988878126796,-7.60591509779248,-7.04703393423954
VisualCogB_Task-1,1,1,F3,0.48828125,-22.8813347635219,-6.30587524593216,-6.39681011192868
VisualCogB_Task-1,1,1,F3,0.4921875,-22.509334782244,-5.55812426314685,-5.78442646429142
VisualCogB_Task-1,1,1,F3,0.49609375,-22.1445079634291,-4.83916887559525,-5.27906681229031
VisualCogB_Task-1,1,1,F3,0.5,-21.8557513272677,-4.87463418740344,-4.93105646012584
VisualCogB_Task-1,1,1,F3,0.50390625,-21.7050968253987,-4.27894017955386,-4.75406255060724
VisualCogB_Task-1,1,1,F3,0.5078125,-21.7283134274853,-4.18973844564911,-4.75705037048354
VisualCogB_Task-1,1,1,F3,0.51171875,-21.91445995659,-5.15203185659817,-4.90939167558268
VisualCogB_Task-1,1,1,F3,0.515625,-22.1973364117582,-5.42095774332617,-5.13318222799636
VisualCogB_Task-1,1,1,F3,0.51953125,-22.4746460957185,-5.95304460086135,-5.37073780490091
VisualCogB_Task-1,1,1,F3,0.5234375,-22.6526870345614,-5.69154218334076,-5.58835547641683
VisualCogB_Task-1,1,1,F3,0.52734375,-22.6884072545294,-5.16382779653676,-5.80085787899464
VisualCogB_Task-1,1,1,F3,0.53125,-22.5977478151642,-5.36814437668374,-6.03166654132852
VisualCogB_Task-1,1,1,F3,0.53515625,-22.4238867746787,-5.63528924393446,-6.25111715190783
VisualCogB_Task-1,1,1,F3,0.5390625,-22.1864578193545,-6.91455199262661,-6.37425188550152
VisualCogB_Task-1,1,1,F3,0.54296875,-21.8450404588499,-7.20078955301508,-6.26479392454744
VisualCogB_Task-1,1,1,F3,0.546875,-21.3053828387596,-7.31235356444325,-5.83149146041052
VisualCogB_Task-1,1,1,F3,0.55078125,-20.4740506691065,-5.53367265121001,-5.06109232016132
VisualCogB_Task-1,1,1,F3,0.5546875,-19.3319557820848,-3.9650244018165,-4.06374950620646
VisualCogB_Task-1,1,1,F3,0.55859375,-17.9747807709366,-2.46009413665512,-2.98899771520663
VisualCogB_Task-1,1,1,F3,0.5625,-16.5850084144352,-1.16054739790236,-1.97814455179
VisualCogB_Task-1,1,1,F3,0.56640625,-15.3491965601034,-0.277891676369161,-1.12842232237215
VisualCogB_Task-1,1,1,F3,0.5703125,-14.3749850511952,-0.0847772401445845,-0.468930237211316
VisualCogB_Task-1,1,1,F3,0.57421875,-13.6598241390728,0.100252476275625,0.0421100472678211
VisualCogB_Task-1,1,1,F3,0.578125,-13.1215606170641,0.451279242668247,0.478489624396152
VisualCogB_Task-1,1,1,F3,0.58203125,-12.6570959094717,0.601132341239314,0.918844789921883
VisualCogB_Task-1,1,1,F3,0.5859375,-12.1832760851503,1.02166679802696,1.43954430778256
VisualCogB_Task-1,1,1,F3,0.58984375,-11.6377667683827,1.71376878464041,2.09048090452552
VisualCogB_Task-1,1,1,F3,0.59375,-10.9548844125706,2.84148682775521,2.88672418088512
VisualCogB_Task-1,1,1,F3,0.59765625,-10.0534790757056,3.61689793023299,3.81195106093864
VisualCogB_Task-1,1,1,F3,0.6015625,-8.86222343228259,4.62664952311435,4.84606868933584
VisualCogB_Task-1,1,1,F3,0.60546875,-7.36901542781224,5.87441042151831,5.95272978316772
VisualCogB_Task-1,1,1,F3,0.609375,-5.65138691159148,7.28711245395344,7.07730212900677
VisualCogB_Task-1,1,1,F3,0.61328125,-3.85602559473347,8.18865062222961,8.15862689995472
VisualCogB_Task-1,1,1,F3,0.6171875,-2.13729499991872,9.2246050676647,9.15302946285886
VisualCogB_Task-1,1,1,F3,0.62109375,-0.595940058261511,10.2341296748018,10.0193371614227
VisualCogB_Task-1,1,1,F3,0.625,0.744453715048666,11.4157821398647,10.7223419730836
VisualCogB_Task-1,1,1,F3,0.62890625,1.91496454410645,11.5870100748011,11.2447352513938
VisualCogB_Task-1,1,1,F3,0.6328125,2.95486618733502,11.4483014553719,11.6269950304706
VisualCogB_Task-1,1,1,F3,0.63671875,3.87482379304539,11.5940955866936,11.9381222463821
VisualCogB_Task-1,1,1,F3,0.640625,4.65219200287912,11.9980956286503,12.2322267039378
VisualCogB_Task-1,1,1,F3,0.64453125,5.25733614068216,12.4247787217544,12.5347493196402
VisualCogB_Task-1,1,1,F3,0.6484375,5.6884678761712,12.8459553566915,12.851620087051
VisualCogB_Task-1,1,1,F3,0.65234375,5.98694668568864,13.1467893021911,13.1796047832415
VisualCogB_Task-1,1,1,F3,0.65625,6.22255935131296,13.451596970996,13.5149971244194
VisualCogB_Task-1,1,1,F3,0.66015625,6.46436378406543,13.7941918398658,13.851356203372
VisualCogB_Task-1,1,1,F3,0.6640625,6.75888448706387,14.172828572122,14.1769577667676
VisualCogB_Task-1,1,1,F3,0.66796875,7.1202693277129,14.4337565200623,14.4753138643158
VisualCogB_Task-1,1,1,F3,0.671875,7.5249888708947,14.5917462175236,14.7295924461725
VisualCogB_Task-1,1,1,F3,0.67578125,7.91170082840287,15.1419164138436,14.9194983504722
VisualCogB_Task-1,1,1,F3,0.6796875,8.19479225288565,15.220338453811,15.013249229629
VisualCogB_Task-1,1,1,F3,0.68359375,8.29162423548718,15.2947081565145,14.9975975746711
VisualCogB_Task-1,1,1,F3,0.6875,8.15286503657588,15.1858653188451,14.8765533119751
VisualCogB_Task-1,1,1,F3,0.69140625,7.78682670974483,14.7079970987915,14.6788855830712
VisualCogB_Task-1,1,1,F3,0.6953125,7.27130988934195,14.4398767784933,14.4591395300624
VisualCogB_Task-1,1,1,F3,0.69921875,6.74060403552689,14.0886365795318,14.2742862546948
VisualCogB_Task-1,1,1,F3,0.703125,6.33885157024371,13.9745229164474,14.1796916294171
VisualCogB_Task-1,1,1,F3,0.70703125,6.15735933809463,13.9229723948277,14.2152507204145
VisualCogB_Task-1,1,1,F3,0.7109375,6.19600081808368,14.0087648828661,14.4037612011246
VisualCogB_Task-1,1,1,F3,0.71484375,6.37462103196244,14.5754794068478,14.7436642178528
VisualCogB_Task-1,1,1,F3,0.71875,6.58171254886231,15.2456596800919,15.2004845570496
VisualCogB_Task-1,1,1,F3,0.72265625,6.7257645038206,15.8099224794142,15.7257316042486
VisualCogB_Task-1,1,1,F3,0.7265625,6.76493717887168,16.2134918369849,16.2746793385701
VisualCogB_Task-1,1,1,F3,0.73046875,6.71082368860378,16.5263328723918,16.8096176453982
VisualCogB_Task-1,1,1,F3,0.734375,6.60971320397145,17.3486921891885,17.2877374516515
VisualCogB_Task-1,1,1,F3,0.73828125,6.50610238148422,17.7822994776244,17.6426226198315
VisualCogB_Task-1,1,1,F3,0.7421875,6.40349933426633,18.2417467754993,17.8129365739011
VisualCogB_Task-1,1,1,F3,0.74609375,6.24887868124886,18.528093285341,17.7489824759725
VisualCogB_Task-1,1,1,F3,0.75,5.95872699162753,18.1938190056344,17.4367976716247
VisualCogB_Task-1,1,1,F3,0.75390625,5.47732268662289,17.0704867280835,16.927345407217
VisualCogB_Task-1,1,1,F3,0.7578125,4.83400832150302,16.0079303381332,16.3346740402764
VisualCogB_Task-1,1,1,F3,0.76171875,4.16186698573549,15.4523437816591,15.7847603717355
VisualCogB_Task-1,1,1,F3,0.765625,3.65691094820395,14.9169666106608,15.3763525606814
VisualCogB_Task-1,1,1,F3,0.76953125,3.48974645719064,14.5450671159915,15.1804973836951
VisualCogB_Task-1,1,1,F3,0.7734375,3.71647618337601,14.4102309288522,15.2299594548557
VisualCogB_Task-1,1,1,F3,0.77734375,4.24531999471025,15.1847292073212,15.5045508659338
VisualCogB_Task-1,1,1,F3,0.78125,4.88266486985927,16.192721873989,15.9157729981995
VisualCogB_Task-1,1,1,F3,0.78515625,5.42823142627648,16.9391981910599,16.3484754280387
VisualCogB_Task-1,1,1,F3,0.7890625,5.75989478062461,17.4220766886396,16.7105868048198
VisualCogB_Task-1,1,1,F3,0.79296875,5.86535994845808,17.3871044326564,16.9592626748293
VisualCogB_Task-1,1,1,F3,0.796875,5.81713786284258,17.0244226558277,17.1109494080057
VisualCogB_Task-1,1,1,F3,0.80078125,5.71571889089452,16.6790754091968,17.2177468541064
VisualCogB_Task-1,1,1,F4,-0.19921875,3.07769737054776,2.82827115140136,2.92730412424426
VisualCogB_Task-1,1,1,F4,-0.1953125,3.28642825731643,3.05126716925073,3.17820851649285
VisualCogB_Task-1,1,1,F4,-0.19140625,3.67688799705101,3.38985454274165,3.42086016100454
VisualCogB_Task-1,1,1,F4,-0.1875,4.17204843040631,3.45930985030209,3.6364278644389
VisualCogB_Task-1,1,1,F4,-0.18359375,4.63837299538412,3.94755394018185,3.80349663193361
VisualCogB_Task-1,1,1,F4,-0.1796875,4.9361794010385,4.12208153291948,3.88589163411495
VisualCogB_Task-1,1,1,F4,-0.17578125,4.97125798110305,4.17110405936348,3.85944281729655
VisualCogB_Task-1,1,1,F4,-0.171875,4.72393189299045,3.6628334337019,3.71966261935908
VisualCogB_Task-1,1,1,F4,-0.16796875,4.24233048737242,3.50296088979174,3.48803524835545
VisualCogB_Task-1,1,1,F4,-0.1640625,3.60621345020212,2.99536738500121,3.18130914686716
VisualCogB_Task-1,1,1,F4,-0.16015625,2.88741031426201,2.76387969661163,2.8174765609287
VisualCogB_Task-1,1,1,F4,-0.15625,2.13368205423084,2.53285273251053,2.39903458975244
VisualCogB_Task-1,1,1,F4,-0.15234375,1.37908277261798,2.04406830972872,1.92401392719096
VisualCogB_Task-1,1,1,F4,-0.1484375,0.659124198399302,1.43418204396162,1.40159677899335
VisualCogB_Task-1,1,1,F4,-0.14453125,0.010417905090118,0.848143156088077,0.85096988278686
VisualCogB_Task-1,1,1,F4,-0.140625,-0.542758349573224,0.30588414062704,0.294035414946092
VisualCogB_Task-1,1,1,F4,-0.13671875,-0.997690816712094,-0.25246292091015,-0.247540008712588
VisualCogB_Task-1,1,1,F4,-0.1328125,-1.36829173271534,-0.656463225231548,-0.751102378566066
VisualCogB_Task-1,1,1,F4,-0.12890625,-1.67087976098487,-1.09470588624113,-1.19440792767436
VisualCogB_Task-1,1,1,F4,-0.125,-1.91035019146105,-1.64686723727063,-1.54732629298627
VisualCogB_Task-1,1,1,F4,-0.12109375,-2.07246182782321,-2.09907072788281,-1.77141860799784
VisualCogB_Task-1,1,1,F4,-0.1171875,-2.12540276349229,-2.29508504302058,-1.83654108489548
VisualCogB_Task-1,1,1,F4,-0.11328125,-2.03270324550992,-1.90720336682071,-1.73985427918931
VisualCogB_Task-1,1,1,F4,-0.109375,-1.77379935340893,-1.5633137396133,-1.51673074289994
VisualCogB_Task-1,1,1,F4,-0.10546875,-1.36110203608518,-0.968979583109528,-1.21648878535053
VisualCogB_Task-1,1,1,F4,-0.1015625,-0.842630988597182,-0.836367836692329,-0.892328632257058
VisualCogB_Task-1,1,1,F4,-0.09765625,-0.288026271692982,-0.546478207435714,-0.576824742482083
VisualCogB_Task-1,1,1,F4,-0.09375,0.234251998346982,-0.346054090467984,-0.297888175257761
VisualCogB_Task-1,1,1,F4,-0.08984375,0.675088779174505,-0.0754353742486914,-0.08090111189572
VisualCogB_Task-1,1,1,F4,-0.0859375,1.00718337481108,0.184106537603376,0.0447404400248917
VisualCogB_Task-1,1,1,F4,-0.08203125,1.21261203221759,0.42412160182542,0.0500959510621791
VisualCogB_Task-1,1,1,F4,-0.078125,1.2697477824496,0.567428076713712,-0.0821612667608794
VisualCogB_Task-1,1,1,F4,-0.07421875,1.15614131178508,-0.0745595423616194,-0.338189097191035
VisualCogB_Task-1,1,1,F4,-0.0703125,0.871546831464975,-0.905381956803492,-0.650012978685491
VisualCogB_Task-1,1,1,F4,-0.06640625,0.466254727075191,-1.39728937441848,-0.927689220132332
VisualCogB_Task-1,1,1,F4,-0.0625,0.0478775429434011,-1.55391086143611,-1.10255487859614
VisualCogB_Task-1,1,1,F4,-0.05859375,-0.252765514014362,-1.63328022582746,-1.14508035733202
VisualCogB_Task-1,1,1,F4,-0.0546875,-0.348928082681411,-1.61821142066018,-1.06334905816506
VisualCogB_Task-1,1,1,F4,-0.05078125,-0.261620502181037,-0.94132140943218,-0.906127705294983
VisualCogB_Task-1,1,1,F4,-0.046875,-0.134294008494099,-0.393304452228692,-0.768421553129424
VisualCogB_Task-1,1,1,F4,-0.04296875,-0.175847769276785,-0.110251313145476,-0.748168664754128
VisualCogB_Task-1,1,1,F4,-0.0390625,-0.554813775087556,-0.315884056918688,-0.912047344846441
VisualCogB_Task-1,1,1,F4,-0.03515625,-1.30566184480714,-0.819839320457406,-1.27357611878299
VisualCogB_Task-1,1,1,F4,-0.03125,-2.30560312029781,-1.60104073452546,-1.79659323794642
VisualCogB_Task-1,1,1,F4,-0.02734375,-3.33518266239375,-2.61168902198977,-2.40712555385891
VisualCogB_Task-1,1,1,F4,-0.0234375,-4.1835884534035,-3.45645493164133,-3.01490387609089
VisualCogB_Task-1,1,1,F4,-0.01953125,-4.73811847553885,-3.95557348645702,-3.54670596989037
VisualCogB_Task-1,1,1,F4,-0.015625,-5.0154663151141,-4.15002925969443,-3.96610552180123
VisualCogB_Task-1,1,1,F4,-0.01171875,-5.12981980562242,-4.20758602414139,-4.27074851141456
VisualCogB_Task-1,1,1,F4,-0.0078125,-5.22274903661326,-4.34060215341145,-4.47360789647923
VisualCogB_Task-1,1,1,F4,-0.00390625,-5.39121318469821,-4.64450459071395,-4.58239309413801
VisualCogB_Task-1,1,1,F4,0,-5.6455939256713,-4.74883286754212,-4.59372970961136
VisualCogB_Task-1,1,1,F4,0.00390625,-5.91418868087813,-4.72459840022331,-4.50941930616771
VisualCogB_Task-1,1,1,F4,0.0078125,-6.08930555447201,-4.71023640519472,-4.34418871023643
VisualCogB_Task-1,1,1,F4,0.01171875,-6.09198895328154,-4.15946290899625,-4.13069633941815
VisualCogB_Task-1,1,1,F4,0.015625,-5.92459544723705,-3.68810296740797,-3.93210458589339
VisualCogB_Task-1,1,1,F4,0.01953125,-5.68355960971205,-3.34671109095906,-3.81397305597415
VisualCogB_Task-1,1,1,F4,0.0234375,-5.51879763904367,-3.31208589820378,-3.82152788776535
VisualCogB_Task-1,1,1,F4,0.02734375,-5.55331861311562,-3.49598118108554,-3.96105672228726
VisualCogB_Task-1,1,1,F4,0.03125,-5.80733968242352,-4.10274476751759,-4.19639370143008
VisualCogB_Task-1,1,1,F4,0.03515625,-6.17856984467038,-4.82510657208611,-4.45261667198383
VisualCogB_Task-1,1,1,F4,0.0390625,-6.49726113495722,-5.0320380917636,-4.64699940291249
VisualCogB_Task-1,1,1,F4,0.04296875,-6.62301576861635,-5.31205032064262,-4.72785648818858
VisualCogB_Task-1,1,1,F4,0.046875,-6.5229838290953,-5.20810298454421,-4.67558907918886
VisualCogB_Task-1,1,1,F4,0.05078125,-6.28730403268801,-4.69946753143659,-4.51928114666125
VisualCogB_Task-1,1,1,F4,0.0546875,-6.07969906158881,-4.04421772174377,-4.33239282013332
VisualCogB_Task-1,1,1,F4,0.05859375,-6.05739511599727,-3.71488938748052,-4.20339976119722
VisualCogB_Task-1,1,1,F4,0.0625,-6.3045115235837,-3.63549629648692,-4.19676303991264
VisualCogB_Task-1,1,1,F4,0.06640625,-6.80685199200479,-3.97528708905582,-4.33623452852956
VisualCogB_Task-1,1,1,F4,0.0703125,-7.46960976351175,-4.54036096229193,-4.59879387067912
VisualCogB_Task-1,1,1,F4,0.07421875,-8.16027182112798,-5.0878347675827,-4.93134175670302
VisualCogB_Task-1,1,1,F4,0.078125,-8.75409479956606,-5.64410261594552,-5.27590946791065
VisualCogB_Task-1,1,1,F4,0.08203125,-9.16664905637234,-5.86784355796785,-5.58756936985141
VisualCogB_Task-1,1,1,F4,0.0859375,-9.36971628814321,-6.00752726094126,-5.85207659041091
VisualCogB_Task-1,1,1,F4,0.08984375,-9.39347489241954,-6.01535519631773,-6.07854243981781
VisualCogB_Task-1,1,1,F4,0.09375,-9.31603608793455,-6.18787995609947,-6.28903245084496
VisualCogB_Task-1,1,1,F4,0.09765625,-9.23900427583069,-6.39810480400765,-6.5003465526402
VisualCogB_Task-1,1,1,F4,0.1015625,-9.25245903024362,-6.59723663621457,-6.72085529978924
VisualCogB_Task-1,1,1,F4,0.10546875,-9.40173099825702,-6.89840693286826,-6.95040910115843
VisualCogB_Task-1,1,1,F4,0.109375,-9.67281264506576,-7.29080789597367,-7.17855681031621
VisualCogB_Task-1,1,1,F4,0.11328125,-10.0057059520352,-7.49292250326056,-7.39051376680684
VisualCogB_Task-1,1,1,F4,0.1171875,-10.3269170635751,-7.4951475325145,-7.5808495673127
VisualCogB_Task-1,1,1,F4,0.12109375,-10.5795352746559,-7.75776838102092,-7.75266786988732
VisualCogB_Task-1,1,1,F4,0.125,-10.7371083084465,-8.10833712649543,-7.90193049635103
VisualCogB_Task-1,1,1,F4,0.12890625,-10.8067567887112,-8.14863061682369,-8.02502431111864
VisualCogB_Task-1,1,1,F4,0.1328125,-10.8318359419592,-8.19317570352803,-8.13553673111699
VisualCogB_Task-1,1,1,F4,0.13671875,-10.888707835632,-8.07538064842267,-8.25735569874832
VisualCogB_Task-1,1,1,F4,0.140625,-11.0621896270838,-8.12587628610892,-8.41917240411579
VisualCogB_Task-1,1,1,F4,0.14453125,-11.4028525832101,-8.49984448748195,-8.63451344979545
VisualCogB_Task-1,1,1,F4,0.1484375,-11.8973018754808,-8.86018452922628,-8.89246409519607
VisualCogB_Task-1,1,1,F4,0.15234375,-12.4791642289689,-9.17147866163985,-9.17088718620032
VisualCogB_Task-1,1,1,F4,0.15625,-13.0701941795697,-9.48025195601195,-9.44495560486005
VisualCogB_Task-1,1,1,F4,0.16015625,-13.6117158563195,-9.78086402131426,-9.68989152284705
VisualCogB_Task-1,1,1,F4,0.1640625,-14.0618997247226,-9.79051858100763,-9.88385847442911
VisualCogB_Task-1,1,1,F4,0.16796875,-14.3757191945401,-9.9169511305384,-10.012601035413
VisualCogB_Task-1,1,1,F4,0.171875,-14.5031422329422,-10.2796705882962,-10.0540854571535
VisualCogB_Task-1,1,1,F4,0.17578125,-14.4173381180822,-10.3844972350229,-9.97830716559954
VisualCogB_Task-1,1,1,F4,0.1796875,-14.1488598262159,-10.1099493984018,-9.77406034762827
VisualCogB_Task-1,1,1,F4,0.18359375,-13.793333406332,-9.64599642056284,-9.46398836256893
VisualCogB_Task-1,1,1,F4,0.1875,-13.4815689146248,-8.96433367332493,-9.09872532398187
VisualCogB_Task-1,1,1,F4,0.19140625,-13.3267233791388,-8.41228009425381,-8.74407268359358
VisualCogB_Task-1,1,1,F4,0.1953125,-13.3760813214124,-8.20414599754338,-8.45463258890916
VisualCogB_Task-1,1,1,F4,0.19921875,-13.5934996219351,-8.03885876942864,-8.25735780498871
VisualCogB_Task-1,1,1,F4,0.203125,-13.8834747828026,-8.10357738838749,-8.15832721427851
VisualCogB_Task-1,1,1,F4,0.20703125,-14.1440363758643,-8.22178088170781,-8.14541144626152
VisualCogB_Task-1,1,1,F4,0.2109375,-14.3182212488174,-8.3157542828109,-8.20191864492974
VisualCogB_Task-1,1,1,F4,0.21484375,-14.4160820075877,-8.31609537188555,-8.31752107389572
VisualCogB_Task-1,1,1,F4,0.21875,-14.4976411693394,-8.44493924668813,-8.49137729992877
VisualCogB_Task-1,1,1,F4,0.22265625,-14.6275897602071,-8.41726753767096,-8.72252708129734
VisualCogB_Task-1,1,1,F4,0.2265625,-14.8262025749799,-8.71092387312334,-9.00614033849985
VisualCogB_Task-1,1,1,F4,0.23046875,-15.0459926592662,-9.26926542936383,-9.31194869673248
VisualCogB_Task-1,1,1,F4,0.234375,-15.1942066941633,-9.73372353036657,-9.58508240907673
VisualCogB_Task-1,1,1,F4,0.23828125,-15.1930005096475,-10.0948753755917,-9.7671147896667
VisualCogB_Task-1,1,1,F4,0.2421875,-15.0373175985424,-10.1790393050664,-9.81200591274398
VisualCogB_Task-1,1,1,F4,0.24609375,-14.8046662524644,-9.88691297063775,-9.70102923471058
VisualCogB_Task-1,1,1,F4,0.25,-14.6034973539601,-9.42165892216531,-9.44604432799536
VisualCogB_Task-1,1,1,F4,0.25390625,-14.494948042053,-8.99117339411571,-9.07440107635448
VisualCogB_Task-1,1,1,F4,0.2578125,-14.44607039173,-8.6558173066747,-8.61141724639155
VisualCogB_Task-1,1,1,F4,0.26171875,-14.350484122759,-8.18902205681091,-8.07547496452365
VisualCogB_Task-1,1,1,F4,0.265625,-14.1030234332323,-7.62091303025473,-7.48865636219142
VisualCogB_Task-1,1,1,F4,0.26953125,-13.6769482945281,-6.87081105369416,-6.88250582852614
VisualCogB_Task-1,1,1,F4,0.2734375,-13.1512419262648,-6.04514670241153,-6.29958914166433
VisualCogB_Task-1,1,1,F4,0.27734375,-12.6699177363748,-5.33606259310497,-5.78149751517319
VisualCogB_Task-1,1,1,F4,0.28125,-12.3608452436853,-4.9054925210035,-5.34861862601554
VisualCogB_Task-1,1,1,F4,0.28515625,-12.2662232036111,-4.76723913784784,-4.98422057431514
VisualCogB_Task-1,1,1,F4,0.2890625,-12.3241271295007,-4.76870231419618,-4.63464428477811
VisualCogB_Task-1,1,1,F4,0.29296875,-12.4042472843175,-4.72673415176215,-4.22814889573828
VisualCogB_Task-1,1,1,F4,0.296875,-12.3708862245132,-4.39920104966728,-3.70416504798099
VisualCogB_Task-1,1,1,F4,0.30078125,-12.1397220150088,-3.69826282939899,-3.04367215362688
VisualCogB_Task-1,1,1,F4,0.3046875,-11.7056925946273,-2.50655286359992,-2.28556929160382
VisualCogB_Task-1,1,1,F4,0.30859375,-11.1351955210326,-1.27763939755376,-1.52330476382066
VisualCogB_Task-1,1,1,F4,0.3125,-10.5324223084784,-0.246662819646522,-0.868742169852584
VisualCogB_Task-1,1,1,F4,0.31640625,-10.001798988401,-0.0403575335798707,-0.413272995419228
VisualCogB_Task-1,1,1,F4,0.3203125,-9.62477222570524,0.123247482719204,-0.196448780389703
VisualCogB_Task-1,1,1,F4,0.32421875,-9.45170222189364,0.136524435703611,-0.226744776146514
VisualCogB_Task-1,1,1,F4,0.328125,-9.49923199107454,-0.175735641700991,-0.48599487881309
VisualCogB_Task-1,1,1,F4,0.33203125,-9.7495080536818,-0.82623943714304,-0.925760550192015
VisualCogB_Task-1,1,1,F4,0.3359375,-10.1541353465828,-1.56913679982456,-1.47174831565986
VisualCogB_Task-1,1,1,F4,0.33984375,-10.6413912395402,-2.34139274069393,-2.0413712745058
VisualCogB_Task-1,1,1,F4,0.34375,-11.1229290024794,-3.0077901438486,-2.56015823303271
VisualCogB_Task-1,1,1,F4,0.34765625,-11.5066455117762,-3.41260943127249,-2.97863978639249
VisualCogB_Task-1,1,1,F4,0.3515625,-11.7280364639982,-3.71183170137438,-3.28464918897169
VisualCogB_Task-1,1,1,F4,0.35546875,-11.7931557629983,-3.78170835986162,-3.5021838322302
VisualCogB_Task-1,1,1,F4,0.359375,-11.8000945552861,-3.72478155932024,-3.69083965032812
VisualCogB_Task-1,1,1,F4,0.36328125,-11.9107928145992,-3.62404922033931,-3.9335062880615
VisualCogB_Task-1,1,1,F4,0.3671875,-12.2823747086564,-3.53139861284337,-4.31590188264243
VisualCogB_Task-1,1,1,F4,0.37109375,-12.9971521703409,-4.01121976639918,-4.89795648230611
VisualCogB_Task-1,1,1,F4,0.375,-14.0269259487303,-5.16740548396895,-5.67422486280451
VisualCogB_Task-1,1,1,F4,0.37890625,-15.2433651258246,-6.72891931310569,-6.565367073564
VisualCogB_Task-1,1,1,F4,0.3828125,-16.4638240195417,-7.90595137345008,-7.44980821577468
VisualCogB_Task-1,1,1,F4,0.38671875,-17.5097656367003,-8.87202329944165,-8.21960274392177
VisualCogB_Task-1,1,1,F4,0.390625,-18.2561966781318,-9.22546520559049,-8.80481704229678
VisualCogB_Task-1,1,1,F4,0.39453125,-18.6614267862843,-9.59002916494444,-9.18988587481786
VisualCogB_Task-1,1,1,F4,0.3984375,-18.773702242227,-9.67223800144875,-9.39429801901097
VisualCogB_Task-1,1,1,F4,0.40234375,-18.7118369023711,-9.59053559079473,-9.47088752657931
VisualCogB_Task-1,1,1,F4,0.40625,-18.6238775517514,-9.50972878766902,-9.49565011442919
VisualCogB_Task-1,1,1,F4,0.41015625,-18.6417461311325,-9.13298002990737,-9.55455217148488
VisualCogB_Task-1,1,1,F4,0.4140625,-18.8518673385421,-8.92619233659874,-9.73473330944064
VisualCogB_Task-1,1,1,F4,0.41796875,-19.2859572964963,-9.46976227535184,-10.0882021281926
VisualCogB_Task-1,1,1,F4,0.421875,-19.9217827154264,-10.5486132566051,-10.5995888132334
VisualCogB_Task-1,1,1,F4,0.42578125,-20.6870664157076,-11.5490191780394,-11.2019868956523
VisualCogB_Task-1,1,1,F4,0.4296875,-21.4717481240767,-12.3438784973465,-11.8242419434861
VisualCogB_Task-1,1,1,F4,0.43359375,-22.1549621642289,-12.6057596025456,-12.4241188816373
VisualCogB_Task-1,1,1,F4,0.4375,-22.6407495371348,-12.9664716806953,-13.0026856811634
VisualCogB_Task-1,1,1,F4,0.44140625,-22.8871932432464,-13.4234673621425,-13.5761470398643
VisualCogB_Task-1,1,1,F4,0.4453125,-22.9188127532315,-13.9348831476318,-14.1576898221674
VisualCogB_Task-1,1,1,F4,0.44921875,-22.8226948662712,-14.5677180432534,-14.7477775860236
VisualCogB_Task-1,1,1,F4,0.453125,-22.7305549233031,-15.246501826468,-15.3283066665053
VisualCogB_Task-1,1,1,F4,0.45703125,-22.7840906016745,-16.1477076073181,-15.866168436788
VisualCogB_Task-1,1,1,F4,0.4609375,-23.0849395732367,-16.5221483428814,-16.3214372000436
VisualCogB_Task-1,1,1,F4,0.46484375,-23.6464481858593,-16.4481832065763,-16.6776488569884
VisualCogB_Task-1,1,1,F4,0.46875,-24.3737415511285,-16.5436892534562,-16.9350652369085
VisualCogB_Task-1,1,1,F4,0.47265625,-25.0856268057614,-17.0812736866443,-17.0748260315555
VisualCogB_Task-1,1,1,F4,0.4765625,-25.5690619049968,-17.3930079339717,-17.0454562673934
VisualCogB_Task-1,1,1,F4,0.48046875,-25.6471051959434,-17.4257214389141,-16.796018275477
VisualCogB_Task-1,1,1,F4,0.484375,-25.2429530263503,-17.148312232848,-16.3045370257426
VisualCogB_Task-1,1,1,F4,0.48828125,-24.4189611342928,-16.0502802253757,-15.6015127517461
VisualCogB_Task-1,1,1,F4,0.4921875,-23.3655174471268,-14.5214526614783,-14.7877602876356
VisualCogB_Task-1,1,1,F4,0.49609375,-22.3330272359093,-13.4105960869281,-14.0014917570284
VisualCogB_Task-1,1,1,F4,0.5,-21.5370158414737,-12.7589386459824,-13.358726981362
VisualCogB_Task-1,1,1,F4,0.50390625,-21.0844504639302,-12.3162111207778,-12.9262444762321
VisualCogB_Task-1,1,1,F4,0.5078125,-20.9503948008274,-12.2518736697919,-12.7208403959529
VisualCogB_Task-1,1,1,F4,0.51171875,-21.0044736345627,-12.7179678219107,-12.7084747818839
VisualCogB_Task-1,1,1,F4,0.515625,-21.0735999512437,-13.0862816663264,-12.8160271148715
VisualCogB_Task-1,1,1,F4,0.51953125,-21.0210144467174,-13.106028946671,-12.9711679624305
VisualCogB_Task-1,1,1,F4,0.5234375,-20.8068553777997,-13.0750804108325,-13.1240891046974
VisualCogB_Task-1,1,1,F4,0.52734375,-20.4914303096967,-13.0332408716399,-13.2362207371618
VisualCogB_Task-1,1,1,F4,0.53125,-20.173744583527,-13.2941374441972,-13.2649089974914
VisualCogB_Task-1,1,1,F4,0.53515625,-19.9057763167869,-13.5863563533794,-13.1505850345603
VisualCogB_Task-1,1,1,F4,0.5390625,-19.6415507129567,-13.5373922888943,-12.8361157011347
VisualCogB_Task-1,1,1,F4,0.54296875,-19.2538789716361,-13.0224925368494,-12.3006821265493
VisualCogB_Task-1,1,1,F4,0.546875,-18.6074764339572,-12.0664703360174,-11.581905155785
VisualCogB_Task-1,1,1,F4,0.55078125,-17.645390082805,-10.758639589059,-10.7775565013481
VisualCogB_Task-1,1,1,F4,0.5546875,-16.4380277705544,-9.31355506570696,-10.0257883074307
VisualCogB_Task-1,1,1,F4,0.55859375,-15.1632415591748,-8.50962822599415,-9.46317630886767
VisualCogB_Task-1,1,1,F4,0.5625,-14.0264897127488,-8.281489299326,-9.16694347035007
VisualCogB_Task-1,1,1,F4,0.56640625,-13.1680677230019,-8.5027492359736,-9.13485041632956
VisualCogB_Task-1,1,1,F4,0.5703125,-12.6097661383704,-9.06829338633858,-9.29086992367246
VisualCogB_Task-1,1,1,F4,0.57421875,-12.2629340392039,-9.84676882215368,-9.50629967088208
VisualCogB_Task-1,1,1,F4,0.578125,-11.9818518830634,-9.91874967647581,-9.63388929168389
VisualCogB_Task-1,1,1,F4,0.58203125,-11.626068113963,-10.0876409271408,-9.55476084907603
VisualCogB_Task-1,1,1,F4,0.5859375,-11.0971768770041,-9.65042956153156,-9.17377477145594
VisualCogB_Task-1,1,1,F4,0.58984375,-10.336172216796,-8.77383595364583,-8.44019816039313
VisualCogB_Task-1,1,1,F4,0.59375,-9.29877654209892,-7.60152428030437,-7.34301934996342
VisualCogB_Task-1,1,1,F4,0.59765625,-7.94397010353687,-6.18744729585059,-5.89902982368033
VisualCogB_Task-1,1,1,F4,0.6015625,-6.25391467631087,-4.37716253999472,-4.14656314258582
VisualCogB_Task-1,1,1,F4,0.60546875,-4.26571204701036,-2.06906886364929,-2.14798765706935
VisualCogB_Task-1,1,1,F4,0.609375,-2.07821300329624,0.0845005275914918,0.015111666028874
VisualCogB_Task-1,1,1,F4,0.61328125,0.179983187048131,2.32993230707175,2.26772642598698
VisualCogB_Task-1,1,1,F4,0.6171875,2.39891979438724,4.75476059656802,4.54063062721333
VisualCogB_Task-1,1,1,F4,0.62109375,4.51813824904892,6.96935931009101,6.76978209753998
VisualCogB_Task-1,1,1,F4,0.625,6.52414708941432,9.07374362682465,8.90898282891191
VisualCogB_Task-1,1,1,F4,0.62890625,8.42363820028577,11.2030919019729,10.9286662476533
VisualCogB_Task-1,1,1,F4,0.6328125,10.215444615441,12.9271400319546,12.8129958465812
VisualCogB_Task-1,1,1,F4,0.63671875,11.8816967063337,14.5609797093072,14.5690039230391
VisualCogB_Task-1,1,1,F4,0.640625,13.4013221066779,16.2297036105476,16.2132347898183
VisualCogB_Task-1,1,1,F4,0.64453125,14.7687625728454,17.5555162955707,17.7615640752326
VisualCogB_Task-1,1,1,F4,0.6484375,15.9962730075053,18.8290166390518,19.2312398093231
VisualCogB_Task-1,1,1,F4,0.65234375,17.0958375968812,20.2226772193927,20.6223393738257
VisualCogB_Task-1,1,1,F4,0.65625,18.0594201144307,22.1147744727072,21.9014215529538
VisualCogB_Task-1,1,1,F4,0.66015625,18.858769308378,23.3580366894899,23.0017399513847
VisualCogB_Task-1,1,1,F4,0.6640625,19.4642732760422,24.2288563209836,23.874327583775
VisualCogB_Task-1,1,1,F4,0.66796875,19.8617949320707,24.7376513730704,24.4999088596236
VisualCogB_Task-1,1,1,F4,0.671875,20.0519258308297,25.1031801869582,24.8887522498632
VisualCogB_Task-1,1,1,F4,0.67578125,20.0385961609609,25.2111460456879,25.0709381015472
VisualCogB_Task-1,1,1,F4,0.6796875,19.8234909543449,24.8245814181423,25.094415756487
VisualCogB_Task-1,1,1,F4,0.68359375,19.411634570392,24.9125347244332,25.0188185518388
VisualCogB_Task-1,1,1,F4,0.6875,18.8224284238992,24.8988762576337,24.881293629897
VisualCogB_Task-1,1,1,F4,0.69140625,18.1007442440101,24.7394916921921,24.7101311473388
VisualCogB_Task-1,1,1,F4,0.6953125,17.3231418744157,24.5131946813826,24.5350864798192
VisualCogB_Task-1,1,1,F4,0.69921875,16.5894448618735,24.1653627537005,24.3883617150647
VisualCogB_Task-1,1,1,F4,0.703125,15.9931151020409,23.9987800424218,24.300334624265
VisualCogB_Task-1,1,1,F4,0.70703125,15.5825251640258,24.2097825629434,24.2827997318299
VisualCogB_Task-1,1,1,F4,0.7109375,15.3414603650207,24.181607641904,24.3224220136819
VisualCogB_Task-1,1,1,F4,0.71484375,15.2066490672436,24.3321774068627,24.3997816816697
VisualCogB_Task-1,1,1,F4,0.71875,15.1076854972011,24.6283084834393,24.4837244166607
VisualCogB_Task-1,1,1,F4,0.72265625,14.9962744368846,24.9079528325218,24.5374622099546
VisualCogB_Task-1,1,1,F4,0.7265625,14.8490102087058,24.6066631965677,24.5362557250832
VisualCogB_Task-1,1,1,F4,0.73046875,14.6567776259025,24.0729132322278,24.4862398441252
VisualCogB_Task-1,1,1,F4,0.734375,14.4180441509072,24.2828213606315,24.3994167384497
VisualCogB_Task-1,1,1,F4,0.73828125,14.1349587031404,24.2586652904855,24.2533446951011
VisualCogB_Task-1,1,1,F4,0.7421875,13.8026464789933,24.2786894899718,24.0158657196388
VisualCogB_Task-1,1,1,F4,0.74609375,13.3964502430384,24.1483612777081,23.655265200571
VisualCogB_Task-1,1,1,F4,0.75,12.8762004691976,23.6032216410236,23.1617305072671
VisualCogB_Task-1,1,1,F4,0.75390625,12.2162238361004,22.7989948780845,22.5665403488576
VisualCogB_Task-1,1,1,F4,0.7578125,11.4426496492575,21.972658708939,21.9377643622864
VisualCogB_Task-1,1,1,F4,0.76171875,10.6462931455086,21.0433136932129,21.3628433952659
VisualCogB_Task-1,1,1,F4,0.765625,9.95555809732886,20.2999901629217,20.93212615773
VisualCogB_Task-1,1,1,F4,0.76953125,9.4837921285438,20.0732526134104,20.7093338844411
VisualCogB_Task-1,1,1,F4,0.7734375,9.28301768102391,20.4763228209788,20.7055098105944
VisualCogB_Task-1,1,1,F4,0.77734375,9.32951341401439,20.9087892176538,20.8786903987993
VisualCogB_Task-1,1,1,F4,0.78125,9.54435628076969,21.3146416164609,21.1678131958638
VisualCogB_Task-1,1,1,F4,0.78515625,9.83104829409536,21.6406410817891,21.5143239835005
VisualCogB_Task-1,1,1,F4,0.7890625,10.1067184003982,22.2208814969539,21.8719042451382
VisualCogB_Task-1,1,1,F4,0.79296875,10.3138669538665,22.447834412707,22.2047618890633
VisualCogB_Task-1,1,1,F4,0.796875,10.4155392350544,22.5582961727215,22.5061862612136
VisualCogB_Task-1,1,1,F4,0.80078125,10.3875976550972,22.5750681647601,22.7897227511636
VisualCogB_Task-2,2,-1,Fz,-0.19921875,-11.1639909003823,-13.2976156472937,-13.7249867711769
VisualCogB_Task-2,2,-1,Fz,-0.1953125,-11.4046576599528,-13.5305518069988,-13.7183718365242
VisualCogB_Task-2,2,-1,Fz,-0.19140625,-11.6141054189438,-13.7669550208729,-13.676142641548
VisualCogB_Task-2,2,-1,Fz,-0.1875,-11.6096273114532,-13.9789473949875,-13.5470332567974
VisualCogB_Task-2,2,-1,Fz,-0.18359375,-11.274029219624,-13.8827519486229,-13.2873454510989
VisualCogB_Task-2,2,-1,Fz,-0.1796875,-10.6152281069673,-13.2000639019489,-12.8893738381279
VisualCogB_Task-2,2,-1,Fz,-0.17578125,-9.76941100158298,-12.2458442380049,-12.3950302396869
VisualCogB_Task-2,2,-1,Fz,-0.171875,-8.94191142550175,-11.4101133279394,-11.8721173162303
VisualCogB_Task-2,2,-1,Fz,-0.16796875,-8.31506513615139,-10.8224198947754,-11.3760055614054
VisualCogB_Task-2,2,-1,Fz,-0.1640625,-7.96957173697976,-10.5190140846211,-10.9235651365021
VisualCogB_Task-2,2,-1,Fz,-0.16015625,-7.8565914118248,-10.3112673748616,-10.4855340639245
VisualCogB_Task-2,2,-1,Fz,-0.15625,-7.82924516330873,-10.2176841349253,-9.99893777841976
VisualCogB_Task-2,2,-1,Fz,-0.15234375,-7.7107152473146,-9.92893371078229,-9.38627949064667
VisualCogB_Task-2,2,-1,Fz,-0.1484375,-7.36079584156918,-9.18048556962309,-8.58829127430604
VisualCogB_Task-2,2,-1,Fz,-0.14453125,-6.71359830919369,-8.172886672348,-7.59092638810999
VisualCogB_Task-2,2,-1,Fz,-0.140625,-5.7841671126162,-6.71083542053943,-6.42948761538042
VisualCogB_Task-2,2,-1,Fz,-0.13671875,-4.65632103867707,-5.10604566323028,-5.18777442979239
VisualCogB_Task-2,2,-1,Fz,-0.1328125,-3.45945370621357,-3.58280398508888,-3.97303195545086
VisualCogB_Task-2,2,-1,Fz,-0.12890625,-2.33449743808792,-2.28598255099891,-2.88569458591397
VisualCogB_Task-2,2,-1,Fz,-0.125,-1.39469238994436,-1.44623565740262,-1.99367771720969
VisualCogB_Task-2,2,-1,Fz,-0.12109375,-0.697699556877714,-1.10310943135358,-1.3149207424564
VisualCogB_Task-2,2,-1,Fz,-0.1171875,-0.242969879760084,-0.767211124487527,-0.821742883121898
VisualCogB_Task-2,2,-1,Fz,-0.11328125,0.00933392987080546,-0.557032758250875,-0.46881241808207
VisualCogB_Task-2,2,-1,Fz,-0.109375,0.11508557640121,-0.321891583088614,-0.206253312993275
VisualCogB_Task-2,2,-1,Fz,-0.10546875,0.132041566023699,-0.272456844834295,0.00845877147406144
VisualCogB_Task-2,2,-1,Fz,-0.1015625,0.115438811327749,0.197237562440929,0.208211652141568
VisualCogB_Task-2,2,-1,Fz,-0.09765625,0.116827768840139,0.37194864092438,0.40248351113851
VisualCogB_Task-2,2,-1,Fz,-0.09375,0.180791996803215,0.735496564457949,0.599838023119101
VisualCogB_Task-2,2,-1,Fz,-0.08984375,0.338702103422263,1.02392225380175,0.80629429021971
VisualCogB_Task-2,2,-1,Fz,-0.0859375,0.603316478246246,0.967732072850742,1.03917629302161
VisualCogB_Task-2,2,-1,Fz,-0.08203125,0.96928850458215,1.12526975879715,1.33394367573791
VisualCogB_Task-2,2,-1,Fz,-0.078125,1.41931198734695,1.47636106620308,1.72010239756748
VisualCogB_Task-2,2,-1,Fz,-0.07421875,1.92996687699106,2.11196264983891,2.20976892463079
VisualCogB_Task-2,2,-1,Fz,-0.0703125,2.47519713947684,2.8519946847638,2.79474794543462
VisualCogB_Task-2,2,-1,Fz,-0.06640625,3.03364363135569,3.53119818498701,3.45869362558641
VisualCogB_Task-2,2,-1,Fz,-0.0625,3.60245044555904,4.25738863461374,4.19003069230439
VisualCogB_Task-2,2,-1,Fz,-0.05859375,4.20574034012841,5.04525652620843,4.98322591942349
VisualCogB_Task-2,2,-1,Fz,-0.0546875,4.88377328276904,5.72311119878666,5.83835924263777
VisualCogB_Task-2,2,-1,Fz,-0.05078125,5.66765264629962,6.5540264631156,6.76067981487337
VisualCogB_Task-2,2,-1,Fz,-0.046875,6.56050372903205,7.68001913796288,7.74583278540216
VisualCogB_Task-2,2,-1,Fz,-0.04296875,7.53776856621214,8.79421492346522,8.77224219084953
VisualCogB_Task-2,2,-1,Fz,-0.0390625,8.55875832620875,9.79703249977169,9.81284759722094
VisualCogB_Task-2,2,-1,Fz,-0.03515625,9.57446324674903,10.8030318533596,10.8424196315731
VisualCogB_Task-2,2,-1,Fz,-0.03125,10.5277087364902,11.6358896200976,11.8344109961755
VisualCogB_Task-2,2,-1,Fz,-0.02734375,11.35459224132,12.7729944814146,12.7589920784461
VisualCogB_Task-2,2,-1,Fz,-0.0234375,11.9962108068533,13.7957398400829,13.5697898177968
VisualCogB_Task-2,2,-1,Fz,-0.01953125,12.4185155015068,14.5543703242365,14.2215980205532
VisualCogB_Task-2,2,-1,Fz,-0.015625,12.6276783160673,15.0036730942998,14.6880396615649
VisualCogB_Task-2,2,-1,Fz,-0.01171875,12.6684314777421,15.1887074130413,14.9704687409885
VisualCogB_Task-2,2,-1,Fz,-0.0078125,12.6040993802974,15.1822002753239,15.0965420450417
VisualCogB_Task-2,2,-1,Fz,-0.00390625,12.4910515990044,15.0827121402813,15.1121029159468
VisualCogB_Task-2,2,-1,Fz,0,12.3649328311086,14.9834033885846,15.0701328817828
VisualCogB_Task-2,2,-1,Fz,0.00390625,12.2459106342781,14.936008168782,15.0211642393232
VisualCogB_Task-2,2,-1,Fz,0.0078125,12.1540968950478,14.8963967248869,15.0085018275751
VisualCogB_Task-2,2,-1,Fz,0.01171875,12.1193104557626,14.8145450217737,15.0683541463338
VisualCogB_Task-2,2,-1,Fz,0.015625,12.1764021483169,14.9657908649947,15.2275876035039
VisualCogB_Task-2,2,-1,Fz,0.01953125,12.3497682248036,15.3682616876596,15.49191784661
VisualCogB_Task-2,2,-1,Fz,0.0234375,12.6380532917602,15.9066271746046,15.8452441283008
VisualCogB_Task-2,2,-1,Fz,0.02734375,13.0096477142218,16.4040143102517,16.2611610213128
VisualCogB_Task-2,2,-1,Fz,0.03125,13.4142486959352,16.8642979923639,16.7183783522408
VisualCogB_Task-2,2,-1,Fz,0.03515625,13.8079407808954,17.3298437966738,17.2075103884246
VisualCogB_Task-2,2,-1,Fz,0.0390625,14.1801191317041,17.7520519958569,17.7313313672144
VisualCogB_Task-2,2,-1,Fz,0.04296875,14.5643649044074,18.1851222707324,18.3028099766477
VisualCogB_Task-2,2,-1,Fz,0.046875,15.020312526513,18.7491250982463,18.9366416238155
VisualCogB_Task-2,2,-1,Fz,0.05078125,15.5926864565898,19.4382160295075,19.6377144069826
VisualCogB_Task-2,2,-1,Fz,0.0546875,16.2746994027128,20.2559282612514,20.395290047283
VisualCogB_Task-2,2,-1,Fz,0.05859375,17.0047072080808,21.1421750102533,21.182005401061
VisualCogB_Task-2,2,-1,Fz,0.0625,17.7007873111178,22.0759314848033,21.9588838424918
VisualCogB_Task-2,2,-1,Fz,0.06640625,18.307718504521,22.8344703517236,22.6836295465165
VisualCogB_Task-2,2,-1,Fz,0.0703125,18.8217590956541,23.5678560013075,23.3237006582687
VisualCogB_Task-2,2,-1,Fz,0.07421875,19.2773680434629,24.0234163579096,23.8591253899829
VisualCogB_Task-2,2,-1,Fz,0.078125,19.7098895017485,24.4248495895611,24.2902782324798
VisualCogB_Task-2,2,-1,Fz,0.08203125,20.1256479342729,24.7226895865272,24.6312245905743
VisualCogB_Task-2,2,-1,Fz,0.0859375,20.5022624724288,24.9295475352738,24.9072441488379
VisualCogB_Task-2,2,-1,Fz,0.08984375,20.8144362941366,25.0183994722973,25.1512386748381
VisualCogB_Task-2,2,-1,Fz,0.09375,21.058826537617,25.1805200421338,25.397968551679
VisualCogB_Task-2,2,-1,Fz,0.09765625,21.2558733642046,25.4396985055638,25.6711242289193
VisualCogB_Task-2,2,-1,Fz,0.1015625,21.4306475178748,25.7396114609926,25.9762754469891
VisualCogB_Task-2,2,-1,Fz,0.10546875,21.5938251113528,26.269461091888,26.2997064693721
VisualCogB_Task-2,2,-1,Fz,0.109375,21.7407899326313,26.7791429392716,26.6079795607192
VisualCogB_Task-2,2,-1,Fz,0.11328125,21.8673646505087,27.093931996364,26.8651365375572
VisualCogB_Task-2,2,-1,Fz,0.1171875,21.9842401745012,27.2310373446711,27.0494828312927
VisualCogB_Task-2,2,-1,Fz,0.12109375,22.1134274309199,27.3868819290481,27.1583901615658
VisualCogB_Task-2,2,-1,Fz,0.125,22.2678701106813,27.3797742114708,27.2043597907984
VisualCogB_Task-2,2,-1,Fz,0.12890625,22.4345536332649,27.2178243649845,27.2189339620359
VisualCogB_Task-2,2,-1,Fz,0.1328125,22.5827624406172,27.1626326389637,27.2482727867128
VisualCogB_Task-2,2,-1,Fz,0.13671875,22.6964727812562,27.1625335752424,27.338443909843
VisualCogB_Task-2,2,-1,Fz,0.140625,22.8035365536919,27.2621883975949,27.528378297461
VisualCogB_Task-2,2,-1,Fz,0.14453125,22.9735450789948,27.6602093028621,27.8423477210515
VisualCogB_Task-2,2,-1,Fz,0.1484375,23.2826290567467,28.1464091178182,28.2824414604435
VisualCogB_Task-2,2,-1,Fz,0.15234375,23.7685503119233,28.6649360424889,28.8355705939502
VisualCogB_Task-2,2,-1,Fz,0.15625,24.4023188933769,29.2245985341852,29.477310171333
VisualCogB_Task-2,2,-1,Fz,0.16015625,25.090162684142,29.9983191363135,30.1690156963977
VisualCogB_Task-2,2,-1,Fz,0.1640625,25.7063423205448,31.0190769753707,30.8509833698547
VisualCogB_Task-2,2,-1,Fz,0.16796875,26.1446595633956,32.0706731126209,31.4492846790742
VisualCogB_Task-2,2,-1,Fz,0.171875,26.364015186288,32.3834545971493,31.9039989118856
VisualCogB_Task-2,2,-1,Fz,0.17578125,26.4022653120562,32.5162503220602,32.2069877255811
VisualCogB_Task-2,2,-1,Fz,0.1796875,26.3516513950017,32.4870780807373,32.3900674178911
VisualCogB_Task-2,2,-1,Fz,0.18359375,26.3145055739519,32.2056704294147,32.510826169586
VisualCogB_Task-2,2,-1,Fz,0.1875,26.3657540524702,32.1089423687454,32.6349363833403
VisualCogB_Task-2,2,-1,Fz,0.19140625,26.53471670291,32.2956225109768,32.8026408168137
VisualCogB_Task-2,2,-1,Fz,0.1953125,26.8023099183897,32.765878311098,33.010349393117
VisualCogB_Task-2,2,-1,Fz,0.19921875,27.1076407708121,33.3977100747452,33.212220509874
VisualCogB_Task-2,2,-1,Fz,0.203125,27.3649085113352,33.7408295945156,33.3420399745405
VisualCogB_Task-2,2,-1,Fz,0.20703125,27.492855565557,33.8931860363262,33.3490510583116
VisualCogB_Task-2,2,-1,Fz,0.2109375,27.4515230721886,33.7176393103593,33.2157295007136
VisualCogB_Task-2,2,-1,Fz,0.21484375,27.2722753028196,33.3718237420773,32.9698956227739
VisualCogB_Task-2,2,-1,Fz,0.21875,27.063831909825,32.7795698761016,32.6811955629906
VisualCogB_Task-2,2,-1,Fz,0.22265625,26.9838171635737,32.1257425694355,32.4527694698035
VisualCogB_Task-2,2,-1,Fz,0.2265625,27.1826038215795,31.831920308832,32.3959553510785
VisualCogB_Task-2,2,-1,Fz,0.23046875,27.7444525571651,31.8329301389549,32.5948389729842
VisualCogB_Task-2,2,-1,Fz,0.234375,28.6559357588571,32.6836319330416,33.0865031815017
VisualCogB_Task-2,2,-1,Fz,0.23828125,29.8184315950749,33.7744182186156,33.8445384197766
VisualCogB_Task-2,2,-1,Fz,0.2421875,31.097059808685,34.7676377559856,34.8089625269159
VisualCogB_Task-2,2,-1,Fz,0.24609375,32.3766590454254,35.92198836229,35.9139499919302
VisualCogB_Task-2,2,-1,Fz,0.25,33.5924682730487,37.3988362946312,37.0902315729188
VisualCogB_Task-2,2,-1,Fz,0.25390625,34.7241040579051,38.5036057899348,38.269207892178
VisualCogB_Task-2,2,-1,Fz,0.2578125,35.7685823234466,39.6173166780327,39.4079966321466
VisualCogB_Task-2,2,-1,Fz,0.26171875,36.7178633475751,40.6272893782685,40.4832486334099
VisualCogB_Task-2,2,-1,Fz,0.265625,37.5553331988807,41.5751597692226,41.4890580737103
VisualCogB_Task-2,2,-1,Fz,0.26953125,38.2686605133181,42.4876501530648,42.4315225261951
VisualCogB_Task-2,2,-1,Fz,0.2734375,38.8664270139541,43.3610117830552,43.3239147053042
VisualCogB_Task-2,2,-1,Fz,0.27734375,39.3857410619631,44.0005358708535,44.1841846277167
VisualCogB_Task-2,2,-1,Fz,0.28125,39.8846269699558,44.7308398080982,45.0333737332576
VisualCogB_Task-2,2,-1,Fz,0.28515625,40.4209044800593,45.5425328426054,45.87721939868
VisualCogB_Task-2,2,-1,Fz,0.2890625,41.0249338842681,46.5704962133846,46.6962478403069
VisualCogB_Task-2,2,-1,Fz,0.29296875,41.6774686762633,47.5986412720743,47.4430947281218
VisualCogB_Task-2,2,-1,Fz,0.296875,42.3052707921509,48.4597895242558,48.0599164298648
VisualCogB_Task-2,2,-1,Fz,0.30078125,42.802296492544,48.9841161324094,48.5018315252718
VisualCogB_Task-2,2,-1,Fz,0.3046875,43.0731906984276,49.1528643684314,48.7572813519449
VisualCogB_Task-2,2,-1,Fz,0.30859375,43.0834566976267,49.179779448462,48.854897631414
VisualCogB_Task-2,2,-1,Fz,0.3125,42.8920041364537,48.9422516235208,48.8562773365831
VisualCogB_Task-2,2,-1,Fz,0.31640625,42.6436346245371,48.42711121361,48.85009092511
VisualCogB_Task-2,2,-1,Fz,0.3203125,42.516871349891,48.2330391704953,48.9321733785642
VisualCogB_Task-2,2,-1,Fz,0.32421875,42.6485885648656,48.4136017608741,49.1631113692233
VisualCogB_Task-2,2,-1,Fz,0.328125,43.0725149375061,49.0775747091525,49.5452303853591
VisualCogB_Task-2,2,-1,Fz,0.33203125,43.7021871133066,49.9725979486387,50.0183967812146
VisualCogB_Task-2,2,-1,Fz,0.3359375,44.365391804011,50.8548803569665,50.483505604682
VisualCogB_Task-2,2,-1,Fz,0.33984375,44.8729265915839,51.5093268267882,50.8376353342721
VisualCogB_Task-2,2,-1,Fz,0.34375,45.0932613665741,51.8586998124333,51.0088123445196
VisualCogB_Task-2,2,-1,Fz,0.34765625,45.0060988820293,51.5854469922009,50.981037301002
VisualCogB_Task-2,2,-1,Fz,0.3515625,44.7140773125058,50.9803606128701,50.8091348249565
VisualCogB_Task-2,2,-1,Fz,0.35546875,44.4032992450438,50.257942195237,50.5982970118867
VisualCogB_Task-2,2,-1,Fz,0.359375,44.2653691565936,49.7962149004461,50.4679847729556
VisualCogB_Task-2,2,-1,Fz,0.36328125,44.4175118935079,49.8114402634281,50.5092961179389
VisualCogB_Task-2,2,-1,Fz,0.3671875,44.8614250786144,50.1245756716234,50.7573482339029
VisualCogB_Task-2,2,-1,Fz,0.37109375,45.4970919935103,50.7991997522114,51.1891036533718
VisualCogB_Task-2,2,-1,Fz,0.375,46.173535733576,51.694356657061,51.7287938620125
VisualCogB_Task-2,2,-1,Fz,0.37890625,46.742659832319,52.5968564867508,52.2681583537291
VisualCogB_Task-2,2,-1,Fz,0.3828125,47.0939856105259,53.2250443138884,52.6960668553461
VisualCogB_Task-2,2,-1,Fz,0.38671875,47.169624939983,53.4970199566909,52.9287806047733
VisualCogB_Task-2,2,-1,Fz,0.390625,46.9674689411207,53.3719945443978,52.9266422947987
VisualCogB_Task-2,2,-1,Fz,0.39453125,46.5346120538268,52.9479653922101,52.6973478975371
VisualCogB_Task-2,2,-1,Fz,0.3984375,45.9495124794437,52.3640082204335,52.2857060725697
VisualCogB_Task-2,2,-1,Fz,0.40234375,45.2986880035537,51.7359762916239,51.7574102707005
VisualCogB_Task-2,2,-1,Fz,0.40625,44.6598733982121,51.1266694314523,51.1846791217221
VisualCogB_Task-2,2,-1,Fz,0.41015625,44.0973445244351,50.5616731003197,50.637945090504
VisualCogB_Task-2,2,-1,Fz,0.4140625,43.6642884729595,50.0657237932554,50.1828065010599
VisualCogB_Task-2,2,-1,Fz,0.41796875,43.4046005764217,49.6868370916686,49.8785056782216
VisualCogB_Task-2,2,-1,Fz,0.421875,43.3512480629706,49.4949983990421,49.7745280545037
VisualCogB_Task-2,2,-1,Fz,0.42578125,43.5219964526717,49.5619530096055,49.9043866802079
VisualCogB_Task-2,2,-1,Fz,0.4296875,43.9146643095714,49.9353844345546,50.2783004676812
VisualCogB_Task-2,2,-1,Fz,0.43359375,44.5050386524802,50.6192864761352,50.8779521900532
VisualCogB_Task-2,2,-1,Fz,0.4375,45.2489665065577,51.56661286157,51.6564482843599
VisualCogB_Task-2,2,-1,Fz,0.44140625,46.0869246026671,52.6830499481457,52.5453397114774
VisualCogB_Task-2,2,-1,Fz,0.4453125,46.9505008055949,53.8387490367697,53.4686911470492
VisualCogB_Task-2,2,-1,Fz,0.44921875,47.7743384606516,54.8894150788056,54.3620431197746
VisualCogB_Task-2,2,-1,Fz,0.453125,48.5158774998481,55.7386411949175,55.1917743158296
VisualCogB_Task-2,2,-1,Fz,0.45703125,49.1780723787756,56.314654549204,55.9682110846425
VisualCogB_Task-2,2,-1,Fz,0.4609375,49.8242981358379,56.7742825751751,56.7472520155659
VisualCogB_Task-2,2,-1,Fz,0.46484375,50.57337271144,57.3777889021867,57.6136659866657
VisualCogB_Task-2,2,-1,Fz,0.46875,51.5671737901192,58.1515667213561,58.6544744226418
VisualCogB_Task-2,2,-1,Fz,0.47265625,52.9168354759093,59.3181351878904,59.9370423244876
VisualCogB_Task-2,2,-1,Fz,0.4765625,54.6515298050192,60.9919182539255,61.4868257180894
VisualCogB_Task-2,2,-1,Fz,0.48046875,56.6998239920432,63.0214048360295,63.2777050346168
VisualCogB_Task-2,2,-1,Fz,0.484375,58.9165672560937,65.3682636897813,65.2423184165592
VisualCogB_Task-2,2,-1,Fz,0.48828125,61.1395437086783,67.7087157636661,67.2919456565237
VisualCogB_Task-2,2,-1,Fz,0.4921875,63.2442144695872,69.7040885597129,69.3483619865526
VisualCogB_Task-2,2,-1,Fz,0.49609375,65.1737730044057,71.6469354736623,71.36807348095
VisualCogB_Task-2,2,-1,Fz,0.5,66.9420725495304,73.6539462449066,73.3372300951168
VisualCogB_Task-2,2,-1,Fz,0.50390625,68.6176857994514,75.3572247457788,75.2652202838464
VisualCogB_Task-2,2,-1,Fz,0.5078125,70.296268709498,77.2318813785879,77.1878255144147
VisualCogB_Task-2,2,-1,Fz,0.51171875,72.0683315084625,78.9948631009237,79.1484942925922
VisualCogB_Task-2,2,-1,Fz,0.515625,73.9933446989433,80.9515337321495,81.1943464461637
VisualCogB_Task-2,2,-1,Fz,0.51953125,76.0895904074906,82.9728921498899,83.3596992036081
VisualCogB_Task-2,2,-1,Fz,0.5234375,78.3399277819116,85.4007869924284,85.65863540057
VisualCogB_Task-2,2,-1,Fz,0.52734375,80.7052700630405,88.0017280005114,88.0730039515507
VisualCogB_Task-2,2,-1,Fz,0.53125,83.1368813823429,90.7135975405277,90.5631664037062
VisualCogB_Task-2,2,-1,Fz,0.53515625,85.5846102136419,93.3370851607551,93.0835446416062
VisualCogB_Task-2,2,-1,Fz,0.5390625,88.0053345931401,95.9177364727857,95.6010964778885
VisualCogB_Task-2,2,-1,Fz,0.54296875,90.3769492759012,98.3333519785373,98.1039081017867
VisualCogB_Task-2,2,-1,Fz,0.546875,92.7147801494458,100.681705753651,100.606452368776
VisualCogB_Task-2,2,-1,Fz,0.55078125,95.0770226921854,102.969958681385,103.142322457394
VisualCogB_Task-2,2,-1,Fz,0.5546875,97.5469490600938,105.295244116716,105.751382661584
VisualCogB_Task-2,2,-1,Fz,0.55859375,100.194794141249,108.044511712095,108.459133627289
VisualCogB_Task-2,2,-1,Fz,0.5625,103.038654733114,111.158918132546,111.253064455048
VisualCogB_Task-2,2,-1,Fz,0.56640625,106.027060811961,114.088907162409,114.08611241913
VisualCogB_Task-2,2,-1,Fz,0.5703125,109.05377855227,117.001143920662,116.903369266932
VisualCogB_Task-2,2,-1,Fz,0.57421875,111.997554367077,119.868467621007,119.650159641124
VisualCogB_Task-2,2,-1,Fz,0.578125,114.76799602517,122.574163230193,122.279956072184
VisualCogB_Task-2,2,-1,Fz,0.58203125,117.338288547394,125.056230145659,124.76442342225
VisualCogB_Task-2,2,-1,Fz,0.5859375,119.751389747197,127.156749423952,127.099743816627
VisualCogB_Task-2,2,-1,Fz,0.58984375,122.094048480142,129.050130859485,129.306416607569
VisualCogB_Task-2,2,-1,Fz,0.59375,124.444745919462,131.12362686581,131.409691614609
VisualCogB_Task-2,2,-1,Fz,0.59765625,126.817842053997,133.269568537096,133.413461511603
VisualCogB_Task-2,2,-1,Fz,0.6015625,129.135501532498,135.398027568313,135.297780243345
VisualCogB_Task-2,2,-1,Fz,0.60546875,131.24910181124,137.353560082161,137.030710673417
VisualCogB_Task-2,2,-1,Fz,0.609375,133.005527938809,138.993877091081,138.588669609148
VisualCogB_Task-2,2,-1,Fz,0.61328125,134.326753490635,140.322350521954,139.974977975263
VisualCogB_Task-2,2,-1,Fz,0.6171875,135.259842835007,141.305695665769,141.22672398665
VisualCogB_Task-2,2,-1,Fz,0.62109375,135.967852234196,142.274888033452,142.409943570419
VisualCogB_Task-2,2,-1,Fz,0.625,136.665387886937,143.307523393517,143.597253626939
VisualCogB_Task-2,2,-1,Fz,0.62890625,137.535148709502,144.509647961514,144.850016428501
VisualCogB_Task-2,2,-1,Fz,0.6328125,138.669239025813,145.78190136808,146.205450061276
VisualCogB_Task-2,2,-1,Fz,0.63671875,140.0567720297,147.320362815933,147.672408572519
VisualCogB_Task-2,2,-1,Fz,0.640625,141.608789246191,149.002356033154,149.224450285053
VisualCogB_Task-2,2,-1,Fz,0.64453125,143.19653185482,150.687535531722,150.805796375319
VisualCogB_Task-2,2,-1,Fz,0.6484375,144.683388183955,152.424655077995,152.342160165431
VisualCogB_Task-2,2,-1,Fz,0.65234375,145.944122824654,153.985677996808,153.749399907206
VisualCogB_Task-2,2,-1,Fz,0.65625,146.877116274507,155.279417261377,154.950248428505
VisualCogB_Task-2,2,-1,Fz,0.66015625,147.418358024187,156.077514070081,155.887128397992
VisualCogB_Task-2,2,-1,Fz,0.6640625,147.556730649746,156.625284306699,156.529893220401
VisualCogB_Task-2,2,-1,Fz,0.66796875,147.338213562953,157.062511214409,156.864261773142
VisualCogB_Task-2,2,-1,Fz,0.671875,146.847453957886,157.144206917347,156.883902190816
VisualCogB_Task-2,2,-1,Fz,0.67578125,146.17119516407,156.795312625057,156.599003394796
VisualCogB_Task-2,2,-1,Fz,0.6796875,145.365338001988,156.220946821611,156.041446366998
VisualCogB_Task-2,2,-1,Fz,0.68359375,144.44988493644,155.403213026651,155.259471191861
VisualCogB_Task-2,2,-1,Fz,0.6875,143.438022493626,154.353195599989,154.316276325042
VisualCogB_Task-2,2,-1,Fz,0.69140625,142.377234181831,153.144127031101,153.28703870843
VisualCogB_Task-2,2,-1,Fz,0.6953125,141.365113049173,151.907289220826,152.25001189016
VisualCogB_Task-2,2,-1,Fz,0.69921875,140.518684651072,151.163950930211,151.27154011192
VisualCogB_Task-2,2,-1,Fz,0.703125,139.913817710505,150.339884987712,150.389407392958
VisualCogB_Task-2,2,-1,Fz,0.70703125,139.538376223981,149.540094096217,149.632431987376
VisualCogB_Task-2,2,-1,Fz,0.7109375,139.296767064674,149.045402912443,149.025305282173
VisualCogB_Task-2,2,-1,Fz,0.71484375,139.070344203386,148.445863137526,148.585023840087
VisualCogB_Task-2,2,-1,Fz,0.71875,138.799432813847,148.073053895183,148.330259026375
VisualCogB_Task-2,2,-1,Fz,0.72265625,138.531444685722,147.969878704024,148.268085481082
VisualCogB_Task-2,2,-1,Fz,0.7265625,138.394567812081,148.088090223275,148.384144083321
VisualCogB_Task-2,2,-1,Fz,0.73046875,138.50688545422,148.271443504957,148.63922514745
VisualCogB_Task-2,2,-1,Fz,0.734375,138.881194175506,148.767657179323,148.969447832821
VisualCogB_Task-2,2,-1,Fz,0.73828125,139.391198471534,149.435894830439,149.280282828581
VisualCogB_Task-2,2,-1,Fz,0.7421875,139.818876094295,149.940680218364,149.460384936084
VisualCogB_Task-2,2,-1,Fz,0.74609375,139.947918811741,150.136302081708,149.411376623505
VisualCogB_Task-2,2,-1,Fz,0.75,139.649288725279,149.664324161966,149.074904965878
VisualCogB_Task-2,2,-1,Fz,0.75390625,138.924543149058,148.823390299108,148.453027493083
VisualCogB_Task-2,2,-1,Fz,0.7578125,137.899494344734,147.719687707568,147.596920001346
VisualCogB_Task-2,2,-1,Fz,0.76171875,136.774852251976,146.48803421122,146.588621854056
VisualCogB_Task-2,2,-1,Fz,0.765625,135.749982250109,145.144491361385,145.520403056793
VisualCogB_Task-2,2,-1,Fz,0.76953125,134.949707250171,144.06846727903,144.476151311562
VisualCogB_Task-2,2,-1,Fz,0.7734375,134.389290488337,143.26841818376,143.508428345754
VisualCogB_Task-2,2,-1,Fz,0.77734375,133.993655850094,142.392274651788,142.635822217381
VisualCogB_Task-2,2,-1,Fz,0.78125,133.65329477931,141.803283270784,141.856920137623
VisualCogB_Task-2,2,-1,Fz,0.78515625,133.279308387169,141.237483241292,141.150013687192
VisualCogB_Task-2,2,-1,Fz,0.7890625,132.82881646285,140.326052670198,140.488924707899
VisualCogB_Task-2,2,-1,Fz,0.79296875,132.298057137604,140.100275152307,139.854764171063
VisualCogB_Task-2,2,-1,Fz,0.796875,131.700845397938,139.569528251879,139.215070378192
VisualCogB_Task-2,2,-1,Fz,0.80078125,131.05187356484,138.347412406187,138.557840879234
VisualCogB_Task-2,2,-1,F3,-0.19921875,-8.92847235139047,-11.452833009167,-11.9708759153413
VisualCogB_Task-2,2,-1,F3,-0.1953125,-9.12819229803095,-11.687050680765,-11.7313686039379
VisualCogB_Task-2,2,-1,F3,-0.19140625,-9.38486972168186,-11.7653634277712,-11.4486910503532
VisualCogB_Task-2,2,-1,F3,-0.1875,-9.50415903302495,-11.6047828164568,-11.0759798521417
VisualCogB_Task-2,2,-1,F3,-0.18359375,-9.34483831266356,-11.1321652192842,-10.5927609716426
VisualCogB_Task-2,2,-1,F3,-0.1796875,-8.88080358531147,-10.2501194780884,-10.0226272848881
VisualCogB_Task-2,2,-1,F3,-0.17578125,-8.21087816308354,-9.23529765433128,-9.43412202188045
VisualCogB_Task-2,2,-1,F3,-0.171875,-7.51331246751903,-8.3367324812605,-8.91474609538868
VisualCogB_Task-2,2,-1,F3,-0.16796875,-6.96845835150854,-7.80768054486316,-8.53543172088598
VisualCogB_Task-2,2,-1,F3,-0.1640625,-6.68519489450801,-7.61236717345309,-8.31894331266824
VisualCogB_Task-2,2,-1,F3,-0.16015625,-6.66048843748634,-7.79759529756481,-8.22739935369608
VisualCogB_Task-2,2,-1,F3,-0.15625,-6.78403199660558,-8.49214581138052,-8.16403698199556
VisualCogB_Task-2,2,-1,F3,-0.15234375,-6.8824176660311,-8.74849980518262,-7.99627633091511
VisualCogB_Task-2,2,-1,F3,-0.1484375,-6.78503883363498,-8.50949897384761,-7.61887993625189
VisualCogB_Task-2,2,-1,F3,-0.14453125,-6.38727155435695,-7.75620617983837,-6.98929562332539
VisualCogB_Task-2,2,-1,F3,-0.140625,-5.68694168882523,-6.43909349337563,-6.13918947058805
VisualCogB_Task-2,2,-1,F3,-0.13671875,-4.77954884940353,-4.92714853598411,-5.16413676953507
VisualCogB_Task-2,2,-1,F3,-0.1328125,-3.81464687068225,-3.58731261533149,-4.18470481356063
VisualCogB_Task-2,2,-1,F3,-0.12890625,-2.93353282291436,-2.61266152476474,-3.30171187659629
VisualCogB_Task-2,2,-1,F3,-0.125,-2.21742316603287,-1.9595818664029,-2.56619354938789
VisualCogB_Task-2,2,-1,F3,-0.12109375,-1.66933887176869,-1.93734252239424,-1.97176456002863
VisualCogB_Task-2,2,-1,F3,-0.1171875,-1.2341162255428,-1.83492679722873,-1.46148866302961
VisualCogB_Task-2,2,-1,F3,-0.11328125,-0.840194423313317,-1.40010475831672,-0.975561109765753
VisualCogB_Task-2,2,-1,F3,-0.109375,-0.438056245619399,-0.662369114275185,-0.485296996128554
VisualCogB_Task-2,2,-1,F3,-0.10546875,-0.0180601880131734,0.160155996115069,0.00260994461123122
VisualCogB_Task-2,2,-1,F3,-0.1015625,0.39508433128052,0.384888275700114,0.466709969337299
VisualCogB_Task-2,2,-1,F3,-0.09765625,0.76367588167744,0.981251795901792,0.898682172558666
VisualCogB_Task-2,2,-1,F3,-0.09375,1.06129265975802,1.49393141033531,1.28338717431458
VisualCogB_Task-2,2,-1,F3,-0.08984375,1.28654096556012,1.71811516677711,1.61256639658955
VisualCogB_Task-2,2,-1,F3,-0.0859375,1.46118470152797,1.94699110024569,1.89550661436982
VisualCogB_Task-2,2,-1,F3,-0.08203125,1.61909714457573,2.20691318904163,2.15029033349059
VisualCogB_Task-2,2,-1,F3,-0.078125,1.79436258065124,2.42027873226665,2.39929043361004
VisualCogB_Task-2,2,-1,F3,-0.07421875,2.01134473118706,2.67570671867223,2.6695983656823
VisualCogB_Task-2,2,-1,F3,-0.0703125,2.28003003108101,2.83839537553166,2.99005460554951
VisualCogB_Task-2,2,-1,F3,-0.06640625,2.60292098437304,3.14999417256119,3.39000865846967
VisualCogB_Task-2,2,-1,F3,-0.0625,2.99004156792951,3.73515183857014,3.88617176053261
VisualCogB_Task-2,2,-1,F3,-0.05859375,3.46448934469647,4.38119940904605,4.47525394066913
VisualCogB_Task-2,2,-1,F3,-0.0546875,4.04839738938068,5.06377317475717,5.14138023431317
VisualCogB_Task-2,2,-1,F3,-0.05078125,4.74429053564151,5.8380176349162,5.8608377992634
VisualCogB_Task-2,2,-1,F3,-0.046875,5.53349838264635,6.70749827918768,6.60344653835549
VisualCogB_Task-2,2,-1,F3,-0.04296875,6.39025448654873,7.54053963320437,7.33712467406285
VisualCogB_Task-2,2,-1,F3,-0.0390625,7.29041136860336,8.19045090540686,8.03846140726157
VisualCogB_Task-2,2,-1,F3,-0.03515625,8.20317364124031,8.51298725383585,8.70099718542287
VisualCogB_Task-2,2,-1,F3,-0.03125,9.077207374646,9.27317218653854,9.33093824753008
VisualCogB_Task-2,2,-1,F3,-0.02734375,9.84075874558459,9.7341989662746,9.9188233382676
VisualCogB_Task-2,2,-1,F3,-0.0234375,10.423132829534,10.234476273249,10.4503773639039
VisualCogB_Task-2,2,-1,F3,-0.01953125,10.7861280933949,11.000189124904,10.8959398663746
VisualCogB_Task-2,2,-1,F3,-0.015625,10.944149844618,11.6839126080726,11.2078586300608
VisualCogB_Task-2,2,-1,F3,-0.01171875,10.9570578046855,11.6649416472146,11.3471688775545
VisualCogB_Task-2,2,-1,F3,-0.0078125,10.8975252099971,11.4507193056147,11.3145769962819
VisualCogB_Task-2,2,-1,F3,-0.00390625,10.8142363881333,11.1681388893538,11.1372704378077
VisualCogB_Task-2,2,-1,F3,0,10.7171450334731,10.8524519828449,10.8537818461407
VisualCogB_Task-2,2,-1,F3,0.00390625,10.5933075521989,10.5879067286366,10.5052162362522
VisualCogB_Task-2,2,-1,F3,0.0078125,10.4372566989761,10.3536163687775,10.132567801172
VisualCogB_Task-2,2,-1,F3,0.01171875,10.2718755879689,9.73413539364361,9.78372160829523
VisualCogB_Task-2,2,-1,F3,0.015625,10.1467655519724,9.20659390875256,9.52498343898429
VisualCogB_Task-2,2,-1,F3,0.01953125,10.1169019248975,8.75086716850353,9.41852689004719
VisualCogB_Task-2,2,-1,F3,0.0234375,10.2151558808666,9.13565356089475,9.49999309743931
VisualCogB_Task-2,2,-1,F3,0.02734375,10.4349283926173,9.56329548995218,9.74938488698739
VisualCogB_Task-2,2,-1,F3,0.03125,10.7325995166075,10.2211055212307,10.1163434564728
VisualCogB_Task-2,2,-1,F3,0.03515625,11.0483069418715,10.7269958036827,10.5350025539239
VisualCogB_Task-2,2,-1,F3,0.0390625,11.3348912963933,11.1239714881352,10.9482260994324
VisualCogB_Task-2,2,-1,F3,0.04296875,11.5800836805216,11.7031601511271,11.3148774505697
VisualCogB_Task-2,2,-1,F3,0.046875,11.8070854358659,11.7680526884061,11.6084654139658
VisualCogB_Task-2,2,-1,F3,0.05078125,12.0501700395097,11.671712971777,11.834855687964
VisualCogB_Task-2,2,-1,F3,0.0546875,12.3228904865287,12.0017880645643,12.013212910444
VisualCogB_Task-2,2,-1,F3,0.05859375,12.6067169886457,12.1993233135095,12.1491064929368
VisualCogB_Task-2,2,-1,F3,0.0625,12.8718147232557,12.3321137116095,12.2471537764834
VisualCogB_Task-2,2,-1,F3,0.06640625,13.1121659029713,12.4042663536136,12.3161568371724
VisualCogB_Task-2,2,-1,F3,0.0703125,13.3623665791096,12.1963463722399,12.3719977456864
VisualCogB_Task-2,2,-1,F3,0.07421875,13.6769715501674,12.3204808464615,12.4379010324113
VisualCogB_Task-2,2,-1,F3,0.078125,14.085111751938,12.1109231876741,12.5224536132792
VisualCogB_Task-2,2,-1,F3,0.08203125,14.5571618817977,12.7657983755275,12.6244573887264
VisualCogB_Task-2,2,-1,F3,0.0859375,15.0133441869404,12.9990358287862,12.7084200570553
VisualCogB_Task-2,2,-1,F3,0.08984375,15.3699643845972,12.9274744427337,12.7506277321353
VisualCogB_Task-2,2,-1,F3,0.09375,15.5884879217569,12.7748085878055,12.7515845088131
VisualCogB_Task-2,2,-1,F3,0.09765625,15.6926718604905,12.6983856643896,12.7265317078188
VisualCogB_Task-2,2,-1,F3,0.1015625,15.7457571681865,12.6772704561556,12.6926459897984
VisualCogB_Task-2,2,-1,F3,0.10546875,15.8080434524587,12.5323795034476,12.664758511779
VisualCogB_Task-2,2,-1,F3,0.109375,15.9045727832449,12.456519784298,12.6564191363171
VisualCogB_Task-2,2,-1,F3,0.11328125,16.0205046618536,12.4128140102425,12.670146141942
VisualCogB_Task-2,2,-1,F3,0.1171875,16.1199500695607,12.8259978773589,12.6917995278476
VisualCogB_Task-2,2,-1,F3,0.12109375,16.1696787605924,12.9886060790361,12.68579494892
VisualCogB_Task-2,2,-1,F3,0.125,16.1525214714081,13.004468222778,12.6277312558377
VisualCogB_Task-2,2,-1,F3,0.12890625,16.0705172369083,12.7593940160322,12.518441560122
VisualCogB_Task-2,2,-1,F3,0.1328125,15.9467901097903,12.0545838612627,12.3901537205395
VisualCogB_Task-2,2,-1,F3,0.13671875,15.8275062588869,11.9586740464941,12.2951749671825
VisualCogB_Task-2,2,-1,F3,0.140625,15.7738661481075,11.8667441099444,12.2578483752036
VisualCogB_Task-2,2,-1,F3,0.14453125,15.8384084728133,12.2742230749008,12.2744752763649
VisualCogB_Task-2,2,-1,F3,0.1484375,16.0365160939205,12.3449376040155,12.3087649803231
VisualCogB_Task-2,2,-1,F3,0.15234375,16.3315451560582,12.3707339621249,12.3244057799467
VisualCogB_Task-2,2,-1,F3,0.15625,16.6428789035162,12.5417446240559,12.2881003534117
VisualCogB_Task-2,2,-1,F3,0.16015625,16.8732372529397,12.4836494522702,12.1704120607422
VisualCogB_Task-2,2,-1,F3,0.1640625,16.9453376414784,12.1937086778129,11.963041284516
VisualCogB_Task-2,2,-1,F3,0.16796875,16.8353844994579,11.7176865090435,11.6837915232718
VisualCogB_Task-2,2,-1,F3,0.171875,16.5874478402499,11.2668833445911,11.3696885583227
VisualCogB_Task-2,2,-1,F3,0.17578125,16.2954962029302,10.9383010357327,11.0605827531296
VisualCogB_Task-2,2,-1,F3,0.1796875,16.0574591327154,10.5610881622488,10.7877573700092
VisualCogB_Task-2,2,-1,F3,0.18359375,15.9281841436517,10.3820285914186,10.5723055281617
VisualCogB_Task-2,2,-1,F3,0.1875,15.9011206845583,10.3568947832824,10.4164312461404
VisualCogB_Task-2,2,-1,F3,0.19140625,15.9253273018131,10.1822847275801,10.3064821311037
VisualCogB_Task-2,2,-1,F3,0.1953125,15.9384184176011,10.0308061271554,10.2238444183049
VisualCogB_Task-2,2,-1,F3,0.19921875,15.8914963062119,10.182357991675,10.1395545593704
VisualCogB_Task-2,2,-1,F3,0.203125,15.7565816363919,10.1376225757583,10.0085624816641
VisualCogB_Task-2,2,-1,F3,0.20703125,15.5233877911065,10.0140997497792,9.78938506524208
VisualCogB_Task-2,2,-1,F3,0.2109375,15.1994882435434,10.0716670844367,9.45129419800148
VisualCogB_Task-2,2,-1,F3,0.21484375,14.8217393910791,9.64872452978028,8.98228799155091
VisualCogB_Task-2,2,-1,F3,0.21875,14.4700791879167,8.74798669628327,8.42206229803523
VisualCogB_Task-2,2,-1,F3,0.22265625,14.2634355105019,7.7545496450198,7.86584934778511
VisualCogB_Task-2,2,-1,F3,0.2265625,14.3267048854969,6.81368843217238,7.43604173765184
VisualCogB_Task-2,2,-1,F3,0.23046875,14.7409057147624,6.1925357685704,7.2457570892563
VisualCogB_Task-2,2,-1,F3,0.234375,15.5043386394469,6.51856594484868,7.35625024876274
VisualCogB_Task-2,2,-1,F3,0.23828125,16.5291336165711,7.54611142404205,7.74100761894492
VisualCogB_Task-2,2,-1,F3,0.2421875,17.6779178450651,8.59906076489911,8.30370857725041
VisualCogB_Task-2,2,-1,F3,0.24609375,18.8200533519851,9.49064439497121,8.93179115155155
VisualCogB_Task-2,2,-1,F3,0.25,19.8734593867646,9.98820724387803,9.53730605202474
VisualCogB_Task-2,2,-1,F3,0.25390625,20.8102481473462,10.1041520346063,10.0788750924647
VisualCogB_Task-2,2,-1,F3,0.2578125,21.6322144237929,10.7124945404304,10.5526951859872
VisualCogB_Task-2,2,-1,F3,0.26171875,22.3402275983194,10.9468572413193,10.9570696575531
VisualCogB_Task-2,2,-1,F3,0.265625,22.9193819811785,11.2188544238945,11.3036184449938
VisualCogB_Task-2,2,-1,F3,0.26953125,23.3480556687086,11.630315487679,11.6031104514542
VisualCogB_Task-2,2,-1,F3,0.2734375,23.6232098000399,12.0009113478442,11.8592509116543
VisualCogB_Task-2,2,-1,F3,0.27734375,23.7827129820568,12.134127570068,12.0780121466665
VisualCogB_Task-2,2,-1,F3,0.28125,23.9058691072784,12.1111972460167,12.2771715139119
VisualCogB_Task-2,2,-1,F3,0.28515625,24.0867251118619,12.0872455674718,12.4791826560955
VisualCogB_Task-2,2,-1,F3,0.2890625,24.3916049445706,12.3973851651378,12.6926680269306
VisualCogB_Task-2,2,-1,F3,0.29296875,24.8225381282296,12.6554953244039,12.8935886560788
VisualCogB_Task-2,2,-1,F3,0.296875,25.3065826792536,13.03161514761,13.0332986680522
VisualCogB_Task-2,2,-1,F3,0.30078125,25.7180353826214,13.4619060654285,13.0433110763901
VisualCogB_Task-2,2,-1,F3,0.3046875,25.9254649900545,13.8148169720476,12.8549986012615
VisualCogB_Task-2,2,-1,F3,0.30859375,25.8465364961863,13.1374750027216,12.4346168785887
VisualCogB_Task-2,2,-1,F3,0.3125,25.4885627762592,12.0494143767023,11.8284064085259
VisualCogB_Task-2,2,-1,F3,0.31640625,24.9532359635815,10.8902911254555,11.1411792015721
VisualCogB_Task-2,2,-1,F3,0.3203125,24.3991398554268,9.96865181035594,10.4961645989075
VisualCogB_Task-2,2,-1,F3,0.32421875,23.9798914075031,9.27842715992148,9.99568460203577
VisualCogB_Task-2,2,-1,F3,0.328125,23.7884811295926,9.00625463589339,9.69810181341479
VisualCogB_Task-2,2,-1,F3,0.33203125,23.8306836163102,9.18322350953869,9.60200738199285
VisualCogB_Task-2,2,-1,F3,0.3359375,24.0328222249603,9.66771637449662,9.64833852525813
VisualCogB_Task-2,2,-1,F3,0.33984375,24.2755976927212,10.2035656477052,9.74313380466098
VisualCogB_Task-2,2,-1,F3,0.34375,24.441117017118,10.4859720482138,9.7940466024216
VisualCogB_Task-2,2,-1,F3,0.34765625,24.4598100983592,10.2565209942947,9.74709962101388
VisualCogB_Task-2,2,-1,F3,0.3515625,24.3411031073251,9.73432979428324,9.60597601672771
VisualCogB_Task-2,2,-1,F3,0.35546875,24.1702236211781,9.23140959971935,9.41681072695975
VisualCogB_Task-2,2,-1,F3,0.359375,24.0653307352472,8.75003685643097,9.23643483723623
VisualCogB_Task-2,2,-1,F3,0.36328125,24.1145638702083,8.496480367563,9.10622933914671
VisualCogB_Task-2,2,-1,F3,0.3671875,24.3295062096231,8.53680656384339,9.02704205921364
VisualCogB_Task-2,2,-1,F3,0.37109375,24.6388792017168,8.78264265676526,8.94890840966082
VisualCogB_Task-2,2,-1,F3,0.375,24.9154968505895,9.03405735343002,8.78101084476453
VisualCogB_Task-2,2,-1,F3,0.37890625,25.0139323193346,9.04596127158329,8.41867633939308
VisualCogB_Task-2,2,-1,F3,0.3828125,24.8069788314251,8.6024960116405,7.77831907747024
VisualCogB_Task-2,2,-1,F3,0.38671875,24.2223135336226,7.59372802667743,6.82862698726896
VisualCogB_Task-2,2,-1,F3,0.390625,23.2751689397972,6.07298532641223,5.60696940824306
VisualCogB_Task-2,2,-1,F3,0.39453125,22.0778851551339,4.26671993128644,4.21447409979705
VisualCogB_Task-2,2,-1,F3,0.3984375,20.8089862992325,2.40478501772342,2.79110348118286
VisualCogB_Task-2,2,-1,F3,0.40234375,19.6500196841021,0.781064030770295,1.48117379094322
VisualCogB_Task-2,2,-1,F3,0.40625,18.7240936073511,-0.387981381621696,0.39680806233256
VisualCogB_Task-2,2,-1,F3,0.41015625,18.0687365596696,-0.957484194017774,-0.408213151409088
VisualCogB_Task-2,2,-1,F3,0.4140625,17.6501841629993,-1.03010708102827,-0.945508417371221
VisualCogB_Task-2,2,-1,F3,0.41796875,17.4028476954402,-1.03474978024654,-1.27246888952739
VisualCogB_Task-2,2,-1,F3,0.421875,17.2717329784175,-1.20270040316221,-1.45353561048924
VisualCogB_Task-2,2,-1,F3,0.42578125,17.2402175039274,-1.33054399442786,-1.533339697095
VisualCogB_Task-2,2,-1,F3,0.4296875,17.332317999919,-1.41681112163862,-1.53560933223898
VisualCogB_Task-2,2,-1,F3,0.43359375,17.5881076660573,-1.51638318334439,-1.46717305692658
VisualCogB_Task-2,2,-1,F3,0.4375,18.0245626632759,-1.39146600616498,-1.32495956127982
VisualCogB_Task-2,2,-1,F3,0.44140625,18.6064900108951,-1.18913717845467,-1.10999837928887
VisualCogB_Task-2,2,-1,F3,0.4453125,19.2516039439616,-0.913676252164636,-0.828861248684342
VisualCogB_Task-2,2,-1,F3,0.44921875,19.8721696389288,-0.617498971174638,-0.494714807127317
VisualCogB_Task-2,2,-1,F3,0.453125,20.4263758055066,0.225544466251978,-0.127793609235577
VisualCogB_Task-2,2,-1,F3,0.45703125,20.9444437325403,0.604587864267352,0.241435776702492
VisualCogB_Task-2,2,-1,F3,0.4609375,21.5155665095704,0.922445216197361,0.611951622022462
VisualCogB_Task-2,2,-1,F3,0.46484375,22.2484896152743,1.11093387880578,1.01299487202365
VisualCogB_Task-2,2,-1,F3,0.46875,23.2276507362613,1.0965141069641,1.4996809381866
VisualCogB_Task-2,2,-1,F3,0.47265625,24.4807531887404,1.5875616604673,2.13528681589038
VisualCogB_Task-2,2,-1,F3,0.4765625,25.9675722140307,2.65332169122894,2.94949226457886
VisualCogB_Task-2,2,-1,F3,0.48046875,27.5959995127248,3.8786133521466,3.92633328074394
VisualCogB_Task-2,2,-1,F3,0.484375,29.2601169670863,5.14315650105633,5.02516497976508
VisualCogB_Task-2,2,-1,F3,0.48828125,30.8789892616727,6.29631797735451,6.20136581630526
VisualCogB_Task-2,2,-1,F3,0.4921875,32.4130514655808,7.40675963339407,7.42014687180174
VisualCogB_Task-2,2,-1,F3,0.49609375,33.8545802990785,8.81721678257588,8.65463190777922
VisualCogB_Task-2,2,-1,F3,0.5,35.2095871194184,10.190317195709,9.87682908256174
VisualCogB_Task-2,2,-1,F3,0.50390625,36.4893293827585,11.171518056205,11.0722952940398
VisualCogB_Task-2,2,-1,F3,0.5078125,37.7146235856161,12.165633813612,12.2527114495326
VisualCogB_Task-2,2,-1,F3,0.51171875,38.9228870491062,13.2765903070603,13.4380270198735
VisualCogB_Task-2,2,-1,F3,0.515625,40.1651418235908,14.471284017976,14.6409350062355
VisualCogB_Task-2,2,-1,F3,0.51953125,41.4878818515703,16.0693991883794,15.8606753503906
VisualCogB_Task-2,2,-1,F3,0.5234375,42.908654769418,17.2838284650986,17.0823504117558
VisualCogB_Task-2,2,-1,F3,0.52734375,44.4032939550407,18.4675915687517,18.3084562029139
VisualCogB_Task-2,2,-1,F3,0.53125,45.9163095947467,19.6943262880928,19.5582785742262
VisualCogB_Task-2,2,-1,F3,0.53515625,47.3895261197339,20.7996407349443,20.8643646565405
VisualCogB_Task-2,2,-1,F3,0.5390625,48.7937658325457,22.0345595585349,22.2705988901934
VisualCogB_Task-2,2,-1,F3,0.54296875,50.149921092544,23.5426507222972,23.8154720553887
VisualCogB_Task-2,2,-1,F3,0.546875,51.531637202719,25.2227632924291,25.5178049880251
VisualCogB_Task-2,2,-1,F3,0.55078125,53.0463651487057,27.0487608018019,27.3736834129104
VisualCogB_Task-2,2,-1,F3,0.5546875,54.7968277841986,29.2536120364398,29.3546062468861
VisualCogB_Task-2,2,-1,F3,0.55859375,56.8338478041263,31.6366287768886,31.4049955225346
VisualCogB_Task-2,2,-1,F3,0.5625,59.1209706454435,33.9533067462288,33.4608570882344
VisualCogB_Task-2,2,-1,F3,0.56640625,61.5323958169994,35.6481051188798,35.4774995635603
VisualCogB_Task-2,2,-1,F3,0.5703125,63.8920541505436,37.4046898726988,37.4512690395864
VisualCogB_Task-2,2,-1,F3,0.57421875,66.0393834057625,39.4913625650737,39.3927287369971
VisualCogB_Task-2,2,-1,F3,0.578125,67.8919098030342,41.2519920454201,41.3085602792359
VisualCogB_Task-2,2,-1,F3,0.58203125,69.4764690262786,42.9516708422437,43.2136647754193
VisualCogB_Task-2,2,-1,F3,0.5859375,70.9159187379652,44.8054386946793,45.1182293151793
VisualCogB_Task-2,2,-1,F3,0.58984375,72.3751948174291,46.7861793466178,47.0106081603831
VisualCogB_Task-2,2,-1,F3,0.59375,73.98454235461,49.0423370887975,48.8530896878564
VisualCogB_Task-2,2,-1,F3,0.59765625,75.7693672797325,50.5320121518033,50.5892598732776
VisualCogB_Task-2,2,-1,F3,0.6015625,77.6200146970586,52.3715993121042,52.1784753090701
VisualCogB_Task-2,2,-1,F3,0.60546875,79.3223152017066,54.0194220166749,53.5753219442014
VisualCogB_Task-2,2,-1,F3,0.609375,80.6424873584474,55.2700974091037,54.7504793945584
VisualCogB_Task-2,2,-1,F3,0.61328125,81.4304997463695,56.0651347872461,55.7116356154006
VisualCogB_Task-2,2,-1,F3,0.6171875,81.6907805074623,56.6003128456586,56.5097800631997
VisualCogB_Task-2,2,-1,F3,0.62109375,81.5821751761796,56.9310148214716,57.2253604587479
VisualCogB_Task-2,2,-1,F3,0.625,81.3485910310117,57.362400424468,57.9463689213757
VisualCogB_Task-2,2,-1,F3,0.62890625,81.2219528969276,58.1338284283953,58.7362687673071
VisualCogB_Task-2,2,-1,F3,0.6328125,81.3485362966519,59.249100771857,59.6098592713571
VisualCogB_Task-2,2,-1,F3,0.63671875,81.7636086080687,60.4604913738568,60.5317363467647
VisualCogB_Task-2,2,-1,F3,0.640625,82.40509084886,61.2328193684944,61.4364326984774
VisualCogB_Task-2,2,-1,F3,0.64453125,83.1439032912664,62.0474180086174,62.2525439503667
VisualCogB_Task-2,2,-1,F3,0.6484375,83.8177708021232,63.0261844432783,62.8916979488057
VisualCogB_Task-2,2,-1,F3,0.65234375,84.266424822858,64.0293246344884,63.2484287116885
VisualCogB_Task-2,2,-1,F3,0.65625,84.367101997343,63.9155439126451,63.2284774647816
VisualCogB_Task-2,2,-1,F3,0.66015625,84.0640933844208,63.0904554799652,62.8026600940851
VisualCogB_Task-2,2,-1,F3,0.6640625,83.3815641617118,62.0354545320798,61.9990480229208
VisualCogB_Task-2,2,-1,F3,0.66796875,82.4092919932309,60.8304793044815,60.8696956234339
VisualCogB_Task-2,2,-1,F3,0.671875,81.261602904545,59.4838855717762,59.469691143533
VisualCogB_Task-2,2,-1,F3,0.67578125,80.0280213029874,57.9489751209438,57.8508548045471
VisualCogB_Task-2,2,-1,F3,0.6796875,78.7443196338795,56.1696517869273,56.0661896968257
VisualCogB_Task-2,2,-1,F3,0.68359375,77.4029958811348,54.1336540452581,54.176875603751
VisualCogB_Task-2,2,-1,F3,0.6875,75.9978798769478,52.0663845462405,52.2527141495474
VisualCogB_Task-2,2,-1,F3,0.69140625,74.5725564609452,50.1359170544164,50.3599051618979
VisualCogB_Task-2,2,-1,F3,0.6953125,73.2328737480192,48.2871900857878,48.5491210015433
VisualCogB_Task-2,2,-1,F3,0.69921875,72.1038468153018,46.6295297071625,46.852368353601
VisualCogB_Task-2,2,-1,F3,0.703125,71.2536174942362,45.1446763971797,45.2798263268754
VisualCogB_Task-2,2,-1,F3,0.70703125,70.6384710830824,43.8231170334749,43.8231041429677
VisualCogB_Task-2,2,-1,F3,0.7109375,70.1149015538561,42.6410517501483,42.4625485293377
VisualCogB_Task-2,2,-1,F3,0.71484375,69.5216793190451,41.3388107687082,41.1785072876543
VisualCogB_Task-2,2,-1,F3,0.71875,68.7846191044951,40.0422684317266,39.9662034879872
VisualCogB_Task-2,2,-1,F3,0.72265625,67.9715818557291,38.6857836216244,38.834218823827
VisualCogB_Task-2,2,-1,F3,0.7265625,67.2504986843507,37.4090090399216,37.7974737339763
VisualCogB_Task-2,2,-1,F3,0.73046875,66.7727028050204,36.3414889823529,36.8585190570539
VisualCogB_Task-2,2,-1,F3,0.734375,66.5642523942846,35.8375346480916,35.9875335738408
VisualCogB_Task-2,2,-1,F3,0.73828125,66.5018196585684,35.3068407088102,35.1116102255595
VisualCogB_Task-2,2,-1,F3,0.7421875,66.3814299769904,34.7219966035254,34.1453420429535
VisualCogB_Task-2,2,-1,F3,0.74609375,66.0226101748386,33.6400511476329,33.0195912637037
VisualCogB_Task-2,2,-1,F3,0.75,65.3418455081735,32.0957985585393,31.7132746722055
VisualCogB_Task-2,2,-1,F3,0.75390625,64.368803219841,30.3790724782299,30.2570140431816
VisualCogB_Task-2,2,-1,F3,0.7578125,63.2172808596152,28.7442850279774,28.7133081418825
VisualCogB_Task-2,2,-1,F3,0.76171875,62.0332803319001,26.9667640158591,27.1548272698128
VisualCogB_Task-2,2,-1,F3,0.765625,60.9397262975306,25.2865234865742,25.6568231356516
VisualCogB_Task-2,2,-1,F3,0.76953125,59.9978472971683,24.0106682533209,24.2788755102485
VisualCogB_Task-2,2,-1,F3,0.7734375,59.2010912478738,22.818176323303,23.0497058603635
VisualCogB_Task-2,2,-1,F3,0.77734375,58.4998172364173,21.9416430956976,21.9756850480125
VisualCogB_Task-2,2,-1,F3,0.78125,57.8366439861232,20.9825493060425,21.0438898071228
VisualCogB_Task-2,2,-1,F3,0.78515625,57.170367954486,20.1026468664483,20.2385600422626
VisualCogB_Task-2,2,-1,F3,0.7890625,56.4801997226708,19.5392243253372,19.5388239495764
VisualCogB_Task-2,2,-1,F3,0.79296875,55.7582916820901,19.0051938200198,18.9124836272242
VisualCogB_Task-2,2,-1,F3,0.796875,55.0052184136282,18.4191282473695,18.3273745380129
VisualCogB_Task-2,2,-1,F3,0.80078125,54.2357451435934,17.9605685383152,17.7590579941487
VisualCogB_Task-2,2,-1,F4,-0.19921875,-15.8045440034596,-17.9836786079262,-18.3816147174988
VisualCogB_Task-2,2,-1,F4,-0.1953125,-15.6473257746443,-17.8381840844607,-17.9054699986287
VisualCogB_Task-2,2,-1,F4,-0.19140625,-15.4387689045818,-17.6212739038359,-17.3961639372943
VisualCogB_Task-2,2,-1,F4,-0.1875,-15.025186751506,-17.283823999069,-16.814928031517
VisualCogB_Task-2,2,-1,F4,-0.18359375,-14.3335316431233,-16.4975999191812,-16.141752943197
VisualCogB_Task-2,2,-1,F4,-0.1796875,-13.4042139591849,-15.4836846493453,-15.3957039981971
VisualCogB_Task-2,2,-1,F4,-0.17578125,-12.3692968724983,-14.3828171955063,-14.6255004370453
VisualCogB_Task-2,2,-1,F4,-0.171875,-11.388342016338,-13.206883549826,-13.8871932211987
VisualCogB_Task-2,2,-1,F4,-0.16796875,-10.5759455608581,-12.7898392845201,-13.2166097086529
VisualCogB_Task-2,2,-1,F4,-0.1640625,-9.95656473662258,-12.3846317373985,-12.5928847847891
VisualCogB_Task-2,2,-1,F4,-0.16015625,-9.46571418703579,-12.1341986956693,-11.9595891329772
VisualCogB_Task-2,2,-1,F4,-0.15625,-8.9917867108166,-11.6710895738245,-11.2429390159716
VisualCogB_Task-2,2,-1,F4,-0.15234375,-8.43134118067378,-10.87690435622,-10.3837014934174
VisualCogB_Task-2,2,-1,F4,-0.1484375,-7.72572138964486,-9.75217872552065,-9.35832283811428
VisualCogB_Task-2,2,-1,F4,-0.14453125,-6.86514563960282,-8.49042141775163,-8.18434956142866
VisualCogB_Task-2,2,-1,F4,-0.140625,-5.87359982973456,-7.03526002752902,-6.91214949867763
VisualCogB_Task-2,2,-1,F4,-0.13671875,-4.79682450675677,-5.48568179051113,-5.61759647320512
VisualCogB_Task-2,2,-1,F4,-0.1328125,-3.69962933677711,-3.92656917692532,-4.3868235190927
VisualCogB_Task-2,2,-1,F4,-0.12890625,-2.66071656487295,-2.97164938065338,-3.29497078019745
VisualCogB_Task-2,2,-1,F4,-0.125,-1.75548255016201,-2.03544019620291,-2.37882387186249
VisualCogB_Task-2,2,-1,F4,-0.12109375,-1.03428013060032,-1.41261188132006,-1.64822495946894
VisualCogB_Task-2,2,-1,F4,-0.1171875,-0.511663930361631,-1.17761983672159,-1.08440090209294
VisualCogB_Task-2,2,-1,F4,-0.11328125,-0.171203313146698,-0.692070987884419,-0.648944135631577
VisualCogB_Task-2,2,-1,F4,-0.109375,0.0237133220817747,-0.245119604685398,-0.31121534053431
VisualCogB_Task-2,2,-1,F4,-0.10546875,0.122662436758272,0.073894180373708,-0.044169101605008
VisualCogB_Task-2,2,-1,F4,-0.1015625,0.184522241899738,0.172610206935397,0.18474797433987
VisualCogB_Task-2,2,-1,F4,-0.09765625,0.272465195579658,0.316986044373423,0.417927887315424
VisualCogB_Task-2,2,-1,F4,-0.09375,0.44489883252776,0.752401182793105,0.696751156719717
VisualCogB_Task-2,2,-1,F4,-0.08984375,0.743468738500918,0.960359745636941,1.05418648170564
VisualCogB_Task-2,2,-1,F4,-0.0859375,1.18367153224259,1.14234908843433,1.52784006359888
VisualCogB_Task-2,2,-1,F4,-0.08203125,1.75597867578902,1.84544400619794,2.14749920905271
VisualCogB_Task-2,2,-1,F4,-0.078125,2.43824421775334,2.78229142652695,2.91082697679004
VisualCogB_Task-2,2,-1,F4,-0.07421875,3.2077504160618,3.80618138706441,3.79031515862922
VisualCogB_Task-2,2,-1,F4,-0.0703125,4.0415208433883,4.75352686123149,4.74774425053333
VisualCogB_Task-2,2,-1,F4,-0.06640625,4.9098449416621,5.80794770186917,5.74621693416837
VisualCogB_Task-2,2,-1,F4,-0.0625,5.77757139211803,6.90595381912177,6.74931777542522
VisualCogB_Task-2,2,-1,F4,-0.05859375,6.61614216918546,7.86512798516281,7.72577557083648
VisualCogB_Task-2,2,-1,F4,-0.0546875,7.4147576753,8.78324629770512,8.65737212057613
VisualCogB_Task-2,2,-1,F4,-0.05078125,8.18205228634417,9.6703428741083,9.53750192601202
VisualCogB_Task-2,2,-1,F4,-0.046875,8.94103468120316,10.4892541893011,10.3700490032727
VisualCogB_Task-2,2,-1,F4,-0.04296875,9.72082891395094,11.0846913361139,11.1699674474949
VisualCogB_Task-2,2,-1,F4,-0.0390625,10.5421290600255,11.7888405998196,11.9621451193175
VisualCogB_Task-2,2,-1,F4,-0.03515625,11.3960514368606,12.5174038048279,12.7643635367645
VisualCogB_Task-2,2,-1,F4,-0.03125,12.229226961102,13.4699031170154,13.5799621745682
VisualCogB_Task-2,2,-1,F4,-0.02734375,12.9531198630194,14.1840264541171,14.3917005297996
VisualCogB_Task-2,2,-1,F4,-0.0234375,13.4809160464772,15.3517411765982,15.1731665114005
VisualCogB_Task-2,2,-1,F4,-0.01953125,13.7730224265955,16.1934251301077,15.8806418553388
VisualCogB_Task-2,2,-1,F4,-0.015625,13.8635288093935,16.9269970391585,16.4852895196824
VisualCogB_Task-2,2,-1,F4,-0.01171875,13.8515084275575,17.2304145154859,16.9843377353967
VisualCogB_Task-2,2,-1,F4,-0.0078125,13.8616743982713,17.3475827737372,17.4118236934033
VisualCogB_Task-2,2,-1,F4,-0.00390625,13.9945235513536,17.5190565472228,17.8222909829646
VisualCogB_Task-2,2,-1,F4,0,14.2901022789555,17.8764127851189,18.2649297833709
VisualCogB_Task-2,2,-1,F4,0.00390625,14.7215698714089,18.4248349942927,18.7636607376004
VisualCogB_Task-2,2,-1,F4,0.0078125,15.2183898601792,19.1903235476689,19.3100280721108
VisualCogB_Task-2,2,-1,F4,0.01171875,15.7035568376669,20.06392570345,19.8673405347504
VisualCogB_Task-2,2,-1,F4,0.015625,16.125231683705,20.7066703181886,20.3889314963308
VisualCogB_Task-2,2,-1,F4,0.01953125,16.4709588363408,21.2062320701484,20.8445164250553
VisualCogB_Task-2,2,-1,F4,0.0234375,16.7630162410141,21.5207138381425,21.230289024282
VisualCogB_Task-2,2,-1,F4,0.02734375,17.0409941733738,21.6399530200889,21.5725859677934
VisualCogB_Task-2,2,-1,F4,0.03125,17.3434971753057,21.7500474877889,21.9219459971936
VisualCogB_Task-2,2,-1,F4,0.03515625,17.7012401940982,21.9757445161179,22.3345217751116
VisualCogB_Task-2,2,-1,F4,0.0390625,18.1428543210932,22.4037426425079,22.8521410883924
VisualCogB_Task-2,2,-1,F4,0.04296875,18.6995508766477,23.2498265420959,23.4867336189649
VisualCogB_Task-2,2,-1,F4,0.046875,19.3925145025886,24.1691617287991,24.2128625116011
VisualCogB_Task-2,2,-1,F4,0.05078125,20.2042567017485,25.0777074997035,24.985348654667
VisualCogB_Task-2,2,-1,F4,0.0546875,21.0581976494378,25.9715160322538,25.7553712046288
VisualCogB_Task-2,2,-1,F4,0.05859375,21.8349161194866,26.7462392278721,26.4818058883721
VisualCogB_Task-2,2,-1,F4,0.0625,22.4279200958573,27.3468824990265,27.1415405017512
VisualCogB_Task-2,2,-1,F4,0.06640625,22.8055508997833,27.7912674232229,27.7334989522458
VisualCogB_Task-2,2,-1,F4,0.0703125,23.0328003045852,28.1968164883361,28.2737169804414
VisualCogB_Task-2,2,-1,F4,0.07421875,23.2329938566791,28.6370925832853,28.7830443661719
VisualCogB_Task-2,2,-1,F4,0.078125,23.515051143914,29.1080873781828,29.2759225149289
VisualCogB_Task-2,2,-1,F4,0.08203125,23.9177761156726,29.6933786543434,29.7546301836302
VisualCogB_Task-2,2,-1,F4,0.0859375,24.4047637595447,30.2059772185941,30.2074598677981
VisualCogB_Task-2,2,-1,F4,0.08984375,24.9002639205538,30.6639449897953,30.6175997688476
VisualCogB_Task-2,2,-1,F4,0.09375,25.3300500936711,31.2280986123466,30.9681145340935
VisualCogB_Task-2,2,-1,F4,0.09765625,25.6427167993,31.5272346557483,31.2459309125959
VisualCogB_Task-2,2,-1,F4,0.1015625,25.8154960453454,31.5651048690429,31.4596409932698
VisualCogB_Task-2,2,-1,F4,0.10546875,25.8606374646441,31.6702098429286,31.6412788436258
VisualCogB_Task-2,2,-1,F4,0.109375,25.8347584294015,31.8057001674928,31.8316671874891
VisualCogB_Task-2,2,-1,F4,0.11328125,25.8362374736494,31.8253324273012,32.0740396652936
VisualCogB_Task-2,2,-1,F4,0.1171875,25.9774025629578,32.0325649838575,32.4094659991399
VisualCogB_Task-2,2,-1,F4,0.12109375,26.337042273079,32.5169503235194,32.8582903079626
VisualCogB_Task-2,2,-1,F4,0.125,26.9168124430352,33.2448954816932,33.4094482927563
VisualCogB_Task-2,2,-1,F4,0.12890625,27.629637683048,34.1009054362849,34.0234306558118
VisualCogB_Task-2,2,-1,F4,0.1328125,28.334535286836,34.9276137794965,34.6470153651646
VisualCogB_Task-2,2,-1,F4,0.13671875,28.9035673781689,35.5909052319821,35.2334366205565
VisualCogB_Task-2,2,-1,F4,0.140625,29.2821405587531,36.0178837858009,35.7593118229234
VisualCogB_Task-2,2,-1,F4,0.14453125,29.5073601219448,36.3228934541354,36.2310474241534
VisualCogB_Task-2,2,-1,F4,0.1484375,29.6787689524131,36.5657033972923,36.6765975397078
VisualCogB_Task-2,2,-1,F4,0.15234375,29.9038669762964,36.8988502674001,37.1315701208796
VisualCogB_Task-2,2,-1,F4,0.15625,30.2478091158015,37.398666532683,37.6223319404272
VisualCogB_Task-2,2,-1,F4,0.16015625,30.7084355395304,38.0566098999247,38.1558564499857
VisualCogB_Task-2,2,-1,F4,0.1640625,31.2258578524082,38.7957385321857,38.7204783172114
VisualCogB_Task-2,2,-1,F4,0.16796875,31.7204425805907,39.300863473169,39.2962616639225
VisualCogB_Task-2,2,-1,F4,0.171875,32.135938277265,39.7494070980058,39.869542296518
VisualCogB_Task-2,2,-1,F4,0.17578125,32.4605753198011,40.3876096078252,40.427039505501
VisualCogB_Task-2,2,-1,F4,0.1796875,32.7170767983688,41.099715043574,40.9454613148319
VisualCogB_Task-2,2,-1,F4,0.18359375,32.9367237226564,41.4493253099822,41.3982299236645
VisualCogB_Task-2,2,-1,F4,0.1875,33.1395306729678,41.7531179668737,41.7716220085482
VisualCogB_Task-2,2,-1,F4,0.19140625,33.3295473352014,42.0268884310293,42.0561721948918
VisualCogB_Task-2,2,-1,F4,0.1953125,33.4990214991911,42.2670973738345,42.2408731046315
VisualCogB_Task-2,2,-1,F4,0.19921875,33.6326672306657,42.445136612587,42.3122770460482
VisualCogB_Task-2,2,-1,F4,0.203125,33.7110356961225,42.5122909796034,42.2591216831896
VisualCogB_Task-2,2,-1,F4,0.20703125,33.7177464681522,42.4224329840906,42.0812163106484
VisualCogB_Task-2,2,-1,F4,0.2109375,33.6532111315013,42.1665039829401,41.799467664385
VisualCogB_Task-2,2,-1,F4,0.21484375,33.5507120758281,41.6998903719603,41.4632172031469
VisualCogB_Task-2,2,-1,F4,0.21875,33.4846173765433,41.0548327760771,41.1523927455609
VisualCogB_Task-2,2,-1,F4,0.22265625,33.5599403628475,40.4995315345193,40.9666448743218
VisualCogB_Task-2,2,-1,F4,0.2265625,33.8805212602672,40.3778147565701,40.9974941746673
VisualCogB_Task-2,2,-1,F4,0.23046875,34.5069297786511,40.6235187246235,41.2975351201848
VisualCogB_Task-2,2,-1,F4,0.234375,35.4259411532151,41.4759558104014,41.8677222329537
VisualCogB_Task-2,2,-1,F4,0.23828125,36.5519656346548,42.6121103827824,42.65284200209
VisualCogB_Task-2,2,-1,F4,0.2421875,37.7635821393668,43.8765197493606,43.5650337148303
VisualCogB_Task-2,2,-1,F4,0.24609375,38.95430127155,45.0648517988055,44.5130423568021
VisualCogB_Task-2,2,-1,F4,0.25,40.0661919133345,45.7513072486242,45.431570083177
VisualCogB_Task-2,2,-1,F4,0.25390625,41.089648166939,46.3790285292198,46.301303169294
VisualCogB_Task-2,2,-1,F4,0.2578125,42.0387012604838,47.1436416409848,47.1295726542788
VisualCogB_Task-2,2,-1,F4,0.26171875,42.9251091107526,47.9002475587935,47.9301866905847
VisualCogB_Task-2,2,-1,F4,0.265625,43.7481955286323,48.6536183145057,48.7181258462234
VisualCogB_Task-2,2,-1,F4,0.26953125,44.5017297021309,49.394679147324,49.5058757615576
VisualCogB_Task-2,2,-1,F4,0.2734375,45.1877317401283,50.2297971253838,50.3005464493069
VisualCogB_Task-2,2,-1,F4,0.27734375,45.8255538973789,51.0018731131198,51.0999815376711
VisualCogB_Task-2,2,-1,F4,0.28125,46.4492750138595,51.7396016958009,51.8961288778569
VisualCogB_Task-2,2,-1,F4,0.28515625,47.0916072605642,52.5044386474361,52.6727606190245
VisualCogB_Task-2,2,-1,F4,0.2890625,47.7585081975501,53.3339825812078,53.4006049784964
VisualCogB_Task-2,2,-1,F4,0.29296875,48.4078336863002,54.1861991319323,54.0363633426294
VisualCogB_Task-2,2,-1,F4,0.296875,48.9508146232675,54.9300530717233,54.5311852313394
VisualCogB_Task-2,2,-1,F4,0.30078125,49.2861529529553,55.3993261576492,54.8487064803178
VisualCogB_Task-2,2,-1,F4,0.3046875,49.3555438702345,55.4834183122021,54.9858019119543
VisualCogB_Task-2,2,-1,F4,0.30859375,49.1916497313005,55.2041731220036,54.9852313217499
VisualCogB_Task-2,2,-1,F4,0.3125,48.9274212635841,54.7338535768679,54.9312225385593
VisualCogB_Task-2,2,-1,F4,0.31640625,48.7522531275837,54.3384524286629,54.9262485412585
VisualCogB_Task-2,2,-1,F4,0.3203125,48.8299561120234,54.2686730867212,55.0563348952491
VisualCogB_Task-2,2,-1,F4,0.32421875,49.2199146561015,54.6504195598245,55.3585241565498
VisualCogB_Task-2,2,-1,F4,0.328125,49.8459988798843,55.4286103175887,55.8042203971353
VisualCogB_Task-2,2,-1,F4,0.33203125,50.5306818250353,56.3885081842677,56.3058189725865
VisualCogB_Task-2,2,-1,F4,0.3359375,51.0723529668951,57.2379463801009,56.7444143985219
VisualCogB_Task-2,2,-1,F4,0.33984375,51.3233090728501,57.7572770194125,57.0079919582004
VisualCogB_Task-2,2,-1,F4,0.34375,51.2371909694285,57.8642328859468,57.0256646000122
VisualCogB_Task-2,2,-1,F4,0.34765625,50.8783655224266,57.4719463080003,56.7889856941153
VisualCogB_Task-2,2,-1,F4,0.3515625,50.3978560385688,56.6601200476902,56.3593893011621
VisualCogB_Task-2,2,-1,F4,0.35546875,49.9822356252494,55.4135426794751,55.8552228662956
VisualCogB_Task-2,2,-1,F4,0.359375,49.7884647483242,54.5471631824816,55.4198947302027
VisualCogB_Task-2,2,-1,F4,0.36328125,49.8885552909471,54.2901550474198,55.1600065513352
VisualCogB_Task-2,2,-1,F4,0.3671875,50.2483956075328,54.4734558849715,55.1094323591682
VisualCogB_Task-2,2,-1,F4,0.37109375,50.7490891988472,54.971520761235,55.2295585578505
VisualCogB_Task-2,2,-1,F4,0.375,51.2374922555941,55.6118429064949,55.4287735120144
VisualCogB_Task-2,2,-1,F4,0.37890625,51.580566726837,56.1454684062128,55.5939624365743
VisualCogB_Task-2,2,-1,F4,0.3828125,51.7018123217957,56.2078892223191,55.627266329318
VisualCogB_Task-2,2,-1,F4,0.38671875,51.5909933892989,55.9776363740351,55.4767850188365
VisualCogB_Task-2,2,-1,F4,0.390625,51.2901647162184,55.4311367731128,55.1390035748042
VisualCogB_Task-2,2,-1,F4,0.39453125,50.8658402321311,54.7101204514562,54.6521446798288
VisualCogB_Task-2,2,-1,F4,0.3984375,50.3809300319581,53.971759112378,54.0787754497101
VisualCogB_Task-2,2,-1,F4,0.40234375,49.879388947221,53.3687967265483,53.4862943145505
VisualCogB_Task-2,2,-1,F4,0.40625,49.3880097191729,52.8677431807474,52.9331816763412
VisualCogB_Task-2,2,-1,F4,0.41015625,48.9281860041958,52.4175895220035,52.4681264714065
VisualCogB_Task-2,2,-1,F4,0.4140625,48.5261932499475,52.0052260782842,52.1343644281047
VisualCogB_Task-2,2,-1,F4,0.41796875,48.2157329632745,51.7877592172439,51.9709198623436
VisualCogB_Task-2,2,-1,F4,0.421875,48.0335508327271,51.8519870507084,52.0060555608796
VisualCogB_Task-2,2,-1,F4,0.42578125,48.0125355078319,52.0828916380222,52.2527709233772
VisualCogB_Task-2,2,-1,F4,0.4296875,48.1769108015117,52.4876916941655,52.7112263069867
VisualCogB_Task-2,2,-1,F4,0.43359375,48.5406149588444,53.2004571973962,53.3674254617455
VisualCogB_Task-2,2,-1,F4,0.4375,49.1043824704347,54.0981040279631,54.1887442532892
VisualCogB_Task-2,2,-1,F4,0.44140625,49.8471690907885,55.1501994386282,55.1286445252242
VisualCogB_Task-2,2,-1,F4,0.4453125,50.7168257743174,56.30484882925,56.1330347690465
VisualCogB_Task-2,2,-1,F4,0.44921875,51.6330149092737,57.4757526269505,57.1496197190357
VisualCogB_Task-2,2,-1,F4,0.453125,52.5110089228302,58.5522871766823,58.1404219478217
VisualCogB_Task-2,2,-1,F4,0.45703125,53.3011214162091,59.4446568750046,59.0946417703608
VisualCogB_Task-2,2,-1,F4,0.4609375,54.0256353006926,60.2949154239922,60.0358016040139
VisualCogB_Task-2,2,-1,F4,0.46484375,54.7901586452897,60.7984491551517,61.0165917915293
VisualCogB_Task-2,2,-1,F4,0.46875,55.7536576847,61.6169193118006,62.1112954939866
VisualCogB_Task-2,2,-1,F4,0.47265625,57.0624491213364,62.8294316600719,63.376017319434
VisualCogB_Task-2,2,-1,F4,0.4765625,58.7789802526014,64.5324751031315,64.8256638607375
VisualCogB_Task-2,2,-1,F4,0.48046875,60.8468050570098,66.4640797378796,66.4295929058162
VisualCogB_Task-2,2,-1,F4,0.484375,63.1150101030395,68.3936430173851,68.1327298461219
VisualCogB_Task-2,2,-1,F4,0.48828125,65.4076120466467,70.3084663292244,69.8828739757787
VisualCogB_Task-2,2,-1,F4,0.4921875,67.5961740928122,72.1030617130034,71.6495673531822
VisualCogB_Task-2,2,-1,F4,0.49609375,69.6396214946483,73.7796354534219,73.4378180661821
VisualCogB_Task-2,2,-1,F4,0.5,71.5827460746588,75.2292399380218,75.2904253992797
VisualCogB_Task-2,2,-1,F4,0.50390625,73.5253894348035,76.7891615899354,77.2786734192463
VisualCogB_Task-2,2,-1,F4,0.5078125,75.5789339314725,78.872771244862,79.4687474044151
VisualCogB_Task-2,2,-1,F4,0.51171875,77.8264949170417,81.6596138377568,81.8860399806767
VisualCogB_Task-2,2,-1,F4,0.515625,80.3014735241176,84.5154180236983,84.5062790939587
VisualCogB_Task-2,2,-1,F4,0.51953125,82.9900022475439,87.3810960665316,87.2863238449457
VisualCogB_Task-2,2,-1,F4,0.5234375,85.8489835951274,90.2234751262014,90.1837949118003
VisualCogB_Task-2,2,-1,F4,0.52734375,88.8239838903631,93.1701258485323,93.1642106578173
VisualCogB_Task-2,2,-1,F4,0.53125,91.855996797712,96.2568579140414,96.1963961308251
VisualCogB_Task-2,2,-1,F4,0.53515625,94.8792439557862,99.2720817579199,99.2496693112113
VisualCogB_Task-2,2,-1,F4,0.5390625,97.8241549556415,102.456388558386,102.298386661299
VisualCogB_Task-2,2,-1,F4,0.54296875,100.6385902657,105.541484774811,105.318772347302
VisualCogB_Task-2,2,-1,F4,0.546875,103.321686423521,108.617782441329,108.300217360193
VisualCogB_Task-2,2,-1,F4,0.55078125,105.943771739984,111.488883585964,111.250672059903
VisualCogB_Task-2,2,-1,F4,0.5546875,108.627743859699,114.044160254005,114.204550563124
VisualCogB_Task-2,2,-1,F4,0.55859375,111.495328043708,116.772539108349,117.216117947055
VisualCogB_Task-2,2,-1,F4,0.5625,114.609134633742,119.817190603884,120.326273429799
VisualCogB_Task-2,2,-1,F4,0.56640625,117.943394098659,123.194616286698,123.538951326235
VisualCogB_Task-2,2,-1,F4,0.5703125,121.395548154704,126.804372001808,126.815662382415
VisualCogB_Task-2,2,-1,F4,0.57421875,124.828234787018,130.336134479293,130.089222757763
VisualCogB_Task-2,2,-1,F4,0.578125,128.12089795015,133.624085695031,133.291507746655
VisualCogB_Task-2,2,-1,F4,0.58203125,131.211088998368,136.412757568401,136.374968620256
VisualCogB_Task-2,2,-1,F4,0.5859375,134.109756674023,139.293860602797,139.319771478767
VisualCogB_Task-2,2,-1,F4,0.58984375,136.881393982403,142.151503773395,142.109231501398
VisualCogB_Task-2,2,-1,F4,0.59375,139.594482184234,144.86323305417,144.724504627696
VisualCogB_Task-2,2,-1,F4,0.59765625,142.267153174002,147.183657342201,147.150269486543
VisualCogB_Task-2,2,-1,F4,0.6015625,144.841077045544,149.506886200321,149.382765409023
VisualCogB_Task-2,2,-1,F4,0.60546875,147.202615366715,151.703732878417,151.421014047528
VisualCogB_Task-2,2,-1,F4,0.609375,149.242416710104,153.636723200923,153.274380453724
VisualCogB_Task-2,2,-1,F4,0.61328125,150.920548761296,155.170409574091,154.975789581851
VisualCogB_Task-2,2,-1,F4,0.6171875,152.298537552017,156.545683311691,156.588361615081
VisualCogB_Task-2,2,-1,F4,0.62109375,153.518200012085,157.945468407352,158.191435069275
VisualCogB_Task-2,2,-1,F4,0.625,154.74119564885,159.577365176055,159.860791935009
VisualCogB_Task-2,2,-1,F4,0.62890625,156.088171434419,161.253626970053,161.651716981035
VisualCogB_Task-2,2,-1,F4,0.6328125,157.610147881826,163.140092144654,163.595876079522
VisualCogB_Task-2,2,-1,F4,0.63671875,159.29458688888,165.213479238385,165.691760935061
VisualCogB_Task-2,2,-1,F4,0.640625,161.085821641147,167.579802759568,167.899881257666
VisualCogB_Task-2,2,-1,F4,0.64453125,162.901560862034,169.95507329209,170.140889949299
VisualCogB_Task-2,2,-1,F4,0.6484375,164.641407695108,172.437551441081,172.308766703744
VisualCogB_Task-2,2,-1,F4,0.65234375,166.193151578573,174.768134858165,174.282006493353
VisualCogB_Task-2,2,-1,F4,0.65625,167.445507345213,176.495589565054,175.949836351922
VisualCogB_Task-2,2,-1,F4,0.66015625,168.311896208624,177.653430127428,177.241994010314
VisualCogB_Task-2,2,-1,F4,0.6640625,168.757070110259,178.343653975204,178.13369663382
VisualCogB_Task-2,2,-1,F4,0.66796875,168.807191477278,178.683734456425,178.634447730823
VisualCogB_Task-2,2,-1,F4,0.671875,168.530943150552,178.89565652131,178.771247254824
VisualCogB_Task-2,2,-1,F4,0.67578125,168.002035525713,178.72864703801,178.575202386453
VisualCogB_Task-2,2,-1,F4,0.6796875,167.270277461189,178.235092114168,178.087787745219
VisualCogB_Task-2,2,-1,F4,0.68359375,166.363093744633,177.371406407647,177.363265004923
VisualCogB_Task-2,2,-1,F4,0.6875,165.315080050237,176.29695539959,176.468171203447
VisualCogB_Task-2,2,-1,F4,0.69140625,164.19793699212,175.261907761751,175.469721828901
VisualCogB_Task-2,2,-1,F4,0.6953125,163.119280770053,174.213594011965,174.420864385738
VisualCogB_Task-2,2,-1,F4,0.69921875,162.183353249395,173.215254973171,173.357228539482
VisualCogB_Task-2,2,-1,F4,0.703125,161.439283029047,172.277260756759,172.297171424512
VisualCogB_Task-2,2,-1,F4,0.70703125,160.855037279197,171.34670568424,171.247219044677
VisualCogB_Task-2,2,-1,F4,0.7109375,160.339401837736,170.391517531226,170.212238181516
VisualCogB_Task-2,2,-1,F4,0.71484375,159.803760573421,169.412039551323,169.205386169865
VisualCogB_Task-2,2,-1,F4,0.71875,159.228698922352,168.287100899358,168.254760290368
VisualCogB_Task-2,2,-1,F4,0.72265625,158.692222328141,167.144293536646,167.40567893879
VisualCogB_Task-2,2,-1,F4,0.7265625,158.334694320935,166.185572257738,166.706155561647
VisualCogB_Task-2,2,-1,F4,0.73046875,158.274146094335,165.588603954208,166.182421488608
VisualCogB_Task-2,2,-1,F4,0.734375,158.520739760867,165.41220496221,165.81732610735
VisualCogB_Task-2,2,-1,F4,0.73828125,158.944243324777,165.544618987493,165.544234011017
VisualCogB_Task-2,2,-1,F4,0.7421875,159.316638647984,165.568043397072,165.262749697324
VisualCogB_Task-2,2,-1,F4,0.74609375,159.406086205508,165.442256399995,164.872509745359
VisualCogB_Task-2,2,-1,F4,0.75,159.072028349698,164.958436135512,164.298591875856
VisualCogB_Task-2,2,-1,F4,0.75390625,158.3174066806,163.946875093853,163.513552697436
VisualCogB_Task-2,2,-1,F4,0.7578125,157.278915927338,162.652740965026,162.544935840356
VisualCogB_Task-2,2,-1,F4,0.76171875,156.162629793377,161.257656263032,161.456395134577
VisualCogB_Task-2,2,-1,F4,0.765625,155.154612042251,159.949100435993,160.320568170446
VisualCogB_Task-2,2,-1,F4,0.76953125,154.34941889161,158.834888661218,159.193530965685
VisualCogB_Task-2,2,-1,F4,0.7734375,153.732107448153,157.899087922538,158.100403893474
VisualCogB_Task-2,2,-1,F4,0.77734375,153.21812254863,157.030866947732,157.03642046829
VisualCogB_Task-2,2,-1,F4,0.78125,152.71921694445,156.105698176148,155.980037873699
VisualCogB_Task-2,2,-1,F4,0.78515625,152.19094309509,155.059092058043,154.909250499885
VisualCogB_Task-2,2,-1,F4,0.7890625,151.637803122956,153.905798802264,153.812524428904
VisualCogB_Task-2,2,-1,F4,0.79296875,151.086077004437,152.705243677278,152.690812539327
VisualCogB_Task-2,2,-1,F4,0.796875,150.553034595994,151.509681372866,151.552840574168
VisualCogB_Task-2,2,-1,F4,0.80078125,150.034260956047,150.332556018434,150.408536871272
VisualCogB_Task-2,2,1,Fz,-0.19921875,-11.9906172406328,-11.5118506722679,-11.4363195270881
VisualCogB_Task-2,2,1,Fz,-0.1953125,-11.4709885148014,-11.1398382645763,-11.0618337803691
VisualCogB_Task-2,2,1,Fz,-0.19140625,-10.9774699070498,-10.7042028467618,-10.6936422957484
VisualCogB_Task-2,2,1,Fz,-0.1875,-10.5323637112261,-10.3142761885917,-10.3445397090083
VisualCogB_Task-2,2,1,Fz,-0.18359375,-10.174735171253,-9.79014265790655,-10.0282007018488
VisualCogB_Task-2,2,1,Fz,-0.1796875,-9.9470907036034,-9.5211948025911,-9.75577799593519
VisualCogB_Task-2,2,1,Fz,-0.17578125,-9.86038789187609,-9.35475195890852,-9.51858614260436
VisualCogB_Task-2,2,1,Fz,-0.171875,-9.85965285732265,-9.28868424350103,-9.28839109374773
VisualCogB_Task-2,2,1,Fz,-0.16796875,-9.8222741307097,-9.10232233631906,-9.02330595261546
VisualCogB_Task-2,2,1,Fz,-0.1640625,-9.60054460248408,-8.97233631019484,-8.68146825160378
VisualCogB_Task-2,2,1,Fz,-0.16015625,-9.08788538630177,-8.55509438511762,-8.22760022175093
VisualCogB_Task-2,2,1,Fz,-0.15625,-8.2709752602702,-7.92818791237446,-7.6506630989777
VisualCogB_Task-2,2,1,Fz,-0.15234375,-7.23787495272902,-7.16560858270102,-6.96690929948544
VisualCogB_Task-2,2,1,Fz,-0.1484375,-6.13776461998216,-6.15971408496216,-6.21571830725859
VisualCogB_Task-2,2,1,Fz,-0.14453125,-5.1154859917445,-5.29989758721991,-5.45302787988286
VisualCogB_Task-2,2,1,Fz,-0.140625,-4.25709562669244,-4.42660858639155,-4.73010875641926
VisualCogB_Task-2,2,1,Fz,-0.13671875,-3.5721802907136,-3.66643583713147,-4.08547081820691
VisualCogB_Task-2,2,1,Fz,-0.1328125,-3.01312432139981,-3.36294455210048,-3.53233226574926
VisualCogB_Task-2,2,1,Fz,-0.12890625,-2.51221652220077,-3.15942114833737,-3.0489917177935
VisualCogB_Task-2,2,1,Fz,-0.125,-2.01656251681831,-2.7374911653233,-2.59963215028275
VisualCogB_Task-2,2,1,Fz,-0.12109375,-1.50880984423856,-2.27420081987268,-2.15763899170544
VisualCogB_Task-2,2,1,Fz,-0.1171875,-1.00640263980845,-1.71977766935617,-1.7078859218034
VisualCogB_Task-2,2,1,Fz,-0.11328125,-0.538186484851243,-1.23240768102818,-1.24496010599903
VisualCogB_Task-2,2,1,Fz,-0.109375,-0.112483932143461,-0.781419296308685,-0.764439688677501
VisualCogB_Task-2,2,1,Fz,-0.10546875,0.297613045500987,-0.443733478270365,-0.260856778809712
VisualCogB_Task-2,2,1,Fz,-0.1015625,0.738265262287911,0.156349300758722,0.269841547330821
VisualCogB_Task-2,2,1,Fz,-0.09765625,1.2430396597372,0.893820371713943,0.816468488515534
VisualCogB_Task-2,2,1,Fz,-0.09375,1.81216211173231,1.36545635384231,1.35837955630152
VisualCogB_Task-2,2,1,Fz,-0.08984375,2.41374799770689,1.74285679498476,1.8813762525124
VisualCogB_Task-2,2,1,Fz,-0.0859375,2.9967992023675,2.27035440736861,2.3718498121002
VisualCogB_Task-2,2,1,Fz,-0.08203125,3.50293038348521,2.84601613328983,2.80464818188965
VisualCogB_Task-2,2,1,Fz,-0.078125,3.87465423534731,3.35747379880945,3.14616135831118
VisualCogB_Task-2,2,1,Fz,-0.07421875,4.06553127857729,3.78128329830176,3.36622666707854
VisualCogB_Task-2,2,1,Fz,-0.0703125,4.05598845009019,3.90208410063692,3.45229080394704
VisualCogB_Task-2,2,1,Fz,-0.06640625,3.87202150012991,3.62418124865951,3.4263885172739
VisualCogB_Task-2,2,1,Fz,-0.0625,3.59563710215086,3.19285485111373,3.34803733014052
VisualCogB_Task-2,2,1,Fz,-0.05859375,3.35311280518171,3.07845151021257,3.29323749324375
VisualCogB_Task-2,2,1,Fz,-0.0546875,3.27999962737221,3.10738053618491,3.32505738402821
VisualCogB_Task-2,2,1,Fz,-0.05078125,3.48275194315534,3.29070988900072,3.48866654801927
VisualCogB_Task-2,2,1,Fz,-0.046875,4.01970932107609,3.56450386602376,3.81109479342201
VisualCogB_Task-2,2,1,Fz,-0.04296875,4.90099472561936,4.08844160190179,4.30287554018997
VisualCogB_Task-2,2,1,Fz,-0.0390625,6.08808902818512,4.59273103826151,4.95399296432683
VisualCogB_Task-2,2,1,Fz,-0.03515625,7.48648431207602,5.54434003389324,5.73656174697893
VisualCogB_Task-2,2,1,Fz,-0.03125,8.94870979469026,6.77992470496173,6.59259140878717
VisualCogB_Task-2,2,1,Fz,-0.02734375,10.3026457820856,7.76320944141492,7.44807299430196
VisualCogB_Task-2,2,1,Fz,-0.0234375,11.3958297679022,8.65668477021875,8.24460865608826
VisualCogB_Task-2,2,1,Fz,-0.01953125,12.1361249902587,9.20800887622829,8.95006191730378
VisualCogB_Task-2,2,1,Fz,-0.015625,12.5199790618285,9.80916656495201,9.56663597728378
VisualCogB_Task-2,2,1,Fz,-0.01171875,12.6452779159042,10.2089789478321,10.1180296152739
VisualCogB_Task-2,2,1,Fz,-0.0078125,12.6974623799615,10.5338262080707,10.6481524928255
VisualCogB_Task-2,2,1,Fz,-0.00390625,12.8976114364426,10.839093925277,11.2084933825363
VisualCogB_Task-2,2,1,Fz,0,13.4223633032508,11.2580971943019,11.8410138666081
VisualCogB_Task-2,2,1,Fz,0.00390625,14.3284655645768,12.00504152574,12.5568922391374
VisualCogB_Task-2,2,1,Fz,0.0078125,15.517069316678,13.0251285477846,13.3187304048621
VisualCogB_Task-2,2,1,Fz,0.01171875,16.7567685156622,14.3036375878467,14.0431427090702
VisualCogB_Task-2,2,1,Fz,0.015625,17.7629262171887,15.3692924075379,14.6222766756268
VisualCogB_Task-2,2,1,Fz,0.01953125,18.3076356967463,15.9834816594084,14.9699877349613
VisualCogB_Task-2,2,1,Fz,0.0234375,18.3135315914139,15.5030244544241,15.0623826284961
VisualCogB_Task-2,2,1,Fz,0.02734375,17.8832475414239,15.1021450523526,14.9600259246906
VisualCogB_Task-2,2,1,Fz,0.03125,17.2477193474784,14.6391863671072,14.760202344165
VisualCogB_Task-2,2,1,Fz,0.03515625,16.6633138974882,13.6746754928454,14.5720398681779
VisualCogB_Task-2,2,1,Fz,0.0390625,16.3137507676219,14.0652717883671,14.4945818132331
VisualCogB_Task-2,2,1,Fz,0.04296875,16.2612899188532,14.3877907369684,14.5520911312234
VisualCogB_Task-2,2,1,Fz,0.046875,16.4589329472623,14.699881622474,14.7330549386361
VisualCogB_Task-2,2,1,Fz,0.05078125,16.8057801052748,15.0300799995726,15.0122686524371
VisualCogB_Task-2,2,1,Fz,0.0546875,17.210857486643,15.1432274848396,15.3617632465792
VisualCogB_Task-2,2,1,Fz,0.05859375,17.6292519469075,15.8999102372464,15.7550539739426
VisualCogB_Task-2,2,1,Fz,0.0625,18.0538195791604,16.4991600727211,16.1474447739295
VisualCogB_Task-2,2,1,Fz,0.06640625,18.4794256633521,16.7537827301921,16.5063109412175
VisualCogB_Task-2,2,1,Fz,0.0703125,18.876803337446,16.631905200398,16.8283373787167
VisualCogB_Task-2,2,1,Fz,0.07421875,19.1992565354275,17.2043383919306,17.1308316384183
VisualCogB_Task-2,2,1,Fz,0.078125,19.4131003687618,17.4679285661904,17.4147319241205
VisualCogB_Task-2,2,1,Fz,0.08203125,19.5246314853046,17.6459592739104,17.6871020024139
VisualCogB_Task-2,2,1,Fz,0.0859375,19.5831751275185,18.0958250217086,17.9594386933953
VisualCogB_Task-2,2,1,Fz,0.08984375,19.6574824533108,18.081813375182,18.2398102564526
VisualCogB_Task-2,2,1,Fz,0.09375,19.7992701765022,18.5134064081957,18.5476504783331
VisualCogB_Task-2,2,1,Fz,0.09765625,20.0178277349638,18.6465789671652,18.8892267390117
VisualCogB_Task-2,2,1,Fz,0.1015625,20.284181666767,18.858156991203,19.2679527459518
VisualCogB_Task-2,2,1,Fz,0.10546875,20.5598223971962,19.8677960007583,19.6670215589629
VisualCogB_Task-2,2,1,Fz,0.109375,20.8240011899009,20.6175809244666,20.0354765916254
VisualCogB_Task-2,2,1,Fz,0.11328125,21.0788590277831,20.3931856487305,20.3390924610027
VisualCogB_Task-2,2,1,Fz,0.1171875,21.3357494148992,20.3499687741408,20.5921524785617
VisualCogB_Task-2,2,1,Fz,0.12109375,21.5992707278695,20.5967496184919,20.8134477214131
VisualCogB_Task-2,2,1,Fz,0.125,21.8580109789441,21.1036720896536,21.0015872912993
VisualCogB_Task-2,2,1,Fz,0.12890625,22.081825035349,21.3839535279961,21.1371221147192
VisualCogB_Task-2,2,1,Fz,0.1328125,22.2275302874737,21.2239524264688,21.2091101847012
VisualCogB_Task-2,2,1,Fz,0.13671875,22.2572957234344,21.5188263065256,21.2271787787135
VisualCogB_Task-2,2,1,Fz,0.140625,22.1649953582527,21.2990672644048,21.202192027705
VisualCogB_Task-2,2,1,Fz,0.14453125,21.9943251024659,21.1831304169606,21.1693180232754
VisualCogB_Task-2,2,1,Fz,0.1484375,21.8349577593894,21.0675476848465,21.1717977934162
VisualCogB_Task-2,2,1,Fz,0.15234375,21.7980157474253,20.7558198081787,21.2540233989261
VisualCogB_Task-2,2,1,Fz,0.15625,21.9827421105747,21.1854423163055,21.451699391556
VisualCogB_Task-2,2,1,Fz,0.16015625,22.4454520443045,21.7886423076592,21.7590133571615
VisualCogB_Task-2,2,1,Fz,0.1640625,23.1789874148669,22.2847918128881,22.1479647919938
VisualCogB_Task-2,2,1,Fz,0.16796875,24.1106684707722,22.4983670916236,22.5930222715123
VisualCogB_Task-2,2,1,Fz,0.171875,25.1211919816444,23.0805474035287,23.0800566229175
VisualCogB_Task-2,2,1,Fz,0.17578125,26.0751923152841,23.7014493251517,23.5870507417525
VisualCogB_Task-2,2,1,Fz,0.1796875,26.8502495717197,23.7940376742337,24.092028421945
VisualCogB_Task-2,2,1,Fz,0.18359375,27.360578293796,24.8739408067923,24.5825466727054
VisualCogB_Task-2,2,1,Fz,0.1875,27.5788118225235,25.266485069506,25.0213299409354
VisualCogB_Task-2,2,1,Fz,0.19140625,27.551871638981,25.9742921556928,25.3953855180434
VisualCogB_Task-2,2,1,Fz,0.1953125,27.3973249294443,25.8567514222855,25.7121502894857
VisualCogB_Task-2,2,1,Fz,0.19921875,27.2728633393393,25.7642007384721,26.0273033605227
VisualCogB_Task-2,2,1,Fz,0.203125,27.3285936262658,25.5772470284116,26.4085739308146
VisualCogB_Task-2,2,1,Fz,0.20703125,27.6603725732442,26.6880968094248,26.9017659815174
VisualCogB_Task-2,2,1,Fz,0.2109375,28.2783746994187,27.6356723276034,27.4834062519203
VisualCogB_Task-2,2,1,Fz,0.21484375,29.1008625869254,28.2649462761154,28.1122157169714
VisualCogB_Task-2,2,1,Fz,0.21875,29.9816448894624,28.621203131032,28.759604191259
VisualCogB_Task-2,2,1,Fz,0.22265625,30.7695511738169,29.9259846826866,29.4097090359668
VisualCogB_Task-2,2,1,Fz,0.2265625,31.3779513866437,30.0049832685036,30.0351341905928
VisualCogB_Task-2,2,1,Fz,0.23046875,31.8288055787232,30.5107772405462,30.6515065651951
VisualCogB_Task-2,2,1,Fz,0.234375,32.2436466827753,31.1370665489786,31.271940492991
VisualCogB_Task-2,2,1,Fz,0.23828125,32.780542851065,31.8670266902441,31.897822863477
VisualCogB_Task-2,2,1,Fz,0.2421875,33.5464397764793,32.1252482480121,32.5193010708153
VisualCogB_Task-2,2,1,Fz,0.24609375,34.5312968718696,33.2225925678194,33.1239561613984
VisualCogB_Task-2,2,1,Fz,0.25,35.6022363973038,33.8950310809979,33.6665314463856
VisualCogB_Task-2,2,1,Fz,0.25390625,36.5629047689557,34.4688258107801,34.109989937471
VisualCogB_Task-2,2,1,Fz,0.2578125,37.2440782051702,35.4422576512926,34.4363362825666
VisualCogB_Task-2,2,1,Fz,0.26171875,37.5758117878863,35.0486336615481,34.6574781190265
VisualCogB_Task-2,2,1,Fz,0.265625,37.6112463639805,34.1963195534872,34.8691498649323
VisualCogB_Task-2,2,1,Fz,0.26953125,37.5045220912732,34.4435066712107,35.1996822335756
VisualCogB_Task-2,2,1,Fz,0.2734375,37.4605247875,35.4329680129978,35.7213367456273
VisualCogB_Task-2,2,1,Fz,0.27734375,37.6733584503663,36.1920880249074,36.4433602915617
VisualCogB_Task-2,2,1,Fz,0.28125,38.2704128851149,36.9527996394122,37.3509690341336
VisualCogB_Task-2,2,1,Fz,0.28515625,39.2780093748076,38.0807049989081,38.4084397805434
VisualCogB_Task-2,2,1,Fz,0.2890625,40.6136846602957,39.7085878573342,39.5468685550981
VisualCogB_Task-2,2,1,Fz,0.29296875,42.1003214765283,41.0228057208125,40.6700401503017
VisualCogB_Task-2,2,1,Fz,0.296875,43.5026113381357,42.1565175016184,41.6952159671777
VisualCogB_Task-2,2,1,Fz,0.30078125,44.592622245394,43.0791392877074,42.5690545376258
VisualCogB_Task-2,2,1,Fz,0.3046875,45.234729603196,43.5222986476513,43.2766561880821
VisualCogB_Task-2,2,1,Fz,0.30859375,45.4500952307408,43.9302466247533,43.8456283074897
VisualCogB_Task-2,2,1,Fz,0.3125,45.4154041435133,44.5070529356595,44.3240484897559
VisualCogB_Task-2,2,1,Fz,0.31640625,45.3866687810301,44.3485160529153,44.7670458552262
VisualCogB_Task-2,2,1,Fz,0.3203125,45.587223032776,44.4576092984195,45.2449998947384
VisualCogB_Task-2,2,1,Fz,0.32421875,46.1185077328978,45.4356381901017,45.7934126156044
VisualCogB_Task-2,2,1,Fz,0.328125,46.9345416859796,46.4696804199317,46.3821701421093
VisualCogB_Task-2,2,1,Fz,0.33203125,47.8865811889307,47.339841003368,46.9513440630798
VisualCogB_Task-2,2,1,Fz,0.3359375,48.8111897356605,47.8746979989228,47.4482984904943
VisualCogB_Task-2,2,1,Fz,0.33984375,49.6126161368114,47.8998647559933,47.8527722813554
VisualCogB_Task-2,2,1,Fz,0.34375,50.293175902579,48.2574998783732,48.1800375850345
VisualCogB_Task-2,2,1,Fz,0.34765625,50.9194625518147,48.5665308589639,48.4492909237897
VisualCogB_Task-2,2,1,Fz,0.3515625,51.5553185638126,48.5282267268937,48.6861840109905
VisualCogB_Task-2,2,1,Fz,0.35546875,52.2096696211528,48.5878422038584,48.9261385546044
VisualCogB_Task-2,2,1,Fz,0.359375,52.8287136186752,48.8285864618632,49.1914131555907
VisualCogB_Task-2,2,1,Fz,0.36328125,53.3290301219594,48.9616424254017,49.4760750523465
VisualCogB_Task-2,2,1,Fz,0.3671875,53.6455684815801,50.0864214479108,49.7439559254583
VisualCogB_Task-2,2,1,Fz,0.37109375,53.7645080001555,50.2923071368264,49.9160180699339
VisualCogB_Task-2,2,1,Fz,0.375,53.72328205065,50.4922937239557,49.9417625743187
VisualCogB_Task-2,2,1,Fz,0.37890625,53.5825206521234,50.3592327264731,49.8020479493991
VisualCogB_Task-2,2,1,Fz,0.3828125,53.3938471327848,49.5048476546268,49.5236103017648
VisualCogB_Task-2,2,1,Fz,0.38671875,53.1869514903542,48.8866202128131,49.1796178027614
VisualCogB_Task-2,2,1,Fz,0.390625,52.9788286202245,48.6142054248593,48.8416750698065
VisualCogB_Task-2,2,1,Fz,0.39453125,52.7885976561239,48.5580132191872,48.5569702544886
VisualCogB_Task-2,2,1,Fz,0.3984375,52.6413822959081,47.9376399448414,48.3537357046506
VisualCogB_Task-2,2,1,Fz,0.40234375,52.5590105525969,47.8781903386837,48.2602906818602
VisualCogB_Task-2,2,1,Fz,0.40625,52.5465897521983,48.2324282652131,48.2702798010345
VisualCogB_Task-2,2,1,Fz,0.41015625,52.5863183577098,48.7639997453712,48.3455059818256
VisualCogB_Task-2,2,1,Fz,0.4140625,52.6471656948738,48.9998723344657,48.444617849234
VisualCogB_Task-2,2,1,Fz,0.41796875,52.710823740384,48.9342344611143,48.5611385085556
VisualCogB_Task-2,2,1,Fz,0.421875,52.7998718300363,48.863445828872,48.7348622721889
VisualCogB_Task-2,2,1,Fz,0.42578125,52.9849042577964,48.7585586950599,49.0366747819124
VisualCogB_Task-2,2,1,Fz,0.4296875,53.3576049563874,48.9331829381695,49.5481769758947
VisualCogB_Task-2,2,1,Fz,0.43359375,53.9818844285925,49.5027091946415,50.3277934517334
VisualCogB_Task-2,2,1,Fz,0.4375,54.8531533189696,50.5567973870403,51.3826993038823
VisualCogB_Task-2,2,1,Fz,0.44140625,55.8909865043567,52.3037365044373,52.651312605371
VisualCogB_Task-2,2,1,Fz,0.4453125,56.9690570620441,54.5460883585737,54.0032262694921
VisualCogB_Task-2,2,1,Fz,0.44921875,57.9657460694788,55.9178101923313,55.2790685344605
VisualCogB_Task-2,2,1,Fz,0.453125,58.8091508661938,57.0719728544066,56.3647061459143
VisualCogB_Task-2,2,1,Fz,0.45703125,59.4926640660811,58.0194049679773,57.1992343209811
VisualCogB_Task-2,2,1,Fz,0.4609375,60.0541707131698,58.3054832743242,57.7806871691628
VisualCogB_Task-2,2,1,Fz,0.46484375,60.5388406149742,58.2678079283033,58.1754463538775
VisualCogB_Task-2,2,1,Fz,0.46875,60.9796594008746,58.0940858985257,58.4936265473068
VisualCogB_Task-2,2,1,Fz,0.47265625,61.4113119662994,58.3245640117824,58.8530392195012
VisualCogB_Task-2,2,1,Fz,0.4765625,61.8969518210438,58.9217228774889,59.3382007864461
VisualCogB_Task-2,2,1,Fz,0.48046875,62.5316580790886,59.7833386228316,59.9895880634834
VisualCogB_Task-2,2,1,Fz,0.484375,63.4070892060792,60.8993111453262,60.8129713735421
VisualCogB_Task-2,2,1,Fz,0.48828125,64.5571313120433,61.9396888347281,61.7969335861637
VisualCogB_Task-2,2,1,Fz,0.4921875,65.9226147234609,62.9356137361699,62.9372525518713
VisualCogB_Task-2,2,1,Fz,0.49609375,67.3641316793974,64.0339415072067,64.2416023919019
VisualCogB_Task-2,2,1,Fz,0.5,68.7250760879512,65.4803231127117,65.7175206595175
VisualCogB_Task-2,2,1,Fz,0.50390625,69.9155010242366,67.7090131365925,67.3552398342553
VisualCogB_Task-2,2,1,Fz,0.5078125,70.9682152937505,69.6969580143729,69.1252259334187
VisualCogB_Task-2,2,1,Fz,0.51171875,72.0303719997556,71.1880903554289,71.0274260828393
VisualCogB_Task-2,2,1,Fz,0.515625,73.2945253781918,72.3715129173572,73.1094317484281
VisualCogB_Task-2,2,1,Fz,0.51953125,74.911627587047,74.7517429619294,75.4322230854785
VisualCogB_Task-2,2,1,Fz,0.5234375,76.9340611321143,77.9344291644914,77.9952870133613
VisualCogB_Task-2,2,1,Fz,0.52734375,79.3102413537366,80.5779790730551,80.7414037744851
VisualCogB_Task-2,2,1,Fz,0.53125,81.9204676890601,83.6837911190174,83.6082821238523
VisualCogB_Task-2,2,1,Fz,0.53515625,84.62925243595,86.8193528205588,86.5200120913463
VisualCogB_Task-2,2,1,Fz,0.5390625,87.3320502555999,89.8820946130404,89.4069761231143
VisualCogB_Task-2,2,1,Fz,0.54296875,89.9818980414383,92.7888382860391,92.224501726071
VisualCogB_Task-2,2,1,Fz,0.546875,92.5890880473659,95.003336005271,94.9675096146251
VisualCogB_Task-2,2,1,Fz,0.55078125,95.1968913975541,97.3986350574881,97.6779485498491
VisualCogB_Task-2,2,1,Fz,0.5546875,97.8462915325371,100.014059404161,100.40075282537
VisualCogB_Task-2,2,1,Fz,0.55859375,100.547032352518,103.001448812023,103.15758061045
VisualCogB_Task-2,2,1,Fz,0.5625,103.269815803931,105.807492614563,105.937865622584
VisualCogB_Task-2,2,1,Fz,0.56640625,105.964912723299,108.81249805324,108.718030596068
VisualCogB_Task-2,2,1,Fz,0.5703125,108.594446331595,111.597496508168,111.463633847858
VisualCogB_Task-2,2,1,Fz,0.57421875,111.150269618986,114.168755875424,114.14810598301
VisualCogB_Task-2,2,1,Fz,0.578125,113.638665107783,116.982714492957,116.756032828273
VisualCogB_Task-2,2,1,Fz,0.58203125,116.046756230797,119.263497781946,119.273721034764
VisualCogB_Task-2,2,1,Fz,0.5859375,118.328642787627,121.774328102114,121.706367392321
VisualCogB_Task-2,2,1,Fz,0.58984375,120.433289321011,124.312765307911,124.058316753051
VisualCogB_Task-2,2,1,Fz,0.59375,122.356197091216,126.523468513262,126.339577361541
VisualCogB_Task-2,2,1,Fz,0.59765625,124.172808117808,128.539926785511,128.581361508616
VisualCogB_Task-2,2,1,Fz,0.6015625,126.023656207518,130.514013407855,130.830205747747
VisualCogB_Task-2,2,1,Fz,0.60546875,128.055004527344,132.706435397238,133.129193738811
VisualCogB_Task-2,2,1,Fz,0.609375,130.347111550535,135.175239669838,135.495059780028
VisualCogB_Task-2,2,1,Fz,0.61328125,132.870247116362,137.850611562452,137.909308307818
VisualCogB_Task-2,2,1,Fz,0.6171875,135.494335366079,140.444248551607,140.326792082756
VisualCogB_Task-2,2,1,Fz,0.62109375,138.047553431269,142.834495655586,142.697472469966
VisualCogB_Task-2,2,1,Fz,0.625,140.389808730535,145.169711135705,144.981098873645
VisualCogB_Task-2,2,1,Fz,0.62890625,142.461517625212,147.261400631685,147.14883929679
VisualCogB_Task-2,2,1,Fz,0.6328125,144.290172769135,149.086926695707,149.187579430905
VisualCogB_Task-2,2,1,Fz,0.63671875,145.963750890101,150.834452470073,151.093585078733
VisualCogB_Task-2,2,1,Fz,0.640625,147.589345924134,152.782077348951,152.854734315086
VisualCogB_Task-2,2,1,Fz,0.64453125,149.25154245004,154.645673757399,154.437310830719
VisualCogB_Task-2,2,1,Fz,0.6484375,150.982671443686,155.794793960571,155.801543569211
VisualCogB_Task-2,2,1,Fz,0.65234375,152.755834284354,157.175655256077,156.925025051363
VisualCogB_Task-2,2,1,Fz,0.65625,154.501965478862,157.856406571249,157.784785330588
VisualCogB_Task-2,2,1,Fz,0.66015625,156.138004199134,158.618820802595,158.378740310694
VisualCogB_Task-2,2,1,Fz,0.6640625,157.589740622566,159.092200786018,158.710774332211
VisualCogB_Task-2,2,1,Fz,0.66796875,158.803788831483,158.963348728428,158.804778443324
VisualCogB_Task-2,2,1,Fz,0.671875,159.754122281851,158.675897150697,158.71642923004
VisualCogB_Task-2,2,1,Fz,0.67578125,160.448445963433,158.486833191012,158.514617468787
VisualCogB_Task-2,2,1,Fz,0.6796875,160.933604116279,158.408569066159,158.264856262718
VisualCogB_Task-2,2,1,Fz,0.68359375,161.295195098074,157.77992438727,158.0303433585
VisualCogB_Task-2,2,1,Fz,0.6875,161.644505997385,157.210201578568,157.886252569759
VisualCogB_Task-2,2,1,Fz,0.69140625,162.087707564615,157.588067523328,157.886889462514
VisualCogB_Task-2,2,1,Fz,0.6953125,162.684631256419,157.703312833491,158.030222020186
VisualCogB_Task-2,2,1,Fz,0.69921875,163.421841817967,158.097662788727,158.289316397933
VisualCogB_Task-2,2,1,Fz,0.703125,164.225260376373,158.573103766926,158.609996318684
VisualCogB_Task-2,2,1,Fz,0.70703125,165.01047946604,159.340588948487,158.922114371272
VisualCogB_Task-2,2,1,Fz,0.7109375,165.736855302216,160.669412345693,159.152448765213
VisualCogB_Task-2,2,1,Fz,0.71484375,166.427904190836,159.397472950852,159.26265059146
VisualCogB_Task-2,2,1,Fz,0.71875,167.147605739838,158.389248892619,159.340784572671
VisualCogB_Task-2,2,1,Fz,0.72265625,167.950671996327,158.110312847792,159.486150628121
VisualCogB_Task-2,2,1,Fz,0.7265625,168.83456647542,158.607304522091,159.718754037081
VisualCogB_Task-2,2,1,Fz,0.73046875,169.717699023357,160.393096155565,159.943946930461
VisualCogB_Task-2,2,1,Fz,0.734375,170.457801986638,160.786132807293,159.974460646253
VisualCogB_Task-2,2,1,Fz,0.73828125,170.903079501066,160.112923618498,159.660455624544
VisualCogB_Task-2,2,1,Fz,0.7421875,170.946181591182,159.355537797519,158.919731652172
VisualCogB_Task-2,2,1,Fz,0.74609375,170.551474720507,158.385474121609,157.70779418214
VisualCogB_Task-2,2,1,Fz,0.75,169.751039704562,157.021776696378,156.016465846228
VisualCogB_Task-2,2,1,Fz,0.75390625,168.625650195977,154.727531582196,153.894042604507
VisualCogB_Task-2,2,1,Fz,0.7578125,167.28530188154,151.741715145818,151.472596321223
VisualCogB_Task-2,2,1,Fz,0.76171875,165.852866149575,149.097084673824,148.953656275435
VisualCogB_Task-2,2,1,Fz,0.765625,164.449952952243,146.13787318011,146.561178314915
VisualCogB_Task-2,2,1,Fz,0.76953125,163.182573928157,142.859887498401,144.531070653967
VisualCogB_Task-2,2,1,Fz,0.7734375,162.121839778644,141.021214660225,143.063966078995
VisualCogB_Task-2,2,1,Fz,0.77734375,161.280881767773,140.963996348877,142.22123211344
VisualCogB_Task-2,2,1,Fz,0.78125,160.603991616755,141.656339081009,141.894006995846
VisualCogB_Task-2,2,1,Fz,0.78515625,159.987152934884,142.735861688155,141.868659317708
VisualCogB_Task-2,2,1,Fz,0.7890625,159.327770138862,143.557560483253,141.911752010952
VisualCogB_Task-2,2,1,Fz,0.79296875,158.575152756632,142.727759398174,141.86211487171
VisualCogB_Task-2,2,1,Fz,0.796875,157.7505551827,141.941899261465,141.695728402135
VisualCogB_Task-2,2,1,Fz,0.80078125,156.926646740981,140.637128736599,141.460710148256
VisualCogB_Task-2,2,1,F3,-0.19921875,-12.0893816376158,-9.38267885180615,-9.28306969577342
VisualCogB_Task-2,2,1,F3,-0.1953125,-11.6935780544762,-9.16205113885996,-9.28575182754088
VisualCogB_Task-2,2,1,F3,-0.19140625,-11.3053266661482,-8.86053475500293,-9.29673472231107
VisualCogB_Task-2,2,1,F3,-0.1875,-10.8840044298977,-9.51961908358548,-9.31401075236332
VisualCogB_Task-2,2,1,F3,-0.18359375,-10.4352603320196,-9.22803337151801,-9.29922229270127
VisualCogB_Task-2,2,1,F3,-0.1796875,-10.0123534031966,-9.28479163490923,-9.23114574593041
VisualCogB_Task-2,2,1,F3,-0.17578125,-9.67168942867316,-9.11486725363884,-9.08262510455762
VisualCogB_Task-2,2,1,F3,-0.171875,-9.41054545035444,-9.09282647712399,-8.83097485183804
VisualCogB_Task-2,2,1,F3,-0.16796875,-9.13970874799917,-8.62006184337559,-8.45619631678355
VisualCogB_Task-2,2,1,F3,-0.1640625,-8.72064192121717,-8.09608871763509,-7.96011179717989
VisualCogB_Task-2,2,1,F3,-0.16015625,-8.04546078119764,-7.69618461155635,-7.3581990513621
VisualCogB_Task-2,2,1,F3,-0.15625,-7.10525360403223,-6.70419528903012,-6.67726724770318
VisualCogB_Task-2,2,1,F3,-0.15234375,-6.00288922411192,-5.67993552440001,-5.97229101792564
VisualCogB_Task-2,2,1,F3,-0.1484375,-4.90591800421101,-5.09826378428479,-5.3004889971959
VisualCogB_Task-2,2,1,F3,-0.14453125,-3.97113496217314,-4.45144939841364,-4.69471686288658
VisualCogB_Task-2,2,1,F3,-0.140625,-3.28212374186526,-3.83681225851221,-4.17097819129437
VisualCogB_Task-2,2,1,F3,-0.13671875,-2.82503501964696,-3.49837196831142,-3.72500427000989
VisualCogB_Task-2,2,1,F3,-0.1328125,-2.50516536966393,-3.49678023593039,-3.32467922555858
VisualCogB_Task-2,2,1,F3,-0.12890625,-2.1939661535955,-3.30066342000465,-2.91900115932433
VisualCogB_Task-2,2,1,F3,-0.125,-1.78959856892338,-2.83144639388794,-2.47130992355537
VisualCogB_Task-2,2,1,F3,-0.12109375,-1.26497859757662,-2.08830022396285,-1.97675055888994
VisualCogB_Task-2,2,1,F3,-0.1171875,-0.674607748658424,-1.3830611664467,-1.46047947849399
VisualCogB_Task-2,2,1,F3,-0.11328125,-0.112507545397654,-0.65351791750434,-0.95694890095623
VisualCogB_Task-2,2,1,F3,-0.109375,0.350143129818668,-0.270042453425573,-0.494159518861417
VisualCogB_Task-2,2,1,F3,-0.10546875,0.702522723445575,-0.021346618336499,-0.0748261095066526
VisualCogB_Task-2,2,1,F3,-0.1015625,0.984912201801077,0.156793994025055,0.317012971930615
VisualCogB_Task-2,2,1,F3,-0.09765625,1.25036342004207,0.419519939455356,0.701775994537118
VisualCogB_Task-2,2,1,F3,-0.09375,1.53108051862626,0.914497127960031,1.08652964590746
VisualCogB_Task-2,2,1,F3,-0.08984375,1.82706994844883,1.4240547364996,1.45481927571275
VisualCogB_Task-2,2,1,F3,-0.0859375,2.11231359074659,1.8691426020311,1.77585419046184
VisualCogB_Task-2,2,1,F3,-0.08203125,2.34772745092624,2.24741742832307,2.01627998506246
VisualCogB_Task-2,2,1,F3,-0.078125,2.49605623561192,2.52671416212326,2.15051628871979
VisualCogB_Task-2,2,1,F3,-0.07421875,2.53757615513339,2.62414792490781,2.17224418424406
VisualCogB_Task-2,2,1,F3,-0.0703125,2.48433346265092,2.41319945652985,2.10649457722914
VisualCogB_Task-2,2,1,F3,-0.06640625,2.38864923447893,1.90746370310224,2.01595701832417
VisualCogB_Task-2,2,1,F3,-0.0625,2.33925825126675,1.71312189960381,1.98887979812006
VisualCogB_Task-2,2,1,F3,-0.05859375,2.43900642406531,1.59129777738331,2.10447009760587
VisualCogB_Task-2,2,1,F3,-0.0546875,2.76914435427953,1.96209926966708,2.41895527289431
VisualCogB_Task-2,2,1,F3,-0.05078125,3.36118198879588,2.78716626403912,2.94579832007956
VisualCogB_Task-2,2,1,F3,-0.046875,4.19652977687096,3.69326722220111,3.6603909016535
VisualCogB_Task-2,2,1,F3,-0.04296875,5.2299671746014,4.64924295081471,4.52490534210467
VisualCogB_Task-2,2,1,F3,-0.0390625,6.41099549659176,5.19802861812857,5.50425365930056
VisualCogB_Task-2,2,1,F3,-0.03515625,7.68434856294034,6.13072815086877,6.57370933850118
VisualCogB_Task-2,2,1,F3,-0.03125,8.9771086949034,7.77223310725075,7.68302711153552
VisualCogB_Task-2,2,1,F3,-0.02734375,10.1924982214678,9.46607941400092,8.74504661126321
VisualCogB_Task-2,2,1,F3,-0.0234375,11.221277483166,10.1962082142239,9.68004130352015
VisualCogB_Task-2,2,1,F3,-0.01953125,11.9700281016778,10.6766673893948,10.468370721037
VisualCogB_Task-2,2,1,F3,-0.015625,12.3998795695245,11.3832058282407,11.1334083057699
VisualCogB_Task-2,2,1,F3,-0.01171875,12.5600769117831,11.6740235096281,11.7158855553713
VisualCogB_Task-2,2,1,F3,-0.0078125,12.5916165359809,11.7542953531105,12.2773504276995
VisualCogB_Task-2,2,1,F3,-0.00390625,12.6854637730062,12.2051409747296,12.8758623768011
VisualCogB_Task-2,2,1,F3,0,13.0075481960165,13.1154887841095,13.5258929338402
VisualCogB_Task-2,2,1,F3,0.00390625,13.6242665806644,14.0454649743685,14.1860201798081
VisualCogB_Task-2,2,1,F3,0.0078125,14.4621908162686,14.8885897268382,14.7806218498854
VisualCogB_Task-2,2,1,F3,0.01171875,15.3223102725809,15.7266220595563,15.222362745466
VisualCogB_Task-2,2,1,F3,0.015625,15.9514950122702,16.1884500898102,15.4329049910233
VisualCogB_Task-2,2,1,F3,0.01953125,16.1497267188017,16.0257348532815,15.375932320538
VisualCogB_Task-2,2,1,F3,0.0234375,15.8658840540887,15.4367637109977,15.0780905595565
VisualCogB_Task-2,2,1,F3,0.02734375,15.2290585220491,14.5540364952266,14.6201757446872
VisualCogB_Task-2,2,1,F3,0.03125,14.4923037833367,13.8838468605035,14.1128733418253
VisualCogB_Task-2,2,1,F3,0.03515625,13.917084835986,12.9989307928228,13.661357212744
VisualCogB_Task-2,2,1,F3,0.0390625,13.6626846477717,12.6820674708925,13.3517156791067
VisualCogB_Task-2,2,1,F3,0.04296875,13.7387380284615,12.7809690861269,13.2148348609165
VisualCogB_Task-2,2,1,F3,0.046875,14.0377972147903,13.067609703464,13.2257968608254
VisualCogB_Task-2,2,1,F3,0.05078125,14.419114983803,13.6564457772977,13.3235283002528
VisualCogB_Task-2,2,1,F3,0.0546875,14.7904081772624,14.1455453567433,13.4337735375047
VisualCogB_Task-2,2,1,F3,0.05859375,15.1402126335775,13.8693836465334,13.5100200539742
VisualCogB_Task-2,2,1,F3,0.0625,15.5074449513212,13.3952836767968,13.5650696493243
VisualCogB_Task-2,2,1,F3,0.06640625,15.9194484982228,13.1918997692979,13.6416710892646
VisualCogB_Task-2,2,1,F3,0.0703125,16.3511245213916,13.4170544534451,13.7684243084607
VisualCogB_Task-2,2,1,F3,0.07421875,16.7355675193605,13.9053985505676,13.9364482982475
VisualCogB_Task-2,2,1,F3,0.078125,17.0124210390834,14.0742103686898,14.1075812287089
VisualCogB_Task-2,2,1,F3,0.08203125,17.174007507528,14.4690032562395,14.2410737909552
VisualCogB_Task-2,2,1,F3,0.0859375,17.2758772544432,14.8067675864534,14.2933957710953
VisualCogB_Task-2,2,1,F3,0.08984375,17.4039265843965,14.4990096279441,14.240011077345
VisualCogB_Task-2,2,1,F3,0.09375,17.618597783683,14.2789612686018,14.0991646025332
VisualCogB_Task-2,2,1,F3,0.09765625,17.9148912964255,13.564774653323,13.9106844520391
VisualCogB_Task-2,2,1,F3,0.1015625,18.2286514491554,13.6364696848374,13.7293817867471
VisualCogB_Task-2,2,1,F3,0.10546875,18.483487470171,13.4156269046852,13.5812419509823
VisualCogB_Task-2,2,1,F3,0.109375,18.6395080079692,12.9500469479492,13.4845076139104
VisualCogB_Task-2,2,1,F3,0.11328125,18.7085230670217,13.4618772754702,13.4436201908392
VisualCogB_Task-2,2,1,F3,0.1171875,18.7335811530685,13.6970663618321,13.4184827082464
VisualCogB_Task-2,2,1,F3,0.12109375,18.7558440087306,13.4121235058943,13.3705196163288
VisualCogB_Task-2,2,1,F3,0.125,18.7902187130832,13.3127630844252,13.2843706697487
VisualCogB_Task-2,2,1,F3,0.12890625,18.8181654122026,13.4920007626245,13.1481426139656
VisualCogB_Task-2,2,1,F3,0.1328125,18.7986864054448,13.1032514575855,12.9523082289954
VisualCogB_Task-2,2,1,F3,0.13671875,18.6942365627901,12.7035227929111,12.7159951405755
VisualCogB_Task-2,2,1,F3,0.140625,18.5001954100192,12.3047780503994,12.4709095768257
VisualCogB_Task-2,2,1,F3,0.14453125,18.2608086626931,12.2675005438257,12.2477184035607
VisualCogB_Task-2,2,1,F3,0.1484375,18.0613653821964,12.0582761516257,12.0632441927261
VisualCogB_Task-2,2,1,F3,0.15234375,18.0014282208716,11.9020172802094,11.9359580279563
VisualCogB_Task-2,2,1,F3,0.15625,18.1626674127939,11.2557888546332,11.8839169894608
VisualCogB_Task-2,2,1,F3,0.16015625,18.5825165371612,11.415120800342,11.9223497618032
VisualCogB_Task-2,2,1,F3,0.1640625,19.2399150843964,11.9799217251694,12.0141410183118
VisualCogB_Task-2,2,1,F3,0.16796875,20.057533023727,12.4652640371428,12.079906352193
VisualCogB_Task-2,2,1,F3,0.171875,20.9210333868868,12.7106573693505,12.0374097488913
VisualCogB_Task-2,2,1,F3,0.17578125,21.7078126138667,12.6437306346423,11.8365283342637
VisualCogB_Task-2,2,1,F3,0.1796875,22.3144545382601,12.1806413718852,11.4832432025387
VisualCogB_Task-2,2,1,F3,0.18359375,22.678351124921,11.2490690186589,11.0508023063099
VisualCogB_Task-2,2,1,F3,0.1875,22.793743569836,10.0393018706544,10.670570112283
VisualCogB_Task-2,2,1,F3,0.19140625,22.717872389877,9.45316482542443,10.4904333131926
VisualCogB_Task-2,2,1,F3,0.1953125,22.5588573657657,9.57324673263609,10.6056729149712
VisualCogB_Task-2,2,1,F3,0.19921875,22.4450930394511,10.5224917239103,11.0251308829038
VisualCogB_Task-2,2,1,F3,0.203125,22.48896099912,11.7422495243071,11.6716136670809
VisualCogB_Task-2,2,1,F3,0.20703125,22.7587692990847,12.811559430746,12.4260411210101
VisualCogB_Task-2,2,1,F3,0.2109375,23.2628820453371,13.5505858515216,13.1752194196345
VisualCogB_Task-2,2,1,F3,0.21484375,23.9456997161781,14.2097565305768,13.8380812637086
VisualCogB_Task-2,2,1,F3,0.21875,24.7000817168162,14.7305828199556,14.3648398899774
VisualCogB_Task-2,2,1,F3,0.22265625,25.4006282321991,15.176388118923,14.7366814740917
VisualCogB_Task-2,2,1,F3,0.2265625,25.9501891890497,15.1999735424051,14.9652707692004
VisualCogB_Task-2,2,1,F3,0.23046875,26.3188261130225,14.9770722377938,15.0989147488551
VisualCogB_Task-2,2,1,F3,0.234375,26.5532252829824,14.9766091762646,15.2054789510408
VisualCogB_Task-2,2,1,F3,0.23828125,26.7483927613695,15.01052733153,15.3426753711544
VisualCogB_Task-2,2,1,F3,0.2421875,26.9952870018149,15.1554230227132,15.5491435233615
VisualCogB_Task-2,2,1,F3,0.24609375,27.3342275935793,15.4168102923299,15.8358439185252
VisualCogB_Task-2,2,1,F3,0.25,27.7415264255642,16.3065386632564,16.1809270257884
VisualCogB_Task-2,2,1,F3,0.25390625,28.1542890404908,16.7765977245155,16.5276238454441
VisualCogB_Task-2,2,1,F3,0.2578125,28.5122233755231,17.0888406302274,16.8296330142411
VisualCogB_Task-2,2,1,F3,0.26171875,28.7889026375245,17.3153886513165,17.061400992184
VisualCogB_Task-2,2,1,F3,0.265625,29.0014079661237,17.4638411051279,17.2189748739431
VisualCogB_Task-2,2,1,F3,0.26953125,29.2040948012837,17.473032320591,17.3195673924497
VisualCogB_Task-2,2,1,F3,0.2734375,29.4736343635643,17.4171117204942,17.4007967999003
VisualCogB_Task-2,2,1,F3,0.27734375,29.8887050553128,17.3874145885729,17.5130700925035
VisualCogB_Task-2,2,1,F3,0.28125,30.5090951192353,17.5065702044838,17.7081538431838
VisualCogB_Task-2,2,1,F3,0.28515625,31.3576021689781,17.8678465202014,18.0273433328715
VisualCogB_Task-2,2,1,F3,0.2890625,32.401783787969,18.1580813930164,18.4951352059387
VisualCogB_Task-2,2,1,F3,0.29296875,33.5378362531772,18.7467525128445,19.1227347057015
VisualCogB_Task-2,2,1,F3,0.296875,34.5978487997692,19.485403564621,19.8932592577327
VisualCogB_Task-2,2,1,F3,0.30078125,35.4034938477928,20.8400262652328,20.7584944382
VisualCogB_Task-2,2,1,F3,0.3046875,35.8529671820156,22.1329704050814,21.6362378488455
VisualCogB_Task-2,2,1,F3,0.30859375,35.9857175549792,22.9446305822109,22.4510814103305
VisualCogB_Task-2,2,1,F3,0.3125,35.972970731265,23.2687865580192,23.1690114230025
VisualCogB_Task-2,2,1,F3,0.31640625,36.034453723059,23.5514928063776,23.7971432848659
VisualCogB_Task-2,2,1,F3,0.3203125,36.332977285457,24.1068524694061,24.3509069885097
VisualCogB_Task-2,2,1,F3,0.32421875,36.9066610300892,24.8152929595391,24.8252616533156
VisualCogB_Task-2,2,1,F3,0.328125,37.6687809160783,25.6564735262769,25.1948285220733
VisualCogB_Task-2,2,1,F3,0.33203125,38.4672427054165,25.9917252741198,25.4333981130912
VisualCogB_Task-2,2,1,F3,0.3359375,39.1686503626001,25.7868187683958,25.5532313616944
VisualCogB_Task-2,2,1,F3,0.33984375,39.7212724338269,25.2505763537854,25.6131164666274
VisualCogB_Task-2,2,1,F3,0.34375,40.1623109076216,25.1110156181605,25.6913072438596
VisualCogB_Task-2,2,1,F3,0.34765625,40.5693443530318,25.4157277559483,25.8358458332903
VisualCogB_Task-2,2,1,F3,0.3515625,40.9942998793551,25.6048036749352,26.0464167393437
VisualCogB_Task-2,2,1,F3,0.35546875,41.4278754547479,26.1704753187676,26.2876946266657
VisualCogB_Task-2,2,1,F3,0.359375,41.8134067016218,26.6820203446963,26.4875530712015
VisualCogB_Task-2,2,1,F3,0.36328125,42.0902588132022,26.9932129711699,26.5640973732379
VisualCogB_Task-2,2,1,F3,0.3671875,42.2311955304989,27.1245914336025,26.4516384391865
VisualCogB_Task-2,2,1,F3,0.37109375,42.250388563693,26.6540269556897,26.1202468086197
VisualCogB_Task-2,2,1,F3,0.375,42.1822179384266,25.7647576524768,25.5960724373113
VisualCogB_Task-2,2,1,F3,0.37890625,42.0509412682111,24.9625294098497,24.9497469599577
VisualCogB_Task-2,2,1,F3,0.3828125,41.8576868966371,24.1723030708793,24.2659591125188
VisualCogB_Task-2,2,1,F3,0.38671875,41.5966599828668,23.5061334635533,23.6304628351125
VisualCogB_Task-2,2,1,F3,0.390625,41.2851841495505,22.9490271990242,23.1212073977199
VisualCogB_Task-2,2,1,F3,0.39453125,40.9781751416309,22.4718533363393,22.8057812893588
VisualCogB_Task-2,2,1,F3,0.3984375,40.7513941862425,22.2563680218344,22.7374246491557
VisualCogB_Task-2,2,1,F3,0.40234375,40.6635594007718,22.3248964311498,22.9415502868189
VisualCogB_Task-2,2,1,F3,0.40625,40.7217683545319,22.6207115117932,23.4034829597799
VisualCogB_Task-2,2,1,F3,0.41015625,40.8720519908624,24.3639585468921,24.0571596041643
VisualCogB_Task-2,2,1,F3,0.4140625,41.0232286627959,25.3948977759632,24.7712862020991
VisualCogB_Task-2,2,1,F3,0.41796875,41.0940816585649,26.136515152208,25.4401353142715
VisualCogB_Task-2,2,1,F3,0.421875,41.0601428161511,26.6172244725072,26.0099471325245
VisualCogB_Task-2,2,1,F3,0.42578125,40.9751470880031,26.9389846656591,26.484993501862
VisualCogB_Task-2,2,1,F3,0.4296875,40.953774008882,26.8758877408848,26.920152712287
VisualCogB_Task-2,2,1,F3,0.43359375,41.1215384832301,27.031768969052,27.4081356507851
VisualCogB_Task-2,2,1,F3,0.4375,41.5565825761348,27.7086821126346,28.0379644567252
VisualCogB_Task-2,2,1,F3,0.44140625,42.2545340937513,28.2993927462536,28.867297379332
VisualCogB_Task-2,2,1,F3,0.4453125,43.1344831140616,29.2549965477984,29.926352472489
VisualCogB_Task-2,2,1,F3,0.44921875,44.0799855655642,30.7426412649304,31.19802240399
VisualCogB_Task-2,2,1,F3,0.453125,44.9897996513709,32.548501529664,32.6092535145712
VisualCogB_Task-2,2,1,F3,0.45703125,45.8084503569478,34.2998878324731,34.0490437167137
VisualCogB_Task-2,2,1,F3,0.4609375,46.5209457488376,35.9737881220557,35.4013282574899
VisualCogB_Task-2,2,1,F3,0.46484375,47.1253805652117,37.4113726448989,36.5709460602853
VisualCogB_Task-2,2,1,F3,0.46875,47.6178612832045,38.1092531625662,37.5104410371993
VisualCogB_Task-2,2,1,F3,0.47265625,48.0099026638531,38.4329020100134,38.242392649049
VisualCogB_Task-2,2,1,F3,0.4765625,48.3600784352657,38.6335086165,38.8392813670988
VisualCogB_Task-2,2,1,F3,0.48046875,48.7804903710788,39.3374049143188,39.3894634426935
VisualCogB_Task-2,2,1,F3,0.484375,49.3966213257933,39.9054699947453,39.9641473979612
VisualCogB_Task-2,2,1,F3,0.48828125,50.2785563280627,40.4350370603372,40.6302035443322
VisualCogB_Task-2,2,1,F3,0.4921875,51.3893386102617,40.7344948747532,41.4496124096355
VisualCogB_Task-2,2,1,F3,0.49609375,52.5922067377784,42.3189981533383,42.4680906480339
VisualCogB_Task-2,2,1,F3,0.5,53.7234021830215,43.4654157516941,43.671761785783
VisualCogB_Task-2,2,1,F3,0.50390625,54.6911575103377,45.1878757360526,45.0343249745809
VisualCogB_Task-2,2,1,F3,0.5078125,55.5374163883131,46.9234382565916,46.5122838632846
VisualCogB_Task-2,2,1,F3,0.51171875,56.4203158243398,48.3391802409816,48.0749379975404
VisualCogB_Task-2,2,1,F3,0.515625,57.5295379257209,49.7164209597966,49.7258497891039
VisualCogB_Task-2,2,1,F3,0.51953125,58.9904359937449,51.6387039991001,51.4906018366836
VisualCogB_Task-2,2,1,F3,0.5234375,60.8134997918187,53.0054705383394,53.3939910032128
VisualCogB_Task-2,2,1,F3,0.52734375,62.9085773288235,55.008356957281,55.4731559984926
VisualCogB_Task-2,2,1,F3,0.53125,65.141863499895,56.9948686583786,57.7328588269179
VisualCogB_Task-2,2,1,F3,0.53515625,67.3972573089394,60.4515175866742,60.1391282394494
VisualCogB_Task-2,2,1,F3,0.5390625,69.6142629803424,63.3124946019307,62.5964938063363
VisualCogB_Task-2,2,1,F3,0.54296875,71.7939386646235,65.6404827918694,65.0355175434297
VisualCogB_Task-2,2,1,F3,0.546875,73.9780947899601,67.4920926059105,67.446428199547
VisualCogB_Task-2,2,1,F3,0.55078125,76.2142078262393,69.5305613106763,69.8698682942087
VisualCogB_Task-2,2,1,F3,0.5546875,78.5221810112264,72.066520290208,72.3502857141323
VisualCogB_Task-2,2,1,F3,0.55859375,80.8783320552136,74.6126233018013,74.9038527640744
VisualCogB_Task-2,2,1,F3,0.5625,83.2255480591854,77.2006715001203,77.5230946301312
VisualCogB_Task-2,2,1,F3,0.56640625,85.5058846149379,79.937005834057,80.1762673765425
VisualCogB_Task-2,2,1,F3,0.5703125,87.6952200432274,82.8650250515621,82.8047584733809
VisualCogB_Task-2,2,1,F3,0.57421875,89.8120941188858,85.6252508789517,85.330016928845
VisualCogB_Task-2,2,1,F3,0.578125,91.8898326811015,88.104905258811,87.6785139659819
VisualCogB_Task-2,2,1,F3,0.58203125,93.9332878358973,90.2719303961783,89.8013236370141
VisualCogB_Task-2,2,1,F3,0.5859375,95.8976363817222,92.1180160446887,91.6850526018999
VisualCogB_Task-2,2,1,F3,0.58984375,97.7098690139347,93.3838037047209,93.3555247505279
VisualCogB_Task-2,2,1,F3,0.59375,99.3196683533713,94.7096945893276,94.874644259686
VisualCogB_Task-2,2,1,F3,0.59765625,100.744215572464,96.0635095016622,96.3066718856777
VisualCogB_Task-2,2,1,F3,0.6015625,102.07641949746,97.4072386142138,97.7021225789436
VisualCogB_Task-2,2,1,F3,0.60546875,103.450229993702,98.9400499119296,99.0912477579231
VisualCogB_Task-2,2,1,F3,0.609375,104.981082231169,100.559150430934,100.479725177328
VisualCogB_Task-2,2,1,F3,0.61328125,106.711940033632,101.689371209163,101.860632771369
VisualCogB_Task-2,2,1,F3,0.6171875,108.592307231167,103.175657469684,103.233667245395
VisualCogB_Task-2,2,1,F3,0.62109375,110.499847610447,104.671590730524,104.584253507898
VisualCogB_Task-2,2,1,F3,0.625,112.291697851539,105.911926427646,105.892982319401
VisualCogB_Task-2,2,1,F3,0.62890625,113.860178549337,107.209283224671,107.147722542306
VisualCogB_Task-2,2,1,F3,0.6328125,115.170085621665,108.382058397152,108.337921714707
VisualCogB_Task-2,2,1,F3,0.63671875,116.264439098265,109.437078288685,109.458157431559
VisualCogB_Task-2,2,1,F3,0.640625,117.236959969166,110.429841151683,110.506685344687
VisualCogB_Task-2,2,1,F3,0.64453125,118.183948796674,111.015132520825,111.48000451068
VisualCogB_Task-2,2,1,F3,0.6484375,119.161599250453,112.03262779326,112.368210303372
VisualCogB_Task-2,2,1,F3,0.65234375,120.173342751091,113.31792126841,113.122658764112
VisualCogB_Task-2,2,1,F3,0.65625,121.189596804015,114.356411832237,113.666740725073
VisualCogB_Task-2,2,1,F3,0.66015625,122.176930095114,114.091531526112,113.940118893784
VisualCogB_Task-2,2,1,F3,0.6640625,123.111440661935,114.318884984184,113.93992857004
VisualCogB_Task-2,2,1,F3,0.66796875,123.973350161418,113.859704495687,113.675922772994
VisualCogB_Task-2,2,1,F3,0.671875,124.739436436548,113.156464505232,113.189434222981
VisualCogB_Task-2,2,1,F3,0.67578125,125.38806412146,113.177640900065,112.53711078389
VisualCogB_Task-2,2,1,F3,0.6796875,125.916815888795,111.332336401291,111.772852843134
VisualCogB_Task-2,2,1,F3,0.68359375,126.359917723526,110.705885745463,111.003938297806
VisualCogB_Task-2,2,1,F3,0.6875,126.787710078789,109.879016684963,110.300935341511
VisualCogB_Task-2,2,1,F3,0.69140625,127.277689951076,109.54628525307,109.709574455162
VisualCogB_Task-2,2,1,F3,0.6953125,127.867520459244,109.231768325332,109.240426231623
VisualCogB_Task-2,2,1,F3,0.69921875,128.522170299916,108.590720334956,108.890453830251
VisualCogB_Task-2,2,1,F3,0.703125,129.147175657953,108.054496141765,108.655898918214
VisualCogB_Task-2,2,1,F3,0.70703125,129.648199097728,109.161597800322,108.508025371403
VisualCogB_Task-2,2,1,F3,0.7109375,129.996590013853,110.115920511381,108.367980167673
VisualCogB_Task-2,2,1,F3,0.71484375,130.250789833348,108.10710083809,108.211374653955
VisualCogB_Task-2,2,1,F3,0.71875,130.515482178228,107.067707019498,108.159481872488
VisualCogB_Task-2,2,1,F3,0.72265625,130.86455510015,107.370285704023,108.324885380859
VisualCogB_Task-2,2,1,F3,0.7265625,131.276531475551,108.27789491288,108.729187498901
VisualCogB_Task-2,2,1,F3,0.73046875,131.624157876597,109.244751394559,109.314440573382
VisualCogB_Task-2,2,1,F3,0.734375,131.729563323681,109.529131722861,109.985089235565
VisualCogB_Task-2,2,1,F3,0.73828125,131.453972313181,110.607319415832,110.639770685145
VisualCogB_Task-2,2,1,F3,0.7421875,130.763933682033,111.715773788881,111.139125662425
VisualCogB_Task-2,2,1,F3,0.74609375,129.733410235496,112.077881531807,111.341090635267
VisualCogB_Task-2,2,1,F3,0.75,128.491704528211,112.006695136141,111.151656082068
VisualCogB_Task-2,2,1,F3,0.75390625,127.162571433577,111.295666102054,110.538211722606
VisualCogB_Task-2,2,1,F3,0.7578125,125.831681026548,110.009046294397,109.539400531164
VisualCogB_Task-2,2,1,F3,0.76171875,124.548690498838,108.17298216547,108.256986680312
VisualCogB_Task-2,2,1,F3,0.765625,123.34850559034,106.233810542659,106.831871489556
VisualCogB_Task-2,2,1,F3,0.76953125,122.269859070577,104.503030934587,105.397955902166
VisualCogB_Task-2,2,1,F3,0.7734375,121.352344167594,103.466402378606,104.03930244917
VisualCogB_Task-2,2,1,F3,0.77734375,120.608091873296,102.545901609761,102.765396580965
VisualCogB_Task-2,2,1,F3,0.78125,119.988480025338,101.722749602847,101.5379820754
VisualCogB_Task-2,2,1,F3,0.78515625,119.37888655515,100.808652753192,100.300511462723
VisualCogB_Task-2,2,1,F3,0.7890625,118.638435782113,99.5080122553534,99.0118345671386
VisualCogB_Task-2,2,1,F3,0.79296875,117.667894010317,97.6417338170961,97.6731463203879
VisualCogB_Task-2,2,1,F3,0.796875,116.465672856717,95.4584004081187,96.3269897948977
VisualCogB_Task-2,2,1,F3,0.80078125,115.1361199827,95.402775375439,95.0132903544868
VisualCogB_Task-2,2,1,F4,-0.19921875,-13.0421692292564,-12.0897584501897,-11.8362989385111
VisualCogB_Task-2,2,1,F4,-0.1953125,-12.4512390038866,-11.2980602050022,-11.3081271959143
VisualCogB_Task-2,2,1,F4,-0.19140625,-11.8717035918063,-11.0386770191484,-10.8010770792908
VisualCogB_Task-2,2,1,F4,-0.1875,-11.3252902950077,-10.0283806365784,-10.3354312987044
VisualCogB_Task-2,2,1,F4,-0.18359375,-10.8644713784862,-9.59660462925496,-9.95127255920702
VisualCogB_Task-2,2,1,F4,-0.1796875,-10.5458913481201,-9.72221821995441,-9.66309601067361
VisualCogB_Task-2,2,1,F4,-0.17578125,-10.3858292995982,-9.09514317684315,-9.45584114214965
VisualCogB_Task-2,2,1,F4,-0.171875,-10.3290613804073,-8.89983391579996,-9.31937429345402
VisualCogB_Task-2,2,1,F4,-0.16796875,-10.2586759907207,-9.33204326430314,-9.21350364063009
VisualCogB_Task-2,2,1,F4,-0.1640625,-10.0457902155815,-9.52199676212988,-9.06307566158339
VisualCogB_Task-2,2,1,F4,-0.16015625,-9.61006139142401,-9.50877098903997,-8.8028151361922
VisualCogB_Task-2,2,1,F4,-0.15625,-8.95573554011869,-8.72657157265295,-8.40569026938033
VisualCogB_Task-2,2,1,F4,-0.15234375,-8.16365486247434,-7.74829244823335,-7.9034989204756
VisualCogB_Task-2,2,1,F4,-0.1484375,-7.34459942146736,-7.13782921859802,-7.35477905741184
VisualCogB_Task-2,2,1,F4,-0.14453125,-6.58136578639809,-6.43946740092881,-6.80513477543606
VisualCogB_Task-2,2,1,F4,-0.140625,-5.89446535691636,-5.94776701657083,-6.28209101656076
VisualCogB_Task-2,2,1,F4,-0.13671875,-5.25019147384428,-5.87129092944055,-5.78270044158953
VisualCogB_Task-2,2,1,F4,-0.1328125,-4.59863282690179,-5.39186873925413,-5.27615537799344
VisualCogB_Task-2,2,1,F4,-0.12890625,-3.91087059146802,-4.90955642527586,-4.73903069389783
VisualCogB_Task-2,2,1,F4,-0.125,-3.19474317892,-4.33149190248805,-4.1575440375331
VisualCogB_Task-2,2,1,F4,-0.12109375,-2.48882952030851,-3.5322875237148,-3.53212353474448
VisualCogB_Task-2,2,1,F4,-0.1171875,-1.84118091116478,-2.77885913001893,-2.87769296679011
VisualCogB_Task-2,2,1,F4,-0.11328125,-1.27864474022559,-2.00711049970441,-2.20918978067565
VisualCogB_Task-2,2,1,F4,-0.109375,-0.781122674065331,-1.52946939666092,-1.53331527034252
VisualCogB_Task-2,2,1,F4,-0.10546875,-0.283347326161089,-1.0157560559606,-0.839930789651175
VisualCogB_Task-2,2,1,F4,-0.1015625,0.288578814290651,-0.317073202165824,-0.118577202988617
VisualCogB_Task-2,2,1,F4,-0.09765625,0.970580107618596,0.516804945974817,0.626552519732367
VisualCogB_Task-2,2,1,F4,-0.09375,1.74029530827986,1.37465212181079,1.37472407533423
VisualCogB_Task-2,2,1,F4,-0.08984375,2.53476485052806,2.05493991867212,2.09605752949294
VisualCogB_Task-2,2,1,F4,-0.0859375,3.28513740446148,2.72627951345857,2.76066695175755
VisualCogB_Task-2,2,1,F4,-0.08203125,3.94045865463579,3.45852280955527,3.33523994410868
VisualCogB_Task-2,2,1,F4,-0.078125,4.47030370120188,4.1149053860605,3.78359848866871
VisualCogB_Task-2,2,1,F4,-0.07421875,4.85498091141902,4.37500009630517,4.07983813968057
VisualCogB_Task-2,2,1,F4,-0.0703125,5.07933434105402,4.46051768530203,4.22566335950317
VisualCogB_Task-2,2,1,F4,-0.06640625,5.14134698422582,4.29161083424874,4.24737544021414
VisualCogB_Task-2,2,1,F4,-0.0625,5.07128356292843,4.12399580841154,4.19084686770768
VisualCogB_Task-2,2,1,F4,-0.05859375,4.94253852069741,4.03080290991793,4.10563641071423
VisualCogB_Task-2,2,1,F4,-0.0546875,4.86089054889057,3.90316682170068,4.03573191635619
VisualCogB_Task-2,2,1,F4,-0.05078125,4.94094831530699,4.06499266744528,4.01888510668962
VisualCogB_Task-2,2,1,F4,-0.046875,5.28629081363144,4.51759925049871,4.08180061254929
VisualCogB_Task-2,2,1,F4,-0.04296875,5.97178007423805,3.7001024423741,4.25502536149959
VisualCogB_Task-2,2,1,F4,-0.0390625,7.01522176511357,4.2100299590418,4.60542283426739
VisualCogB_Task-2,2,1,F4,-0.03515625,8.34636750521061,4.29189288196945,5.15361293498575
VisualCogB_Task-2,2,1,F4,-0.03125,9.80516741273301,5.80872422424587,5.88726616151892
VisualCogB_Task-2,2,1,F4,-0.02734375,11.1871886719245,7.21949834278561,6.72224300731317
VisualCogB_Task-2,2,1,F4,-0.0234375,12.3153636067417,8.62643742976381,7.56785880437529
VisualCogB_Task-2,2,1,F4,-0.01953125,13.1002627371653,8.93109162246716,8.3748668293348
VisualCogB_Task-2,2,1,F4,-0.015625,13.5669037817594,8.83382067300593,9.18223524427027
VisualCogB_Task-2,2,1,F4,-0.01171875,13.8454904349497,9.35659480887763,10.0752842773547
VisualCogB_Task-2,2,1,F4,-0.0078125,14.1292334855254,10.4746798191178,11.1102996091555
VisualCogB_Task-2,2,1,F4,-0.00390625,14.6068550201984,11.9042273169265,12.2836761312007
VisualCogB_Task-2,2,1,F4,0,15.3902443218377,13.4887213517701,13.5388404191815
VisualCogB_Task-2,2,1,F4,0.00390625,16.4673307130657,15.3494424301399,14.7875983142664
VisualCogB_Task-2,2,1,F4,0.0078125,17.7026561075464,16.2936620100463,15.9375790686731
VisualCogB_Task-2,2,1,F4,0.01171875,18.8867997960894,16.8994512918382,16.9432322776084
VisualCogB_Task-2,2,1,F4,0.015625,19.8148299036802,18.1933878869122,17.7886811147272
VisualCogB_Task-2,2,1,F4,0.01953125,20.3626511286927,18.3580666110197,18.4544003382034
VisualCogB_Task-2,2,1,F4,0.0234375,20.5305637852845,19.4277555279766,18.9545902705596
VisualCogB_Task-2,2,1,F4,0.02734375,20.4361160093755,20.1187491219603,19.2954234237199
VisualCogB_Task-2,2,1,F4,0.03125,20.2611735176609,19.2829249423874,19.5225027477263
VisualCogB_Task-2,2,1,F4,0.03515625,20.1799688273146,18.5222439512465,19.7500416674744
VisualCogB_Task-2,2,1,F4,0.0390625,20.3011685100698,19.061104572171,20.072288790748
VisualCogB_Task-2,2,1,F4,0.04296875,20.6449278828366,20.2091135290836,20.4811762489786
VisualCogB_Task-2,2,1,F4,0.046875,21.1571841418209,21.3103930660139,20.8843708220498
VisualCogB_Task-2,2,1,F4,0.05078125,21.7490426814931,21.5523821759326,21.1668673965203
VisualCogB_Task-2,2,1,F4,0.0546875,22.340525570995,22.4001978078536,21.2491627126128
VisualCogB_Task-2,2,1,F4,0.05859375,22.8865817152633,22.1670164118002,21.0838797421675
VisualCogB_Task-2,2,1,F4,0.0625,23.3747986303643,20.6476834210949,20.7195610482946
VisualCogB_Task-2,2,1,F4,0.06640625,23.8050203733779,19.7205083948812,20.2950105832405
VisualCogB_Task-2,2,1,F4,0.0703125,24.17278130483,19.2887528786434,19.9430424969848
VisualCogB_Task-2,2,1,F4,0.07421875,24.4692002244938,19.5912884977781,19.7485957571442
VisualCogB_Task-2,2,1,F4,0.078125,24.6917198289222,19.1868823543527,19.742085196473
VisualCogB_Task-2,2,1,F4,0.08203125,24.8528422764843,19.3238960275902,19.9408167094455
VisualCogB_Task-2,2,1,F4,0.0859375,24.9798858689131,19.911161030706,20.3158292870258
VisualCogB_Task-2,2,1,F4,0.08984375,25.1058089542599,21.3596229083909,20.7867518633566
VisualCogB_Task-2,2,1,F4,0.09375,25.2554717265576,22.1017494201864,21.2394910178876
VisualCogB_Task-2,2,1,F4,0.09765625,25.4368742039562,22.486174130068,21.6076925838209
VisualCogB_Task-2,2,1,F4,0.1015625,25.6471673244092,21.8829762246045,21.8968572612173
VisualCogB_Task-2,2,1,F4,0.10546875,25.8906029068033,21.788776534362,22.1856925456578
VisualCogB_Task-2,2,1,F4,0.109375,26.1909843785759,22.0376810010466,22.5517491796726
VisualCogB_Task-2,2,1,F4,0.11328125,26.5847424335813,22.6379297877469,23.0395015715172
VisualCogB_Task-2,2,1,F4,0.1171875,27.0998753694463,22.9572811803921,23.6505851145614
VisualCogB_Task-2,2,1,F4,0.12109375,27.7367184644051,24.2995683059258,24.3531708868611
VisualCogB_Task-2,2,1,F4,0.125,28.4598926584609,25.6648327315679,25.0576546386245
VisualCogB_Task-2,2,1,F4,0.12890625,29.2022161990731,26.5309948913331,25.6699652383152
VisualCogB_Task-2,2,1,F4,0.1328125,29.8804904747963,26.3619565033143,26.146629728809
VisualCogB_Task-2,2,1,F4,0.13671875,30.4213731901467,26.2348777531823,26.5159276240662
VisualCogB_Task-2,2,1,F4,0.140625,30.788208228319,27.1149913283398,26.8240823359227
VisualCogB_Task-2,2,1,F4,0.14453125,30.9964991442137,27.4252695785393,27.0938964536408
VisualCogB_Task-2,2,1,F4,0.1484375,31.1132752194596,27.0925690478517,27.3724149825174
VisualCogB_Task-2,2,1,F4,0.15234375,31.2440707147198,27.1346432992858,27.7342973549244
VisualCogB_Task-2,2,1,F4,0.15625,31.5096725594847,27.6658970277995,28.2308825086781
VisualCogB_Task-2,2,1,F4,0.16015625,32.0109293845441,28.7917706654201,28.8635382102917
VisualCogB_Task-2,2,1,F4,0.1640625,32.7882396455693,29.4990431073986,29.5865501028717
VisualCogB_Task-2,2,1,F4,0.16796875,33.7960383458174,30.4713658189871,30.3482232007855
VisualCogB_Task-2,2,1,F4,0.171875,34.909876207555,31.424214584225,31.0895702687775
VisualCogB_Task-2,2,1,F4,0.17578125,35.9632574249468,31.8502804571007,31.7618659564423
VisualCogB_Task-2,2,1,F4,0.1796875,36.797111291055,32.394936736005,32.3442719396619
VisualCogB_Task-2,2,1,F4,0.18359375,37.3085925449786,33.3339437231161,32.8233177693731
VisualCogB_Task-2,2,1,F4,0.1875,37.4909147091943,33.5075642219694,33.1897550628745
VisualCogB_Task-2,2,1,F4,0.19140625,37.4488265454884,33.5100019270801,33.4768876002768
VisualCogB_Task-2,2,1,F4,0.1953125,37.3715342454962,33.8357118057176,33.7445032582818
VisualCogB_Task-2,2,1,F4,0.19921875,37.4649625621388,33.5753755625335,34.055149440825
VisualCogB_Task-2,2,1,F4,0.203125,37.873739420892,33.624243651541,34.4789742641281
VisualCogB_Task-2,2,1,F4,0.20703125,38.6298780808914,34.4317287088674,35.0461446878886
VisualCogB_Task-2,2,1,F4,0.2109375,39.6460533194484,35.8401805900533,35.715600120755
VisualCogB_Task-2,2,1,F4,0.21484375,40.7501944485419,37.3271085565248,36.3950786397905
VisualCogB_Task-2,2,1,F4,0.21875,41.7489833132739,36.9622002914276,37.0027000278336
VisualCogB_Task-2,2,1,F4,0.22265625,42.5026190097517,37.9245249713423,37.5342532274502
VisualCogB_Task-2,2,1,F4,0.2265625,42.9853536260102,38.6393633463712,37.9821522031727
VisualCogB_Task-2,2,1,F4,0.23046875,43.3039242286086,38.8235008616526,38.3713335648575
VisualCogB_Task-2,2,1,F4,0.234375,43.658376993427,38.6313657516917,38.7815015176279
VisualCogB_Task-2,2,1,F4,0.23828125,44.255416297692,38.3859550292637,39.3300408746731
VisualCogB_Task-2,2,1,F4,0.2421875,45.2111113174767,38.5651689684952,40.1218251353545
VisualCogB_Task-2,2,1,F4,0.24609375,46.4908099167057,40.6403395117587,41.1830539785826
VisualCogB_Task-2,2,1,F4,0.25,47.9190485445777,42.9976224149665,42.4102057360297
VisualCogB_Task-2,2,1,F4,0.25390625,49.2557269320088,44.2930530863145,43.6545325337995
VisualCogB_Task-2,2,1,F4,0.2578125,50.2977641834398,45.3015921526703,44.8162378879068
VisualCogB_Task-2,2,1,F4,0.26171875,50.955006429112,46.3761037408694,45.8487353604096
VisualCogB_Task-2,2,1,F4,0.265625,51.273022251928,47.3952252322898,46.745884702096
VisualCogB_Task-2,2,1,F4,0.26953125,51.4083702250723,47.3780670947844,47.5454930287926
VisualCogB_Task-2,2,1,F4,0.2734375,51.5755391305697,47.4597467020043,48.3394791671753
VisualCogB_Task-2,2,1,F4,0.27734375,51.9820273679057,48.7550145302576,49.2058097827527
VisualCogB_Task-2,2,1,F4,0.28125,52.7673054139583,49.9992402257446,50.149140502269
VisualCogB_Task-2,2,1,F4,0.28515625,53.962367551557,51.0233863600921,51.1365606814274
VisualCogB_Task-2,2,1,F4,0.2890625,55.4791646640698,52.2945415244694,52.1226679862206
VisualCogB_Task-2,2,1,F4,0.29296875,57.1296295928502,53.569394005182,53.0526288891965
VisualCogB_Task-2,2,1,F4,0.296875,58.6732065891991,54.587671503318,53.8859326577573
VisualCogB_Task-2,2,1,F4,0.30078125,59.8911003452089,55.0057034391348,54.6251323189705
VisualCogB_Task-2,2,1,F4,0.3046875,60.6696105369894,55.3024448728544,55.3312591370338
VisualCogB_Task-2,2,1,F4,0.30859375,61.0531583876825,55.5466083360053,56.0970586361585
VisualCogB_Task-2,2,1,F4,0.3125,61.2297080519455,56.1464800351927,57.0128751518741
VisualCogB_Task-2,2,1,F4,0.31640625,61.4478702824519,57.1669541794779,58.1231821613643
VisualCogB_Task-2,2,1,F4,0.3203125,61.9076538256763,58.802098400532,59.4002535487557
VisualCogB_Task-2,2,1,F4,0.32421875,62.6803101478015,61.0627871477891,60.7366775330179
VisualCogB_Task-2,2,1,F4,0.328125,63.6934016953119,62.6291689763345,61.9751960707683
VisualCogB_Task-2,2,1,F4,0.33203125,64.7841254668344,63.3928498679342,62.9857269198554
VisualCogB_Task-2,2,1,F4,0.3359375,65.7909437397737,64.6939717821497,63.6926855802582
VisualCogB_Task-2,2,1,F4,0.33984375,66.632483679361,65.5218824719728,64.0544144642954
VisualCogB_Task-2,2,1,F4,0.34375,67.3304372176462,64.5037246657098,64.1126965011103
VisualCogB_Task-2,2,1,F4,0.34765625,67.9705580452392,63.4067883147789,64.0316036204857
VisualCogB_Task-2,2,1,F4,0.3515625,68.6348462720568,62.7718215466057,64.0077934325877
VisualCogB_Task-2,2,1,F4,0.35546875,69.3491289597866,62.9105363481966,64.1858556054402
VisualCogB_Task-2,2,1,F4,0.359375,70.0717098912977,63.8030764793689,64.6073821499019
VisualCogB_Task-2,2,1,F4,0.36328125,70.720931272081,65.1937264951436,65.2076884720613
VisualCogB_Task-2,2,1,F4,0.3671875,71.2207839318254,66.4969760855853,65.8550645054625
VisualCogB_Task-2,2,1,F4,0.37109375,71.5391398402077,67.3311552137165,66.4166366855728
VisualCogB_Task-2,2,1,F4,0.375,71.7002681396292,67.5253499779882,66.8130240795367
VisualCogB_Task-2,2,1,F4,0.37890625,71.7690085144405,67.1961617665111,67.0410556318439
VisualCogB_Task-2,2,1,F4,0.3828125,71.821190571296,66.7385194009512,67.1569207785216
VisualCogB_Task-2,2,1,F4,0.38671875,71.9200626479801,66.8079245497557,67.2297344668194
VisualCogB_Task-2,2,1,F4,0.390625,72.106110265356,67.0949760017645,67.2937448625225
VisualCogB_Task-2,2,1,F4,0.39453125,72.3926951518788,67.1349354280387,67.3480493049943
VisualCogB_Task-2,2,1,F4,0.3984375,72.7608254844234,67.4570435497143,67.3751810618684
VisualCogB_Task-2,2,1,F4,0.40234375,73.1590909432362,67.7570005996919,67.3399139110318
VisualCogB_Task-2,2,1,F4,0.40625,73.5195380823618,67.8758782610727,67.2138435043589
VisualCogB_Task-2,2,1,F4,0.41015625,73.7894815200165,67.2568428675732,67.003322717779
VisualCogB_Task-2,2,1,F4,0.4140625,73.9646096796493,66.6485131071517,66.7698739902809
VisualCogB_Task-2,2,1,F4,0.41796875,74.1036720138918,66.4840026141358,66.5961464400028
VisualCogB_Task-2,2,1,F4,0.421875,74.3128637311875,66.3025028176872,66.5546757781555
VisualCogB_Task-2,2,1,F4,0.42578125,74.7041044543303,66.4396345604568,66.7086523971276
VisualCogB_Task-2,2,1,F4,0.4296875,75.346889738356,66.9324568794507,67.1002522759353
VisualCogB_Task-2,2,1,F4,0.43359375,76.2385665068145,67.5139887760606,67.7492332405387
VisualCogB_Task-2,2,1,F4,0.4375,77.308116745205,68.1748888443108,68.661370167191
VisualCogB_Task-2,2,1,F4,0.44140625,78.4490160804262,69.718141808878,69.8228342267723
VisualCogB_Task-2,2,1,F4,0.4453125,79.5611496586699,71.2911601427532,71.1792564799223
VisualCogB_Task-2,2,1,F4,0.44921875,80.5814041009855,72.8417027448847,72.6675436191234
VisualCogB_Task-2,2,1,F4,0.453125,81.4935278690835,74.116566991731,74.2339276420933
VisualCogB_Task-2,2,1,F4,0.45703125,82.3177902918985,76.0625740878617,75.8391538070303
VisualCogB_Task-2,2,1,F4,0.4609375,83.0880279000852,77.8561200554198,77.4341873179354
VisualCogB_Task-2,2,1,F4,0.46484375,83.8318748970947,79.3342802314505,78.9886117355459
VisualCogB_Task-2,2,1,F4,0.46875,84.5708527819606,80.5981180207325,80.5071716820557
VisualCogB_Task-2,2,1,F4,0.47265625,85.3403459611678,81.7722337069762,82.0234174876512
VisualCogB_Task-2,2,1,F4,0.4765625,86.2073587957922,83.0769694694006,83.5784783440749
VisualCogB_Task-2,2,1,F4,0.48046875,87.2610646048273,84.7398787376714,85.1925514613463
VisualCogB_Task-2,2,1,F4,0.484375,88.5732430601243,86.8680203920876,86.8440416432623
VisualCogB_Task-2,2,1,F4,0.48828125,90.1519995870728,89.168523232718,88.4736309666467
VisualCogB_Task-2,2,1,F4,0.4921875,91.9206577310537,90.4828634773581,90.023999737392
VisualCogB_Task-2,2,1,F4,0.49609375,93.741860526878,92.0771882344364,91.49573595023
VisualCogB_Task-2,2,1,F4,0.5,95.4830706862695,93.4057146317999,92.9276662448897
VisualCogB_Task-2,2,1,F4,0.50390625,97.0923111202244,94.4522733149609,94.4070716181171
VisualCogB_Task-2,2,1,F4,0.5078125,98.6384154292941,95.6166522413629,96.0610704322342
VisualCogB_Task-2,2,1,F4,0.51171875,100.28695862145,97.2575438073064,98.0205478576331
VisualCogB_Task-2,2,1,F4,0.515625,102.224883639902,99.7034845280006,100.379354215467
VisualCogB_Task-2,2,1,F4,0.51953125,104.579332879311,101.870467021563,103.167756156028
VisualCogB_Task-2,2,1,F4,0.5234375,107.373268717233,105.508141085886,106.359697855652
VisualCogB_Task-2,2,1,F4,0.52734375,110.530330183224,110.294819979975,109.821016062806
VisualCogB_Task-2,2,1,F4,0.53125,113.91301750532,114.371047976971,113.346584461805
VisualCogB_Task-2,2,1,F4,0.53515625,117.370491379471,118.44895299572,116.770760396732
VisualCogB_Task-2,2,1,F4,0.5390625,120.779860610766,121.402471195984,120.013273171265
VisualCogB_Task-2,2,1,F4,0.54296875,124.073330225638,123.562828490554,123.133701472333
VisualCogB_Task-2,2,1,F4,0.546875,127.24801497105,125.297101791761,126.307390488922
VisualCogB_Task-2,2,1,F4,0.55078125,130.357975015152,127.263538889041,129.745445994872
VisualCogB_Task-2,2,1,F4,0.5546875,133.48942178973,132.288148561591,133.574783039259
VisualCogB_Task-2,2,1,F4,0.55859375,136.722416801613,137.695231050932,137.715491079005
VisualCogB_Task-2,2,1,F4,0.5625,140.091471387127,142.355112868831,141.980440031229
VisualCogB_Task-2,2,1,F4,0.56640625,143.567072828641,147.082050081468,146.180811477375
VisualCogB_Task-2,2,1,F4,0.5703125,147.071790123152,150.886341134155,150.159009735355
VisualCogB_Task-2,2,1,F4,0.57421875,150.518063021819,154.403512628637,153.832542340088
VisualCogB_Task-2,2,1,F4,0.578125,153.838946030493,157.620079499886,157.179527776394
VisualCogB_Task-2,2,1,F4,0.58203125,156.996943292818,160.506408618443,160.225665386469
VisualCogB_Task-2,2,1,F4,0.5859375,159.980449353006,163.154723936693,163.033367156138
VisualCogB_Task-2,2,1,F4,0.58984375,162.803470592382,165.412282011989,165.688440340552
VisualCogB_Task-2,2,1,F4,0.59375,165.510744562967,167.973100844846,168.286805259913
VisualCogB_Task-2,2,1,F4,0.59765625,168.176983264852,170.511096836311,170.901369040373
VisualCogB_Task-2,2,1,F4,0.6015625,170.889689669708,173.169103552215,173.578896773495
VisualCogB_Task-2,2,1,F4,0.60546875,173.717153418589,176.151476080422,176.333630867172
VisualCogB_Task-2,2,1,F4,0.609375,176.676274860624,179.011895122548,179.145664294188
VisualCogB_Task-2,2,1,F4,0.61328125,179.720029772283,181.851647283256,181.979910461767
VisualCogB_Task-2,2,1,F4,0.6171875,182.756159489845,184.872552714411,184.790135346162
VisualCogB_Task-2,2,1,F4,0.62109375,185.688449105634,187.673834631086,187.519416325415
VisualCogB_Task-2,2,1,F4,0.625,188.454956475903,190.466894603367,190.11769889159
VisualCogB_Task-2,2,1,F4,0.62890625,191.04203786767,192.968595040875,192.547796728892
VisualCogB_Task-2,2,1,F4,0.6328125,193.475302823085,195.070353787395,194.80162316417
VisualCogB_Task-2,2,1,F4,0.63671875,195.803289124024,196.994786693356,196.906158050276
VisualCogB_Task-2,2,1,F4,0.640625,198.082779699063,198.608498175049,198.910775458661
VisualCogB_Task-2,2,1,F4,0.64453125,200.362248112006,200.296934251417,200.872235181033
VisualCogB_Task-2,2,1,F4,0.6484375,202.661838029775,202.15847020903,202.822107235468
VisualCogB_Task-2,2,1,F4,0.65234375,204.959199406141,204.313556342308,204.744019895903
VisualCogB_Task-2,2,1,F4,0.65625,207.192047595634,206.436080967538,206.566298350743
VisualCogB_Task-2,2,1,F4,0.66015625,209.277942337379,208.484094662043,208.181395825589
VisualCogB_Task-2,2,1,F4,0.6640625,211.142150804572,210.44503087631,209.470914097446
VisualCogB_Task-2,2,1,F4,0.66796875,212.742493311886,211.435777194141,210.341679846354
VisualCogB_Task-2,2,1,F4,0.671875,214.082236102736,211.526279792921,210.78169615059
VisualCogB_Task-2,2,1,F4,0.67578125,215.206330328135,210.805785390476,210.870140867418
VisualCogB_Task-2,2,1,F4,0.6796875,216.184309144259,210.408256579538,210.748240490959
VisualCogB_Task-2,2,1,F4,0.68359375,217.090071391943,210.20641086275,210.551858558924
VisualCogB_Task-2,2,1,F4,0.6875,217.98552685849,209.881229860753,210.388526616403
VisualCogB_Task-2,2,1,F4,0.69140625,218.90586193607,210.480123985244,210.336988900475
VisualCogB_Task-2,2,1,F4,0.6953125,219.845103310052,209.813653450423,210.433714918578
VisualCogB_Task-2,2,1,F4,0.69921875,220.753354876232,209.673094796548,210.727102101883
VisualCogB_Task-2,2,1,F4,0.703125,221.5607533868,211.103792277308,211.213876092547
VisualCogB_Task-2,2,1,F4,0.70703125,222.224124788919,212.589997071378,211.802928590616
VisualCogB_Task-2,2,1,F4,0.7109375,222.767975729569,213.822233204384,212.393977644867
VisualCogB_Task-2,2,1,F4,0.71484375,223.289966017761,212.847709175624,212.952330344139
VisualCogB_Task-2,2,1,F4,0.71875,223.924068608278,211.881160885387,213.562315073897
VisualCogB_Task-2,2,1,F4,0.72265625,224.778280202595,213.076064995591,214.2995417889
VisualCogB_Task-2,2,1,F4,0.7265625,225.873179697101,214.371404787783,215.099524261525
VisualCogB_Task-2,2,1,F4,0.73046875,227.108636420129,215.711445043475,215.795819864713
VisualCogB_Task-2,2,1,F4,0.734375,228.280382311987,216.871300760241,216.161309348589
VisualCogB_Task-2,2,1,F4,0.73828125,229.146669362997,217.725104051701,215.961842228175
VisualCogB_Task-2,2,1,F4,0.7421875,229.514219912193,217.102787056378,215.022433969466
VisualCogB_Task-2,2,1,F4,0.74609375,229.300007332862,214.979110921047,213.315038523749
VisualCogB_Task-2,2,1,F4,0.75,228.544438903976,210.879672401945,210.984972599555
VisualCogB_Task-2,2,1,F4,0.75390625,227.381700692855,207.507767374749,208.316225605189
VisualCogB_Task-2,2,1,F4,0.7578125,225.989306810749,205.252659517202,205.584011932487
VisualCogB_Task-2,2,1,F4,0.76171875,224.539189537627,202.620580740716,202.996174454085
VisualCogB_Task-2,2,1,F4,0.765625,223.165154267325,199.734443729811,200.732943341343
VisualCogB_Task-2,2,1,F4,0.76953125,221.948820505765,197.280842899324,198.943249289506
VisualCogB_Task-2,2,1,F4,0.7734375,220.915389361429,197.441348641079,197.692814692861
VisualCogB_Task-2,2,1,F4,0.77734375,220.034662385078,197.154068764285,196.908828079843
VisualCogB_Task-2,2,1,F4,0.78125,219.236609813968,196.521906938809,196.497522474575
VisualCogB_Task-2,2,1,F4,0.78515625,218.449414613981,196.390482316591,196.385567624881
VisualCogB_Task-2,2,1,F4,0.7890625,217.644614757556,196.131599416326,196.501665317273
VisualCogB_Task-2,2,1,F4,0.79296875,216.857666281815,197.354965148239,196.774926895903
VisualCogB_Task-2,2,1,F4,0.796875,216.167030156201,197.71977105363,197.103624879847
VisualCogB_Task-2,2,1,F4,0.80078125,215.644827679257,197.458913654196,197.434368309207
