record,task,cueDir,electrode,timeSec,ordinaryMean,huberMean,fittedCurve
VisualCogA_Task-1,1,-1,Fz,-0.19921875,0.0379272906625788,0.407336694243554,0.370108176771781
VisualCogA_Task-1,1,-1,Fz,-0.1953125,-0.215380059350465,0.265663487600354,0.224398465193671
VisualCogA_Task-1,1,-1,Fz,-0.19140625,-0.611166434261278,0.144583795246466,0.0817911300715414
VisualCogA_Task-1,1,-1,Fz,-0.1875,-1.05020093098882,-0.144332687877041,-0.0511727002714025
VisualCogA_Task-1,1,-1,Fz,-0.18359375,-1.40151720988885,-0.0881358910866582,-0.162719175414046
VisualCogA_Task-1,1,-1,Fz,-0.1796875,-1.55889415478944,-0.19257430180637,-0.248837777235743
VisualCogA_Task-1,1,-1,Fz,-0.17578125,-1.48641934093945,-0.330958367500156,-0.299302713921901
VisualCogA_Task-1,1,-1,Fz,-0.171875,-1.22946543605364,-0.492810037923874,-0.299199570705477
VisualCogA_Task-1,1,-1,Fz,-0.16796875,-0.889453831745023,-0.527230007243626,-0.236251903950951
VisualCogA_Task-1,1,-1,Fz,-0.1640625,-0.580475635954013,-0.285597408142993,-0.114317475624335
VisualCogA_Task-1,1,-1,Fz,-0.16015625,-0.388212262929514,0.0614604196968905,0.0384977770339678
VisualCogA_Task-1,1,-1,Fz,-0.15625,-0.343914218996399,0.425520537483764,0.179814589073668
VisualCogA_Task-1,1,-1,Fz,-0.15234375,-0.421481795879299,0.520781312396618,0.269167249099719
VisualCogA_Task-1,1,-1,Fz,-0.1484375,-0.56021914700649,0.510550495259004,0.286565541417915
VisualCogA_Task-1,1,-1,Fz,-0.14453125,-0.70083288437905,0.310896082632414,0.232987088942125
VisualCogA_Task-1,1,-1,Fz,-0.140625,-0.810183134517934,0.0947963774482195,0.12807492740631
VisualCogA_Task-1,1,-1,Fz,-0.13671875,-0.881439288965907,-0.0681562603962126,-0.00203549131471146
VisualCogA_Task-1,1,-1,Fz,-0.1328125,-0.920312793909342,-0.215320229463656,-0.13398192784263
VisualCogA_Task-1,1,-1,Fz,-0.12890625,-0.933934508220277,-0.274432355550167,-0.249912206889261
VisualCogA_Task-1,1,-1,Fz,-0.125,-0.924443971221034,-0.238652041792107,-0.33875234496817
VisualCogA_Task-1,1,-1,Fz,-0.12109375,-0.881904887279985,-0.353119390707476,-0.391471704314669
VisualCogA_Task-1,1,-1,Fz,-0.1171875,-0.780206789831259,-0.595679094794179,-0.390697955232726
VisualCogA_Task-1,1,-1,Fz,-0.11328125,-0.58540685635696,-0.458939839659237,-0.31586274189238
VisualCogA_Task-1,1,-1,Fz,-0.109375,-0.275886085883192,-0.477008730234455,-0.16347947009379
VisualCogA_Task-1,1,-1,Fz,-0.10546875,0.139263909734274,-0.0889801472039472,0.0580153628823142
VisualCogA_Task-1,1,-1,Fz,-0.1015625,0.616360571979272,0.407116966916964,0.314057821410147
VisualCogA_Task-1,1,-1,Fz,-0.09765625,1.08868809970461,0.803085910321987,0.5578343440234
VisualCogA_Task-1,1,-1,Fz,-0.09375,1.48608112573187,0.96090444581111,0.750286298048002
VisualCogA_Task-1,1,-1,Fz,-0.08984375,1.75415851987524,0.997913308176124,0.872792681334761
VisualCogA_Task-1,1,-1,Fz,-0.0859375,1.8656276194609,1.04614983846097,0.924284004048079
VisualCogA_Task-1,1,-1,Fz,-0.08203125,1.82026233486745,0.964288045749489,0.914117495255807
VisualCogA_Task-1,1,-1,Fz,-0.078125,1.64047981653028,0.914587994590751,0.861805870226866
VisualCogA_Task-1,1,-1,Fz,-0.07421875,1.3730060611266,0.690359149142013,0.791042723437987
VisualCogA_Task-1,1,-1,Fz,-0.0703125,1.09246508716094,0.54094157499981,0.729920159729557
VisualCogA_Task-1,1,-1,Fz,-0.06640625,0.887760589045426,0.447860905525192,0.698139986083965
VisualCogA_Task-1,1,-1,Fz,-0.0625,0.824179289897401,0.556627210025686,0.699655794089456
VisualCogA_Task-1,1,-1,Fz,-0.05859375,0.904398091997739,0.710781691818919,0.717564585287708
VisualCogA_Task-1,1,-1,Fz,-0.0546875,1.06081174131329,0.762794307215792,0.72304431254842
VisualCogA_Task-1,1,-1,Fz,-0.05078125,1.18634502461338,0.953884074719979,0.686707687618894
VisualCogA_Task-1,1,-1,Fz,-0.046875,1.18243601657091,0.915295230172458,0.582479921802044
VisualCogA_Task-1,1,-1,Fz,-0.04296875,0.99905697985991,0.603678298257268,0.406550925325875
VisualCogA_Task-1,1,-1,Fz,-0.0390625,0.653289771967401,0.225714876699372,0.182845217449259
VisualCogA_Task-1,1,-1,Fz,-0.03515625,0.222456074547634,-0.174017469618062,-0.0482854014913138
VisualCogA_Task-1,1,-1,Fz,-0.03125,-0.184462893977624,-0.523308097689976,-0.242916659555179
VisualCogA_Task-1,1,-1,Fz,-0.02734375,-0.46530882820086,-0.705642216837962,-0.367601957145568
VisualCogA_Task-1,1,-1,Fz,-0.0234375,-0.559818961118177,-0.649403177727479,-0.41226064784361
VisualCogA_Task-1,1,-1,Fz,-0.01953125,-0.473203426023016,-0.429698904401954,-0.39498210687147
VisualCogA_Task-1,1,-1,Fz,-0.015625,-0.281919122421536,-0.126998460123702,-0.353617586941632
VisualCogA_Task-1,1,-1,Fz,-0.01171875,-0.111652519694425,-0.0160514065179349,-0.328911407227457
VisualCogA_Task-1,1,-1,Fz,-0.0078125,-0.0829866518797346,-0.102284155019407,-0.342722959667477
VisualCogA_Task-1,1,-1,Fz,-0.00390625,-0.244349953984121,-0.282398744712462,-0.39083996947443
VisualCogA_Task-1,1,-1,Fz,0,-0.53482129331173,-0.527269550198231,-0.449013594807049
VisualCogA_Task-1,1,-1,Fz,0.00390625,-0.809852822253254,-0.696808997926819,-0.483958225093903
VisualCogA_Task-1,1,-1,Fz,0.0078125,-0.920757450507405,-0.760240154029649,-0.468909579379493
VisualCogA_Task-1,1,-1,Fz,0.01171875,-0.799784138882146,-0.699540783806773,-0.394840941111063
VisualCogA_Task-1,1,-1,Fz,0.015625,-0.499112616075662,-0.449342286213229,-0.27700314162337
VisualCogA_Task-1,1,-1,Fz,0.01953125,-0.162879814606346,-0.0160186614685286,-0.156038665809146
VisualCogA_Task-1,1,-1,Fz,0.0234375,0.0481382134113944,0.261301706114203,-0.0869515939436144
VisualCogA_Task-1,1,-1,Fz,0.02734375,0.033098814543366,0.26019281275407,-0.113077672606943
VisualCogA_Task-1,1,-1,Fz,0.03125,-0.214799501969442,0.0456108668679147,-0.248731540041151
VisualCogA_Task-1,1,-1,Fz,0.03515625,-0.628123110507787,-0.22549437501325,-0.477121960708171
VisualCogA_Task-1,1,-1,Fz,0.0390625,-1.11105282001921,-0.6311035232263,-0.756929165160849
VisualCogA_Task-1,1,-1,Fz,0.04296875,-1.57187742187696,-1.14613320127223,-1.02586441847745
VisualCogA_Task-1,1,-1,Fz,0.046875,-1.92862972432192,-1.6504110497649,-1.21115351557504
VisualCogA_Task-1,1,-1,Fz,0.05078125,-2.10710319742441,-1.79024456556011,-1.25004464993689
VisualCogA_Task-1,1,-1,Fz,0.0546875,-2.05373314751215,-1.59642254221237,-1.11639080956211
VisualCogA_Task-1,1,-1,Fz,0.05859375,-1.76101037145708,-1.10204246311485,-0.829061642085093
VisualCogA_Task-1,1,-1,Fz,0.0625,-1.28353842239198,-0.388849039787155,-0.446929439527719
VisualCogA_Task-1,1,-1,Fz,0.06640625,-0.728128813902551,0.335889182034801,-0.0516148956643713
VisualCogA_Task-1,1,-1,Fz,0.0703125,-0.219548138786511,0.798712227248128,0.280101329042289
VisualCogA_Task-1,1,-1,Fz,0.07421875,0.14253379556771,0.793196232771155,0.50373058060453
VisualCogA_Task-1,1,-1,Fz,0.078125,0.314788941527005,0.647436868424273,0.618001779885106
VisualCogA_Task-1,1,-1,Fz,0.08203125,0.314295248733416,0.585829872771281,0.645765985427325
VisualCogA_Task-1,1,-1,Fz,0.0859375,0.196614428870336,0.510967132086061,0.612327179819423
VisualCogA_Task-1,1,-1,Fz,0.08984375,0.025458441173388,0.390969695875835,0.537994669594969
VisualCogA_Task-1,1,-1,Fz,0.09375,-0.149847745564272,0.253449576059533,0.434631090643081
VisualCogA_Task-1,1,-1,Fz,0.09765625,-0.308328126711359,0.267886949019481,0.301846997709617
VisualCogA_Task-1,1,-1,Fz,0.1015625,-0.467278318215104,0.244366368045651,0.124154485991808
VisualCogA_Task-1,1,-1,Fz,0.10546875,-0.68055401143312,0.145895905164671,-0.116764353370629
VisualCogA_Task-1,1,-1,Fz,0.109375,-1.01125514111787,-0.0563370196261985,-0.429209772400155
VisualCogA_Task-1,1,-1,Fz,0.11328125,-1.48312218903401,-0.637917588066011,-0.799593668241291
VisualCogA_Task-1,1,-1,Fz,0.1171875,-2.04200869598887,-1.21603977792957,-1.18325520864073
VisualCogA_Task-1,1,-1,Fz,0.12109375,-2.56133480286192,-1.70754324931224,-1.52206055466388
VisualCogA_Task-1,1,-1,Fz,0.125,-2.89483223190533,-2.15794676523001,-1.7606079148169
VisualCogA_Task-1,1,-1,Fz,0.12890625,-2.94491405343077,-2.25855246264384,-1.85895238882663
VisualCogA_Task-1,1,-1,Fz,0.1328125,-2.70730902225082,-2.00018232613042,-1.8102606472877
VisualCogA_Task-1,1,-1,Fz,0.13671875,-2.27145079314431,-1.82378575654433,-1.64099936694614
VisualCogA_Task-1,1,-1,Fz,0.140625,-1.78041092418623,-1.30145922131978,-1.39346203111821
VisualCogA_Task-1,1,-1,Fz,0.14453125,-1.37256009189806,-0.983720747775018,-1.12517432225337
VisualCogA_Task-1,1,-1,Fz,0.1484375,-1.13532939570557,-0.626509958825167,-0.88599502198454
VisualCogA_Task-1,1,-1,Fz,0.15234375,-1.09107295289118,-0.491308617166736,-0.713995114071428
VisualCogA_Task-1,1,-1,Fz,0.15625,-1.21053103315493,-0.33413473638988,-0.625621827010474
VisualCogA_Task-1,1,-1,Fz,0.16015625,-1.43471659394369,-0.509018262493542,-0.618765181222723
VisualCogA_Task-1,1,-1,Fz,0.1640625,-1.6932750821921,-0.685373849252354,-0.667024606244172
VisualCogA_Task-1,1,-1,Fz,0.16796875,-1.91964134639174,-0.904977992533519,-0.73485395505005
VisualCogA_Task-1,1,-1,Fz,0.171875,-2.06402652277534,-0.978928310572918,-0.788236184199604
VisualCogA_Task-1,1,-1,Fz,0.17578125,-2.1008770471597,-0.855575579738654,-0.807331253375702
VisualCogA_Task-1,1,-1,Fz,0.1796875,-2.02897719836374,-0.704873907534495,-0.788190132792319
VisualCogA_Task-1,1,-1,Fz,0.18359375,-1.86654295895754,-0.666413706178245,-0.730884153193679
VisualCogA_Task-1,1,-1,Fz,0.1875,-1.64365489636105,-0.854741444283819,-0.628541626552519
VisualCogA_Task-1,1,-1,Fz,0.19140625,-1.39299230575834,-0.767215159093238,-0.468918327590291
VisualCogA_Task-1,1,-1,Fz,0.1953125,-1.14225672512665,-0.561055997820483,-0.258620015839388
VisualCogA_Task-1,1,-1,Fz,0.19921875,-0.913258791921229,-0.0871770361094289,-0.0291105201241127
VisualCogA_Task-1,1,-1,Fz,0.203125,-0.725455283432607,0.389394392118343,0.162943332232804
VisualCogA_Task-1,1,-1,Fz,0.20703125,-0.593504371216762,0.946038100219933,0.256035837576523
VisualCogA_Task-1,1,-1,Fz,0.2109375,-0.516248531720165,0.56468853145033,0.207532213909334
VisualCogA_Task-1,1,-1,Fz,0.21484375,-0.47225268004592,0.106792273676779,0.0322978677871434
VisualCogA_Task-1,1,-1,Fz,0.21875,-0.435774227661393,-0.348841925535591,-0.225038767772392
VisualCogA_Task-1,1,-1,Fz,0.22265625,-0.401714393135074,-0.611910164164102,-0.513641392594147
VisualCogA_Task-1,1,-1,Fz,0.2265625,-0.392286697902917,-0.841721097784863,-0.792990636316593
VisualCogA_Task-1,1,-1,Fz,0.23046875,-0.435292088572664,-0.980426851193588,-1.0307561928757
VisualCogA_Task-1,1,-1,Fz,0.234375,-0.532597325955428,-1.22851285621983,-1.19866862799646
VisualCogA_Task-1,1,-1,Fz,0.23828125,-0.644652861328239,-1.51749860012215,-1.26426439559703
VisualCogA_Task-1,1,-1,Fz,0.2421875,-0.70121035858763,-1.43981333298304,-1.19756696861416
VisualCogA_Task-1,1,-1,Fz,0.24609375,-0.630739790838665,-1.27838484796128,-0.989702670361707
VisualCogA_Task-1,1,-1,Fz,0.25,-0.392680991010432,-0.799207913483937,-0.65198502118427
VisualCogA_Task-1,1,-1,Fz,0.25390625,0.00392234552861262,-0.338887120361945,-0.219784389559742
VisualCogA_Task-1,1,-1,Fz,0.2578125,0.504522221972751,0.327727915159663,0.259260281675681
VisualCogA_Task-1,1,-1,Fz,0.26171875,1.03059010970214,0.963945170415344,0.727584822118949
VisualCogA_Task-1,1,-1,Fz,0.265625,1.50344222928229,1.48702295681529,1.13333069749068
VisualCogA_Task-1,1,-1,Fz,0.26953125,1.86126077432203,1.80103769014528,1.44433606920285
VisualCogA_Task-1,1,-1,Fz,0.2734375,2.07308400518078,1.85301295756642,1.65791345361117
VisualCogA_Task-1,1,-1,Fz,0.27734375,2.15292230435117,1.78811622517946,1.80110050214986
VisualCogA_Task-1,1,-1,Fz,0.28125,2.1629039066567,1.55521304456421,1.91719315824943
VisualCogA_Task-1,1,-1,Fz,0.28515625,2.19086115558385,1.98724320744895,2.04840534225953
VisualCogA_Task-1,1,-1,Fz,0.2890625,2.3074643440337,2.1057538030826,2.20678596505602
VisualCogA_Task-1,1,-1,Fz,0.29296875,2.52966964202731,2.28673295287546,2.39928709294722
VisualCogA_Task-1,1,-1,Fz,0.296875,2.81527928506345,2.7976110942783,2.62444144541032
VisualCogA_Task-1,1,-1,Fz,0.30078125,3.09186395754333,3.15302288448299,2.8714022302499
VisualCogA_Task-1,1,-1,Fz,0.3046875,3.30392305325792,3.07711834365832,3.14375345934282
VisualCogA_Task-1,1,-1,Fz,0.30859375,3.45326220189452,3.25683279614769,3.46854753241873
VisualCogA_Task-1,1,-1,Fz,0.3125,3.60589226266633,3.59650307281248,3.86728392290023
VisualCogA_Task-1,1,-1,Fz,0.31640625,3.85105567963819,3.97408052761846,4.34381920952065
VisualCogA_Task-1,1,-1,Fz,0.3203125,4.23101259190465,4.52202542437293,4.8794449001727
VisualCogA_Task-1,1,-1,Fz,0.32421875,4.69175637755773,5.35536236865444,5.42464094592388
VisualCogA_Task-1,1,-1,Fz,0.328125,5.09742121899491,6.18781215723587,5.90010234152508
VisualCogA_Task-1,1,-1,Fz,0.33203125,5.30229223538839,6.73399611866475,6.22075086695469
VisualCogA_Task-1,1,-1,Fz,0.3359375,5.22856998348397,6.86537254161301,6.32548412016702
VisualCogA_Task-1,1,-1,Fz,0.33984375,4.8979374626854,6.56407845015613,6.19597013675889
VisualCogA_Task-1,1,-1,Fz,0.34375,4.40502110611255,5.95085578432148,5.85886765411427
VisualCogA_Task-1,1,-1,Fz,0.34765625,3.86067494509339,5.31276868747313,5.37151110240024
VisualCogA_Task-1,1,-1,Fz,0.3515625,3.34365429616904,4.70470242079422,4.79890058930115
VisualCogA_Task-1,1,-1,Fz,0.35546875,2.8831945823545,4.07038125729965,4.20114102125739
VisualCogA_Task-1,1,-1,Fz,0.359375,2.47197324430691,3.47410086635778,3.63048745733383
VisualCogA_Task-1,1,-1,Fz,0.36328125,2.09515121323907,2.9266177587106,3.12829830959881
VisualCogA_Task-1,1,-1,Fz,0.3671875,1.75880553251689,2.4883381932153,2.72289977420601
VisualCogA_Task-1,1,-1,Fz,0.37109375,1.50260226925185,2.04921844230208,2.42581133473512
VisualCogA_Task-1,1,-1,Fz,0.375,1.38431341937629,2.02004125088649,2.22900567634989
VisualCogA_Task-1,1,-1,Fz,0.37890625,1.43513790884025,2.07587457123545,2.09307274317803
VisualCogA_Task-1,1,-1,Fz,0.3828125,1.60862816898279,2.06568411564912,1.96118877722527
VisualCogA_Task-1,1,-1,Fz,0.38671875,1.76574740572977,2.17790028840769,1.77509683950212
VisualCogA_Task-1,1,-1,Fz,0.390625,1.72546930711165,1.94349239053239,1.48524793588776
VisualCogA_Task-1,1,-1,Fz,0.39453125,1.36103760256949,1.55491794599247,1.07566002633684
VisualCogA_Task-1,1,-1,Fz,0.3984375,0.678391090550559,0.794260740894759,0.568538108691037
VisualCogA_Task-1,1,-1,Fz,0.40234375,-0.177926505029966,-0.0505846473016464,0.0260253407633487
VisualCogA_Task-1,1,-1,Fz,0.40625,-0.992135362446801,-1.04871025953235,-0.470924900282923
VisualCogA_Task-1,1,-1,Fz,0.41015625,-1.57395771241322,-1.48800636878787,-0.847743402956557
VisualCogA_Task-1,1,-1,Fz,0.4140625,-1.83775740379383,-1.59640063017689,-1.07800973570379
VisualCogA_Task-1,1,-1,Fz,0.41796875,-1.83547329508336,-1.4264821378014,-1.18865871412345
VisualCogA_Task-1,1,-1,Fz,0.421875,-1.72952442100052,-1.06885333682094,-1.24982439502049
VisualCogA_Task-1,1,-1,Fz,0.42578125,-1.71243007242049,-0.837895537114751,-1.35145945383966
VisualCogA_Task-1,1,-1,Fz,0.4296875,-1.91433337352686,-0.940141786362591,-1.5684356445091
VisualCogA_Task-1,1,-1,Fz,0.43359375,-2.3552854271938,-1.34754658481513,-1.93282772789653
VisualCogA_Task-1,1,-1,Fz,0.4375,-2.96450745788837,-2.17744095556706,-2.42435264335747
VisualCogA_Task-1,1,-1,Fz,0.44140625,-3.63417747238072,-3.08586775992148,-2.97395390165731
VisualCogA_Task-1,1,-1,Fz,0.4453125,-4.26048052600785,-3.82989958834331,-3.49199903957891
VisualCogA_Task-1,1,-1,Fz,0.44921875,-4.75776047029323,-4.22579546887228,-3.89818174876049
VisualCogA_Task-1,1,-1,Fz,0.453125,-5.0642720161987,-4.51773349448415,-4.14035409990395
VisualCogA_Task-1,1,-1,Fz,0.45703125,-5.15429095225655,-4.44987775218324,-4.19366930705384
VisualCogA_Task-1,1,-1,Fz,0.4609375,-5.04699893106561,-4.30093882173604,-4.0647288671364
VisualCogA_Task-1,1,-1,Fz,0.46484375,-4.79535809523062,-4.0809400196866,-3.78148498083865
VisualCogA_Task-1,1,-1,Fz,0.46875,-4.45719760306334,-3.429925319092,-3.39157401173093
VisualCogA_Task-1,1,-1,Fz,0.47265625,-4.06943171693252,-2.74143448660858,-2.96758690995421
VisualCogA_Task-1,1,-1,Fz,0.4765625,-3.6434188288971,-1.99172338937523,-2.58531056792957
VisualCogA_Task-1,1,-1,Fz,0.48046875,-3.18291291199493,-2.07401128779271,-2.30168584279927
VisualCogA_Task-1,1,-1,Fz,0.484375,-2.71098959398562,-2.18734207538521,-2.12418799349272
VisualCogA_Task-1,1,-1,Fz,0.48828125,-2.28387718841407,-2.02450354823982,-2.04131939935546
VisualCogA_Task-1,1,-1,Fz,0.4921875,-1.97467375460885,-1.90271962555684,-2.04684527989071
VisualCogA_Task-1,1,-1,Fz,0.49609375,-1.83422880437806,-2.12919677604576,-2.1331295336754
VisualCogA_Task-1,1,-1,Fz,0.5,-1.86182026801365,-2.47579250065688,-2.28052558809199
VisualCogA_Task-1,1,-1,Fz,0.50390625,-2.01337829414036,-2.49861498418435,-2.46905914072043
VisualCogA_Task-1,1,-1,Fz,0.5078125,-2.2395059087599,-2.54720250921296,-2.69502813185445
VisualCogA_Task-1,1,-1,Fz,0.51171875,-2.51742468038863,-2.68180435716694,-2.95719348874308
VisualCogA_Task-1,1,-1,Fz,0.515625,-2.84916727032686,-2.96125186009999,-3.24199733674856
VisualCogA_Task-1,1,-1,Fz,0.51953125,-3.22924579545922,-3.4520940413478,-3.51293270693512
VisualCogA_Task-1,1,-1,Fz,0.5234375,-3.60764895425267,-3.9458301782817,-3.71009717397963
VisualCogA_Task-1,1,-1,Fz,0.52734375,-3.87741521958687,-4.2571730519476,-3.76851842375997
VisualCogA_Task-1,1,-1,Fz,0.53125,-3.90591825561254,-4.18811030776265,-3.64286855917924
VisualCogA_Task-1,1,-1,Fz,0.53515625,-3.60604205651313,-3.76866336623423,-3.32854090215614
VisualCogA_Task-1,1,-1,Fz,0.5390625,-3.00963258864456,-2.99112477445681,-2.86636558699135
VisualCogA_Task-1,1,-1,Fz,0.54296875,-2.28578689582933,-2.24242489624077,-2.33384961999202
VisualCogA_Task-1,1,-1,Fz,0.546875,-1.67345433474183,-1.37777420786612,-1.81889660642078
VisualCogA_Task-1,1,-1,Fz,0.55078125,-1.36281613730914,-0.853292963034798,-1.40179142456099
VisualCogA_Task-1,1,-1,Fz,0.5546875,-1.40303475123336,-0.699638587520989,-1.12605875281645
VisualCogA_Task-1,1,-1,Fz,0.55859375,-1.6906740247633,-0.869704996694433,-0.989515064463759
VisualCogA_Task-1,1,-1,Fz,0.5625,-2.03204936008265,-1.19364978164369,-0.954441819004917
VisualCogA_Task-1,1,-1,Fz,0.56640625,-2.23516208236616,-1.29794628693793,-0.973136303627804
VisualCogA_Task-1,1,-1,Fz,0.5703125,-2.18895805803752,-1.06945294299632,-1.01782980240687
VisualCogA_Task-1,1,-1,Fz,0.57421875,-1.90253337657298,-1.03297492517877,-1.08782109802572
VisualCogA_Task-1,1,-1,Fz,0.578125,-1.49098492762802,-1.09836778574691,-1.18671090155046
VisualCogA_Task-1,1,-1,Fz,0.58203125,-1.11545483821044,-1.18478357663522,-1.31352940964322
VisualCogA_Task-1,1,-1,Fz,0.5859375,-0.907444486883483,-1.26632922746773,-1.45994489264923
VisualCogA_Task-1,1,-1,Fz,0.58984375,-0.913893387891321,-1.54861779932492,-1.60689680149635
VisualCogA_Task-1,1,-1,Fz,0.59375,-1.08584862303666,-2.03846229083534,-1.71918994834731
VisualCogA_Task-1,1,-1,Fz,0.59765625,-1.31092686486047,-2.02718930439999,-1.75677256185057
VisualCogA_Task-1,1,-1,Fz,0.6015625,-1.46960458216049,-1.90352009865928,-1.70619889919526
VisualCogA_Task-1,1,-1,Fz,0.60546875,-1.48641582446244,-1.81429117072425,-1.57655794611629
VisualCogA_Task-1,1,-1,Fz,0.609375,-1.35405100907374,-1.45654326632696,-1.39338212163722
VisualCogA_Task-1,1,-1,Fz,0.61328125,-1.12549697008413,-1.13358560198834,-1.20201494683232
VisualCogA_Task-1,1,-1,Fz,0.6171875,-0.884759903571136,-0.855193450917832,-1.05306337149995
VisualCogA_Task-1,1,-1,Fz,0.62109375,-0.71268638913562,-0.613576882483246,-0.991431900034836
VisualCogA_Task-1,1,-1,Fz,0.625,-0.660856172308074,-0.716139092394562,-1.04553587678319
VisualCogA_Task-1,1,-1,Fz,0.62890625,-0.738721486618694,-1.06439524782985,-1.21230272796192
VisualCogA_Task-1,1,-1,Fz,0.6328125,-0.913507435014718,-1.3794313108649,-1.46121014775556
VisualCogA_Task-1,1,-1,Fz,0.63671875,-1.12110419531024,-1.72902124554003,-1.74941020700428
VisualCogA_Task-1,1,-1,Fz,0.640625,-1.28658787727688,-2.20173186424008,-2.02724007347405
VisualCogA_Task-1,1,-1,Fz,0.64453125,-1.35118459063129,-2.51623408265613,-2.24333783480882
VisualCogA_Task-1,1,-1,Fz,0.6484375,-1.29674272633719,-2.59643788781984,-2.36088256121635
VisualCogA_Task-1,1,-1,Fz,0.65234375,-1.15259269104542,-2.60822123374839,-2.36579467689169
VisualCogA_Task-1,1,-1,Fz,0.65625,-0.97241621281292,-2.43067148572281,-2.2636242165802
VisualCogA_Task-1,1,-1,Fz,0.66015625,-0.787807226781286,-2.12928126324204,-2.08012342809861
VisualCogA_Task-1,1,-1,Fz,0.6640625,-0.570812784859436,-1.6984756777908,-1.85496516502552
VisualCogA_Task-1,1,-1,Fz,0.66796875,-0.241830766318962,-1.2815809086582,-1.63191876720152
VisualCogA_Task-1,1,-1,Fz,0.671875,0.273890403875034,-1.17306950128169,-1.44171278386428
VisualCogA_Task-1,1,-1,Fz,0.67578125,0.982207641610233,-1.48527798845343,-1.28588094270619
VisualCogA_Task-1,1,-1,Fz,0.6796875,1.80015967605341,-1.21436293140964,-1.14357003120444
VisualCogA_Task-1,1,-1,Fz,0.68359375,2.59802206577339,-0.753918704969548,-1.01054325731515
VisualCogA_Task-1,1,-1,Fz,0.6875,3.27605958801898,-0.583800032997289,-0.888463237344862
VisualCogA_Task-1,1,-1,Fz,0.69140625,3.82745009886757,-0.541516219858234,-0.757607208238006
VisualCogA_Task-1,1,-1,Fz,0.6953125,4.3490789090849,-0.509105213487142,-0.572863806576697
VisualCogA_Task-1,1,-1,Fz,0.69921875,4.99283446234849,-0.487558949480951,-0.271114086578077
VisualCogA_Task-1,1,-1,Fz,0.703125,5.8857906429434,-0.402465379683834,0.216074113631513
VisualCogA_Task-1,1,-1,Fz,0.70703125,7.06706859263162,0.110704687886607,0.939095884017158
VisualCogA_Task-1,1,-1,Fz,0.7109375,8.47595043663068,1.36958747036372,1.89680135676766
VisualCogA_Task-1,1,-1,Fz,0.71484375,9.98879954052789,2.82671068041568,3.01900806439428
VisualCogA_Task-1,1,-1,Fz,0.71875,11.4722782347572,4.3423143258832,4.19159904887461
VisualCogA_Task-1,1,-1,Fz,0.72265625,12.8198610251375,5.67305120059345,5.28443257018803
VisualCogA_Task-1,1,-1,Fz,0.7265625,13.9612491213214,6.8571000007565,6.1799264947313
VisualCogA_Task-1,1,-1,Fz,0.73046875,14.8560352847953,7.54169823555067,6.79288357476829
VisualCogA_Task-1,1,-1,Fz,0.734375,15.4892159492881,7.84990796804017,7.09453768806498
VisualCogA_Task-1,1,-1,Fz,0.73828125,15.8791931680484,7.64132420706062,7.1185239341192
VisualCogA_Task-1,1,-1,Fz,0.7421875,16.0944734396377,7.19063160182004,6.96142493576006
VisualCogA_Task-1,1,-1,Fz,0.74609375,16.2593929174501,6.6950168601799,6.76339000522843
VisualCogA_Task-1,1,-1,Fz,0.75,16.5267495379838,5.78236155222406,6.6836690102702
VisualCogA_Task-1,1,-1,Fz,0.75390625,17.0176126977306,5.42149274290868,6.87581405654387
VisualCogA_Task-1,1,-1,Fz,0.7578125,17.7595516818389,6.19970649210941,7.41826829487076
VisualCogA_Task-1,1,-1,Fz,0.76171875,18.6616800779445,8.01736772520963,8.26828143326925
VisualCogA_Task-1,1,-1,Fz,0.765625,19.541276944146,9.32303093739874,9.28155636286096
VisualCogA_Task-1,1,-1,Fz,0.76953125,20.1880260698037,10.6322639974063,10.2928864990959
VisualCogA_Task-1,1,-1,Fz,0.7734375,20.4382813524663,11.7447737097897,11.1405214719687
VisualCogA_Task-1,1,-1,Fz,0.77734375,20.2297459845661,12.7044526081957,11.6909923696668
VisualCogA_Task-1,1,-1,Fz,0.78125,19.6125962346575,12.5401488626498,11.8611846335293
VisualCogA_Task-1,1,-1,Fz,0.78515625,18.7124185859778,11.8757833288008,11.6524387247725
VisualCogA_Task-1,1,-1,Fz,0.7890625,17.6692326654516,11.5208556223456,11.1226754570398
VisualCogA_Task-1,1,-1,Fz,0.79296875,16.5921712232256,10.0399811099094,10.3484276943098
VisualCogA_Task-1,1,-1,Fz,0.796875,15.5522795080029,9.04039349061483,9.43940998100357
VisualCogA_Task-1,1,-1,Fz,0.80078125,14.5998968373811,7.87052152124595,8.4796329795088
VisualCogA_Task-1,1,-1,F3,-0.19921875,1.40391033223553,2.74676000388673,2.50417828951824
VisualCogA_Task-1,1,-1,F3,-0.1953125,1.04830136613145,2.21958807159479,1.98109255359225
VisualCogA_Task-1,1,-1,F3,-0.19140625,0.474721243176054,1.61952066369054,1.47822196053031
VisualCogA_Task-1,1,-1,F3,-0.1875,-0.185688466147949,0.786132729952947,1.03565627969666
VisualCogA_Task-1,1,-1,F3,-0.18359375,-0.74039388284559,0.358152297301186,0.705260172385567
VisualCogA_Task-1,1,-1,F3,-0.1796875,-1.01737007461842,0.251700915009217,0.518104670746006
VisualCogA_Task-1,1,-1,F3,-0.17578125,-0.940187845480101,0.26584730482348,0.476335150669902
VisualCogA_Task-1,1,-1,F3,-0.171875,-0.55789940521028,0.376975197325762,0.559896675071121
VisualCogA_Task-1,1,-1,F3,-0.16796875,-0.0198932082271035,0.61876782482512,0.731193653042992
VisualCogA_Task-1,1,-1,F3,-0.1640625,0.484675676017963,1.04222020044792,0.937387037200065
VisualCogA_Task-1,1,-1,F3,-0.16015625,0.795263270721717,1.44420781859443,1.11626896113874
VisualCogA_Task-1,1,-1,F3,-0.15625,0.83518086815329,1.61869458736346,1.21436765539272
VisualCogA_Task-1,1,-1,F3,-0.15234375,0.635350529461684,1.50448627800214,1.20553958861703
VisualCogA_Task-1,1,-1,F3,-0.1484375,0.311126110806217,1.22247827568942,1.09733514046426
VisualCogA_Task-1,1,-1,F3,-0.14453125,-0.000393348384769874,0.943021928793309,0.922216914702424
VisualCogA_Task-1,1,-1,F3,-0.140625,-0.2040900284572,0.532394680092667,0.72307610970162
VisualCogA_Task-1,1,-1,F3,-0.13671875,-0.273629906653923,0.304264919635325,0.544537675006198
VisualCogA_Task-1,1,-1,F3,-0.1328125,-0.238015626251459,0.282246467635328,0.415336441026426
VisualCogA_Task-1,1,-1,F3,-0.12890625,-0.149752355799857,0.280585650275653,0.344184508558333
VisualCogA_Task-1,1,-1,F3,-0.125,-0.0525567380903523,0.407431917893802,0.328703147282024
VisualCogA_Task-1,1,-1,F3,-0.12109375,0.0417296056450095,0.274365451190862,0.361213722020712
VisualCogA_Task-1,1,-1,F3,-0.1171875,0.156403940720687,0.255034144441884,0.440598328481925
VisualCogA_Task-1,1,-1,F3,-0.11328125,0.328710695982001,0.46010693127745,0.558501706470706
VisualCogA_Task-1,1,-1,F3,-0.109375,0.577417143255706,0.827300018058657,0.691104913788758
VisualCogA_Task-1,1,-1,F3,-0.10546875,0.881859576175071,0.88194827554507,0.806389443638348
VisualCogA_Task-1,1,-1,F3,-0.1015625,1.18432728769103,0.759250208385202,0.883686381244235
VisualCogA_Task-1,1,-1,F3,-0.09765625,1.41070903637553,0.902622429852794,0.908623381156736
VisualCogA_Task-1,1,-1,F3,-0.09375,1.49794320837576,1.36970969053367,0.856458416854583
VisualCogA_Task-1,1,-1,F3,-0.08984375,1.41821403641274,1.07112184439985,0.701949382541181
VisualCogA_Task-1,1,-1,F3,-0.0859375,1.18994683397404,0.640415774100695,0.462625111893191
VisualCogA_Task-1,1,-1,F3,-0.08203125,0.869374320260623,0.0935261090338802,0.18677881040883
VisualCogA_Task-1,1,-1,F3,-0.078125,0.529774608438029,-0.37950740120575,-0.0624804278963922
VisualCogA_Task-1,1,-1,F3,-0.07421875,0.24379342820099,-0.711622515247559,-0.22981456745488
VisualCogA_Task-1,1,-1,F3,-0.0703125,0.0728195145694701,-0.714069715913905,-0.286304487141482
VisualCogA_Task-1,1,-1,F3,-0.06640625,0.0530960768893418,-0.457310258464121,-0.243181728147105
VisualCogA_Task-1,1,-1,F3,-0.0625,0.176570015357043,-0.0459699405467918,-0.147324934060358
VisualCogA_Task-1,1,-1,F3,-0.05859375,0.383925211609059,0.204624880421774,-0.0634567926629337
VisualCogA_Task-1,1,-1,F3,-0.0546875,0.58376993263739,0.301481245896794,-0.0478537422770623
VisualCogA_Task-1,1,-1,F3,-0.05078125,0.686065405688825,0.14808594408502,-0.134452081801247
VisualCogA_Task-1,1,-1,F3,-0.046875,0.627108383805,-0.147425917783219,-0.328076861119505
VisualCogA_Task-1,1,-1,F3,-0.04296875,0.380324038067421,-0.490637072941755,-0.610008294625329
VisualCogA_Task-1,1,-1,F3,-0.0390625,-0.0388040729955546,-0.890496998327072,-0.946472351434188
VisualCogA_Task-1,1,-1,F3,-0.03515625,-0.572050095726717,-1.46604378134996,-1.29374739885459
VisualCogA_Task-1,1,-1,F3,-0.03125,-1.12843636349773,-1.85976554841504,-1.60344719143611
VisualCogA_Task-1,1,-1,F3,-0.02734375,-1.60607536781874,-2.13531144608872,-1.84154351560294
VisualCogA_Task-1,1,-1,F3,-0.0234375,-1.92044947699512,-2.09465465825289,-1.99536802086086
VisualCogA_Task-1,1,-1,F3,-0.01953125,-2.03454354105137,-2.09787318789568,-2.07673301758944
VisualCogA_Task-1,1,-1,F3,-0.015625,-1.98291815644686,-2.07368062438046,-2.10572470261761
VisualCogA_Task-1,1,-1,F3,-0.01171875,-1.86987979339049,-2.07298401644022,-2.10419095363314
VisualCogA_Task-1,1,-1,F3,-0.0078125,-1.82418848884683,-2.04832922664624,-2.09130930847072
VisualCogA_Task-1,1,-1,F3,-0.00390625,-1.92519545389824,-1.94298282324727,-2.08365672686561
VisualCogA_Task-1,1,-1,F3,0,-2.14975215594492,-1.94335545201903,-2.09422849506772
VisualCogA_Task-1,1,-1,F3,0.00390625,-2.38363917792302,-2.08715445933096,-2.12429707402542
VisualCogA_Task-1,1,-1,F3,0.0078125,-2.49536143563839,-2.2185443815258,-2.16256217109968
VisualCogA_Task-1,1,-1,F3,0.01171875,-2.42399183211006,-2.39533443440238,-2.19462827576028
VisualCogA_Task-1,1,-1,F3,0.015625,-2.22154433772139,-2.27484576151418,-2.21076506167918
VisualCogA_Task-1,1,-1,F3,0.01953125,-2.02004139064646,-2.25447030927614,-2.21796771574849
VisualCogA_Task-1,1,-1,F3,0.0234375,-1.94596830336605,-2.17989430083661,-2.22857148317995
VisualCogA_Task-1,1,-1,F3,0.02734375,-2.04529231122197,-2.20826602801012,-2.25795349197921
VisualCogA_Task-1,1,-1,F3,0.03125,-2.27425392044608,-2.17456815410393,-2.31743443829003
VisualCogA_Task-1,1,-1,F3,0.03515625,-2.55411430763683,-2.25223209020614,-2.41419439625871
VisualCogA_Task-1,1,-1,F3,0.0390625,-2.83288500111413,-2.3379744305362,-2.54350791634939
VisualCogA_Task-1,1,-1,F3,0.04296875,-3.09865002465886,-2.63317036621407,-2.68715269018848
VisualCogA_Task-1,1,-1,F3,0.046875,-3.34422568248605,-2.86618153661538,-2.80977861891797
VisualCogA_Task-1,1,-1,F3,0.05078125,-3.53221450466279,-3.22929589102589,-2.87153707668198
VisualCogA_Task-1,1,-1,F3,0.0546875,-3.60290980692599,-3.48242893355962,-2.83727968076609
VisualCogA_Task-1,1,-1,F3,0.05859375,-3.51845320302716,-3.00467187034972,-2.70167128298451
VisualCogA_Task-1,1,-1,F3,0.0625,-3.30163760584782,-2.64019775852741,-2.51313917288428
VisualCogA_Task-1,1,-1,F3,0.06640625,-3.03763634542336,-1.95647903752642,-2.34536068895952
VisualCogA_Task-1,1,-1,F3,0.0703125,-2.84009832363327,-1.60364847200222,-2.28260138517461
VisualCogA_Task-1,1,-1,F3,0.07421875,-2.80477194243988,-1.82469571588624,-2.37672001120784
VisualCogA_Task-1,1,-1,F3,0.078125,-2.97438619840267,-2.42637568243426,-2.62299590730647
VisualCogA_Task-1,1,-1,F3,0.08203125,-3.32750946731286,-2.96495329895297,-2.97070638910762
VisualCogA_Task-1,1,-1,F3,0.0859375,-3.79071419397645,-3.66286557626392,-3.35274375350907
VisualCogA_Task-1,1,-1,F3,0.08984375,-4.264084542775,-4.14084524860828,-3.70152087322903
VisualCogA_Task-1,1,-1,F3,0.09375,-4.65108826315743,-4.32485510762701,-3.9752941062153
VisualCogA_Task-1,1,-1,F3,0.09765625,-4.89083354996996,-4.31799163440949,-4.16893017503059
VisualCogA_Task-1,1,-1,F3,0.1015625,-4.98798748475682,-4.30070324851073,-4.30642588568861
VisualCogA_Task-1,1,-1,F3,0.10546875,-5.02079852111036,-4.23048870618375,-4.42419983248463
VisualCogA_Task-1,1,-1,F3,0.109375,-5.10502432408466,-4.18961156091637,-4.55819372328244
VisualCogA_Task-1,1,-1,F3,0.11328125,-5.3209688812569,-4.27132131540941,-4.72820667208741
VisualCogA_Task-1,1,-1,F3,0.1171875,-5.65106261030725,-4.69423360288487,-4.92332261270775
VisualCogA_Task-1,1,-1,F3,0.12109375,-5.97945134401292,-5.223397657569,-5.09455169922848
VisualCogA_Task-1,1,-1,F3,0.125,-6.15810280539277,-5.5945691227979,-5.17381333491607
VisualCogA_Task-1,1,-1,F3,0.12890625,-6.09036257411312,-5.61963320647706,-5.10376408623202
VisualCogA_Task-1,1,-1,F3,0.1328125,-5.77622597888401,-5.39493382071565,-4.8621235019613
VisualCogA_Task-1,1,-1,F3,0.13671875,-5.30176176871962,-4.77714411021665,-4.46960022424267
VisualCogA_Task-1,1,-1,F3,0.140625,-4.79300674851843,-3.92489797768498,-3.99130375511104
VisualCogA_Task-1,1,-1,F3,0.14453125,-4.36577349673905,-2.95881287033603,-3.51797225376585
VisualCogA_Task-1,1,-1,F3,0.1484375,-4.09381180726051,-2.64641766994982,-3.13481006462102
VisualCogA_Task-1,1,-1,F3,0.15234375,-4.00040669669334,-2.45675720887335,-2.88042491680466
VisualCogA_Task-1,1,-1,F3,0.15625,-4.06369248668152,-2.34268211446005,-2.75272517322227
VisualCogA_Task-1,1,-1,F3,0.16015625,-4.22658924815809,-2.82955970809144,-2.71431355445174
VisualCogA_Task-1,1,-1,F3,0.1640625,-4.41374897080773,-3.17167255813554,-2.69362252617412
VisualCogA_Task-1,1,-1,F3,0.16796875,-4.55826105026675,-3.16888309595945,-2.62868840020709
VisualCogA_Task-1,1,-1,F3,0.171875,-4.62716306812803,-2.78854147195663,-2.49738499103178
VisualCogA_Task-1,1,-1,F3,0.17578125,-4.62943900976542,-2.50049820700074,-2.32260233777535
VisualCogA_Task-1,1,-1,F3,0.1796875,-4.60209714255443,-1.98188258176806,-2.15149351964205
VisualCogA_Task-1,1,-1,F3,0.18359375,-4.58378526083635,-1.79735955666509,-2.04603627160489
VisualCogA_Task-1,1,-1,F3,0.1875,-4.59042755646433,-1.67850619837944,-2.05407408381404
VisualCogA_Task-1,1,-1,F3,0.19140625,-4.60605347322921,-1.74998968490526,-2.20272738684139
VisualCogA_Task-1,1,-1,F3,0.1953125,-4.59618572125356,-2.45276592248732,-2.48781928747257
VisualCogA_Task-1,1,-1,F3,0.19921875,-4.53905300986158,-2.9661822814294,-2.86744475066524
VisualCogA_Task-1,1,-1,F3,0.203125,-4.45332476680056,-3.53558394126663,-3.29677762762825
VisualCogA_Task-1,1,-1,F3,0.20703125,-4.39432579463292,-3.79482899213149,-3.73921989713416
VisualCogA_Task-1,1,-1,F3,0.2109375,-4.41272060698341,-4.10952704605824,-4.17807406409205
VisualCogA_Task-1,1,-1,F3,0.21484375,-4.50895478648344,-4.46239640811969,-4.60127672466075
VisualCogA_Task-1,1,-1,F3,0.21875,-4.62723704218486,-4.9093613172807,-4.99105222349631
VisualCogA_Task-1,1,-1,F3,0.22265625,-4.69512590634402,-5.430652509192,-5.31805154554301
VisualCogA_Task-1,1,-1,F3,0.2265625,-4.67174581077089,-5.73093745582592,-5.54611810022715
VisualCogA_Task-1,1,-1,F3,0.23046875,-4.56716214782563,-5.84732995944464,-5.64847871061247
VisualCogA_Task-1,1,-1,F3,0.234375,-4.42770415070138,-5.77882315974874,-5.61376181272925
VisualCogA_Task-1,1,-1,F3,0.23828125,-4.3055116285404,-5.51579692869874,-5.44716678001045
VisualCogA_Task-1,1,-1,F3,0.2421875,-4.23124113180117,-5.19390981567103,-5.16764809814067
VisualCogA_Task-1,1,-1,F3,0.24609375,-4.20054461351076,-4.80627863426475,-4.79987943186185
VisualCogA_Task-1,1,-1,F3,0.25,-4.17651429277376,-4.25472792822613,-4.37072292237681
VisualCogA_Task-1,1,-1,F3,0.25390625,-4.10332116977832,-3.96682398519538,-3.90757397775527
VisualCogA_Task-1,1,-1,F3,0.2578125,-3.92524788058769,-3.4512154348693,-3.42816175655438
VisualCogA_Task-1,1,-1,F3,0.26171875,-3.60925112816236,-2.95015266971258,-2.95515291795131
VisualCogA_Task-1,1,-1,F3,0.265625,-3.16809191439285,-2.42824174755,-2.5131352609828
VisualCogA_Task-1,1,-1,F3,0.26953125,-2.67110502187951,-2.03181588200371,-2.12627989733238
VisualCogA_Task-1,1,-1,F3,0.2734375,-2.22403409087998,-1.69437161641077,-1.81168347923083
VisualCogA_Task-1,1,-1,F3,0.27734375,-1.91656509047815,-1.44215375780861,-1.57857065763153
VisualCogA_Task-1,1,-1,F3,0.28125,-1.7701023915715,-1.30132897887153,-1.42639009491954
VisualCogA_Task-1,1,-1,F3,0.28515625,-1.73020276480836,-1.28699532019655,-1.34322237849467
VisualCogA_Task-1,1,-1,F3,0.2890625,-1.71375808328184,-1.44396249499556,-1.30672633608606
VisualCogA_Task-1,1,-1,F3,0.29296875,-1.67279050388233,-1.44170526263027,-1.28987520723135
VisualCogA_Task-1,1,-1,F3,0.296875,-1.62546408603962,-1.22326622890599,-1.27707857804396
VisualCogA_Task-1,1,-1,F3,0.30078125,-1.6355939037638,-1.25152939682506,-1.2653985392539
VisualCogA_Task-1,1,-1,F3,0.3046875,-1.75807474630343,-1.2034108588161,-1.24741281916299
VisualCogA_Task-1,1,-1,F3,0.30859375,-1.98492071512735,-1.3951096029578,-1.214543384204
VisualCogA_Task-1,1,-1,F3,0.3125,-2.22806213347503,-1.49194508932347,-1.15454537078079
VisualCogA_Task-1,1,-1,F3,0.31640625,-2.36051623320623,-1.11126222024261,-1.07022110019337
VisualCogA_Task-1,1,-1,F3,0.3203125,-2.29991193063615,-0.730069289964256,-0.99248953695364
VisualCogA_Task-1,1,-1,F3,0.32421875,-2.07747488616244,-0.878085595035085,-0.955689738910929
VisualCogA_Task-1,1,-1,F3,0.328125,-1.83451766004651,-0.838542650012924,-0.972292409998791
VisualCogA_Task-1,1,-1,F3,0.33203125,-1.73985126405521,-1.04432171601889,-1.04830124216112
VisualCogA_Task-1,1,-1,F3,0.3359375,-1.88410778179358,-1.14722320850635,-1.17857411400967
VisualCogA_Task-1,1,-1,F3,0.33984375,-2.22608967339616,-1.32507589135603,-1.35763727697766
VisualCogA_Task-1,1,-1,F3,0.34375,-2.62643477424168,-1.66942167322464,-1.57740440703969
VisualCogA_Task-1,1,-1,F3,0.34765625,-2.9400130816654,-1.91427062196916,-1.82707573136858
VisualCogA_Task-1,1,-1,F3,0.3515625,-3.10145949566818,-1.87319140178679,-2.10351958265256
VisualCogA_Task-1,1,-1,F3,0.35546875,-3.15107227308647,-2.21302980383378,-2.41087053446322
VisualCogA_Task-1,1,-1,F3,0.359375,-3.19294728119946,-2.83394736896849,-2.73406914530002
VisualCogA_Task-1,1,-1,F3,0.36328125,-3.31837824912589,-3.0349217862431,-3.04156924610996
VisualCogA_Task-1,1,-1,F3,0.3671875,-3.54251549390507,-3.58326599291291,-3.31014785314575
VisualCogA_Task-1,1,-1,F3,0.37109375,-3.79015382002776,-3.62061016720529,-3.51602802767119
VisualCogA_Task-1,1,-1,F3,0.375,-3.93944382886323,-3.86548038996304,-3.65819267593067
VisualCogA_Task-1,1,-1,F3,0.37890625,-3.90222317716207,-3.92216970926921,-3.74433988246311
VisualCogA_Task-1,1,-1,F3,0.3828125,-3.69499384627718,-3.84521129718371,-3.79944170797677
VisualCogA_Task-1,1,-1,F3,0.38671875,-3.45047475155595,-3.70856224554141,-3.86328936541375
VisualCogA_Task-1,1,-1,F3,0.390625,-3.3526569849218,-3.71861439504047,-3.97948820015009
VisualCogA_Task-1,1,-1,F3,0.39453125,-3.53442938630681,-3.83586517949279,-4.17874963090576
VisualCogA_Task-1,1,-1,F3,0.3984375,-4.00716182009098,-4.28268067974732,-4.47004559264162
VisualCogA_Task-1,1,-1,F3,0.40234375,-4.66420321830709,-4.84610191772554,-4.83377431603412
VisualCogA_Task-1,1,-1,F3,0.40625,-5.34320173606537,-5.42081896815772,-5.23472028901851
VisualCogA_Task-1,1,-1,F3,0.41015625,-5.90135249943395,-5.8488475616217,-5.63869529967097
VisualCogA_Task-1,1,-1,F3,0.4140625,-6.26899088566994,-6.23360803792177,-6.02701935932931
VisualCogA_Task-1,1,-1,F3,0.41796875,-6.4685791887625,-6.39341262756453,-6.39852516782722
VisualCogA_Task-1,1,-1,F3,0.421875,-6.59556120583201,-6.75183450185799,-6.76926114821443
VisualCogA_Task-1,1,-1,F3,0.42578125,-6.76749137666683,-7.19647518146484,-7.15484967851878
VisualCogA_Task-1,1,-1,F3,0.4296875,-7.06687822514449,-7.02131240538252,-7.56946091623839
VisualCogA_Task-1,1,-1,F3,0.43359375,-7.51002233179111,-7.62998412984029,-8.03073381078356
VisualCogA_Task-1,1,-1,F3,0.4375,-8.05274154321321,-8.5401407422754,-8.51062826899329
VisualCogA_Task-1,1,-1,F3,0.44140625,-8.61600736680152,-9.01286890023384,-8.94770839096126
VisualCogA_Task-1,1,-1,F3,0.4453125,-9.11079040826317,-9.49478156910378,-9.28299764955469
VisualCogA_Task-1,1,-1,F3,0.44921875,-9.45835731197563,-9.67569510359315,-9.46294956008017
VisualCogA_Task-1,1,-1,F3,0.453125,-9.61152584541565,-9.72786314719872,-9.45166629780671
VisualCogA_Task-1,1,-1,F3,0.45703125,-9.57157695711672,-9.62019714383211,-9.23097883329607
VisualCogA_Task-1,1,-1,F3,0.4609375,-9.38351794412695,-9.30757733621522,-8.80573454122601
VisualCogA_Task-1,1,-1,F3,0.46484375,-9.10338002166478,-8.47927949340011,-8.21321565548563
VisualCogA_Task-1,1,-1,F3,0.46875,-8.7587746577342,-7.06094493057613,-7.53252464287977
VisualCogA_Task-1,1,-1,F3,0.47265625,-8.33524176098487,-6.34061740915594,-6.86493595670617
VisualCogA_Task-1,1,-1,F3,0.4765625,-7.8014503910301,-6.01193149385505,-6.27242574090391
VisualCogA_Task-1,1,-1,F3,0.48046875,-7.1565758245281,-5.80810279087636,-5.77327692711623
VisualCogA_Task-1,1,-1,F3,0.484375,-6.46648301569459,-5.40860092686542,-5.36406459306562
VisualCogA_Task-1,1,-1,F3,0.48828125,-5.85833269451905,-5.09723657364024,-5.04426597178791
VisualCogA_Task-1,1,-1,F3,0.4921875,-5.46728357987697,-4.87424188275937,-4.81706965746892
VisualCogA_Task-1,1,-1,F3,0.49609375,-5.36609551624321,-4.7155779239571,-4.6900784611155
VisualCogA_Task-1,1,-1,F3,0.5,-5.5285020006379,-4.50539198279945,-4.67565954584204
VisualCogA_Task-1,1,-1,F3,0.50390625,-5.85380133940483,-4.56025470207568,-4.78830502999971
VisualCogA_Task-1,1,-1,F3,0.5078125,-6.23058151773477,-4.71447909837041,-5.02831806835281
VisualCogA_Task-1,1,-1,F3,0.51171875,-6.5902985615183,-5.1770710217958,-5.37699762167196
VisualCogA_Task-1,1,-1,F3,0.515625,-6.91879230084225,-5.73662675807571,-5.78948940322926
VisualCogA_Task-1,1,-1,F3,0.51953125,-7.22916464939799,-6.32067817452338,-6.20427857630711
VisualCogA_Task-1,1,-1,F3,0.5234375,-7.51953940777492,-6.75355647165137,-6.55544508375848
VisualCogA_Task-1,1,-1,F3,0.52734375,-7.74293143146492,-7.16603800952033,-6.78676883495431
VisualCogA_Task-1,1,-1,F3,0.53125,-7.81415389367274,-7.1449590800757,-6.85853902158999
VisualCogA_Task-1,1,-1,F3,0.53515625,-7.66199119772724,-7.18453120871204,-6.76265059990806
VisualCogA_Task-1,1,-1,F3,0.5390625,-7.29775134842771,-6.8973550341139,-6.51486686435819
VisualCogA_Task-1,1,-1,F3,0.54296875,-6.84315641230054,-6.22206164209966,-6.1661078267904
VisualCogA_Task-1,1,-1,F3,0.546875,-6.48211706573252,-5.44747248955371,-5.799167513201
VisualCogA_Task-1,1,-1,F3,0.55078125,-6.36445488081218,-4.94467464000438,-5.50150276752876
VisualCogA_Task-1,1,-1,F3,0.5546875,-6.53158567522313,-5.04547378049439,-5.33126251507514
VisualCogA_Task-1,1,-1,F3,0.55859375,-6.90978698740517,-4.73264252302933,-5.30019333718125
VisualCogA_Task-1,1,-1,F3,0.5625,-7.35870430776249,-5.85693675080865,-5.3962260873065
VisualCogA_Task-1,1,-1,F3,0.56640625,-7.73426518964102,-5.49092139552807,-5.55999571773092
VisualCogA_Task-1,1,-1,F3,0.5703125,-7.93771029151431,-5.66962681217955,-5.77052973602643
VisualCogA_Task-1,1,-1,F3,0.57421875,-7.94119690340951,-5.91238332881853,-6.00109945624802
VisualCogA_Task-1,1,-1,F3,0.578125,-7.78715688515719,-6.5134262849729,-6.21656761546343
VisualCogA_Task-1,1,-1,F3,0.58203125,-7.56398177398693,-6.56416743866229,-6.37440394012129
VisualCogA_Task-1,1,-1,F3,0.5859375,-7.36917725066507,-6.57534786823964,-6.45681637912936
VisualCogA_Task-1,1,-1,F3,0.58984375,-7.27414163711131,-6.52589952479479,-6.4618265062738
VisualCogA_Task-1,1,-1,F3,0.59375,-7.3005332436261,-6.43283992812573,-6.39733351943329
VisualCogA_Task-1,1,-1,F3,0.59765625,-7.41351736155568,-6.30037199585147,-6.27657603469661
VisualCogA_Task-1,1,-1,F3,0.6015625,-7.53414848645275,-6.08219414969272,-6.11575153554354
VisualCogA_Task-1,1,-1,F3,0.60546875,-7.56871763857856,-5.8213003044478,-5.93304050221681
VisualCogA_Task-1,1,-1,F3,0.609375,-7.44641083971828,-5.79989865633762,-5.7438269661382
VisualCogA_Task-1,1,-1,F3,0.61328125,-7.1517364217426,-5.76421347238778,-5.5541832755821
VisualCogA_Task-1,1,-1,F3,0.6171875,-6.73867762978833,-5.22196384766458,-5.37485441967285
VisualCogA_Task-1,1,-1,F3,0.62109375,-6.31902520263965,-5.47326504413379,-5.23408790393524
VisualCogA_Task-1,1,-1,F3,0.625,-6.02510069897054,-4.71861733400681,-5.14739035289341
VisualCogA_Task-1,1,-1,F3,0.62890625,-5.95668052779082,-4.74607610302727,-5.15019981942133
VisualCogA_Task-1,1,-1,F3,0.6328125,-6.13237587943096,-5.23389390123217,-5.24222327148579
VisualCogA_Task-1,1,-1,F3,0.63671875,-6.47042884342417,-5.35215536228504,-5.3894907006874
VisualCogA_Task-1,1,-1,F3,0.640625,-6.81553722582904,-5.60655759592716,-5.55733798443897
VisualCogA_Task-1,1,-1,F3,0.64453125,-7.00634947058865,-5.88136917764001,-5.70798972195308
VisualCogA_Task-1,1,-1,F3,0.6484375,-6.95163978401431,-5.92271325916375,-5.80777214673303
VisualCogA_Task-1,1,-1,F3,0.65234375,-6.66994959199087,-6.13744053218439,-5.83745978025601
VisualCogA_Task-1,1,-1,F3,0.65625,-6.26379593972137,-5.86619309023036,-5.78740557003512
VisualCogA_Task-1,1,-1,F3,0.66015625,-5.84177414098308,-5.57232584005882,-5.67296085957748
VisualCogA_Task-1,1,-1,F3,0.6640625,-5.44271365649099,-5.50333035245098,-5.51604261907313
VisualCogA_Task-1,1,-1,F3,0.66796875,-5.02051240779102,-5.35461658107284,-5.33018156708558
VisualCogA_Task-1,1,-1,F3,0.671875,-4.50297459420753,-5.23696989231583,-5.12784906662646
VisualCogA_Task-1,1,-1,F3,0.67578125,-3.87495608558574,-4.90812296613229,-4.92355273187305
VisualCogA_Task-1,1,-1,F3,0.6796875,-3.21333144981011,-4.49982659762177,-4.74089357914337
VisualCogA_Task-1,1,-1,F3,0.68359375,-2.64195709459323,-4.26609946737629,-4.60218681094372
VisualCogA_Task-1,1,-1,F3,0.6875,-2.24006779498471,-4.25859977179535,-4.5096587146536
VisualCogA_Task-1,1,-1,F3,0.69140625,-1.97173030564961,-4.3141124013077,-4.43752829902189
VisualCogA_Task-1,1,-1,F3,0.6953125,-1.68747013475182,-4.38646772656177,-4.33909299422594
VisualCogA_Task-1,1,-1,F3,0.69921875,-1.19957103806617,-4.29758734787075,-4.15736557230027
VisualCogA_Task-1,1,-1,F3,0.703125,-0.382554081751,-4.22837363059058,-3.83930669964069
VisualCogA_Task-1,1,-1,F3,0.70703125,0.765649537215055,-3.78234046599251,-3.34356219060724
VisualCogA_Task-1,1,-1,F3,0.7109375,2.13432682663856,-3.00095892336682,-2.66120010380576
VisualCogA_Task-1,1,-1,F3,0.71484375,3.56236136086479,-2.19420058021254,-1.81985335412422
VisualCogA_Task-1,1,-1,F3,0.71875,4.90517252925936,-1.04431672361351,-0.875468091413997
VisualCogA_Task-1,1,-1,F3,0.72265625,6.07196455556548,0.285607732278491,0.0848139322995141
VisualCogA_Task-1,1,-1,F3,0.7265625,7.02667773885921,1.48031531501933,0.959780245640944
VisualCogA_Task-1,1,-1,F3,0.73046875,7.7641846665892,2.13370174511345,1.66495119389984
VisualCogA_Task-1,1,-1,F3,0.734375,8.28350189570362,2.92052846805823,2.15922504481396
VisualCogA_Task-1,1,-1,F3,0.73828125,8.58448509457757,3.03194399382388,2.44056261205552
VisualCogA_Task-1,1,-1,F3,0.7421875,8.69849799705247,2.96367537552466,2.57036666123375
VisualCogA_Task-1,1,-1,F3,0.74609375,8.72581030507819,2.50960334214311,2.65932173977193
VisualCogA_Task-1,1,-1,F3,0.75,8.83074054259692,2.05118356910603,2.85088812128423
VisualCogA_Task-1,1,-1,F3,0.75390625,9.17457504471947,1.98539480836196,3.2760495462491
VisualCogA_Task-1,1,-1,F3,0.7578125,9.82331711150019,2.75338584132658,3.99914770913011
VisualCogA_Task-1,1,-1,F3,0.76171875,10.6937174214324,4.22507907542272,4.97696974290028
VisualCogA_Task-1,1,-1,F3,0.765625,11.5744026798736,6.38499875428816,6.06248929154895
VisualCogA_Task-1,1,-1,F3,0.76953125,12.2108406218728,8.06293230554373,7.04602244344237
VisualCogA_Task-1,1,-1,F3,0.7734375,12.4094207254812,8.56301605669631,7.74476107550838
VisualCogA_Task-1,1,-1,F3,0.77734375,12.108233664666,8.5980813441467,8.06063955318325
VisualCogA_Task-1,1,-1,F3,0.78125,11.3807633953295,8.6913874793575,7.96378015700227
VisualCogA_Task-1,1,-1,F3,0.78515625,10.3776195305365,7.710669911649,7.46909198341432
VisualCogA_Task-1,1,-1,F3,0.7890625,9.24838471205054,6.78230068621017,6.6521180723979
VisualCogA_Task-1,1,-1,F3,0.79296875,8.09356420402771,5.32069638387152,5.60853295795105
VisualCogA_Task-1,1,-1,F3,0.796875,6.96793306871674,3.90503624918058,4.44485972522284
VisualCogA_Task-1,1,-1,F3,0.80078125,5.91403128121032,2.79301810652202,3.24363507818904
VisualCogA_Task-1,1,-1,F4,-0.19921875,0.649704672265491,0.837154608933571,0.847252930228103
VisualCogA_Task-1,1,-1,F4,-0.1953125,0.461468739270377,0.709269517067311,0.694290252137189
VisualCogA_Task-1,1,-1,F4,-0.19140625,0.159967438207691,0.714612409501006,0.540486047271732
VisualCogA_Task-1,1,-1,F4,-0.1875,-0.18592378778818,0.553727342127269,0.386247060934696
VisualCogA_Task-1,1,-1,F4,-0.18359375,-0.460116565555031,0.276221360503853,0.24649056861482
VisualCogA_Task-1,1,-1,F4,-0.1796875,-0.548539023630057,0.0977074189912874,0.150090535900225
VisualCogA_Task-1,1,-1,F4,-0.17578125,-0.393810513490708,-0.0586935193312194,0.128398494369782
VisualCogA_Task-1,1,-1,F4,-0.171875,-0.0231674153971153,-0.204698387971444,0.208400715859954
VisualCogA_Task-1,1,-1,F4,-0.16796875,0.463467384198128,0.148912998467495,0.40149247106545
VisualCogA_Task-1,1,-1,F4,-0.1640625,0.934297323462831,0.391833033571841,0.684644105361699
VisualCogA_Task-1,1,-1,F4,-0.16015625,1.27531627672774,1.02447564348669,1.01377767474097
VisualCogA_Task-1,1,-1,F4,-0.15625,1.42958345503388,1.69422054393187,1.32041431254636
VisualCogA_Task-1,1,-1,F4,-0.15234375,1.40856015940974,1.97113587390295,1.53696664951647
VisualCogA_Task-1,1,-1,F4,-0.1484375,1.26882362402326,1.9436461391331,1.62699783567201
VisualCogA_Task-1,1,-1,F4,-0.14453125,1.07164246464414,1.76074447836689,1.59025178973257
VisualCogA_Task-1,1,-1,F4,-0.140625,0.857157824033417,1.47215144975262,1.45285978903948
VisualCogA_Task-1,1,-1,F4,-0.13671875,0.646574299312409,1.13127758365926,1.25516083498695
VisualCogA_Task-1,1,-1,F4,-0.1328125,0.455089260485893,0.810024667780972,1.03910156736195
VisualCogA_Task-1,1,-1,F4,-0.12890625,0.295650167122406,0.687801269162916,0.836305021674135
VisualCogA_Task-1,1,-1,F4,-0.125,0.176471830190306,0.713611123922699,0.659304491801416
VisualCogA_Task-1,1,-1,F4,-0.12109375,0.104053543211173,0.693583726096157,0.508257958912435
VisualCogA_Task-1,1,-1,F4,-0.1171875,0.0885379651774409,0.240271628415895,0.387848956852609
VisualCogA_Task-1,1,-1,F4,-0.11328125,0.140046750271676,-0.0560944966623486,0.318204833399328
VisualCogA_Task-1,1,-1,F4,-0.109375,0.258038208357334,0.102008750962437,0.307154825626926
VisualCogA_Task-1,1,-1,F4,-0.10546875,0.427773373188069,0.467737152570487,0.331336559771263
VisualCogA_Task-1,1,-1,F4,-0.1015625,0.627872832390577,0.633564464800577,0.350292155846158
VisualCogA_Task-1,1,-1,F4,-0.09765625,0.836554197718916,0.596293568121273,0.334930449932032
VisualCogA_Task-1,1,-1,F4,-0.09375,1.02799969995655,0.311203644262265,0.279766303855508
VisualCogA_Task-1,1,-1,F4,-0.08984375,1.16707779832944,0.0329336856822817,0.201094839292313
VisualCogA_Task-1,1,-1,F4,-0.0859375,1.21329012027455,-0.0429067862000913,0.117830956285403
VisualCogA_Task-1,1,-1,F4,-0.08203125,1.13359698875851,0.0790501096138941,0.0348761254102306
VisualCogA_Task-1,1,-1,F4,-0.078125,0.919030105081819,0.0663233927323348,-0.056262994631541
VisualCogA_Task-1,1,-1,F4,-0.07421875,0.601079829320069,-0.164560519552427,-0.160398579787944
VisualCogA_Task-1,1,-1,F4,-0.0703125,0.256853364644845,-0.33157377547596,-0.272127273726689
VisualCogA_Task-1,1,-1,F4,-0.06640625,-0.0137936800938396,-0.47995969318327,-0.386392548429192
VisualCogA_Task-1,1,-1,F4,-0.0625,-0.138774793135806,-0.539209208894438,-0.503091751022643
VisualCogA_Task-1,1,-1,F4,-0.05859375,-0.120768148587284,-0.67410262022046,-0.62991949069707
VisualCogA_Task-1,1,-1,F4,-0.0546875,-0.0435233258255828,-0.614758143703285,-0.777580164798486
VisualCogA_Task-1,1,-1,F4,-0.05078125,-0.0311940575100762,-0.655408195157391,-0.960460098133187
VisualCogA_Task-1,1,-1,F4,-0.046875,-0.187211724713663,-0.986974365338502,-1.17937711374953
VisualCogA_Task-1,1,-1,F4,-0.04296875,-0.544253871110138,-1.4448749715003,-1.40972804278124
VisualCogA_Task-1,1,-1,F4,-0.0390625,-1.04531157323342,-1.84595110721795,-1.61087615399443
VisualCogA_Task-1,1,-1,F4,-0.03515625,-1.56421727971142,-1.94226932173741,-1.74511362688181
VisualCogA_Task-1,1,-1,F4,-0.03125,-1.95846571348254,-2.01264692649318,-1.79432222037141
VisualCogA_Task-1,1,-1,F4,-0.02734375,-2.12989304923796,-2.103249586916,-1.75681333462918
VisualCogA_Task-1,1,-1,F4,-0.0234375,-2.06577567730204,-1.83874537367063,-1.64909209533125
VisualCogA_Task-1,1,-1,F4,-0.01953125,-1.84639368348817,-1.43096295574161,-1.51653331584431
VisualCogA_Task-1,1,-1,F4,-0.015625,-1.61910866975624,-1.00423020562348,-1.42031624939666
VisualCogA_Task-1,1,-1,F4,-0.01171875,-1.54467560931896,-0.970942987470226,-1.41448928587472
VisualCogA_Task-1,1,-1,F4,-0.0078125,-1.72821511236,-1.16280465952955,-1.51842697818379
VisualCogA_Task-1,1,-1,F4,-0.00390625,-2.16244642034043,-1.5691510899576,-1.71454168769549
VisualCogA_Task-1,1,-1,F4,0,-2.71912242837058,-2.07805407761116,-1.95561058256024
VisualCogA_Task-1,1,-1,F4,0.00390625,-3.20456383101803,-2.43571594297134,-2.18229494778362
VisualCogA_Task-1,1,-1,F4,0.0078125,-3.45410381092203,-2.7289973228172,-2.34545969295881
VisualCogA_Task-1,1,-1,F4,0.01171875,-3.41328738651511,-2.81229406090489,-2.41708814394463
VisualCogA_Task-1,1,-1,F4,0.015625,-3.16309793513134,-2.69308728153395,-2.40112509575476
VisualCogA_Task-1,1,-1,F4,0.01953125,-2.87918904170686,-2.37107433688625,-2.33444916981623
VisualCogA_Task-1,1,-1,F4,0.0234375,-2.74752920262838,-2.15659563181423,-2.27826916970436
VisualCogA_Task-1,1,-1,F4,0.02734375,-2.88053883108683,-1.84587384480247,-2.29684599625027
VisualCogA_Task-1,1,-1,F4,0.03125,-3.27901115291783,-1.85334032429557,-2.44430108879426
VisualCogA_Task-1,1,-1,F4,0.03515625,-3.85539832495335,-2.1763303498447,-2.73717487405597
VisualCogA_Task-1,1,-1,F4,0.0390625,-4.49000143803834,-3.01892582181542,-3.14276104838015
VisualCogA_Task-1,1,-1,F4,0.04296875,-5.07426187765119,-3.88600905906353,-3.58161626442728
VisualCogA_Task-1,1,-1,F4,0.046875,-5.52207447474697,-4.49660078868131,-3.96397757264411
VisualCogA_Task-1,1,-1,F4,0.05078125,-5.76859305015936,-4.52670699280703,-4.22544808969707
VisualCogA_Task-1,1,-1,F4,0.0546875,-5.78186915345553,-4.67182161546405,-4.34601620025569
VisualCogA_Task-1,1,-1,F4,0.05859375,-5.58382020079002,-4.60300145559095,-4.330775197582
VisualCogA_Task-1,1,-1,F4,0.0625,-5.25366903806031,-4.11034105247066,-4.21196882620539
VisualCogA_Task-1,1,-1,F4,0.06640625,-4.89819148692569,-3.88466826222425,-4.044526352156
VisualCogA_Task-1,1,-1,F4,0.0703125,-4.60442959677837,-3.63950378037815,-3.87490806031939
VisualCogA_Task-1,1,-1,F4,0.07421875,-4.40744091650558,-3.4987932999877,-3.73625272808682
VisualCogA_Task-1,1,-1,F4,0.078125,-4.29293553556014,-3.55145883248484,-3.64208210952113
VisualCogA_Task-1,1,-1,F4,0.08203125,-4.22719375762818,-3.67613718008988,-3.58612967301019
VisualCogA_Task-1,1,-1,F4,0.0859375,-4.18875839614144,-3.77164889914592,-3.55457694718889
VisualCogA_Task-1,1,-1,F4,0.08984375,-4.18059453257646,-3.70601681089194,-3.54110608628206
VisualCogA_Task-1,1,-1,F4,0.09375,-4.22296266618824,-3.63521643591069,-3.5574885738443
VisualCogA_Task-1,1,-1,F4,0.09765625,-4.34502824810903,-3.60889613506577,-3.62923845381435
VisualCogA_Task-1,1,-1,F4,0.1015625,-4.58614662437932,-3.6177058403576,-3.78834709196983
VisualCogA_Task-1,1,-1,F4,0.10546875,-4.99407875368459,-3.70069309208372,-4.06511066085931
VisualCogA_Task-1,1,-1,F4,0.109375,-5.60051793356638,-3.99930083791173,-4.47560522873033
VisualCogA_Task-1,1,-1,F4,0.11328125,-6.37882575308915,-4.56007069720327,-5.00553873309914
VisualCogA_Task-1,1,-1,F4,0.1171875,-7.21808950897971,-5.56583594908958,-5.60092707891376
VisualCogA_Task-1,1,-1,F4,0.12109375,-7.94482533146114,-6.54942122590426,-6.17066383479757
VisualCogA_Task-1,1,-1,F4,0.125,-8.38769221095505,-7.24085552808815,-6.62071830855524
VisualCogA_Task-1,1,-1,F4,0.12890625,-8.44846593971454,-7.47314414060645,-6.88862292391703
VisualCogA_Task-1,1,-1,F4,0.1328125,-8.14290853647181,-7.33727507058214,-6.96358820624092
VisualCogA_Task-1,1,-1,F4,0.13671875,-7.59639722180613,-6.84707610968889,-6.88353478227567
VisualCogA_Task-1,1,-1,F4,0.140625,-6.99792184646443,-6.45008208632073,-6.71752385079848
VisualCogA_Task-1,1,-1,F4,0.14453125,-6.53099562163342,-6.21355147106755,-6.53157838787099
VisualCogA_Task-1,1,-1,F4,0.1484375,-6.31301525753088,-6.13982148838795,-6.36943455584835
VisualCogA_Task-1,1,-1,F4,0.15234375,-6.37077174623914,-5.95709913314808,-6.24832627401876
VisualCogA_Task-1,1,-1,F4,0.15625,-6.65451170246051,-5.99141264703248,-6.16635303938205
VisualCogA_Task-1,1,-1,F4,0.16015625,-7.07006220174236,-6.08399632653881,-6.09734542053216
VisualCogA_Task-1,1,-1,F4,0.1640625,-7.50902674697047,-6.18050370073587,-6.00055562003389
VisualCogA_Task-1,1,-1,F4,0.16796875,-7.87142193935013,-6.40703216899077,-5.83412341595258
VisualCogA_Task-1,1,-1,F4,0.171875,-8.08277464364286,-6.12120728759459,-5.57118425974543
VisualCogA_Task-1,1,-1,F4,0.17578125,-8.10570404051792,-5.39434293732369,-5.23261599895615
VisualCogA_Task-1,1,-1,F4,0.1796875,-7.94417684482675,-4.33496016263709,-4.88513173344918
VisualCogA_Task-1,1,-1,F4,0.18359375,-7.63958862487001,-4.08759863828786,-4.60892180795296
VisualCogA_Task-1,1,-1,F4,0.1875,-7.25757390686686,-4.10311111330391,-4.4383289362949
VisualCogA_Task-1,1,-1,F4,0.19140625,-6.86578106547024,-4.44137894947953,-4.36425223483033
VisualCogA_Task-1,1,-1,F4,0.1953125,-6.51115049440001,-4.62917535727727,-4.34965600133197
VisualCogA_Task-1,1,-1,F4,0.19921875,-6.21123868535564,-4.53079162067757,-4.36393175979332
VisualCogA_Task-1,1,-1,F4,0.203125,-5.96323243489485,-4.46354528550225,-4.39976431387001
VisualCogA_Task-1,1,-1,F4,0.20703125,-5.75684162613264,-4.45506030836441,-4.46374345562467
VisualCogA_Task-1,1,-1,F4,0.2109375,-5.57932051428557,-4.33760399618413,-4.56777405808926
VisualCogA_Task-1,1,-1,F4,0.21484375,-5.41954686843573,-4.58058828121488,-4.72303739869076
VisualCogA_Task-1,1,-1,F4,0.21875,-5.28168572862153,-4.88197411062071,-4.92153391636403
VisualCogA_Task-1,1,-1,F4,0.22265625,-5.19879426681543,-5.14085162350255,-5.14339329025428
VisualCogA_Task-1,1,-1,F4,0.2265625,-5.22384582571519,-5.31716431651426,-5.36544854902809
VisualCogA_Task-1,1,-1,F4,0.23046875,-5.39360627491507,-5.53424593227142,-5.56432091578942
VisualCogA_Task-1,1,-1,F4,0.234375,-5.68984062646395,-5.77238647491399,-5.71260792759939
VisualCogA_Task-1,1,-1,F4,0.23828125,-6.02859574369745,-5.96460583527962,-5.78040087289264
VisualCogA_Task-1,1,-1,F4,0.2421875,-6.28804976602377,-5.97041933532955,-5.74277258571333
VisualCogA_Task-1,1,-1,F4,0.24609375,-6.36074723461135,-5.82079192617508,-5.5901463136379
VisualCogA_Task-1,1,-1,F4,0.25,-6.2028818297601,-5.4813274596117,-5.33191586671077
VisualCogA_Task-1,1,-1,F4,0.25390625,-5.8538883818903,-4.9115085041387,-4.99669552268782
VisualCogA_Task-1,1,-1,F4,0.2578125,-5.41464410454546,-4.49216118613636,-4.62555052539999
VisualCogA_Task-1,1,-1,F4,0.26171875,-4.99804138246833,-4.03402428399251,-4.2524472004658
VisualCogA_Task-1,1,-1,F4,0.265625,-4.6826737615362,-3.77782513515648,-3.90023609523179
VisualCogA_Task-1,1,-1,F4,0.26953125,-4.49162847048297,-3.56160633253261,-3.57356584733842
VisualCogA_Task-1,1,-1,F4,0.2734375,-4.39546736188029,-3.50043215789983,-3.2668841810865
VisualCogA_Task-1,1,-1,F4,0.27734375,-4.3288088718855,-3.02836132033231,-2.97364219454306
VisualCogA_Task-1,1,-1,F4,0.28125,-4.21634874996018,-2.54266307040966,-2.70675331717621
VisualCogA_Task-1,1,-1,F4,0.28515625,-4.004869996632,-2.43568635019489,-2.48369090560318
VisualCogA_Task-1,1,-1,F4,0.2890625,-3.68721762731961,-2.19198926179619,-2.30825412921065
VisualCogA_Task-1,1,-1,F4,0.29296875,-3.30266886028961,-1.97887473229741,-2.18024177776793
VisualCogA_Task-1,1,-1,F4,0.296875,-2.91464180262313,-1.89181102915575,-2.08976390209314
VisualCogA_Task-1,1,-1,F4,0.30078125,-2.58114999433284,-2.15478673905116,-2.01014996588185
VisualCogA_Task-1,1,-1,F4,0.3046875,-2.32945460002574,-2.00113762727063,-1.89823336008485
VisualCogA_Task-1,1,-1,F4,0.30859375,-2.13870794238136,-1.92510526656872,-1.7229005400837
VisualCogA_Task-1,1,-1,F4,0.3125,-1.94064782209254,-1.7976347049049,-1.46161331685878
VisualCogA_Task-1,1,-1,F4,0.31640625,-1.65252350798255,-1.50641996446375,-1.10868389526421
VisualCogA_Task-1,1,-1,F4,0.3203125,-1.23405415452556,-0.948065444908298,-0.68642626249131
VisualCogA_Task-1,1,-1,F4,0.32421875,-0.72858452122284,-0.286303798987522,-0.250299078164671
VisualCogA_Task-1,1,-1,F4,0.328125,-0.251220473334859,0.563641193391012,0.12243573288969
VisualCogA_Task-1,1,-1,F4,0.33203125,0.070314644415461,0.886915263225316,0.351515852443852
VisualCogA_Task-1,1,-1,F4,0.3359375,0.157746628810106,0.781822334896213,0.39344608397834
VisualCogA_Task-1,1,-1,F4,0.33984375,0.00692292145110637,0.471316210921213,0.249347848538799
VisualCogA_Task-1,1,-1,F4,0.34375,-0.330294801824048,0.0232167002688026,-0.0472927452526367
VisualCogA_Task-1,1,-1,F4,0.34765625,-0.783803093760211,-0.588904559555808,-0.444492225241963
VisualCogA_Task-1,1,-1,F4,0.3515625,-1.29564981423562,-0.915654422234158,-0.884391332148392
VisualCogA_Task-1,1,-1,F4,0.35546875,-1.82947509568202,-1.61931052822739,-1.32116516788395
VisualCogA_Task-1,1,-1,F4,0.359375,-2.36174213702882,-1.97790269358271,-1.71159409186783
VisualCogA_Task-1,1,-1,F4,0.36328125,-2.86587425299758,-2.18475945930373,-2.03730391021447
VisualCogA_Task-1,1,-1,F4,0.3671875,-3.30017783434082,-2.24625892165161,-2.3021128125146
VisualCogA_Task-1,1,-1,F4,0.37109375,-3.60900016169912,-2.62934255279559,-2.522126950783
VisualCogA_Task-1,1,-1,F4,0.375,-3.74478899811858,-3.05855393433634,-2.70879798612926
VisualCogA_Task-1,1,-1,F4,0.37890625,-3.70767633141835,-3.00817089791248,-2.88251221316395
VisualCogA_Task-1,1,-1,F4,0.3828125,-3.57870238201864,-2.93605001413761,-3.09280225551497
VisualCogA_Task-1,1,-1,F4,0.38671875,-3.51221601940282,-2.93296178918735,-3.39967229387253
VisualCogA_Task-1,1,-1,F4,0.390625,-3.67333982953452,-3.06210626887365,-3.85006382214543
VisualCogA_Task-1,1,-1,F4,0.39453125,-4.15039388191961,-3.82027034276764,-4.45202579218538
VisualCogA_Task-1,1,-1,F4,0.3984375,-4.89988088184445,-5.11088276451063,-5.14794402640473
VisualCogA_Task-1,1,-1,F4,0.40234375,-5.7605307328557,-6.31664480578479,-5.8275580597644
VisualCogA_Task-1,1,-1,F4,0.40625,-6.52227865695932,-7.08572174925261,-6.3775189887341
VisualCogA_Task-1,1,-1,F4,0.41015625,-7.00810337505868,-7.44987882843634,-6.72523513861859
VisualCogA_Task-1,1,-1,F4,0.4140625,-7.13826678303665,-7.39154013969176,-6.85713173143248
VisualCogA_Task-1,1,-1,F4,0.41796875,-6.96281980246573,-7.02142222233026,-6.8200209633419
VisualCogA_Task-1,1,-1,F4,0.421875,-6.64692131153628,-6.60206907434237,-6.70524906453454
VisualCogA_Task-1,1,-1,F4,0.42578125,-6.40214970860868,-6.123988696512,-6.62094570344715
VisualCogA_Task-1,1,-1,F4,0.4296875,-6.39514557252344,-6.0644978522712,-6.66664221600045
VisualCogA_Task-1,1,-1,F4,0.43359375,-6.69090999492747,-6.19557443071533,-6.9004568542039
VisualCogA_Task-1,1,-1,F4,0.4375,-7.25684902793539,-6.82949964870863,-7.33032917308952
VisualCogA_Task-1,1,-1,F4,0.44140625,-7.99815254797137,-7.63701041689655,-7.90545852573193
VisualCogA_Task-1,1,-1,F4,0.4453125,-8.78480939710056,-8.65505861559089,-8.53330847150739
VisualCogA_Task-1,1,-1,F4,0.44921875,-9.46846530216683,-9.64568254147164,-9.09897189405582
VisualCogA_Task-1,1,-1,F4,0.453125,-9.91250466475775,-10.1789356668125,-9.49768752235748
VisualCogA_Task-1,1,-1,F4,0.45703125,-10.0388160360702,-10.1956813376144,-9.67025330601056
VisualCogA_Task-1,1,-1,F4,0.4609375,-9.86227115784969,-9.86358664181388,-9.61423787331789
VisualCogA_Task-1,1,-1,F4,0.46484375,-9.48305704780675,-9.44574320485136,-9.37099552188258
VisualCogA_Task-1,1,-1,F4,0.46875,-9.03803768652303,-8.78064734965438,-9.0026596133491
VisualCogA_Task-1,1,-1,F4,0.47265625,-8.64079252162379,-8.57380374285724,-8.57759248294263
VisualCogA_Task-1,1,-1,F4,0.4765625,-8.34331632114515,-7.84039552138748,-8.1456554439138
VisualCogA_Task-1,1,-1,F4,0.48046875,-8.13685398829664,-7.59259785211452,-7.75639408117278
VisualCogA_Task-1,1,-1,F4,0.484375,-7.98715233897912,-7.31670128150962,-7.43391565275255
VisualCogA_Task-1,1,-1,F4,0.48828125,-7.87757195753155,-7.32610023783832,-7.18867773093122
VisualCogA_Task-1,1,-1,F4,0.4921875,-7.82631163984887,-7.05391673380086,-7.02137002371668
VisualCogA_Task-1,1,-1,F4,0.49609375,-7.86561487149099,-6.89100487236824,-6.9441341146924
VisualCogA_Task-1,1,-1,F4,0.5,-8.00696370299239,-6.76923447593349,-6.97182381328217
VisualCogA_Task-1,1,-1,F4,0.50390625,-8.22880526045441,-6.96444056342397,-7.11486549204948
VisualCogA_Task-1,1,-1,F4,0.5078125,-8.49696048768936,-7.09720731315962,-7.3668030787787
VisualCogA_Task-1,1,-1,F4,0.51171875,-8.79306716687886,-7.60195993569314,-7.70864509053547
VisualCogA_Task-1,1,-1,F4,0.515625,-9.12100083298471,-7.95218771180263,-8.09893373058378
VisualCogA_Task-1,1,-1,F4,0.51953125,-9.4845375507225,-8.53418295819765,-8.48732077261745
VisualCogA_Task-1,1,-1,F4,0.5234375,-9.8532205477112,-8.94955771164778,-8.81122915543189
VisualCogA_Task-1,1,-1,F4,0.52734375,-10.1427123853093,-9.45669593715582,-9.01198699995414
VisualCogA_Task-1,1,-1,F4,0.53125,-10.2340469049873,-9.62952007960724,-9.04244980679593
VisualCogA_Task-1,1,-1,F4,0.53515625,-10.0381843079452,-9.27855956015153,-8.89253215466912
VisualCogA_Task-1,1,-1,F4,0.5390625,-9.57286009209109,-8.74540756194827,-8.60107114501986
VisualCogA_Task-1,1,-1,F4,0.54296875,-8.98789382001891,-7.9744483701273,-8.23907282975113
VisualCogA_Task-1,1,-1,F4,0.546875,-8.50036158702451,-7.43231572646471,-7.88957129550998
VisualCogA_Task-1,1,-1,F4,0.55078125,-8.27520154391474,-7.04434046348844,-7.61354859064145
VisualCogA_Task-1,1,-1,F4,0.5546875,-8.33555980812559,-7.15857559977936,-7.4338821327368
VisualCogA_Task-1,1,-1,F4,0.55859375,-8.5585734767405,-7.42672940776628,-7.32601532879124
VisualCogA_Task-1,1,-1,F4,0.5625,-8.74443349791688,-7.41382501015354,-7.24244937472015
VisualCogA_Task-1,1,-1,F4,0.56640625,-8.71044805899394,-7.65900587225603,-7.14407830635352
VisualCogA_Task-1,1,-1,F4,0.5703125,-8.36955082882931,-7.25333602517549,-7.00607746247413
VisualCogA_Task-1,1,-1,F4,0.57421875,-7.76782953591696,-6.75679049058444,-6.84653281235659
VisualCogA_Task-1,1,-1,F4,0.578125,-7.06567189147006,-6.50392027249472,-6.70413520550068
VisualCogA_Task-1,1,-1,F4,0.58203125,-6.46830716773517,-6.30519495404987,-6.61009696459178
VisualCogA_Task-1,1,-1,F4,0.5859375,-6.13899708376043,-6.31095630196589,-6.57894583456482
VisualCogA_Task-1,1,-1,F4,0.58984375,-6.13624862364456,-6.46276414976665,-6.5998010594762
VisualCogA_Task-1,1,-1,F4,0.59375,-6.39968915388925,-6.72547149666396,-6.63944942233243
VisualCogA_Task-1,1,-1,F4,0.59765625,-6.78446880130443,-6.96985716758721,-6.65325796366422
VisualCogA_Task-1,1,-1,F4,0.6015625,-7.12427435194058,-6.90810490451881,-6.60376223019656
VisualCogA_Task-1,1,-1,F4,0.60546875,-7.29355760283262,-6.69872737775398,-6.47988103564804
VisualCogA_Task-1,1,-1,F4,0.609375,-7.2443989808893,-6.33404751026565,-6.29589508326408
VisualCogA_Task-1,1,-1,F4,0.61328125,-7.00955528012896,-6.04099432076762,-6.08432227146562
VisualCogA_Task-1,1,-1,F4,0.6171875,-6.67889052042939,-5.75100924140428,-5.88085986759037
VisualCogA_Task-1,1,-1,F4,0.62109375,-6.36260118664252,-5.57520935380678,-5.71759447641789
VisualCogA_Task-1,1,-1,F4,0.625,-6.15349192534029,-5.52208731147126,-5.61579181721223
VisualCogA_Task-1,1,-1,F4,0.62890625,-6.09851330842352,-5.49719668334796,-5.58485218235317
VisualCogA_Task-1,1,-1,F4,0.6328125,-6.18780457568764,-5.246444699711,-5.62636715540874
VisualCogA_Task-1,1,-1,F4,0.63671875,-6.36463143197303,-5.68179469143444,-5.73462369502988
VisualCogA_Task-1,1,-1,F4,0.640625,-6.5519896333131,-5.96397950966239,-5.87224855522605
VisualCogA_Task-1,1,-1,F4,0.64453125,-6.68456724967191,-5.99941354972619,-5.9974660730404
VisualCogA_Task-1,1,-1,F4,0.6484375,-6.73108664229473,-6.12414399975563,-6.07614483171913
VisualCogA_Task-1,1,-1,F4,0.65234375,-6.6939647468827,-6.13844495630013,-6.07431570423224
VisualCogA_Task-1,1,-1,F4,0.65625,-6.58373151752839,-6.05644080428743,-5.96200949421945
VisualCogA_Task-1,1,-1,F4,0.66015625,-6.38408741815147,-5.91755917140126,-5.71460110965946
VisualCogA_Task-1,1,-1,F4,0.6640625,-6.03690130272389,-5.6223362837433,-5.31533473436997
VisualCogA_Task-1,1,-1,F4,0.66796875,-5.46669692363171,-4.93420101343969,-4.76436772398049
VisualCogA_Task-1,1,-1,F4,0.671875,-4.63301408132805,-4.34665177226634,-4.08744089656831
VisualCogA_Task-1,1,-1,F4,0.67578125,-3.57398357532467,-3.34432486320921,-3.32444784433232
VisualCogA_Task-1,1,-1,F4,0.6796875,-2.4085134051874,-2.13872805452154,-2.53688306577958
VisualCogA_Task-1,1,-1,F4,0.68359375,-1.29096044788962,-1.05025844801483,-1.78789747765689
VisualCogA_Task-1,1,-1,F4,0.6875,-0.338735174310538,-0.853008755284055,-1.10746241243954
VisualCogA_Task-1,1,-1,F4,0.69140625,0.431869992727454,-0.731935337425844,-0.464079283465994
VisualCogA_Task-1,1,-1,F4,0.6953125,1.12474238567614,-0.0478702032950628,0.19495496735492
VisualCogA_Task-1,1,-1,F4,0.69921875,1.91797167177226,1.01118867488263,0.90002206028438
VisualCogA_Task-1,1,-1,F4,0.703125,2.97021493065831,1.72356123648871,1.66126828469607
VisualCogA_Task-1,1,-1,F4,0.70703125,4.33311207303026,2.20277080240971,2.49810381451352
VisualCogA_Task-1,1,-1,F4,0.7109375,5.92462317126301,2.7284103705572,3.43512990297632
VisualCogA_Task-1,1,-1,F4,0.71484375,7.57583160956704,4.55723088167212,4.47233671898207
VisualCogA_Task-1,1,-1,F4,0.71875,9.11195225869628,5.34024752233835,5.55082113706012
VisualCogA_Task-1,1,-1,F4,0.72265625,10.4123859398998,6.68422799276928,6.61875454529731
VisualCogA_Task-1,1,-1,F4,0.7265625,11.4242903007008,7.95590527458078,7.60676053055367
VisualCogA_Task-1,1,-1,F4,0.73046875,12.1444512613716,8.86717874656809,8.45091880031189
VisualCogA_Task-1,1,-1,F4,0.734375,12.5990480556783,9.59140865903599,9.11640445739024
VisualCogA_Task-1,1,-1,F4,0.73828125,12.838713706491,9.66957878496538,9.6030809334617
VisualCogA_Task-1,1,-1,F4,0.7421875,12.9457230955495,10.673117951037,9.95039534366968
VisualCogA_Task-1,1,-1,F4,0.74609375,13.0350405875597,10.5287544594559,10.2033362907829
VisualCogA_Task-1,1,-1,F4,0.75,13.2309960463183,9.94787271238271,10.4671192615175
VisualCogA_Task-1,1,-1,F4,0.75390625,13.6211575435251,9.45630106301163,10.8740779233121
VisualCogA_Task-1,1,-1,F4,0.7578125,14.213590953297,10.6741994924055,11.5132753978443
VisualCogA_Task-1,1,-1,F4,0.76171875,14.9262602489828,11.7249838883797,12.3556267351
VisualCogA_Task-1,1,-1,F4,0.765625,15.6143760784547,13.3289611946606,13.3021239929449
VisualCogA_Task-1,1,-1,F4,0.76953125,16.1197460113713,14.5158148662265,14.201205658685
VisualCogA_Task-1,1,-1,F4,0.7734375,16.3224440926758,15.6058739279123,14.9035466531026
VisualCogA_Task-1,1,-1,F4,0.77734375,16.1777457914968,16.3328118621128,15.2860393309415
VisualCogA_Task-1,1,-1,F4,0.78125,15.7217167181462,15.8762754908049,15.2841033198467
VisualCogA_Task-1,1,-1,F4,0.78515625,15.0392528055544,15.2215964299272,14.920389291727
VisualCogA_Task-1,1,-1,F4,0.7890625,14.2140834767318,14.1507265591902,14.2668955994048
VisualCogA_Task-1,1,-1,F4,0.79296875,13.297842423167,13.174728363577,13.4207211905524
VisualCogA_Task-1,1,-1,F4,0.796875,12.3178774807802,12.1263835162479,12.4692842594908
VisualCogA_Task-1,1,-1,F4,0.80078125,11.3035896719145,11.0193788366589,11.4795035982929
VisualCogA_Task-1,1,1,Fz,-0.19921875,0.447844646142779,-0.559310335821875,-0.310728909880536
VisualCogA_Task-1,1,1,Fz,-0.1953125,1.0318549216902,-0.0527841825535426,0.107930379718092
VisualCogA_Task-1,1,1,Fz,-0.19140625,1.60640838234085,0.504438001394088,0.505874550488276
VisualCogA_Task-1,1,1,Fz,-0.1875,2.04934263423971,1.02622451797073,0.848995603412267
VisualCogA_Task-1,1,1,Fz,-0.18359375,2.26876184633939,1.3356148316911,1.1030658270478
VisualCogA_Task-1,1,1,Fz,-0.1796875,2.23719455589707,1.42880920071154,1.24862658616582
VisualCogA_Task-1,1,1,Fz,-0.17578125,1.99998595199426,1.4409116758664,1.28559832925754
VisualCogA_Task-1,1,1,Fz,-0.171875,1.64779816910696,1.22547111248811,1.22891672269298
VisualCogA_Task-1,1,1,Fz,-0.16796875,1.27746551369661,1.11179352193243,1.10646021172626
VisualCogA_Task-1,1,1,Fz,-0.1640625,0.967588428531025,0.928909745531828,0.945820107427723
VisualCogA_Task-1,1,1,Fz,-0.16015625,0.768333167697599,0.583498333963668,0.775032163384912
VisualCogA_Task-1,1,1,Fz,-0.15625,0.692085765233596,0.349767620483871,0.620722936360709
VisualCogA_Task-1,1,1,Fz,-0.15234375,0.705933600751679,0.474377110085446,0.493557830666226
VisualCogA_Task-1,1,1,Fz,-0.1484375,0.739977839613306,0.587171294781137,0.38162264095617
VisualCogA_Task-1,1,1,Fz,-0.14453125,0.717626160069043,0.367654251116199,0.27140476850352
VisualCogA_Task-1,1,1,Fz,-0.140625,0.595883673031183,0.153451480486761,0.166520669066664
VisualCogA_Task-1,1,1,Fz,-0.13671875,0.39234511634066,-0.0552383874947927,0.0786075886217172
VisualCogA_Task-1,1,1,Fz,-0.1328125,0.178611003028682,-0.0677568383547426,0.0182136740964681
VisualCogA_Task-1,1,1,Fz,-0.12890625,0.0379928579300872,-0.0461530259235188,-0.0152667589243372
VisualCogA_Task-1,1,1,Fz,-0.125,0.0109202994292419,-0.124079246173806,-0.0296036042268867
VisualCogA_Task-1,1,1,Fz,-0.12109375,0.0656572072144485,0.0543924261810986,-0.0351406111806336
VisualCogA_Task-1,1,1,Fz,-0.1171875,0.118682341676333,0.169166756460561,-0.0500944993172744
VisualCogA_Task-1,1,1,Fz,-0.11328125,0.0937345243561513,0.0395760597657139,-0.0852209017216943
VisualCogA_Task-1,1,1,Fz,-0.109375,-0.0225551454189444,-0.235313426669448,-0.133003680163959
VisualCogA_Task-1,1,1,Fz,-0.10546875,-0.171056114819385,-0.447724617694193,-0.175526949623518
VisualCogA_Task-1,1,1,Fz,-0.1015625,-0.265948327120012,-0.395982898176608,-0.203400637288609
VisualCogA_Task-1,1,1,Fz,-0.09765625,-0.263399806528483,-0.143482097193126,-0.229917809353363
VisualCogA_Task-1,1,1,Fz,-0.09375,-0.20284063165074,-0.0889641457895916,-0.284420053752573
VisualCogA_Task-1,1,1,Fz,-0.08984375,-0.189342462348277,-0.123348943946689,-0.389045982407684
VisualCogA_Task-1,1,1,Fz,-0.0859375,-0.326038059353044,-0.322136911988267,-0.549646214909888
VisualCogA_Task-1,1,1,Fz,-0.08203125,-0.641305195704271,-0.648827202247512,-0.749929950978631
VisualCogA_Task-1,1,1,Fz,-0.078125,-1.06218060530994,-1.04417555607408,-0.954647281756553
VisualCogA_Task-1,1,1,Fz,-0.07421875,-1.45281635943804,-1.25566239666905,-1.12012306932537
VisualCogA_Task-1,1,1,Fz,-0.0703125,-1.68728259889812,-1.52705743902374,-1.21014286529326
VisualCogA_Task-1,1,1,Fz,-0.06640625,-1.70530707604682,-1.42673845382993,-1.19978716521371
VisualCogA_Task-1,1,1,Fz,-0.0625,-1.52435263002058,-1.23822250913413,-1.09054601245106
VisualCogA_Task-1,1,1,Fz,-0.05859375,-1.21745882925235,-0.976227444976161,-0.902822057754375
VisualCogA_Task-1,1,1,Fz,-0.0546875,-0.878153289160998,-0.750033972375563,-0.669324326596278
VisualCogA_Task-1,1,1,Fz,-0.05078125,-0.587647474780956,-0.498602556138313,-0.428878960051219
VisualCogA_Task-1,1,1,Fz,-0.046875,-0.395600286880647,0.0371299673087868,-0.227037903008587
VisualCogA_Task-1,1,1,Fz,-0.04296875,-0.321003777328984,0.445527325887964,-0.115163400031698
VisualCogA_Task-1,1,1,Fz,-0.0390625,-0.364853844551022,0.166759723017484,-0.122603706490749
VisualCogA_Task-1,1,1,Fz,-0.03515625,-0.51538757684905,-0.18419160114326,-0.231982850595969
VisualCogA_Task-1,1,1,Fz,-0.03125,-0.739146187260247,-0.57678033629214,-0.401811241431899
VisualCogA_Task-1,1,1,Fz,-0.02734375,-0.973907609176539,-0.760474535362373,-0.586616683962021
VisualCogA_Task-1,1,1,Fz,-0.0234375,-1.14162181035896,-0.857866782070703,-0.755507741054837
VisualCogA_Task-1,1,1,Fz,-0.01953125,-1.17888233240458,-1.02167826650613,-0.892081129862212
VisualCogA_Task-1,1,1,Fz,-0.015625,-1.0659646267036,-1.11200557419135,-0.988463487620666
VisualCogA_Task-1,1,1,Fz,-0.01171875,-0.837640213807856,-1.12415983076097,-1.04758121295371
VisualCogA_Task-1,1,1,Fz,-0.0078125,-0.570312677053049,-1.07128582002014,-1.08265587836576
VisualCogA_Task-1,1,1,Fz,-0.00390625,-0.350023058125351,-1.04162433720733,-1.11329060784514
VisualCogA_Task-1,1,1,Fz,0,-0.234948638929852,-0.996641230616638,-1.15814102051807
VisualCogA_Task-1,1,1,Fz,0.00390625,-0.232205793314789,-1.09453655100744,-1.22989054629094
VisualCogA_Task-1,1,1,Fz,0.0078125,-0.300955040720665,-1.18667430644325,-1.32776429924501
VisualCogA_Task-1,1,1,Fz,0.01171875,-0.373041354638733,-1.4408936684004,-1.43970789385461
VisualCogA_Task-1,1,1,Fz,0.015625,-0.37324623190615,-1.70410270302182,-1.54190944519389
VisualCogA_Task-1,1,1,Fz,0.01953125,-0.23657596605398,-1.80877034238996,-1.61065588288251
VisualCogA_Task-1,1,1,Fz,0.0234375,0.0666280997605013,-1.88739184575599,-1.63575024135911
VisualCogA_Task-1,1,1,Fz,0.02734375,0.501623647597926,-1.63103106774634,-1.62350509335462
VisualCogA_Task-1,1,1,Fz,0.03125,0.961774071232485,-1.43083419785101,-1.6012031452997
VisualCogA_Task-1,1,1,Fz,0.03515625,1.30025104471407,-1.5703717393034,-1.59675426815768
VisualCogA_Task-1,1,1,Fz,0.0390625,1.38778246889224,-1.61162238956241,-1.62387092060447
VisualCogA_Task-1,1,1,Fz,0.04296875,1.16645959558008,-1.49482770489862,-1.6940670172448
VisualCogA_Task-1,1,1,Fz,0.046875,0.676840190374414,-1.50563093164033,-1.81783576176323
VisualCogA_Task-1,1,1,Fz,0.05078125,0.0475137519004499,-1.84572280985529,-1.98906708181548
VisualCogA_Task-1,1,1,Fz,0.0546875,-0.552506845675055,-2.22033511611791,-2.17563383588035
VisualCogA_Task-1,1,1,Fz,0.05859375,-0.977630750938986,-2.36889392190139,-2.33346352643995
VisualCogA_Task-1,1,1,Fz,0.0625,-1.14871740152519,-2.62355403912612,-2.42220876266287
VisualCogA_Task-1,1,1,Fz,0.06640625,-1.05556103696031,-2.67041709646696,-2.40447468667282
VisualCogA_Task-1,1,1,Fz,0.0703125,-0.737994924116807,-2.55727390483746,-2.25964521363209
VisualCogA_Task-1,1,1,Fz,0.07421875,-0.275734378848689,-2.37894122563418,-1.98926612618584
VisualCogA_Task-1,1,1,Fz,0.078125,0.21335220419325,-1.95544074242909,-1.619685597913
VisualCogA_Task-1,1,1,Fz,0.08203125,0.591898450167394,-1.38562814391575,-1.20972472734652
VisualCogA_Task-1,1,1,Fz,0.0859375,0.745922349069922,-0.600973782037136,-0.846184208395706
VisualCogA_Task-1,1,1,Fz,0.08984375,0.624516812822032,-0.0250957934620382,-0.630523353017292
VisualCogA_Task-1,1,1,Fz,0.09375,0.246447080034859,0.144240587632833,-0.643767270971463
VisualCogA_Task-1,1,1,Fz,0.09765625,-0.325151970469625,-0.406048622332512,-0.916488775388801
VisualCogA_Task-1,1,1,Fz,0.1015625,-1.01490161171807,-1.26311588957801,-1.41359335784953
VisualCogA_Task-1,1,1,Fz,0.10546875,-1.75422611859259,-2.05945837942802,-2.05744983051251
VisualCogA_Task-1,1,1,Fz,0.109375,-2.48506742293434,-3.01649594455195,-2.75788721651399
VisualCogA_Task-1,1,1,Fz,0.11328125,-3.15673118676432,-3.87277637581545,-3.4249019180665
VisualCogA_Task-1,1,1,Fz,0.1171875,-3.72603122309474,-4.25751922284621,-3.99004106471905
VisualCogA_Task-1,1,1,Fz,0.12109375,-4.16503120814263,-4.55815803572599,-4.42217465749977
VisualCogA_Task-1,1,1,Fz,0.125,-4.46857964054385,-4.79472540423448,-4.71246254394734
VisualCogA_Task-1,1,1,Fz,0.12890625,-4.64765439285515,-4.79329082606832,-4.86339651978599
VisualCogA_Task-1,1,1,Fz,0.1328125,-4.70784227383274,-5.08685760704879,-4.88432361909719
VisualCogA_Task-1,1,1,Fz,0.13671875,-4.63510010030746,-5.04389152271443,-4.77874873481929
VisualCogA_Task-1,1,1,Fz,0.140625,-4.41263088530686,-4.60947910251732,-4.56705459221992
VisualCogA_Task-1,1,1,Fz,0.14453125,-4.06124357325297,-4.11644840734856,-4.29171914889131
VisualCogA_Task-1,1,1,Fz,0.1484375,-3.66217338100988,-3.76259843105739,-3.99875573828382
VisualCogA_Task-1,1,1,Fz,0.15234375,-3.32821612531502,-3.33913963443236,-3.71957179871921
VisualCogA_Task-1,1,1,Fz,0.15625,-3.13517672762609,-3.28886170783471,-3.46589499291708
VisualCogA_Task-1,1,1,Fz,0.16015625,-3.06397977195186,-3.16743848097926,-3.21775030323977
VisualCogA_Task-1,1,1,Fz,0.1640625,-2.99712661646529,-3.2485252362606,-2.94040993829275
VisualCogA_Task-1,1,1,Fz,0.16796875,-2.77392506208483,-2.9966246084188,-2.59495345482645
VisualCogA_Task-1,1,1,Fz,0.171875,-2.27413037616012,-2.5112708208213,-2.16813668442197
VisualCogA_Task-1,1,1,Fz,0.17578125,-1.48758021989926,-2.11835113964073,-1.68018805479308
VisualCogA_Task-1,1,1,Fz,0.1796875,-0.53468957402073,-1.14993623596134,-1.17993050502019
VisualCogA_Task-1,1,1,Fz,0.18359375,0.374617570813416,-0.235624625147834,-0.752700564587645
VisualCogA_Task-1,1,1,Fz,0.1875,1.02323702033084,-0.15799711883396,-0.481335240558245
VisualCogA_Task-1,1,1,Fz,0.19140625,1.26733273685311,-0.0446017162239648,-0.405581878374798
VisualCogA_Task-1,1,1,Fz,0.1953125,1.07811868889204,-0.268735958983978,-0.538242980003087
VisualCogA_Task-1,1,1,Fz,0.19921875,0.535502289182701,-0.637381169466269,-0.862039367229659
VisualCogA_Task-1,1,1,Fz,0.203125,-0.212529252609913,-1.11489403329141,-1.3372329434228
VisualCogA_Task-1,1,1,Fz,0.20703125,-1.00095266423113,-1.73287372453871,-1.90536409547052
VisualCogA_Task-1,1,1,Fz,0.2109375,-1.68533923157322,-2.67025303756061,-2.48944496774988
VisualCogA_Task-1,1,1,Fz,0.21484375,-2.15556292785386,-3.46438926124562,-2.99811350706027
VisualCogA_Task-1,1,1,Fz,0.21875,-2.33846424800925,-3.82795559704504,-3.355074999352
VisualCogA_Task-1,1,1,Fz,0.22265625,-2.21071865441708,-3.93238969553091,-3.52289104342413
VisualCogA_Task-1,1,1,Fz,0.2265625,-1.82143156684318,-3.86838719804444,-3.50352995455018
VisualCogA_Task-1,1,1,Fz,0.23046875,-1.29783240546833,-3.57270945405171,-3.33308493567919
VisualCogA_Task-1,1,1,Fz,0.234375,-0.812841933123995,-2.93780749264059,-3.0780539600514
VisualCogA_Task-1,1,1,Fz,0.23828125,-0.525554932075187,-2.316767387191,-2.82490371077145
VisualCogA_Task-1,1,1,Fz,0.2421875,-0.525758025456262,-1.88321826278603,-2.64841366532639
VisualCogA_Task-1,1,1,Fz,0.24609375,-0.803200818669868,-2.00283758547655,-2.58101860757157
VisualCogA_Task-1,1,1,Fz,0.25,-1.24464662307863,-2.42387172830257,-2.5913870378173
VisualCogA_Task-1,1,1,Fz,0.25390625,-1.65989153943268,-2.89231105469638,-2.60000570453265
VisualCogA_Task-1,1,1,Fz,0.2578125,-1.8406702898871,-3.14585962059806,-2.51340174706046
VisualCogA_Task-1,1,1,Fz,0.26171875,-1.64139800475921,-2.93985293434124,-2.26246108392387
VisualCogA_Task-1,1,1,Fz,0.265625,-1.04544365121402,-2.31381998616332,-1.83077445644083
VisualCogA_Task-1,1,1,Fz,0.26953125,-0.177645436848926,-1.30064524587619,-1.25838192679739
VisualCogA_Task-1,1,1,Fz,0.2734375,0.745543467368025,-0.289283980774,-0.625577351323169
VisualCogA_Task-1,1,1,Fz,0.27734375,1.50155459166064,0.433532072832848,-0.016176529604323
VisualCogA_Task-1,1,1,Fz,0.28125,1.94491627884185,0.970015657623544,0.514029186318741
VisualCogA_Task-1,1,1,Fz,0.28515625,2.05815177191634,1.21890560967304,0.946724161275384
VisualCogA_Task-1,1,1,Fz,0.2890625,1.95272760063344,1.3567548979097,1.3015916327037
VisualCogA_Task-1,1,1,Fz,0.29296875,1.81969427755498,1.52877989887433,1.62099662540825
VisualCogA_Task-1,1,1,Fz,0.296875,1.85058897997509,1.67801440397513,1.95190110296077
VisualCogA_Task-1,1,1,Fz,0.30078125,2.16124689378886,1.97778395336673,2.33358230172183
VisualCogA_Task-1,1,1,Fz,0.3046875,2.74841090875565,2.52334266151647,2.78249356646987
VisualCogA_Task-1,1,1,Fz,0.30859375,3.49628171076897,2.95769282413589,3.28543837962038
VisualCogA_Task-1,1,1,Fz,0.3125,4.23046001870551,3.99052791840533,3.80762431484275
VisualCogA_Task-1,1,1,Fz,0.31640625,4.79314123380933,4.57761535025044,4.28694681618268
VisualCogA_Task-1,1,1,Fz,0.3203125,5.10035435368748,5.07836141600417,4.67654329464938
VisualCogA_Task-1,1,1,Fz,0.32421875,5.15687682819565,5.33802332201255,4.95377353909107
VisualCogA_Task-1,1,1,Fz,0.328125,5.03877540082077,5.2884258343716,5.12948218180219
VisualCogA_Task-1,1,1,Fz,0.33203125,4.86925391026111,5.04593461830458,5.24653467032063
VisualCogA_Task-1,1,1,Fz,0.3359375,4.7922155654608,4.9966733741413,5.36104175656506
VisualCogA_Task-1,1,1,Fz,0.33984375,4.92645308058028,5.13447193981782,5.51239752145283
VisualCogA_Task-1,1,1,Fz,0.34375,5.30337661878813,5.51493183543119,5.70963201403263
VisualCogA_Task-1,1,1,Fz,0.34765625,5.83112714696381,5.93760386798686,5.93028148488357
VisualCogA_Task-1,1,1,Fz,0.3515625,6.32811954505232,6.51215003318465,6.13565716970129
VisualCogA_Task-1,1,1,Fz,0.35546875,6.6167037459461,6.27974898193358,6.2876805027734
VisualCogA_Task-1,1,1,Fz,0.359375,6.61675894241614,6.35509315390606,6.37964732367775
VisualCogA_Task-1,1,1,Fz,0.36328125,6.38022407052199,6.52947681366112,6.40419251192223
VisualCogA_Task-1,1,1,Fz,0.3671875,6.05080603292239,6.23285160508484,6.35190476620043
VisualCogA_Task-1,1,1,Fz,0.37109375,5.77608520226722,6.11805526309428,6.22381314368415
VisualCogA_Task-1,1,1,Fz,0.375,5.62062792697836,5.97259799131976,6.01102560478558
VisualCogA_Task-1,1,1,Fz,0.37890625,5.52793636744365,5.88973842661632,5.69583695320105
VisualCogA_Task-1,1,1,Fz,0.3828125,5.3535925054325,5.53690739150253,5.25733969150479
VisualCogA_Task-1,1,1,Fz,0.38671875,4.94962274649209,5.0258358263639,4.69078477838892
VisualCogA_Task-1,1,1,Fz,0.390625,4.25147887583382,4.32188799613263,4.01472048087873
VisualCogA_Task-1,1,1,Fz,0.39453125,3.32451137289,3.29663500912693,3.27561598666408
VisualCogA_Task-1,1,1,Fz,0.3984375,2.35061815437834,2.17257968549567,2.54553777637267
VisualCogA_Task-1,1,1,Fz,0.40234375,1.55682187821933,1.37048445623529,1.89830391583741
VisualCogA_Task-1,1,1,Fz,0.40625,1.10989246314854,1.05173900465809,1.37665262998482
VisualCogA_Task-1,1,1,Fz,0.41015625,1.02815627013736,0.6876708950285,0.979337188774555
VisualCogA_Task-1,1,1,Fz,0.4140625,1.16713416469677,0.623165097241992,0.678034726722387
VisualCogA_Task-1,1,1,Fz,0.41796875,1.29430612428115,0.567562854640831,0.420116853865245
VisualCogA_Task-1,1,1,Fz,0.421875,1.20480213209577,0.495952196273848,0.148382711116696
VisualCogA_Task-1,1,1,Fz,0.42578125,0.804584456168378,0.124680082234775,-0.182081393878399
VisualCogA_Task-1,1,1,Fz,0.4296875,0.124272047547293,0.0227688363565855,-0.587225029712079
VisualCogA_Task-1,1,1,Fz,0.43359375,-0.719133271961313,-1.11520935205595,-1.05743430863362
VisualCogA_Task-1,1,1,Fz,0.4375,-1.57577738590148,-1.47070320756394,-1.53226252071991
VisualCogA_Task-1,1,1,Fz,0.44140625,-2.30810131056752,-2.00682201126678,-1.9560775429997
VisualCogA_Task-1,1,1,Fz,0.4453125,-2.81832667740526,-2.62895521330354,-2.26811730973873
VisualCogA_Task-1,1,1,Fz,0.44921875,-3.05573138526096,-2.98796690954139,-2.41184846089168
VisualCogA_Task-1,1,1,Fz,0.453125,-3.01044308425732,-2.91272084152136,-2.3608074617103
VisualCogA_Task-1,1,1,Fz,0.45703125,-2.70858058867812,-2.53403525901881,-2.13654064816712
VisualCogA_Task-1,1,1,Fz,0.4609375,-2.21664641768465,-1.79759142280736,-1.80658713788561
VisualCogA_Task-1,1,1,Fz,0.46484375,-1.64563112600709,-1.30400531944433,-1.47161059939355
VisualCogA_Task-1,1,1,Fz,0.46875,-1.13878023676382,-0.638628463578995,-1.23152505829553
VisualCogA_Task-1,1,1,Fz,0.47265625,-0.838955720347938,-0.512646530622104,-1.17227743353371
VisualCogA_Task-1,1,1,Fz,0.4765625,-0.847144582039005,-0.763524450320948,-1.33040659449053
VisualCogA_Task-1,1,1,Fz,0.48046875,-1.18894535517496,-1.33923425061497,-1.68748216863912
VisualCogA_Task-1,1,1,Fz,0.484375,-1.80133078116593,-2.08401437947225,-2.17783360477183
VisualCogA_Task-1,1,1,Fz,0.48828125,-2.54418872772192,-2.98381125620846,-2.70676969184565
VisualCogA_Task-1,1,1,Fz,0.4921875,-3.23450869960323,-3.64557848186743,-3.17178095004262
VisualCogA_Task-1,1,1,Fz,0.49609375,-3.69722029932068,-4.11407657306823,-3.49344469657499
VisualCogA_Task-1,1,1,Fz,0.5,-3.82355972700056,-4.17353197652451,-3.6318213763071
VisualCogA_Task-1,1,1,Fz,0.50390625,-3.62034519602388,-3.8415091188988,-3.59869075714437
VisualCogA_Task-1,1,1,Fz,0.5078125,-3.22256810115239,-3.24251523551188,-3.45097515701037
VisualCogA_Task-1,1,1,Fz,0.51171875,-2.84358964933506,-2.74797222063833,-3.26583175730817
VisualCogA_Task-1,1,1,Fz,0.515625,-2.67004917034091,-2.57678319445676,-3.10304607931598
VisualCogA_Task-1,1,1,Fz,0.51953125,-2.75773164855127,-2.79101234127274,-2.97924868292286
VisualCogA_Task-1,1,1,Fz,0.5234375,-2.99996017046198,-2.98337235507971,-2.86721488761292
VisualCogA_Task-1,1,1,Fz,0.52734375,-3.19320859815989,-3.02500943767069,-2.72403365106612
VisualCogA_Task-1,1,1,Fz,0.53125,-3.15511231655552,-2.92757464358351,-2.51647371991795
VisualCogA_Task-1,1,1,Fz,0.53515625,-2.82195314785759,-2.59253334369102,-2.2363851563543
VisualCogA_Task-1,1,1,Fz,0.5390625,-2.27855783926397,-2.1329150672419,-1.90987643286653
VisualCogA_Task-1,1,1,Fz,0.54296875,-1.71556450724843,-1.49661644645482,-1.59273503755738
VisualCogA_Task-1,1,1,Fz,0.546875,-1.33881689074437,-0.772542675337512,-1.3593350113942
VisualCogA_Task-1,1,1,Fz,0.55078125,-1.27335297267905,-0.56240507186233,-1.27604051275247
VisualCogA_Task-1,1,1,Fz,0.5546875,-1.50863480898806,-0.983078621857762,-1.36031633866961
VisualCogA_Task-1,1,1,Fz,0.55859375,-1.91111899666399,-1.46792834200012,-1.57015766610887
VisualCogA_Task-1,1,1,Fz,0.5625,-2.29164137093022,-2.05096161539046,-1.83212319563249
VisualCogA_Task-1,1,1,Fz,0.56640625,-2.48870718927464,-2.57070233070995,-2.06425251746033
VisualCogA_Task-1,1,1,Fz,0.5703125,-2.43165807907807,-2.67001598731005,-2.20282175679207
VisualCogA_Task-1,1,1,Fz,0.57421875,-2.1633478179178,-2.58616191628865,-2.22631118993155
VisualCogA_Task-1,1,1,Fz,0.578125,-1.81395154180538,-2.31089192635473,-2.15213394572574
VisualCogA_Task-1,1,1,Fz,0.58203125,-1.53528552498793,-1.98819299553729,-2.02769071355139
VisualCogA_Task-1,1,1,Fz,0.5859375,-1.43189755686127,-1.66111280773638,-1.91361201450432
VisualCogA_Task-1,1,1,Fz,0.58984375,-1.5321497920022,-1.64220556533841,-1.86723689317918
VisualCogA_Task-1,1,1,Fz,0.59375,-1.80924922925762,-1.73908136158475,-1.92486279360662
VisualCogA_Task-1,1,1,Fz,0.59765625,-2.22031109443973,-1.94308128825304,-2.10403454916391
VisualCogA_Task-1,1,1,Fz,0.6015625,-2.72712159493414,-2.0491594304181,-2.40681520722648
VisualCogA_Task-1,1,1,Fz,0.60546875,-3.29245982615943,-2.64815429687774,-2.82185504342718
VisualCogA_Task-1,1,1,Fz,0.609375,-3.8702437447261,-3.26080721105396,-3.30799968533152
VisualCogA_Task-1,1,1,Fz,0.61328125,-4.40639437920639,-3.97629364188892,-3.80961969829254
VisualCogA_Task-1,1,1,Fz,0.6171875,-4.85312632689921,-4.56546720608646,-4.26715294147347
VisualCogA_Task-1,1,1,Fz,0.62109375,-5.18775860396764,-4.85240986796604,-4.63492676933727
VisualCogA_Task-1,1,1,Fz,0.625,-5.42174273350261,-5.05776479419889,-4.89212805839794
VisualCogA_Task-1,1,1,Fz,0.62890625,-5.58796944593881,-4.95664955577791,-5.03606727672193
VisualCogA_Task-1,1,1,Fz,0.6328125,-5.70825575054052,-5.09490477810485,-5.07785795369238
VisualCogA_Task-1,1,1,Fz,0.63671875,-5.76335997812954,-5.01443984967001,-5.02199547528046
VisualCogA_Task-1,1,1,Fz,0.640625,-5.69456431372117,-4.73172417753827,-4.87439579615837
VisualCogA_Task-1,1,1,Fz,0.64453125,-5.44288121832244,-4.87827941350052,-4.64034523553077
VisualCogA_Task-1,1,1,Fz,0.6484375,-4.99650067915162,-4.65597966564959,-4.31324081105064
VisualCogA_Task-1,1,1,Fz,0.65234375,-4.40690763531411,-4.0259194940884,-3.9063073885351
VisualCogA_Task-1,1,1,Fz,0.65625,-3.76023818542413,-3.19942510412469,-3.46133140501788
VisualCogA_Task-1,1,1,Fz,0.66015625,-3.12550669025632,-2.69365964299184,-3.03006697299544
VisualCogA_Task-1,1,1,Fz,0.6640625,-2.51662042575281,-2.2928129654006,-2.64244267988984
VisualCogA_Task-1,1,1,Fz,0.66796875,-1.89467311303554,-2.13480694760218,-2.30035316895616
VisualCogA_Task-1,1,1,Fz,0.671875,-1.20843550365891,-2.10257747827752,-1.9765572739087
VisualCogA_Task-1,1,1,Fz,0.67578125,-0.441100813219308,-2.14308148402408,-1.63001831001562
VisualCogA_Task-1,1,1,Fz,0.6796875,0.373659638599541,-1.71560662483529,-1.23020127624247
VisualCogA_Task-1,1,1,Fz,0.68359375,1.17388003626557,-0.906852184190578,-0.789326436055484
VisualCogA_Task-1,1,1,Fz,0.6875,1.90262779730881,-0.181707828726296,-0.360064498636996
VisualCogA_Task-1,1,1,Fz,0.69140625,2.52347247283235,0.38409318308179,-0.00487998551391129
VisualCogA_Task-1,1,1,Fz,0.6953125,3.0180595702058,0.623169120044371,0.228625637612749
VisualCogA_Task-1,1,1,Fz,0.69921875,3.38653332030116,0.45121596765894,0.325265335758274
VisualCogA_Task-1,1,1,Fz,0.703125,3.65963305486772,0.256576170945,0.302730697473922
VisualCogA_Task-1,1,1,Fz,0.70703125,3.90730041830602,0.201809788070397,0.189209197302672
VisualCogA_Task-1,1,1,Fz,0.7109375,4.22628029438698,0.242026019713041,0.00904209924342613
VisualCogA_Task-1,1,1,Fz,0.71484375,4.70805583035953,0.287266040549252,-0.212379283474269
VisualCogA_Task-1,1,1,Fz,0.71875,5.40264580003147,-0.45231287122166,-0.430248310915065
VisualCogA_Task-1,1,1,Fz,0.72265625,6.29484651789197,-0.815656099139861,-0.558121232808321
VisualCogA_Task-1,1,1,Fz,0.7265625,7.30757805825561,-0.508200207290053,-0.51139301224228
VisualCogA_Task-1,1,1,Fz,0.73046875,8.34007038318313,-0.746135139096346,-0.226919851166144
VisualCogA_Task-1,1,1,Fz,0.734375,9.32681256675114,-0.448055475402094,0.358708115550236
VisualCogA_Task-1,1,1,Fz,0.73828125,10.2788494253506,0.843622183911763,1.26563281237616
VisualCogA_Task-1,1,1,Fz,0.7421875,11.2717781417571,2.31360906948443,2.44676586453489
VisualCogA_Task-1,1,1,Fz,0.74609375,12.3827517118125,3.83522281121293,3.81985134487767
VisualCogA_Task-1,1,1,Fz,0.75,13.6214159595019,5.08858960972796,5.2915369266682
VisualCogA_Task-1,1,1,Fz,0.75390625,14.9070988627301,7.07238590208839,6.76975123869811
VisualCogA_Task-1,1,1,Fz,0.7578125,16.108879125365,8.36945253718431,8.14551063334734
VisualCogA_Task-1,1,1,Fz,0.76171875,17.1174160817215,9.98885362869877,9.33505101827836
VisualCogA_Task-1,1,1,Fz,0.765625,17.8961371898747,10.6563734844567,10.2732701264734
VisualCogA_Task-1,1,1,Fz,0.76953125,18.4785718836216,11.8118434703147,10.949549241783
VisualCogA_Task-1,1,1,Fz,0.7734375,18.9218540942552,11.5975497494958,11.3851949278897
VisualCogA_Task-1,1,1,Fz,0.77734375,19.2606820138894,12.2387047099745,11.6733716008536
VisualCogA_Task-1,1,1,Fz,0.78125,19.5034771322078,11.6846918531944,11.9249399118688
VisualCogA_Task-1,1,1,Fz,0.78515625,19.6723676006055,10.2318189755054,12.297871604556
VisualCogA_Task-1,1,1,Fz,0.7890625,19.8437414514434,11.8325234654705,12.9301177509796
VisualCogA_Task-1,1,1,Fz,0.79296875,20.1392175722365,14.3429023799727,13.7874583707834
VisualCogA_Task-1,1,1,Fz,0.796875,20.6589736137377,15.4568877435679,14.7442072931519
VisualCogA_Task-1,1,1,Fz,0.80078125,21.4031046238088,15.9610749382154,15.7209653480353
VisualCogA_Task-1,1,1,F3,-0.19921875,2.68923745485061,0.960857719604882,1.34413210748537
VisualCogA_Task-1,1,1,F3,-0.1953125,3.16001602722676,1.65790204754338,1.81566758014434
VisualCogA_Task-1,1,1,F3,-0.19140625,3.52819699132982,2.33341963470962,2.25526352047992
VisualCogA_Task-1,1,1,F3,-0.1875,3.72804485114823,2.92828661691492,2.61783326845202
VisualCogA_Task-1,1,1,F3,-0.18359375,3.73832838054966,3.16421568202243,2.86480317353964
VisualCogA_Task-1,1,1,F3,-0.1796875,3.58459528182977,3.16520718154133,2.98347069759371
VisualCogA_Task-1,1,1,F3,-0.17578125,3.32538231094522,3.01057724044896,2.98608434483874
VisualCogA_Task-1,1,1,F3,-0.171875,3.02574779721379,2.87906310815168,2.90003732649485
VisualCogA_Task-1,1,1,F3,-0.16796875,2.7385728904426,2.72755760420349,2.75476392841636
VisualCogA_Task-1,1,1,F3,-0.1640625,2.50129451321691,2.35254258023597,2.57795058492898
VisualCogA_Task-1,1,1,F3,-0.16015625,2.33235030770073,2.12332566724746,2.39501653667403
VisualCogA_Task-1,1,1,F3,-0.15625,2.21798990800071,2.12810568774817,2.21259702390173
VisualCogA_Task-1,1,1,F3,-0.15234375,2.10631894487996,2.15420345336589,2.01468638107678
VisualCogA_Task-1,1,1,F3,-0.1484375,1.9283368933188,2.00555712606409,1.77823799798437
VisualCogA_Task-1,1,1,F3,-0.14453125,1.63903208904412,1.59174185588029,1.49183168710049
VisualCogA_Task-1,1,1,F3,-0.140625,1.24997788356421,1.25776195203986,1.16299052157442
VisualCogA_Task-1,1,1,F3,-0.13671875,0.829850516252044,0.750534312629072,0.807563421953778
VisualCogA_Task-1,1,1,F3,-0.1328125,0.469475522966663,0.414960404110299,0.449296927991608
VisualCogA_Task-1,1,1,F3,-0.12890625,0.228141227474822,0.145751692976917,0.107185153663914
VisualCogA_Task-1,1,1,F3,-0.125,0.0934015511093362,-0.159778791323417,-0.202639164043417
VisualCogA_Task-1,1,1,F3,-0.12109375,-0.0128797140160679,-0.524906206885311,-0.460829409868408
VisualCogA_Task-1,1,1,F3,-0.1171875,-0.176628103719368,-0.698793215645385,-0.644467270822422
VisualCogA_Task-1,1,1,F3,-0.11328125,-0.417731737069985,-0.761600062497644,-0.735974167001559
VisualCogA_Task-1,1,1,F3,-0.109375,-0.655790511329994,-1.00689789949836,-0.722298680570502
VisualCogA_Task-1,1,1,F3,-0.10546875,-0.747824369961538,-1.02969736763821,-0.592524884985273
VisualCogA_Task-1,1,1,F3,-0.1015625,-0.580072502122083,-0.518411485927717,-0.359453455279217
VisualCogA_Task-1,1,1,F3,-0.09765625,-0.15536297810229,-0.161175308003874,-0.0723161067067557
VisualCogA_Task-1,1,1,F3,-0.09375,0.383783172982161,0.330342754777642,0.206408942923646
VisualCogA_Task-1,1,1,F3,-0.08984375,0.816819745150056,0.916788089987032,0.406838542362097
VisualCogA_Task-1,1,1,F3,-0.0859375,0.95806082845794,1.13324386490883,0.469417358013206
VisualCogA_Task-1,1,1,F3,-0.08203125,0.751989272766184,0.767870335971489,0.377085851916993
VisualCogA_Task-1,1,1,F3,-0.078125,0.290948290589263,0.188963013443629,0.168103361688113
VisualCogA_Task-1,1,1,F3,-0.07421875,-0.250948216095726,-0.340071174520834,-0.0867054013875711
VisualCogA_Task-1,1,1,F3,-0.0703125,-0.714116348716649,-0.908539323619194,-0.314777421711237
VisualCogA_Task-1,1,1,F3,-0.06640625,-1.01518178527038,-0.838105022131498,-0.464663498111833
VisualCogA_Task-1,1,1,F3,-0.0625,-1.1518375353636,-0.66190802273178,-0.53439458791064
VisualCogA_Task-1,1,1,F3,-0.05859375,-1.17328518312707,-0.525552101695568,-0.553121775430575
VisualCogA_Task-1,1,1,F3,-0.0546875,-1.14679129867923,-0.526767698154462,-0.560622264562985
VisualCogA_Task-1,1,1,F3,-0.05078125,-1.13625666427132,-0.802077703518906,-0.594375786387967
VisualCogA_Task-1,1,1,F3,-0.046875,-1.19588963396204,-0.543544828671445,-0.68904085811824
VisualCogA_Task-1,1,1,F3,-0.04296875,-1.37267263052691,-0.394253172320277,-0.896584490060768
VisualCogA_Task-1,1,1,F3,-0.0390625,-1.7034598317811,-0.750325332586055,-1.25684902340195
VisualCogA_Task-1,1,1,F3,-0.03515625,-2.19758865295426,-1.51728505629414,-1.76781585618315
VisualCogA_Task-1,1,1,F3,-0.03125,-2.81635320016012,-2.40200185074173,-2.38525607887772
VisualCogA_Task-1,1,1,F3,-0.02734375,-3.47272777674572,-3.08537375333638,-3.04406321530162
VisualCogA_Task-1,1,1,F3,-0.0234375,-4.05821195252487,-3.89766880287565,-3.68052627025947
VisualCogA_Task-1,1,1,F3,-0.01953125,-4.47787100127522,-4.50077003407094,-4.23437679339211
VisualCogA_Task-1,1,1,F3,-0.015625,-4.67289302281311,-4.89049730844812,-4.66344154539173
VisualCogA_Task-1,1,1,F3,-0.01171875,-4.62929961941925,-5.17577704670193,-4.94774672367378
VisualCogA_Task-1,1,1,F3,-0.0078125,-4.38074684696649,-5.26190410116205,-5.08623983924171
VisualCogA_Task-1,1,1,F3,-0.00390625,-4.00347153603595,-5.20630723688897,-5.09687093001801
VisualCogA_Task-1,1,1,F3,0,-3.5953521659688,-5.09035101918276,-5.01222872241851
VisualCogA_Task-1,1,1,F3,0.00390625,-3.24282882414793,-4.64215370048415,-4.8740216350983
VisualCogA_Task-1,1,1,F3,0.0078125,-2.99129151417714,-4.36800419673848,-4.73046827810949
VisualCogA_Task-1,1,1,F3,0.01171875,-2.83017610170575,-4.43852140855522,-4.61046493361966
VisualCogA_Task-1,1,1,F3,0.015625,-2.6969815217341,-4.51503687307015,-4.51270254368216
VisualCogA_Task-1,1,1,F3,0.01953125,-2.50632123463003,-4.49260588855227,-4.42154342326165
VisualCogA_Task-1,1,1,F3,0.0234375,-2.2019664976532,-4.43412738252711,-4.32154441477174
VisualCogA_Task-1,1,1,F3,0.02734375,-1.80274048297545,-4.1997330639583,-4.20318423273365
VisualCogA_Task-1,1,1,F3,0.03125,-1.40259618898446,-4.18863752757302,-4.06632350564816
VisualCogA_Task-1,1,1,F3,0.03515625,-1.1196001044349,-3.95390685118157,-3.91053526461813
VisualCogA_Task-1,1,1,F3,0.0390625,-1.03411493838085,-3.9722326244728,-3.74558537590682
VisualCogA_Task-1,1,1,F3,0.04296875,-1.15997395906397,-3.54856683667998,-3.58485400465778
VisualCogA_Task-1,1,1,F3,0.046875,-1.45573392698023,-3.24389919985724,-3.46060858672838
VisualCogA_Task-1,1,1,F3,0.05078125,-1.8534159760798,-3.36130449339455,-3.40209262731118
VisualCogA_Task-1,1,1,F3,0.0546875,-2.28277797893312,-3.12464626082934,-3.42049051602616
VisualCogA_Task-1,1,1,F3,0.05859375,-2.68191832943763,-3.14283764980016,-3.52358763133354
VisualCogA_Task-1,1,1,F3,0.0625,-2.99484085857196,-3.66562109563049,-3.6945156637605
VisualCogA_Task-1,1,1,F3,0.06640625,-3.16791037422276,-4.11303739555911,-3.88467713870643
VisualCogA_Task-1,1,1,F3,0.0703125,-3.16379273871906,-4.60182702427037,-4.04306670089322
VisualCogA_Task-1,1,1,F3,0.07421875,-2.9952421680453,-4.45154146366337,-4.13770901644714
VisualCogA_Task-1,1,1,F3,0.078125,-2.75021511382415,-4.36403714268115,-4.18319211177591
VisualCogA_Task-1,1,1,F3,0.08203125,-2.57331245255247,-4.06943876676405,-4.22025671722191
VisualCogA_Task-1,1,1,F3,0.0859375,-2.60365452619387,-4.06590189116963,-4.30471398236964
VisualCogA_Task-1,1,1,F3,0.08984375,-2.91023897339026,-4.23414526768425,-4.47980689426543
VisualCogA_Task-1,1,1,F3,0.09375,-3.46839715554526,-4.57109788774993,-4.7688774323556
VisualCogA_Task-1,1,1,F3,0.09765625,-4.18683957204656,-4.89492924700455,-5.17479577387141
VisualCogA_Task-1,1,1,F3,0.1015625,-4.95972344472358,-5.53382950716266,-5.68395046732692
VisualCogA_Task-1,1,1,F3,0.10546875,-5.70755657829032,-6.22361429429402,-6.25940785066401
VisualCogA_Task-1,1,1,F3,0.109375,-6.38612262340995,-6.97784641874159,-6.85172418181084
VisualCogA_Task-1,1,1,F3,0.11328125,-6.9709365793128,-7.5627398409954,-7.4084729223314
VisualCogA_Task-1,1,1,F3,0.1171875,-7.44364137669965,-8.07134542581074,-7.88773772020057
VisualCogA_Task-1,1,1,F3,0.12109375,-7.79751009142,-8.4241524393331,-8.2604577999486
VisualCogA_Task-1,1,1,F3,0.125,-8.04990418831801,-8.68145726493544,-8.51287302823987
VisualCogA_Task-1,1,1,F3,0.12890625,-8.23488950026381,-8.61678219338478,-8.64486449168749
VisualCogA_Task-1,1,1,F3,0.1328125,-8.37175209493983,-8.5819357419466,-8.67036196329586
VisualCogA_Task-1,1,1,F3,0.13671875,-8.44078488787523,-8.59969168762472,-8.60095502454416
VisualCogA_Task-1,1,1,F3,0.140625,-8.39951745361013,-8.6313159079148,-8.44086440513246
VisualCogA_Task-1,1,1,F3,0.14453125,-8.23162853162119,-8.17206525551503,-8.19420555668421
VisualCogA_Task-1,1,1,F3,0.1484375,-7.98228408814963,-8.00115182621439,-7.88096488938805
VisualCogA_Task-1,1,1,F3,0.15234375,-7.74290178119039,-7.65141476709464,-7.51928378833518
VisualCogA_Task-1,1,1,F3,0.15625,-7.59584243248203,-6.93008456573951,-7.13731921668568
VisualCogA_Task-1,1,1,F3,0.16015625,-7.56305374273949,-6.53411450722797,-6.77423905249623
VisualCogA_Task-1,1,1,F3,0.1640625,-7.5910487445478,-6.36369731191724,-6.451941619578
VisualCogA_Task-1,1,1,F3,0.16796875,-7.57244267841843,-6.03658751424877,-6.1723148629698
VisualCogA_Task-1,1,1,F3,0.171875,-7.39061435671082,-5.9943945998626,-5.92989303540539
VisualCogA_Task-1,1,1,F3,0.17578125,-6.97664553554608,-6.08492502192906,-5.70789977722509
VisualCogA_Task-1,1,1,F3,0.1796875,-6.36049472091619,-5.76263763937879,-5.49493385914066
VisualCogA_Task-1,1,1,F3,0.18359375,-5.68558729097013,-5.48780408702852,-5.31101282225586
VisualCogA_Task-1,1,1,F3,0.1875,-5.16547990946661,-4.98286618613419,-5.19846285602761
VisualCogA_Task-1,1,1,F3,0.19140625,-4.99574470447386,-4.88898712010448,-5.21434275531058
VisualCogA_Task-1,1,1,F3,0.1953125,-5.2658270212443,-5.10172702724289,-5.39774492580162
VisualCogA_Task-1,1,1,F3,0.19921875,-5.91990074776901,-5.36618858878946,-5.7606488035971
VisualCogA_Task-1,1,1,F3,0.203125,-6.78893182217002,-6.01490873359868,-6.29036566658013
VisualCogA_Task-1,1,1,F3,0.20703125,-7.67153142161053,-6.6217238214484,-6.94133510806654
VisualCogA_Task-1,1,1,F3,0.2109375,-8.4082525579889,-7.68252214192942,-7.64504197695704
VisualCogA_Task-1,1,1,F3,0.21484375,-8.90603279851257,-8.58869226600937,-8.30633684826746
VisualCogA_Task-1,1,1,F3,0.21875,-9.12191384105852,-9.3352405929642,-8.8331936440947
VisualCogA_Task-1,1,1,F3,0.22265625,-9.05111310410409,-9.7865890467859,-9.1571159046808
VisualCogA_Task-1,1,1,F3,0.2265625,-8.74093571057606,-9.67076275067204,-9.25144441600691
VisualCogA_Task-1,1,1,F3,0.23046875,-8.30328685306441,-9.31036037713966,-9.14197605922964
VisualCogA_Task-1,1,1,F3,0.234375,-7.89070077500781,-8.76437838007562,-8.88945091006098
VisualCogA_Task-1,1,1,F3,0.23828125,-7.64007733817343,-8.32102431173745,-8.56864107070545
VisualCogA_Task-1,1,1,F3,0.2421875,-7.62071556298241,-7.77028071406122,-8.24389593253544
VisualCogA_Task-1,1,1,F3,0.24609375,-7.81419155773695,-7.59957823189796,-7.95893015700934
VisualCogA_Task-1,1,1,F3,0.25,-8.12526578303423,-7.52904928785208,-7.7179904707127
VisualCogA_Task-1,1,1,F3,0.25390625,-8.41120616047619,-7.53726492929613,-7.49537760647176
VisualCogA_Task-1,1,1,F3,0.2578125,-8.52438112953824,-7.55086313715853,-7.24964719854107
VisualCogA_Task-1,1,1,F3,0.26171875,-8.36558233801854,-7.31868831988569,-6.94284549141053
VisualCogA_Task-1,1,1,F3,0.265625,-7.93114924712295,-6.92660607019619,-6.56212005778814
VisualCogA_Task-1,1,1,F3,0.26953125,-7.32486142956948,-6.26576065143325,-6.1259387060882
VisualCogA_Task-1,1,1,F3,0.2734375,-6.71938409828049,-5.53435491048146,-5.68314307909231
VisualCogA_Task-1,1,1,F3,0.27734375,-6.28364879432288,-4.85308167808408,-5.29422664836085
VisualCogA_Task-1,1,1,F3,0.28125,-6.11294918902651,-4.38883918119197,-5.00728387140327
VisualCogA_Task-1,1,1,F3,0.28515625,-6.19422673312809,-4.40088355740238,-4.83364712487263
VisualCogA_Task-1,1,1,F3,0.2890625,-6.41795189297449,-4.71812577367539,-4.7331117279044
VisualCogA_Task-1,1,1,F3,0.29296875,-6.6247763259783,-4.95013265845223,-4.6294093690115
VisualCogA_Task-1,1,1,F3,0.296875,-6.66352898005892,-5.07350496265984,-4.44502290718779
VisualCogA_Task-1,1,1,F3,0.30078125,-6.44203316552833,-4.80458914776664,-4.12916214221383
VisualCogA_Task-1,1,1,F3,0.3046875,-5.9620505996773,-3.95527790316644,-3.68341037849287
VisualCogA_Task-1,1,1,F3,0.30859375,-5.3292019549032,-3.07236764132421,-3.16563650422422
VisualCogA_Task-1,1,1,F3,0.3125,-4.72355379433601,-2.30613963180951,-2.65636503466332
VisualCogA_Task-1,1,1,F3,0.31640625,-4.32936800322617,-1.69586756160649,-2.22834807982394
VisualCogA_Task-1,1,1,F3,0.3203125,-4.25401881886316,-1.43799323703787,-1.92515229948203
VisualCogA_Task-1,1,1,F3,0.32421875,-4.48082266917594,-1.26710347351205,-1.74597097689544
VisualCogA_Task-1,1,1,F3,0.328125,-4.87612955219739,-1.72025832080121,-1.64940080678497
VisualCogA_Task-1,1,1,F3,0.33203125,-5.23771201227118,-2.07488686606894,-1.5541328585895
VisualCogA_Task-1,1,1,F3,0.3359375,-5.36557559387562,-2.10270725199391,-1.38476299458258
VisualCogA_Task-1,1,1,F3,0.33984375,-5.14247309260296,-1.70299709881121,-1.10928324432773
VisualCogA_Task-1,1,1,F3,0.34375,-4.59808424219858,-0.815368375774195,-0.755514325506066
VisualCogA_Task-1,1,1,F3,0.34765625,-3.91404183826397,0.0532786252505989,-0.400753110338994
VisualCogA_Task-1,1,1,F3,0.3515625,-3.34751029454828,0.190752243343541,-0.12728430857027
VisualCogA_Task-1,1,1,F3,0.35546875,-3.10616764124952,0.337768759370221,0.0204433480221503
VisualCogA_Task-1,1,1,F3,0.359375,-3.24659611858441,0.355817490615827,0.0244841736531304
VisualCogA_Task-1,1,1,F3,0.36328125,-3.65389869859785,0.18935301279307,-0.106663733183461
VisualCogA_Task-1,1,1,F3,0.3671875,-4.10951593326101,-0.385443843348314,-0.336891164246863
VisualCogA_Task-1,1,1,F3,0.37109375,-4.40834399357047,-0.980910490062749,-0.605420849131605
VisualCogA_Task-1,1,1,F3,0.375,-4.464899245033,-1.30317467966794,-0.855521574024002
VisualCogA_Task-1,1,1,F3,0.37890625,-4.35270866899424,-1.286971975312,-1.0617529285213
VisualCogA_Task-1,1,1,F3,0.3828125,-4.25549848674114,-1.18471476137334,-1.23597892769107
VisualCogA_Task-1,1,1,F3,0.38671875,-4.36135913387657,-1.16243450160936,-1.40883184050011
VisualCogA_Task-1,1,1,F3,0.390625,-4.76225109520772,-1.32150409601997,-1.60667192205541
VisualCogA_Task-1,1,1,F3,0.39453125,-5.40749373304272,-1.83103297480896,-1.83532631588972
VisualCogA_Task-1,1,1,F3,0.3984375,-6.12531375458074,-2.30468159440952,-2.07685818003284
VisualCogA_Task-1,1,1,F3,0.40234375,-6.70216385716003,-2.65117025451563,-2.31297289409119
VisualCogA_Task-1,1,1,F3,0.40625,-6.99141285426974,-2.67651915801941,-2.54436112220255
VisualCogA_Task-1,1,1,F3,0.41015625,-7.0002412843437,-2.8095968021852,-2.79989664187343
VisualCogA_Task-1,1,1,F3,0.4140625,-6.89853216265521,-2.90406260581673,-3.11946640026172
VisualCogA_Task-1,1,1,F3,0.41796875,-6.93435321495061,-3.19184107993411,-3.54376569121798
VisualCogA_Task-1,1,1,F3,0.421875,-7.3056877288452,-3.55919368775462,-4.09553949238899
VisualCogA_Task-1,1,1,F3,0.42578125,-8.067361327184,-4.17319436666971,-4.76820573048124
VisualCogA_Task-1,1,1,F3,0.4296875,-9.11898715865159,-5.36261562903139,-5.51048684848167
VisualCogA_Task-1,1,1,F3,0.43359375,-10.262007871683,-6.6270019829003,-6.22152100905959
VisualCogA_Task-1,1,1,F3,0.4375,-11.2828354745347,-7.58459212041594,-6.78812377326344
VisualCogA_Task-1,1,1,F3,0.44140625,-12.023863054212,-7.88676171853218,-7.13090078329509
VisualCogA_Task-1,1,1,F3,0.4453125,-12.4217001789492,-7.79918771077727,-7.23683004361907
VisualCogA_Task-1,1,1,F3,0.44921875,-12.5065894342579,-7.13089353953746,-7.15587796996969
VisualCogA_Task-1,1,1,F3,0.453125,-12.3689650332239,-6.70017306747272,-6.98487411701112
VisualCogA_Task-1,1,1,F3,0.45703125,-12.1107620653453,-6.49316906049713,-6.81856600353814
VisualCogA_Task-1,1,1,F3,0.4609375,-11.8065806703568,-6.05862612346236,-6.72797606088402
VisualCogA_Task-1,1,1,F3,0.46484375,-11.4950341086699,-6.48334667789766,-6.75701030846196
VisualCogA_Task-1,1,1,F3,0.46875,-11.2009000873833,-7.15344093035513,-6.89379560423331
VisualCogA_Task-1,1,1,F3,0.47265625,-10.9663168819755,-7.11307326561386,-7.10365350361243
VisualCogA_Task-1,1,1,F3,0.4765625,-10.8626720521791,-7.23057448105945,-7.37354267252382
VisualCogA_Task-1,1,1,F3,0.48046875,-10.9692875215138,-7.60396878980749,-7.69120675705874
VisualCogA_Task-1,1,1,F3,0.484375,-11.3287640284084,-7.82901240693654,-8.03247538735312
VisualCogA_Task-1,1,1,F3,0.48828125,-11.9053782291831,-8.13719154628956,-8.36590836293859
VisualCogA_Task-1,1,1,F3,0.4921875,-12.5729291426114,-8.92054692555714,-8.64311023497876
VisualCogA_Task-1,1,1,F3,0.49609375,-13.1455641511835,-9.41160044022947,-8.79662581991645
VisualCogA_Task-1,1,1,F3,0.5,-13.4483479975968,-9.30477392943828,-8.78211965840936
VisualCogA_Task-1,1,1,F3,0.50390625,-13.403699579961,-8.96095678567295,-8.60650417614128
VisualCogA_Task-1,1,1,F3,0.5078125,-13.0859205981975,-7.91031305933881,-8.32024632138172
VisualCogA_Task-1,1,1,F3,0.51171875,-12.6931472933655,-7.61816259585716,-8.00335075986119
VisualCogA_Task-1,1,1,F3,0.515625,-12.4332518669857,-7.41104108886036,-7.70166105213992
VisualCogA_Task-1,1,1,F3,0.51953125,-12.395137742405,-7.02843281351681,-7.42892174511116
VisualCogA_Task-1,1,1,F3,0.5234375,-12.5028318364499,-7.76496117519448,-7.17465905539485
VisualCogA_Task-1,1,1,F3,0.52734375,-12.5855360319895,-7.37443879488913,-6.89502512197806
VisualCogA_Task-1,1,1,F3,0.53125,-12.5029829626857,-6.69590477290725,-6.59536392716452
VisualCogA_Task-1,1,1,F3,0.53515625,-12.2344685534825,-6.1632420691904,-6.32097059266719
VisualCogA_Task-1,1,1,F3,0.5390625,-11.8847611485626,-5.77608676058186,-6.12551864401092
VisualCogA_Task-1,1,1,F3,0.54296875,-11.6205621838049,-5.91893796936863,-6.04953756309753
VisualCogA_Task-1,1,1,F3,0.546875,-11.5819214248442,-6.0724967702356,-6.10443750820971
VisualCogA_Task-1,1,1,F3,0.55078125,-11.8149775279704,-5.91658052896937,-6.29074533815275
VisualCogA_Task-1,1,1,F3,0.5546875,-12.2571562257324,-6.43076426897655,-6.60632618356744
VisualCogA_Task-1,1,1,F3,0.55859375,-12.7763321354753,-6.89063169525645,-7.01786477432928
VisualCogA_Task-1,1,1,F3,0.5625,-13.2344854926589,-7.53742420493411,-7.47741568076454
VisualCogA_Task-1,1,1,F3,0.56640625,-13.539327607067,-8.20552200839461,-7.92643071661006
VisualCogA_Task-1,1,1,F3,0.5703125,-13.6668695860868,-8.63793220018576,-8.31136240595017
VisualCogA_Task-1,1,1,F3,0.57421875,-13.6559370485015,-8.99628223869972,-8.60192088051789
VisualCogA_Task-1,1,1,F3,0.578125,-13.5794516185567,-9.10725616199105,-8.79503042156588
VisualCogA_Task-1,1,1,F3,0.58203125,-13.5059132159047,-8.99617085045494,-8.92047875686197
VisualCogA_Task-1,1,1,F3,0.5859375,-13.4794716205306,-9.00216031654985,-9.03407242587605
VisualCogA_Task-1,1,1,F3,0.58984375,-13.5359165919302,-8.71658083275045,-9.19792564254413
VisualCogA_Task-1,1,1,F3,0.59375,-13.7296615327898,-8.71543362019066,-9.47149327835832
VisualCogA_Task-1,1,1,F3,0.59765625,-14.1250978997355,-9.632168648615,-9.87411813732797
VisualCogA_Task-1,1,1,F3,0.6015625,-14.7424245018854,-10.3082249125531,-10.3621380519484
VisualCogA_Task-1,1,1,F3,0.60546875,-15.5040747850304,-11.0761050664769,-10.8717283973222
VisualCogA_Task-1,1,1,F3,0.609375,-16.237610348739,-11.57075226961,-11.3345717869358
VisualCogA_Task-1,1,1,F3,0.61328125,-16.7459861139868,-12.0591787191042,-11.6993822233716
VisualCogA_Task-1,1,1,F3,0.6171875,-16.9032707794179,-12.542464140761,-11.9345554161018
VisualCogA_Task-1,1,1,F3,0.62109375,-16.716230697136,-11.805521950651,-12.0384701159094
VisualCogA_Task-1,1,1,F3,0.625,-16.3156526320988,-12.0698640372682,-12.0601641339658
VisualCogA_Task-1,1,1,F3,0.62890625,-15.8840363032857,-11.9153263796553,-12.0292629343376
VisualCogA_Task-1,1,1,F3,0.6328125,-15.5621473519455,-11.8086923931714,-11.9762003063663
VisualCogA_Task-1,1,1,F3,0.63671875,-15.3881169856058,-11.7340655836355,-11.9219153265036
VisualCogA_Task-1,1,1,F3,0.640625,-15.3019447582293,-11.6558454166388,-11.8733880784347
VisualCogA_Task-1,1,1,F3,0.64453125,-15.2050773189221,-11.9355926845323,-11.8219445006059
VisualCogA_Task-1,1,1,F3,0.6484375,-15.0293118179576,-12.0298280139164,-11.7407819763136
VisualCogA_Task-1,1,1,F3,0.65234375,-14.7699670198785,-11.690705122979,-11.6125685708485
VisualCogA_Task-1,1,1,F3,0.65625,-14.4709518073503,-11.7313414789772,-11.444059519301
VisualCogA_Task-1,1,1,F3,0.66015625,-14.1827859684303,-11.0298412131694,-11.2485214361063
VisualCogA_Task-1,1,1,F3,0.6640625,-13.9264182662784,-10.7387186963518,-11.0631610990053
VisualCogA_Task-1,1,1,F3,0.66796875,-13.6866018235688,-10.6582203226532,-10.9069619338281
VisualCogA_Task-1,1,1,F3,0.671875,-13.4365751823393,-10.8639368626458,-10.7718704995166
VisualCogA_Task-1,1,1,F3,0.67578125,-13.1706558819529,-11.0047572313444,-10.6291048874149
VisualCogA_Task-1,1,1,F3,0.6796875,-12.912513427113,-10.7719742174893,-10.4575553857945
VisualCogA_Task-1,1,1,F3,0.68359375,-12.6889845107322,-10.0469143718606,-10.2674166449212
VisualCogA_Task-1,1,1,F3,0.6875,-12.4955461296765,-9.71752804863465,-10.0950848843685
VisualCogA_Task-1,1,1,F3,0.69140625,-12.29083114061,-9.8284070894374,-9.95858113428821
VisualCogA_Task-1,1,1,F3,0.6953125,-12.0278212083258,-9.82788723295483,-9.84446335518774
VisualCogA_Task-1,1,1,F3,0.69921875,-11.6902349191618,-9.83392202743992,-9.72844167050355
VisualCogA_Task-1,1,1,F3,0.703125,-11.2984090271458,-9.72322644790226,-9.58484486015267
VisualCogA_Task-1,1,1,F3,0.70703125,-10.8818709647091,-9.50798468358626,-9.39679173379685
VisualCogA_Task-1,1,1,F3,0.7109375,-10.4464506139613,-9.20341498812029,-9.15893290007696
VisualCogA_Task-1,1,1,F3,0.71484375,-9.96414524167348,-8.78178470285365,-8.87518504678301
VisualCogA_Task-1,1,1,F3,0.71875,-9.39280623353689,-8.29228982280846,-8.55317170237524
VisualCogA_Task-1,1,1,F3,0.72265625,-8.70961202684963,-7.99995897797141,-8.19273303331983
VisualCogA_Task-1,1,1,F3,0.7265625,-7.92898181076712,-7.80523954008561,-7.77196904945233
VisualCogA_Task-1,1,1,F3,0.73046875,-7.08375402716554,-7.37244267801655,-7.25291525599596
VisualCogA_Task-1,1,1,F3,0.734375,-6.18113614510465,-7.08967272571719,-6.60037969906005
VisualCogA_Task-1,1,1,F3,0.73828125,-5.17600435198948,-6.46792295755481,-5.78913104325563
VisualCogA_Task-1,1,1,F3,0.7421875,-3.99662012726062,-5.15150482611023,-4.83471237208181
VisualCogA_Task-1,1,1,F3,0.74609375,-2.61098810549817,-3.6460619078446,-3.80923276189599
VisualCogA_Task-1,1,1,F3,0.75,-1.08026117185834,-2.74162590495843,-2.81120066022458
VisualCogA_Task-1,1,1,F3,0.75390625,0.448783124064896,-1.54299872910048,-1.92552694342306
VisualCogA_Task-1,1,1,F3,0.7578125,1.81175132510031,0.101617362389791,-1.23132459157473
VisualCogA_Task-1,1,1,F3,0.76171875,2.90716439237081,0.542860597434028,-0.775829233569316
VisualCogA_Task-1,1,1,F3,0.765625,3.73356956545168,-0.128752427210832,-0.495198002132863
VisualCogA_Task-1,1,1,F3,0.76953125,4.36183742233069,-1.27804589545896,-0.215697210741121
VisualCogA_Task-1,1,1,F3,0.7734375,4.86923129758784,-1.63148212028149,0.266943958373658
VisualCogA_Task-1,1,1,F3,0.77734375,5.28749028821789,1.27186543748309,1.0684672659194
VisualCogA_Task-1,1,1,F3,0.78125,5.60380093456415,1.5646861421412,2.14641229938278
VisualCogA_Task-1,1,1,F3,0.78515625,5.81164088472952,3.20786433397724,3.47526849388076
VisualCogA_Task-1,1,1,F3,0.7890625,5.96672463487577,5.1013481995553,4.98104810476018
VisualCogA_Task-1,1,1,F3,0.79296875,6.19398095631067,7.39971255920178,6.56747970737593
VisualCogA_Task-1,1,1,F3,0.796875,6.62754582655616,8.62089828333398,8.14831688498247
VisualCogA_Task-1,1,1,F3,0.80078125,7.32021804539861,9.43680870925544,9.70666595848643
VisualCogA_Task-1,1,1,F4,-0.19921875,1.9446711072732,1.21985845488451,1.4267624873948
VisualCogA_Task-1,1,1,F4,-0.1953125,2.23759871045503,1.61479323205973,1.55746108704088
VisualCogA_Task-1,1,1,F4,-0.19140625,2.44437917681491,1.70156314970608,1.67091768397776
VisualCogA_Task-1,1,1,F4,-0.1875,2.53955148605554,1.78297756833432,1.75466795424784
VisualCogA_Task-1,1,1,F4,-0.18359375,2.51411968338095,1.83598734501139,1.79880136270418
VisualCogA_Task-1,1,1,F4,-0.1796875,2.37922103573302,1.92853111699018,1.79576650870707
VisualCogA_Task-1,1,1,F4,-0.17578125,2.15936804279076,1.76125907790312,1.74111082347572
VisualCogA_Task-1,1,1,F4,-0.171875,1.87672770669087,1.65025881388906,1.64144545558627
VisualCogA_Task-1,1,1,F4,-0.16796875,1.54733246959946,1.56724315580549,1.50506057481715
VisualCogA_Task-1,1,1,F4,-0.1640625,1.19637274701256,1.34600809622948,1.34098079747201
VisualCogA_Task-1,1,1,F4,-0.16015625,0.870967776273838,1.04635655226609,1.16341262160354
VisualCogA_Task-1,1,1,F4,-0.15625,0.628039472963787,0.851898305225803,0.986981486827546
VisualCogA_Task-1,1,1,F4,-0.15234375,0.502418574391804,0.76294040768681,0.816558160315049
VisualCogA_Task-1,1,1,F4,-0.1484375,0.480389766737708,0.733790419373427,0.645756477436922
VisualCogA_Task-1,1,1,F4,-0.14453125,0.499597757478984,0.579105542884456,0.463722127511688
VisualCogA_Task-1,1,1,F4,-0.140625,0.478833198779108,0.389755186433987,0.266936961685909
VisualCogA_Task-1,1,1,F4,-0.13671875,0.362650029902608,0.135291554483348,0.0614981157205463
VisualCogA_Task-1,1,1,F4,-0.1328125,0.153432129478656,-0.183890065109468,-0.136262422561099
VisualCogA_Task-1,1,1,F4,-0.12890625,-0.0919256267720411,-0.332125898858464,-0.303863212105492
VisualCogA_Task-1,1,1,F4,-0.125,-0.299560209397342,-0.722551553801367,-0.422791782071464
VisualCogA_Task-1,1,1,F4,-0.12109375,-0.423090606302351,-0.715222173484097,-0.476890885513924
VisualCogA_Task-1,1,1,F4,-0.1171875,-0.462863184715517,-0.423659232106673,-0.474983256465276
VisualCogA_Task-1,1,1,F4,-0.11328125,-0.45039634314331,-0.302715185418448,-0.445752569622103
VisualCogA_Task-1,1,1,F4,-0.109375,-0.418983894969241,-0.477310311435567,-0.413605497651105
VisualCogA_Task-1,1,1,F4,-0.10546875,-0.390899236769799,-0.656784971717278,-0.391028931202012
VisualCogA_Task-1,1,1,F4,-0.1015625,-0.38969836864345,-0.451451428032527,-0.39581849540659
VisualCogA_Task-1,1,1,F4,-0.09765625,-0.456157452900163,0.0806615204056793,-0.467916152106212
VisualCogA_Task-1,1,1,F4,-0.09375,-0.64159403448299,-0.0431279566361475,-0.651899940861081
VisualCogA_Task-1,1,1,F4,-0.08984375,-0.975783776778745,-0.593246776679737,-0.946633095188739
VisualCogA_Task-1,1,1,F4,-0.0859375,-1.43135690595585,-1.29035668066296,-1.30024784992132
VisualCogA_Task-1,1,1,F4,-0.08203125,-1.91275295529397,-2.18566461777716,-1.6314275800152
VisualCogA_Task-1,1,1,F4,-0.078125,-2.28632673930951,-2.40071235428718,-1.85803139632191
VisualCogA_Task-1,1,1,F4,-0.07421875,-2.44293659002993,-2.30738034129902,-1.94410482950646
VisualCogA_Task-1,1,1,F4,-0.0703125,-2.35587100964761,-1.94760983143879,-1.89891682339763
VisualCogA_Task-1,1,1,F4,-0.06640625,-2.09272603495464,-1.65202368044897,-1.76200928114026
VisualCogA_Task-1,1,1,F4,-0.0625,-1.77235625078731,-1.33753740603332,-1.57698185654928
VisualCogA_Task-1,1,1,F4,-0.05859375,-1.49760815032273,-1.11390660374882,-1.37826873671535
VisualCogA_Task-1,1,1,F4,-0.0546875,-1.30578760530772,-1.1094513498448,-1.18035040451947
VisualCogA_Task-1,1,1,F4,-0.05078125,-1.16227167377333,-1.13660753935806,-0.975677165095415
VisualCogA_Task-1,1,1,F4,-0.046875,-0.998033203051571,-0.996504274318281,-0.750791069020751
VisualCogA_Task-1,1,1,F4,-0.04296875,-0.767843658425401,-0.657855448786671,-0.505645031394927
VisualCogA_Task-1,1,1,F4,-0.0390625,-0.489277067785212,-0.287473068945931,-0.260668067758853
VisualCogA_Task-1,1,1,F4,-0.03515625,-0.23182771800991,0.0936201003172761,-0.0489733951027498
VisualCogA_Task-1,1,1,F4,-0.03125,-0.0647719755908455,0.165190655928864,0.0940920194842366
VisualCogA_Task-1,1,1,F4,-0.02734375,-0.0072712570387463,0.480269611421667,0.145064000197964
VisualCogA_Task-1,1,1,F4,-0.0234375,-0.0178492475001819,0.48456738241276,0.0864032576046751
VisualCogA_Task-1,1,1,F4,-0.01953125,-0.0239315941390494,0.151644297384745,-0.0714956967940784
VisualCogA_Task-1,1,1,F4,-0.015625,0.0342050752846051,-0.617313693270847,-0.285058007762738
VisualCogA_Task-1,1,1,F4,-0.01171875,0.170803828554119,-0.859287508835141,-0.492113820550843
VisualCogA_Task-1,1,1,F4,-0.0078125,0.347314738271864,-0.854272954377975,-0.658181254200277
VisualCogA_Task-1,1,1,F4,-0.00390625,0.493757857875118,-0.499459623341306,-0.779376235109945
VisualCogA_Task-1,1,1,F4,0,0.549360330787998,-0.864174411590187,-0.868155664693564
VisualCogA_Task-1,1,1,F4,0.00390625,0.498793559018878,-1.08844194796046,-0.913650060050795
VisualCogA_Task-1,1,1,F4,0.0078125,0.381998273529702,-0.908988337181334,-0.904658167189352
VisualCogA_Task-1,1,1,F4,0.01171875,0.278130596324951,-0.867159462948076,-0.844544722776088
VisualCogA_Task-1,1,1,F4,0.015625,0.279644931519523,-0.818520456277102,-0.737035310977188
VisualCogA_Task-1,1,1,F4,0.01953125,0.462338454642696,-0.702182029037098,-0.587740077639836
VisualCogA_Task-1,1,1,F4,0.0234375,0.847496592218693,-0.583843752238388,-0.409059597386208
VisualCogA_Task-1,1,1,F4,0.02734375,1.36883800386106,-0.202724820449633,-0.222931274121586
VisualCogA_Task-1,1,1,F4,0.03125,1.87515604692552,0.0432679259311678,-0.0658578579889334
VisualCogA_Task-1,1,1,F4,0.03515625,2.18316502076549,0.253868914084274,0.0273417720081171
VisualCogA_Task-1,1,1,F4,0.0390625,2.15726782216501,0.280405393936874,0.0309425521926066
VisualCogA_Task-1,1,1,F4,0.04296875,1.77480032785082,0.12709294302098,-0.0619033192727436
VisualCogA_Task-1,1,1,F4,0.046875,1.14580769003815,-0.0329099152506053,-0.237255074079857
VisualCogA_Task-1,1,1,F4,0.05078125,0.475342582485675,-0.381148345287852,-0.465422255396179
VisualCogA_Task-1,1,1,F4,0.0546875,-0.0219749723610972,-0.815909172582967,-0.699685643153385
VisualCogA_Task-1,1,1,F4,0.05859375,-0.215460604149038,-1.14152845204513,-0.88630319144079
VisualCogA_Task-1,1,1,F4,0.0625,-0.104629479359211,-1.16286145208639,-0.981218148466839
VisualCogA_Task-1,1,1,F4,0.06640625,0.206377839800278,-1.35852839260825,-0.961642534157008
VisualCogA_Task-1,1,1,F4,0.0703125,0.574954045390702,-1.28377138860998,-0.819925310405065
VisualCogA_Task-1,1,1,F4,0.07421875,0.875791622917746,-0.676580463776252,-0.581489260642384
VisualCogA_Task-1,1,1,F4,0.078125,1.02608660760608,-0.208688368015127,-0.310411008150749
VisualCogA_Task-1,1,1,F4,0.08203125,0.991552737207152,0.130556345705282,-0.0786914431397629
VisualCogA_Task-1,1,1,F4,0.0859375,0.782205489902643,0.425977400302144,0.050145430858937
VisualCogA_Task-1,1,1,F4,0.08984375,0.434033760780313,0.312250938373292,0.0300129260508016
VisualCogA_Task-1,1,1,F4,0.09375,-0.0192576240612688,0.0581907388818918,-0.153856314571784
VisualCogA_Task-1,1,1,F4,0.09765625,-0.563855562054732,-0.384380473655579,-0.492709813656228
VisualCogA_Task-1,1,1,F4,0.1015625,-1.19902769227213,-0.914382616890191,-0.960124506062131
VisualCogA_Task-1,1,1,F4,0.10546875,-1.91752070769671,-1.60689108849405,-1.52064988164904
VisualCogA_Task-1,1,1,F4,0.109375,-2.69413574605055,-2.22262230195864,-2.13502360617884
VisualCogA_Task-1,1,1,F4,0.11328125,-3.48813653591794,-2.71796726331267,-2.7711701126505
VisualCogA_Task-1,1,1,F4,0.1171875,-4.25152985372597,-3.2848316831279,-3.40431372537797
VisualCogA_Task-1,1,1,F4,0.12109375,-4.93689991563079,-3.85291266835675,-4.00524519789705
VisualCogA_Task-1,1,1,F4,0.125,-5.50175109456868,-4.45929724021985,-4.53479844688936
VisualCogA_Task-1,1,1,F4,0.12890625,-5.90550326136269,-5.17475934178162,-4.94111301157484
VisualCogA_Task-1,1,1,F4,0.1328125,-6.10249425669633,-5.68187819808728,-5.16603666395095
VisualCogA_Task-1,1,1,F4,0.13671875,-6.04838180614594,-5.70252790901199,-5.17088770353239
VisualCogA_Task-1,1,1,F4,0.140625,-5.73417981824737,-5.3328361920123,-4.95997122434524
VisualCogA_Task-1,1,1,F4,0.14453125,-5.23061337586855,-4.65668615917588,-4.58189567087217
VisualCogA_Task-1,1,1,F4,0.1484375,-4.69589666516838,-3.74151618116532,-4.1163415682348
VisualCogA_Task-1,1,1,F4,0.15234375,-4.31583130437,-3.06781099513741,-3.64922198224673
VisualCogA_Task-1,1,1,F4,0.15625,-4.20309936429636,-2.76946635482594,-3.23521452979908
VisualCogA_Task-1,1,1,F4,0.16015625,-4.32541701923795,-2.79134211749566,-2.88054591219054
VisualCogA_Task-1,1,1,F4,0.1640625,-4.51514812789868,-2.76222485947299,-2.55263048280536
VisualCogA_Task-1,1,1,F4,0.16796875,-4.55558997725418,-2.63656620354313,-2.2114489454699
VisualCogA_Task-1,1,1,F4,0.171875,-4.29319390114105,-2.09446283514959,-1.83444820206615
VisualCogA_Task-1,1,1,F4,0.17578125,-3.71639149151241,-1.715943230981,-1.43450159264886
VisualCogA_Task-1,1,1,F4,0.1796875,-2.96320946969596,-1.07199726860839,-1.04615034336307
VisualCogA_Task-1,1,1,F4,0.18359375,-2.25712938402764,-0.48333235113592,-0.727389150214831
VisualCogA_Task-1,1,1,F4,0.1875,-1.80841878203094,-0.219042246936606,-0.538366619647317
VisualCogA_Task-1,1,1,F4,0.19140625,-1.73375502321358,-0.0586817142610515,-0.518893291513777
VisualCogA_Task-1,1,1,F4,0.1953125,-2.02817809622404,-0.453994182908564,-0.682169341274908
VisualCogA_Task-1,1,1,F4,0.19921875,-2.5887907706403,-0.845356806194499,-1.00304397962034
VisualCogA_Task-1,1,1,F4,0.203125,-3.26696641627554,-1.38544907086714,-1.43735182070919
VisualCogA_Task-1,1,1,F4,0.20703125,-3.92081512031579,-2.13527019090127,-1.92778688091506
VisualCogA_Task-1,1,1,F4,0.2109375,-4.44598602942006,-2.78253698351846,-2.41271794745808
VisualCogA_Task-1,1,1,F4,0.21484375,-4.78055554237858,-3.07848695821832,-2.84780408339053
VisualCogA_Task-1,1,1,F4,0.21875,-4.90051395596404,-3.57080163664802,-3.21952260476974
VisualCogA_Task-1,1,1,F4,0.22265625,-4.82405664176483,-3.1089311900472,-3.53357440055536
VisualCogA_Task-1,1,1,F4,0.2265625,-4.6210903681719,-3.90882081297342,-3.82493361236355
VisualCogA_Task-1,1,1,F4,0.23046875,-4.40658365679748,-4.19764081213173,-4.09318744760146
VisualCogA_Task-1,1,1,F4,0.234375,-4.30681891587178,-4.18417340317039,-4.34491371372706
VisualCogA_Task-1,1,1,F4,0.23828125,-4.41384453706585,-4.17421638598484,-4.59539466524249
VisualCogA_Task-1,1,1,F4,0.2421875,-4.75339984419097,-4.35169779119441,-4.84651753077021
VisualCogA_Task-1,1,1,F4,0.24609375,-5.27637437370074,-5.11061717283621,-5.06507134899451
VisualCogA_Task-1,1,1,F4,0.25,-5.86711879235721,-5.50360635467172,-5.1766101803017
VisualCogA_Task-1,1,1,F4,0.25390625,-6.36418720189296,-5.70340124308757,-5.11048357039824
VisualCogA_Task-1,1,1,F4,0.2578125,-6.59921245611221,-5.44665563283015,-4.82329074618807
VisualCogA_Task-1,1,1,F4,0.26171875,-6.45329697072143,-4.69833267891488,-4.32104074063258
VisualCogA_Task-1,1,1,F4,0.265625,-5.90906989448368,-3.75761487738613,-3.66168966058002
VisualCogA_Task-1,1,1,F4,0.26953125,-5.06927646538807,-2.79162366722778,-2.93463460773547
VisualCogA_Task-1,1,1,F4,0.2734375,-4.13143557754733,-1.87510539729143,-2.23726645187119
VisualCogA_Task-1,1,1,F4,0.27734375,-3.32861531424658,-1.08510019712016,-1.65505848438381
VisualCogA_Task-1,1,1,F4,0.28125,-2.85191371724837,-0.666757258269046,-1.24330390878831
VisualCogA_Task-1,1,1,F4,0.28515625,-2.77639886707741,-0.53372675175939,-1.00979940466103
VisualCogA_Task-1,1,1,F4,0.2890625,-3.02452906015747,-0.84882076144284,-0.914296097368365
VisualCogA_Task-1,1,1,F4,0.29296875,-3.39441148433703,-1.16965104357554,-0.876872391201575
VisualCogA_Task-1,1,1,F4,0.296875,-3.64578859040814,-1.29079260995992,-0.81215041245813
VisualCogA_Task-1,1,1,F4,0.30078125,-3.60271380899823,-1.1626349077786,-0.659150508466662
VisualCogA_Task-1,1,1,F4,0.3046875,-3.22390884678726,-1.00845220183921,-0.396779876347618
VisualCogA_Task-1,1,1,F4,0.30859375,-2.60897315824889,-0.252399251470473,-0.0459027464974377
VisualCogA_Task-1,1,1,F4,0.3125,-1.94090516818908,0.68442090515204,0.32164395689647
VisualCogA_Task-1,1,1,F4,0.31640625,-1.40041466517298,0.983159375238564,0.616815267565614
VisualCogA_Task-1,1,1,F4,0.3203125,-1.10246845019736,1.37430281252786,0.780797631596129
VisualCogA_Task-1,1,1,F4,0.32421875,-1.08143261512363,1.55942659834682,0.785306170713568
VisualCogA_Task-1,1,1,F4,0.328125,-1.30573122703343,0.782651134810918,0.651514771721122
VisualCogA_Task-1,1,1,F4,0.33203125,-1.6870283002545,0.186969640338572,0.46510735705809
VisualCogA_Task-1,1,1,F4,0.3359375,-2.08378411327317,-0.294298229142625,0.322695879421253
VisualCogA_Task-1,1,1,F4,0.33984375,-2.33451573674309,-0.385726692711057,0.297714148447432
VisualCogA_Task-1,1,1,F4,0.34375,-2.33292733771891,-0.0229634040240793,0.412179798059791
VisualCogA_Task-1,1,1,F4,0.34765625,-2.09729559017221,0.568985730297143,0.631157058751619
VisualCogA_Task-1,1,1,F4,0.3515625,-1.77029413723352,1.1250558519488,0.883448227509218
VisualCogA_Task-1,1,1,F4,0.35546875,-1.53977131142252,1.53130716734607,1.09267465728101
VisualCogA_Task-1,1,1,F4,0.359375,-1.53500792906217,1.7077931450805,1.20259166971874
VisualCogA_Task-1,1,1,F4,0.36328125,-1.76471719265204,1.55157737516494,1.1935072956462
VisualCogA_Task-1,1,1,F4,0.3671875,-2.12822045900818,1.03396971793037,1.08782968883402
VisualCogA_Task-1,1,1,F4,0.37109375,-2.48808850911978,0.403464951079799,0.937806176346074
VisualCogA_Task-1,1,1,F4,0.375,-2.76029968948414,0.35186441190369,0.791195754337566
VisualCogA_Task-1,1,1,F4,0.37890625,-2.9662803214251,0.569378463627407,0.651228983524859
VisualCogA_Task-1,1,1,F4,0.3828125,-3.21451529107694,0.768747467974325,0.484525479421493
VisualCogA_Task-1,1,1,F4,0.38671875,-3.62801526456771,0.620991624413089,0.250883980882884
VisualCogA_Task-1,1,1,F4,0.390625,-4.26573746719557,0.609251484318787,-0.0662116075228139
VisualCogA_Task-1,1,1,F4,0.39453125,-5.07854175428379,-0.651575288079651,-0.452435077599932
VisualCogA_Task-1,1,1,F4,0.3984375,-5.91715414424005,-1.10351417337211,-0.837171630165999
VisualCogA_Task-1,1,1,F4,0.40234375,-6.59304148229724,-1.8889624024454,-1.16640148357852
VisualCogA_Task-1,1,1,F4,0.40625,-6.97190186699551,-1.85742412840604,-1.40830006812885
VisualCogA_Task-1,1,1,F4,0.41015625,-7.05031911025495,-1.48022098045826,-1.5912562240139
VisualCogA_Task-1,1,1,F4,0.4140625,-6.96238736831198,-1.45004620118859,-1.78108579645369
VisualCogA_Task-1,1,1,F4,0.41796875,-6.90834452850317,-1.84126158201201,-2.03435169370528
VisualCogA_Task-1,1,1,F4,0.421875,-7.05639471226529,-2.08972388976459,-2.38003019108695
VisualCogA_Task-1,1,1,F4,0.42578125,-7.48149140843892,-2.39696990951184,-2.83100672127589
VisualCogA_Task-1,1,1,F4,0.4296875,-8.16183190069292,-3.0928386128131,-3.37597452517241
VisualCogA_Task-1,1,1,F4,0.43359375,-9.00858877329073,-3.73694789291946,-3.96745710936316
VisualCogA_Task-1,1,1,F4,0.4375,-9.89936244185979,-4.81892786698271,-4.5343833210715
VisualCogA_Task-1,1,1,F4,0.44140625,-10.7045705848962,-5.24144987369006,-4.9864729061505
VisualCogA_Task-1,1,1,F4,0.4453125,-11.3060078310105,-5.67090545369367,-5.25715765594581
VisualCogA_Task-1,1,1,F4,0.44921875,-11.6084174216573,-6.02899868791205,-5.30111744243138
VisualCogA_Task-1,1,1,F4,0.453125,-11.551524709337,-6.01684897885843,-5.10751112072683
VisualCogA_Task-1,1,1,F4,0.45703125,-11.132907054507,-4.76471677281826,-4.72615431640847
VisualCogA_Task-1,1,1,F4,0.4609375,-10.436076266577,-4.15638984638138,-4.28264080989694
VisualCogA_Task-1,1,1,F4,0.46484375,-9.63710996003077,-3.37760178450708,-3.90577791964701
VisualCogA_Task-1,1,1,F4,0.46875,-8.96783133441171,-3.10882977269703,-3.71385205048716
VisualCogA_Task-1,1,1,F4,0.47265625,-8.64475321864033,-3.07445245264561,-3.78113492931754
VisualCogA_Task-1,1,1,F4,0.4765625,-8.7984095439654,-3.63775462116297,-4.13147975988912
VisualCogA_Task-1,1,1,F4,0.48046875,-9.43521096063442,-4.43950818521834,-4.72984953956354
VisualCogA_Task-1,1,1,F4,0.484375,-10.441953822404,-5.29516166699758,-5.50006350414193
VisualCogA_Task-1,1,1,F4,0.48828125,-11.6222882328466,-6.60054069578593,-6.34174577656333
VisualCogA_Task-1,1,1,F4,0.4921875,-12.7480476197882,-7.71128039390139,-7.13744532667138
VisualCogA_Task-1,1,1,F4,0.49609375,-13.6146306638017,-8.10445739625513,-7.79127736757832
VisualCogA_Task-1,1,1,F4,0.5,-14.0956620477706,-8.86471354497688,-8.25517670133216
VisualCogA_Task-1,1,1,F4,0.50390625,-14.1868371208572,-8.7431490413998,-8.50717646570404
VisualCogA_Task-1,1,1,F4,0.5078125,-14.0155283812146,-8.65074598138056,-8.57610453543546
VisualCogA_Task-1,1,1,F4,0.51171875,-13.791559033014,-8.37768217589722,-8.5104531665759
VisualCogA_Task-1,1,1,F4,0.515625,-13.704716921545,-8.01810553417644,-8.36493473567025
VisualCogA_Task-1,1,1,F4,0.51953125,-13.8220767642949,-7.53196727574663,-8.1831973700402
VisualCogA_Task-1,1,1,F4,0.5234375,-14.0543681099895,-7.88724039861345,-7.97998676354962
VisualCogA_Task-1,1,1,F4,0.52734375,-14.2171564920206,-8.41233473644178,-7.71577943553788
VisualCogA_Task-1,1,1,F4,0.53125,-14.1455171114532,-7.63001862296881,-7.34332304159972
VisualCogA_Task-1,1,1,F4,0.53515625,-13.7909016740687,-7.45699173421839,-6.87341151240515
VisualCogA_Task-1,1,1,F4,0.5390625,-13.2508914049823,-6.14889611857072,-6.34073007707165
VisualCogA_Task-1,1,1,F4,0.54296875,-12.723894647468,-5.79168576696477,-5.82859564986777
VisualCogA_Task-1,1,1,F4,0.546875,-12.4142195935932,-5.07164077151146,-5.40433898185366
VisualCogA_Task-1,1,1,F4,0.55078125,-12.434237089812,-4.66659899140297,-5.13221500051421
VisualCogA_Task-1,1,1,F4,0.5546875,-12.7538428979038,-4.42142371294728,-5.04875378247247
VisualCogA_Task-1,1,1,F4,0.55859375,-13.2227302032432,-4.92557383698876,-5.15168407025887
VisualCogA_Task-1,1,1,F4,0.5625,-13.648995560062,-5.45142973530511,-5.38645710061009
VisualCogA_Task-1,1,1,F4,0.56640625,-13.8896772469224,-5.92198968908607,-5.67968159082363
VisualCogA_Task-1,1,1,F4,0.5703125,-13.911034093585,-6.13191757549099,-5.96338064442156
VisualCogA_Task-1,1,1,F4,0.57421875,-13.7951831875547,-6.63789790229201,-6.18976970644782
VisualCogA_Task-1,1,1,F4,0.578125,-13.690195209793,-6.82596631734609,-6.32510896620216
VisualCogA_Task-1,1,1,F4,0.58203125,-13.7257017005914,-6.62464515370364,-6.37300262930466
VisualCogA_Task-1,1,1,F4,0.5859375,-13.9418105393111,-6.47307371881738,-6.37879301397071
VisualCogA_Task-1,1,1,F4,0.58984375,-14.2781084253828,-6.13476478947126,-6.40879264878231
VisualCogA_Task-1,1,1,F4,0.59375,-14.6276722946462,-5.88453892114855,-6.53717078772532
VisualCogA_Task-1,1,1,F4,0.59765625,-14.9128979977394,-6.69216017273361,-6.81526102984304
VisualCogA_Task-1,1,1,F4,0.6015625,-15.1312416682148,-7.14192807334447,-7.24001098529735
VisualCogA_Task-1,1,1,F4,0.60546875,-15.3491485835887,-7.51001295780772,-7.79810985949101
VisualCogA_Task-1,1,1,F4,0.609375,-15.6563432355818,-8.23769938769915,-8.46807328183072
VisualCogA_Task-1,1,1,F4,0.61328125,-16.109550537824,-9.09786407917165,-9.20440880658288
VisualCogA_Task-1,1,1,F4,0.6171875,-16.6965077130762,-9.94045842153866,-9.94242616350293
VisualCogA_Task-1,1,1,F4,0.62109375,-17.3399000539777,-10.7431300512018,-10.6085563550621
VisualCogA_Task-1,1,1,F4,0.625,-17.9362654531277,-11.6464283696036,-11.1290664052344
VisualCogA_Task-1,1,1,F4,0.62890625,-18.3992725389946,-11.8059825534266,-11.4414378126724
VisualCogA_Task-1,1,1,F4,0.6328125,-18.6747017470292,-11.8322622860948,-11.5262655730593
VisualCogA_Task-1,1,1,F4,0.63671875,-18.725042045012,-11.3486592235052,-11.3945234104745
VisualCogA_Task-1,1,1,F4,0.640625,-18.5151482797454,-11.2438661898962,-11.0826847750837
VisualCogA_Task-1,1,1,F4,0.64453125,-18.0263535256225,-10.6107123848327,-10.6234011014719
VisualCogA_Task-1,1,1,F4,0.6484375,-17.288386129478,-10.141563551207,-10.0627556087915
VisualCogA_Task-1,1,1,F4,0.65234375,-16.3923606061962,-9.08899349135314,-9.44577412314202
VisualCogA_Task-1,1,1,F4,0.65625,-15.4618966560167,-8.70105093460975,-8.8240497991574
VisualCogA_Task-1,1,1,F4,0.66015625,-14.5953193920348,-7.96907966825951,-8.21944407215588
VisualCogA_Task-1,1,1,F4,0.6640625,-13.8180905564674,-7.64014997884149,-7.64356847207672
VisualCogA_Task-1,1,1,F4,0.66796875,-13.0820631808387,-7.00844282930969,-7.08717082853447
VisualCogA_Task-1,1,1,F4,0.671875,-12.314353698485,-6.6999974402926,-6.54071409670744
VisualCogA_Task-1,1,1,F4,0.67578125,-11.477254753417,-6.24412390549238,-5.98810056517184
VisualCogA_Task-1,1,1,F4,0.6796875,-10.592591034974,-5.46664797633379,-5.42650613446933
VisualCogA_Task-1,1,1,F4,0.68359375,-9.71997619128238,-4.73357843012734,-4.87444198350161
VisualCogA_Task-1,1,1,F4,0.6875,-8.91871773796208,-4.0675828044591,-4.35376444465909
VisualCogA_Task-1,1,1,F4,0.69140625,-8.22562169268949,-3.66172746286342,-3.8745912208843
VisualCogA_Task-1,1,1,F4,0.6953125,-7.651835084145,-3.53322021230235,-3.42319154510312
VisualCogA_Task-1,1,1,F4,0.69921875,-7.18169310806115,-3.13036658667334,-2.96809600373969
VisualCogA_Task-1,1,1,F4,0.703125,-6.76687655829983,-2.64166975978431,-2.48700423881809
VisualCogA_Task-1,1,1,F4,0.70703125,-6.32826173387071,-2.01463637803367,-1.97113844094019
VisualCogA_Task-1,1,1,F4,0.7109375,-5.77587155840355,-1.46606242428829,-1.42460959412172
VisualCogA_Task-1,1,1,F4,0.71484375,-5.03998673398189,-0.826565666665579,-0.855153510469548
VisualCogA_Task-1,1,1,F4,0.71875,-4.09912108014836,-0.143698526961808,-0.273960404604392
VisualCogA_Task-1,1,1,F4,0.72265625,-2.99497500678235,0.462222386574292,0.310161829170008
VisualCogA_Task-1,1,1,F4,0.7265625,-1.82505044821608,1.07555542067795,0.899260453020131
VisualCogA_Task-1,1,1,F4,0.73046875,-0.703917457368191,1.53174902922745,1.50805444222948
VisualCogA_Task-1,1,1,F4,0.734375,0.298318573448955,2.22613806366841,2.16595401938638
VisualCogA_Task-1,1,1,F4,0.73828125,1.20354727346516,2.38042231903184,2.90434395599564
VisualCogA_Task-1,1,1,F4,0.7421875,2.11746113173524,3.51427655179726,3.75962436058559
VisualCogA_Task-1,1,1,F4,0.74609375,3.16064862592432,4.57936792339468,4.72453520527089
VisualCogA_Task-1,1,1,F4,0.75,4.38447752802566,5.51903722888134,5.77137081143387
VisualCogA_Task-1,1,1,F4,0.75390625,5.73364864494867,6.95460691679126,6.86032822696714
VisualCogA_Task-1,1,1,F4,0.7578125,7.08244638995386,8.29746826703437,7.93057670121728
VisualCogA_Task-1,1,1,F4,0.76171875,8.31467968606711,9.58836382911624,8.92914204101622
VisualCogA_Task-1,1,1,F4,0.765625,9.38473170510791,10.2969180615437,9.83362435034729
VisualCogA_Task-1,1,1,F4,0.76953125,10.315488079059,10.2820560076444,10.6765588822022
VisualCogA_Task-1,1,1,F4,0.7734375,11.1434388953056,10.5353963929622,11.5290886988389
VisualCogA_Task-1,1,1,F4,0.77734375,11.8652951884886,12.7271345963008,12.4294816229691
VisualCogA_Task-1,1,1,F4,0.78125,12.4358248939028,14.0290164528572,13.3331977851478
VisualCogA_Task-1,1,1,F4,0.78515625,12.819085811304,13.9396340841383,14.2205017303745
VisualCogA_Task-1,1,1,F4,0.7890625,13.0466930418835,14.2811161413126,15.1296428926245
VisualCogA_Task-1,1,1,F4,0.79296875,13.2271775874278,16.6453572040673,16.0754650686867
VisualCogA_Task-1,1,1,F4,0.796875,13.4879831882858,17.4333486257691,17.0021014927406
VisualCogA_Task-1,1,1,F4,0.80078125,13.8869429386881,17.5704383316836,17.9011764102475
VisualCogA_Task-2,2,-1,Fz,-0.19921875,0.291050440859856,1.0346838567364,1.54200970520044
VisualCogA_Task-2,2,-1,Fz,-0.1953125,0.789181969975718,1.73246741723843,1.84922183704474
VisualCogA_Task-2,2,-1,Fz,-0.19140625,1.19795183335749,2.29254232375643,2.11415681485037
VisualCogA_Task-2,2,-1,Fz,-0.1875,1.45398116296698,2.62864938346166,2.2848079495948
VisualCogA_Task-2,2,-1,Fz,-0.18359375,1.53554988682501,2.75196282657121,2.324034011331
VisualCogA_Task-2,2,-1,Fz,-0.1796875,1.45442598118879,2.43745911570362,2.2233472229342
VisualCogA_Task-2,2,-1,Fz,-0.17578125,1.2404102022941,2.05098900078044,2.00992054188296
VisualCogA_Task-2,2,-1,Fz,-0.171875,0.93399198469759,1.72287653293507,1.72876958338663
VisualCogA_Task-2,2,-1,Fz,-0.16796875,0.589535104957264,1.33413252441709,1.42833233422935
VisualCogA_Task-2,2,-1,Fz,-0.1640625,0.278994022297009,0.936367213291143,1.15655569365762
VisualCogA_Task-2,2,-1,Fz,-0.16015625,0.0849848861715276,0.875759038528388,0.953536576766953
VisualCogA_Task-2,2,-1,Fz,-0.15625,0.0792106299347648,0.610216336819356,0.84102285862228
VisualCogA_Task-2,2,-1,Fz,-0.15234375,0.292854945703763,0.574565564452518,0.834280952768674
VisualCogA_Task-2,2,-1,Fz,-0.1484375,0.696074606620731,0.849695554183851,0.929343395934294
VisualCogA_Task-2,2,-1,Fz,-0.14453125,1.20437218822899,1.08873834491887,1.10059977582095
VisualCogA_Task-2,2,-1,Fz,-0.140625,1.71273635749907,1.23658272720276,1.31580235998459
VisualCogA_Task-2,2,-1,Fz,-0.13671875,2.13624916755127,1.4299813825992,1.54171496340597
VisualCogA_Task-2,2,-1,Fz,-0.1328125,2.43163675759964,1.70911106112683,1.73849976500071
VisualCogA_Task-2,2,-1,Fz,-0.12890625,2.59211932953478,2.13675915345613,1.85700781195054
VisualCogA_Task-2,2,-1,Fz,-0.125,2.62729945165657,2.20208907648794,1.84564109278102
VisualCogA_Task-2,2,-1,Fz,-0.12109375,2.54365795590107,2.02714549108818,1.67611420780984
VisualCogA_Task-2,2,-1,Fz,-0.1171875,2.33493541975089,1.61554651884695,1.34984575599694
VisualCogA_Task-2,2,-1,Fz,-0.11328125,1.98727114377335,1.05636786607935,0.897506943242125
VisualCogA_Task-2,2,-1,Fz,-0.109375,1.49993612732035,0.477482060791731,0.371910705682683
VisualCogA_Task-2,2,-1,Fz,-0.10546875,0.911673808028139,-0.248881301614984,-0.160891610307645
VisualCogA_Task-2,2,-1,Fz,-0.1015625,0.311614983249801,-0.971961631473321,-0.626051045429373
VisualCogA_Task-2,2,-1,Fz,-0.09765625,-0.181338071373589,-1.56284316530392,-0.956051114658623
VisualCogA_Task-2,2,-1,Fz,-0.09375,-0.465034955526371,-1.70042589159646,-1.11220121514185
VisualCogA_Task-2,2,-1,Fz,-0.08984375,-0.5024211039931,-1.40474539187125,-1.10637674824594
VisualCogA_Task-2,2,-1,Fz,-0.0859375,-0.347102428424522,-1.07003424701485,-0.999471838375678
VisualCogA_Task-2,2,-1,Fz,-0.08203125,-0.132770221983394,-0.574021252844473,-0.877244663571284
VisualCogA_Task-2,2,-1,Fz,-0.078125,-0.0261737391257543,-0.148303031969746,-0.831333602592907
VisualCogA_Task-2,2,-1,Fz,-0.07421875,-0.158205285563126,-0.075169867247069,-0.928108416640133
VisualCogA_Task-2,2,-1,Fz,-0.0703125,-0.562817947856816,-0.776509177681545,-1.17701965269395
VisualCogA_Task-2,2,-1,Fz,-0.06640625,-1.15635871201369,-1.5611167177068,-1.51643964528592
VisualCogA_Task-2,2,-1,Fz,-0.0625,-1.77070490329658,-2.22820621172776,-1.8513648560299
VisualCogA_Task-2,2,-1,Fz,-0.05859375,-2.2230085916959,-2.63106054371445,-2.09051483590819
VisualCogA_Task-2,2,-1,Fz,-0.0546875,-2.38666723064063,-2.71203354330706,-2.1740125822112
VisualCogA_Task-2,2,-1,Fz,-0.05078125,-2.23323257805793,-2.52696685227107,-2.08702656787989
VisualCogA_Task-2,2,-1,Fz,-0.046875,-1.8328486105118,-2.09248208015144,-1.85956034594652
VisualCogA_Task-2,2,-1,Fz,-0.04296875,-1.318694984421,-1.49731330020149,-1.55827915980932
VisualCogA_Task-2,2,-1,Fz,-0.0390625,-0.835756118972392,-0.956508064398436,-1.26925839738356
VisualCogA_Task-2,2,-1,Fz,-0.03515625,-0.500647212287269,-0.641747935813156,-1.07349295828387
VisualCogA_Task-2,2,-1,Fz,-0.03125,-0.387178287488838,-0.597379067939234,-1.02591521437612
VisualCogA_Task-2,2,-1,Fz,-0.02734375,-0.529006328723609,-0.905268877862109,-1.14547878565362
VisualCogA_Task-2,2,-1,Fz,-0.0234375,-0.92178206169483,-1.26718028844456,-1.41542594657327
VisualCogA_Task-2,2,-1,Fz,-0.01953125,-1.52130763725092,-1.71745060494639,-1.79898147927602
VisualCogA_Task-2,2,-1,Fz,-0.015625,-2.24839568049352,-2.2810356749736,-2.24701636105875
VisualCogA_Task-2,2,-1,Fz,-0.01171875,-3.00589551817445,-2.84163621154895,-2.70360732969088
VisualCogA_Task-2,2,-1,Fz,-0.0078125,-3.70075232393083,-3.41780198398811,-3.11566606576807
VisualCogA_Task-2,2,-1,Fz,-0.00390625,-4.26359981444368,-3.81084496253486,-3.44160665670747
VisualCogA_Task-2,2,-1,Fz,0,-4.66539619547954,-4.09091584182746,-3.66502118311126
VisualCogA_Task-2,2,-1,Fz,0.00390625,-4.9290299079203,-3.98494204809514,-3.80027158440053
VisualCogA_Task-2,2,-1,Fz,0.0078125,-5.12690884802948,-3.83830472601554,-3.8972110215561
VisualCogA_Task-2,2,-1,Fz,0.01171875,-5.35862731641629,-3.71854991739155,-4.02108186086664
VisualCogA_Task-2,2,-1,Fz,0.015625,-5.71509809146306,-3.60590761090864,-4.23221761065913
VisualCogA_Task-2,2,-1,Fz,0.01953125,-6.24235454055744,-4.15211144845608,-4.56574078397094
VisualCogA_Task-2,2,-1,Fz,0.0234375,-6.91638471152481,-4.69369549955167,-5.00458139386026
VisualCogA_Task-2,2,-1,Fz,0.02734375,-7.6391726785929,-5.41235579112354,-5.49720034209233
VisualCogA_Task-2,2,-1,Fz,0.03125,-8.26491015955518,-6.34687196320743,-5.96615137257337
VisualCogA_Task-2,2,-1,Fz,0.03515625,-8.65309546162806,-6.83693522778942,-6.32691784996221
VisualCogA_Task-2,2,-1,Fz,0.0390625,-8.72534291213087,-6.94778626303623,-6.52670985480382
VisualCogA_Task-2,2,-1,Fz,0.04296875,-8.49584451493182,-6.7641932485433,-6.55523891579546
VisualCogA_Task-2,2,-1,Fz,0.046875,-8.06089731416934,-6.51159866894186,-6.4373062623204
VisualCogA_Task-2,2,-1,Fz,0.05078125,-7.55554577830607,-6.17768679481379,-6.21512598482425
VisualCogA_Task-2,2,-1,Fz,0.0546875,-7.09816421270144,-5.77270021027138,-5.93710320763773
VisualCogA_Task-2,2,-1,Fz,0.05859375,-6.74677309176342,-5.46790636908141,-5.64852312259069
VisualCogA_Task-2,2,-1,Fz,0.0625,-6.4881885289989,-5.34176162806157,-5.38097067173245
VisualCogA_Task-2,2,-1,Fz,0.06640625,-6.26690448274422,-5.22075298116328,-5.15097940098656
VisualCogA_Task-2,2,-1,Fz,0.0703125,-6.03510561738216,-4.93066689128958,-4.97181543597065
VisualCogA_Task-2,2,-1,Fz,0.07421875,-5.79000003064471,-4.77875998446377,-4.86255936731709
VisualCogA_Task-2,2,-1,Fz,0.078125,-5.57791531608146,-4.70020149273766,-4.83886274026815
VisualCogA_Task-2,2,-1,Fz,0.08203125,-5.47132706564649,-4.73746696049937,-4.90939381816166
VisualCogA_Task-2,2,-1,Fz,0.0859375,-5.5366655407962,-4.89779725585356,-5.07126576037456
VisualCogA_Task-2,2,-1,Fz,0.08984375,-5.80471794371793,-5.23125809323113,-5.3072644881453
VisualCogA_Task-2,2,-1,Fz,0.09375,-6.25086759737175,-5.62965397774569,-5.58572021400221
VisualCogA_Task-2,2,-1,Fz,0.09765625,-6.79492140049187,-5.98870680335558,-5.86862928423077
VisualCogA_Task-2,2,-1,Fz,0.1015625,-7.32623580224517,-6.38299541536853,-6.12164919209513
VisualCogA_Task-2,2,-1,Fz,0.10546875,-7.74517994441591,-6.57526422418067,-6.32044389078644
VisualCogA_Task-2,2,-1,Fz,0.109375,-8.00145717073081,-6.57715723712092,-6.46245618543533
VisualCogA_Task-2,2,-1,Fz,0.11328125,-8.11311504974552,-6.67737498631241,-6.5663639089553
VisualCogA_Task-2,2,-1,Fz,0.1171875,-8.15992526006213,-6.67867345595394,-6.66040331523361
VisualCogA_Task-2,2,-1,Fz,0.12109375,-8.25272279698927,-6.54233716808892,-6.78206158127063
VisualCogA_Task-2,2,-1,Fz,0.125,-8.48782467375202,-6.63523479209965,-6.97034839579342
VisualCogA_Task-2,2,-1,Fz,0.12890625,-8.90526916053485,-6.96864831873375,-7.24429641309724
VisualCogA_Task-2,2,-1,Fz,0.1328125,-9.47287498747246,-7.4267351858756,-7.59501215383617
VisualCogA_Task-2,2,-1,Fz,0.13671875,-10.1041216545271,-7.8952083104068,-7.99063146413402
VisualCogA_Task-2,2,-1,Fz,0.140625,-10.6950502687714,-8.62482165766979,-8.38526710945121
VisualCogA_Task-2,2,-1,Fz,0.14453125,-11.1576270368764,-8.98485764856185,-8.72507992577091
VisualCogA_Task-2,2,-1,Fz,0.1484375,-11.4401885703432,-9.2322889695484,-8.97619362809448
VisualCogA_Task-2,2,-1,Fz,0.15234375,-11.5383722846824,-9.45111123886887,-9.12638007498919
VisualCogA_Task-2,2,-1,Fz,0.15625,-11.4969902451317,-9.32234857633676,-9.18475240347682
VisualCogA_Task-2,2,-1,Fz,0.16015625,-11.3970599438537,-9.15149928383712,-9.18748468090241
VisualCogA_Task-2,2,-1,Fz,0.1640625,-11.3291066459252,-9.06805278744412,-9.18221732234938
VisualCogA_Task-2,2,-1,Fz,0.16796875,-11.3662082012295,-9.02403291950165,-9.21359195981234
VisualCogA_Task-2,2,-1,Fz,0.171875,-11.5495028842712,-9.09226611844796,-9.31673651404379
VisualCogA_Task-2,2,-1,Fz,0.17578125,-11.8862075094152,-9.32374352846678,-9.51098231910369
VisualCogA_Task-2,2,-1,Fz,0.1796875,-12.3532980035143,-9.68885966673225,-9.79695484275235
VisualCogA_Task-2,2,-1,Fz,0.18359375,-12.9042482336456,-10.097021250745,-10.159676320197
VisualCogA_Task-2,2,-1,Fz,0.1875,-13.4797436755918,-10.5771935412,-10.5751610553098
VisualCogA_Task-2,2,-1,Fz,0.19140625,-14.0201746600385,-11.1220824915163,-11.0142020961754
VisualCogA_Task-2,2,-1,Fz,0.1953125,-14.4758648459262,-11.2711185681133,-11.4477618647024
VisualCogA_Task-2,2,-1,Fz,0.19921875,-14.8142461311681,-11.941512039983,-11.8557928157447
VisualCogA_Task-2,2,-1,Fz,0.203125,-15.024922223771,-12.6793403880926,-12.2035271294402
VisualCogA_Task-2,2,-1,Fz,0.20703125,-15.1218018620543,-12.6570618169831,-12.4633402546137
VisualCogA_Task-2,2,-1,Fz,0.2109375,-15.1419497670584,-12.7547113077722,-12.6472587449773
VisualCogA_Task-2,2,-1,Fz,0.21484375,-15.1426419369463,-12.7246853311245,-12.783452617774
VisualCogA_Task-2,2,-1,Fz,0.21875,-15.1948831859277,-12.7350797922348,-12.9090462704799
VisualCogA_Task-2,2,-1,Fz,0.22265625,-15.3671650663368,-12.9119215520426,-13.0562668266833
VisualCogA_Task-2,2,-1,Fz,0.2265625,-15.698944811453,-13.062556809733,-13.2428442034525
VisualCogA_Task-2,2,-1,Fz,0.23046875,-16.1775657085703,-13.2980908664658,-13.4744795449687
VisualCogA_Task-2,2,-1,Fz,0.234375,-16.7369781967167,-13.5353627280204,-13.7418500459366
VisualCogA_Task-2,2,-1,Fz,0.23828125,-17.2815567957081,-13.8713011765073,-14.0209338445191
VisualCogA_Task-2,2,-1,Fz,0.2421875,-17.7189135480192,-14.4551455514342,-14.2705018023859
VisualCogA_Task-2,2,-1,Fz,0.24609375,-17.982950054778,-14.6039801086286,-14.4368553922058
VisualCogA_Task-2,2,-1,Fz,0.25,-18.0405016041835,-14.7478208260942,-14.4816830657349
VisualCogA_Task-2,2,-1,Fz,0.25390625,-17.8851889440002,-14.4633991832629,-14.3806003344314
VisualCogA_Task-2,2,-1,Fz,0.2578125,-17.5263132487427,-14.2494038218689,-14.1314008564498
VisualCogA_Task-2,2,-1,Fz,0.26171875,-16.9837202072922,-13.9848823326139,-13.7387781940142
VisualCogA_Task-2,2,-1,Fz,0.265625,-16.2965000349007,-13.5143284929817,-13.2172594898
VisualCogA_Task-2,2,-1,Fz,0.26953125,-15.5383737250665,-12.7039543308042,-12.6018805646993
VisualCogA_Task-2,2,-1,Fz,0.2734375,-14.8183798674871,-11.7626862350742,-11.9524329898696
VisualCogA_Task-2,2,-1,Fz,0.27734375,-14.2514946497752,-11.0523982288229,-11.3372144836435
VisualCogA_Task-2,2,-1,Fz,0.28125,-13.9089659388984,-10.3691198499108,-10.8087105347875
VisualCogA_Task-2,2,-1,Fz,0.28515625,-13.7789823099524,-9.98279149072476,-10.3956719441663
VisualCogA_Task-2,2,-1,Fz,0.2890625,-13.7647101706238,-10.174123154198,-10.0902169555716
VisualCogA_Task-2,2,-1,Fz,0.29296875,-13.7231419241737,-9.90335193076561,-9.85005710834143
VisualCogA_Task-2,2,-1,Fz,0.296875,-13.5261146659155,-9.78060106045978,-9.63989612503294
VisualCogA_Task-2,2,-1,Fz,0.30078125,-13.1169819886421,-9.63142206712436,-9.42887896340516
VisualCogA_Task-2,2,-1,Fz,0.3046875,-12.5384375827291,-9.52320300926486,-9.19787599250272
VisualCogA_Task-2,2,-1,Fz,0.30859375,-11.9159223231063,-9.01570852062272,-8.94463617334682
VisualCogA_Task-2,2,-1,Fz,0.3125,-11.4012455195584,-8.56384695040807,-8.69401905168887
VisualCogA_Task-2,2,-1,Fz,0.31640625,-11.1044575852373,-8.09707182489349,-8.47680686888659
VisualCogA_Task-2,2,-1,Fz,0.3203125,-11.0480675761291,-8.20683807532717,-8.31293419119095
VisualCogA_Task-2,2,-1,Fz,0.32421875,-11.1623412035574,-8.14695645201998,-8.19069099785351
VisualCogA_Task-2,2,-1,Fz,0.328125,-11.320488961707,-8.42152733409273,-8.08952592513718
VisualCogA_Task-2,2,-1,Fz,0.33203125,-11.3985164939206,-8.25550102858689,-7.98524306381872
VisualCogA_Task-2,2,-1,Fz,0.3359375,-11.333600845537,-7.96700534752496,-7.88131328875454
VisualCogA_Task-2,2,-1,Fz,0.33984375,-11.1509046379766,-7.60139133708757,-7.80372897186506
VisualCogA_Task-2,2,-1,Fz,0.34375,-10.9439907978519,-7.7951235190728,-7.78562348996823
VisualCogA_Task-2,2,-1,Fz,0.34765625,-10.8246559854647,-7.70464856233346,-7.84326875031719
VisualCogA_Task-2,2,-1,Fz,0.3515625,-10.8767778898517,-7.87439574430406,-7.99372832925716
VisualCogA_Task-2,2,-1,Fz,0.35546875,-11.1368305995607,-8.14521533718549,-8.24251412080135
VisualCogA_Task-2,2,-1,Fz,0.359375,-11.5977138719912,-8.64592388128815,-8.58519363688355
VisualCogA_Task-2,2,-1,Fz,0.36328125,-12.2214348143911,-8.85868570041564,-9.00922615746958
VisualCogA_Task-2,2,-1,Fz,0.3671875,-12.9525870235334,-9.71377179221605,-9.50713181622562
VisualCogA_Task-2,2,-1,Fz,0.37109375,-13.7307424551829,-10.0837638087266,-10.05888570873
VisualCogA_Task-2,2,-1,Fz,0.375,-14.5004154891423,-10.5263811366969,-10.6616829285603
VisualCogA_Task-2,2,-1,Fz,0.37890625,-15.2196589149944,-11.2071195390777,-11.3147917442938
VisualCogA_Task-2,2,-1,Fz,0.3828125,-15.8698089998948,-11.9198121206524,-12.0062052751858
VisualCogA_Task-2,2,-1,Fz,0.38671875,-16.4614543855488,-12.6652478163992,-12.7149439567236
VisualCogA_Task-2,2,-1,Fz,0.390625,-17.0250981001693,-13.6204320744337,-13.41282879485
VisualCogA_Task-2,2,-1,Fz,0.39453125,-17.5857258596507,-14.0300450490111,-14.0675394504808
VisualCogA_Task-2,2,-1,Fz,0.3984375,-18.140121496461,-14.7782407144532,-14.6640558578306
VisualCogA_Task-2,2,-1,Fz,0.40234375,-18.6568995761911,-15.2725552479746,-15.1842334176579
VisualCogA_Task-2,2,-1,Fz,0.40625,-19.0966023672689,-15.653872294246,-15.6194429354398
VisualCogA_Task-2,2,-1,Fz,0.41015625,-19.430886258494,-15.9242992719764,-15.9684153691801
VisualCogA_Task-2,2,-1,Fz,0.4140625,-19.647485949434,-16.3728185491083,-16.232750790116
VisualCogA_Task-2,2,-1,Fz,0.41796875,-19.7467231357582,-16.479384675697,-16.4103729280514
VisualCogA_Task-2,2,-1,Fz,0.421875,-19.7402632018394,-16.4375376179598,-16.5108778260393
VisualCogA_Task-2,2,-1,Fz,0.42578125,-19.6533344525887,-16.7488958610594,-16.5496125061034
VisualCogA_Task-2,2,-1,Fz,0.4296875,-19.5248385442806,-16.6682098953636,-16.5358123062605
VisualCogA_Task-2,2,-1,Fz,0.43359375,-19.4015150377947,-16.2435166290906,-16.495319510774
VisualCogA_Task-2,2,-1,Fz,0.4375,-19.3256446360235,-16.1135395800671,-16.4650095363324
VisualCogA_Task-2,2,-1,Fz,0.44140625,-19.3184320957554,-16.144884406646,-16.4607742261505
VisualCogA_Task-2,2,-1,Fz,0.4453125,-19.3662690085398,-16.3578461762225,-16.4692162604213
VisualCogA_Task-2,2,-1,Fz,0.44921875,-19.4203027541746,-16.6350515182074,-16.4506141677119
VisualCogA_Task-2,2,-1,Fz,0.453125,-19.4128841395195,-16.5923456100604,-16.3559656362401
VisualCogA_Task-2,2,-1,Fz,0.45703125,-19.2814852399692,-16.3929346482723,-16.1516381334312
VisualCogA_Task-2,2,-1,Fz,0.4609375,-18.9861410601317,-16.10345341277,-15.8236974578624
VisualCogA_Task-2,2,-1,Fz,0.46484375,-18.5149436993102,-15.6292979847136,-15.3783174510142
VisualCogA_Task-2,2,-1,Fz,0.46875,-17.8820952923973,-14.913988873902,-14.8449849506096
VisualCogA_Task-2,2,-1,Fz,0.47265625,-17.1248029085394,-14.0972409399775,-14.2741018388463
VisualCogA_Task-2,2,-1,Fz,0.4765625,-16.3013691219216,-13.4077557545727,-13.7218203248632
VisualCogA_Task-2,2,-1,Fz,0.48046875,-15.4875491020249,-12.9633030767808,-13.22955420956
VisualCogA_Task-2,2,-1,Fz,0.484375,-14.7631472676451,-12.5334604105256,-12.8125452463125
VisualCogA_Task-2,2,-1,Fz,0.48828125,-14.1827758812653,-12.2011848333349,-12.4638475940978
VisualCogA_Task-2,2,-1,Fz,0.4921875,-13.739928232288,-12.0271347324534,-12.1532583422444
VisualCogA_Task-2,2,-1,Fz,0.49609375,-13.3499221103121,-11.8486551895915,-11.8286860166838
VisualCogA_Task-2,2,-1,Fz,0.5,-12.8721870545149,-11.5602196834502,-11.4275288425315
VisualCogA_Task-2,2,-1,Fz,0.50390625,-12.1645373724252,-11.0841902288169,-10.8888491426454
VisualCogA_Task-2,2,-1,Fz,0.5078125,-11.1387205283048,-10.3307514810062,-10.1627668099599
VisualCogA_Task-2,2,-1,Fz,0.51171875,-9.78970074461858,-9.52007782560536,-9.2156801612572
VisualCogA_Task-2,2,-1,Fz,0.515625,-8.19123750748883,-8.23938475926997,-8.02798623590641
VisualCogA_Task-2,2,-1,Fz,0.51953125,-6.4648207761945,-6.70950385778083,-6.60544854530582
VisualCogA_Task-2,2,-1,Fz,0.5234375,-4.73356517665232,-4.98777575765655,-4.97144714446733
VisualCogA_Task-2,2,-1,Fz,0.52734375,-3.07661906862787,-3.18588892934561,-3.15803336444241
VisualCogA_Task-2,2,-1,Fz,0.53125,-1.50227162943717,-1.04827410757751,-1.19861925404828
VisualCogA_Task-2,2,-1,Fz,0.53515625,0.0501245436504068,1.13241045680594,0.871061840822529
VisualCogA_Task-2,2,-1,Fz,0.5390625,1.68494689140529,2.97106541990189,3.02780533648343
VisualCogA_Task-2,2,-1,Fz,0.54296875,3.51487443842485,5.10769007177452,5.27018570057975
VisualCogA_Task-2,2,-1,Fz,0.546875,5.62340670039,7.41200774570975,7.59204907437505
VisualCogA_Task-2,2,-1,Fz,0.55078125,8.03031733131557,9.77471124261358,9.97370029673243
VisualCogA_Task-2,2,-1,Fz,0.5546875,10.6717146551552,12.5360092389737,12.3804407624596
VisualCogA_Task-2,2,-1,Fz,0.55859375,13.4100148592685,14.9994740261444,14.7609894451875
VisualCogA_Task-2,2,-1,Fz,0.5625,16.0765760155027,17.441081796047,17.0770293582569
VisualCogA_Task-2,2,-1,Fz,0.56640625,18.5301743617365,19.5459279978886,19.3101172300881
VisualCogA_Task-2,2,-1,Fz,0.5703125,20.7065757076789,21.6861293812512,21.4721474922505
VisualCogA_Task-2,2,-1,Fz,0.57421875,22.6402709535056,23.4461011734892,23.5946654736305
VisualCogA_Task-2,2,-1,Fz,0.578125,24.4484889895387,25.6725865926363,25.7270483271976
VisualCogA_Task-2,2,-1,Fz,0.58203125,26.2790684894318,27.3555408987402,27.9062928475763
VisualCogA_Task-2,2,-1,Fz,0.5859375,28.2430263134735,29.7719319454491,30.164857351511
VisualCogA_Task-2,2,-1,Fz,0.58984375,30.3685413537805,32.2002931170131,32.4893041600096
VisualCogA_Task-2,2,-1,Fz,0.59375,32.6035159433344,34.7212334862484,34.8334518102418
VisualCogA_Task-2,2,-1,Fz,0.59765625,34.8595562172043,37.2814506735472,37.1270345857939
VisualCogA_Task-2,2,-1,Fz,0.6015625,37.0620262633969,39.6652190254856,39.2904352432531
VisualCogA_Task-2,2,-1,Fz,0.60546875,39.1737720099318,41.689027064565,41.256904546519
VisualCogA_Task-2,2,-1,Fz,0.609375,41.1854349381961,43.3140429658147,42.9909252413442
VisualCogA_Task-2,2,-1,Fz,0.61328125,43.0879282350851,44.4442123425972,44.4929902833182
VisualCogA_Task-2,2,-1,Fz,0.6171875,44.8501430271412,45.8394167243308,45.79051910507
VisualCogA_Task-2,2,-1,Fz,0.62109375,46.4190268448883,46.9167105503675,46.9068663108349
VisualCogA_Task-2,2,-1,Fz,0.625,47.7440433540766,47.9629454293234,47.8694613064533
VisualCogA_Task-2,2,-1,Fz,0.62890625,48.8100127921761,48.7619193422971,48.70655385106
VisualCogA_Task-2,2,-1,Fz,0.6328125,49.6542240377845,49.4048541698295,49.4541840473624
VisualCogA_Task-2,2,-1,Fz,0.63671875,50.3554167658423,50.0019401862214,50.1530057890042
VisualCogA_Task-2,2,-1,Fz,0.640625,51.0042336668831,50.6126404661443,50.8395621465013
VisualCogA_Task-2,2,-1,Fz,0.64453125,51.6741998523654,51.4028283086728,51.5378073901378
VisualCogA_Task-2,2,-1,Fz,0.6484375,52.4032652581369,52.2068652992454,52.252785650168
VisualCogA_Task-2,2,-1,Fz,0.65234375,53.1872519835741,53.02040670617,52.9782928000574
VisualCogA_Task-2,2,-1,Fz,0.65625,53.9894104424094,53.7692038922965,53.7042980173612
VisualCogA_Task-2,2,-1,Fz,0.66015625,54.7691166500278,54.4389701248487,54.4242799718108
VisualCogA_Task-2,2,-1,Fz,0.6640625,55.5148322203829,55.0943973761864,55.1371261560487
VisualCogA_Task-2,2,-1,Fz,0.66796875,56.251912056413,55.7427687932512,55.8429482421373
VisualCogA_Task-2,2,-1,Fz,0.671875,57.0125079626439,56.465922665049,56.5382971704838
VisualCogA_Task-2,2,-1,Fz,0.67578125,57.7919965512437,57.0536528828126,57.2113755940883
VisualCogA_Task-2,2,-1,Fz,0.6796875,58.5324045334956,57.764426282156,57.8443549571643
VisualCogA_Task-2,2,-1,Fz,0.68359375,59.1499844011483,58.5696957590952,58.4062631446527
VisualCogA_Task-2,2,-1,Fz,0.6875,59.5870662175745,58.9759916576672,58.8594673185768
VisualCogA_Task-2,2,-1,Fz,0.69140625,59.8501950513353,59.3550639747947,59.1799540254969
VisualCogA_Task-2,2,-1,Fz,0.6953125,60.0053034495947,59.4552635885815,59.3534201735641
VisualCogA_Task-2,2,-1,Fz,0.69921875,60.1283936447503,59.4523104823673,59.3801551667042
VisualCogA_Task-2,2,-1,Fz,0.703125,60.2442195558841,59.4495856141732,59.2689353600947
VisualCogA_Task-2,2,-1,Fz,0.70703125,60.3015049183083,59.2041544613389,59.0345500518847
VisualCogA_Task-2,2,-1,Fz,0.7109375,60.2092516899705,58.7167216684312,58.7068427280634
VisualCogA_Task-2,2,-1,Fz,0.71484375,59.9095479014305,58.1951187735788,58.3297905754077
VisualCogA_Task-2,2,-1,Fz,0.71875,59.4333685039526,57.918756666929,57.9481940257253
VisualCogA_Task-2,2,-1,Fz,0.72265625,58.9011520473347,57.3540768316086,57.5956308606713
VisualCogA_Task-2,2,-1,Fz,0.7265625,58.469423975076,57.0460216804584,57.3032257486679
VisualCogA_Task-2,2,-1,Fz,0.73046875,58.2560336799834,56.9010885264833,57.0819738557154
VisualCogA_Task-2,2,-1,Fz,0.734375,58.2850868765625,56.9467252562746,56.9214366754631
VisualCogA_Task-2,2,-1,Fz,0.73828125,58.4792906546902,56.6622518544794,56.7961019241246
VisualCogA_Task-2,2,-1,Fz,0.7421875,58.699594433191,56.5901470762859,56.6825646996475
VisualCogA_Task-2,2,-1,Fz,0.74609375,58.8050273960158,56.5442861089655,56.5462659275092
VisualCogA_Task-2,2,-1,Fz,0.75,58.6989173605488,56.6479054564013,56.3449450645733
VisualCogA_Task-2,2,-1,Fz,0.75390625,58.346366878291,56.6023893017672,56.0361765828251
VisualCogA_Task-2,2,-1,Fz,0.7578125,57.7717744235709,55.7615445519285,55.6027816535686
VisualCogA_Task-2,2,-1,Fz,0.76171875,57.0494939957124,55.2937308574408,55.0747658413532
VisualCogA_Task-2,2,-1,Fz,0.765625,56.2877079257991,54.6408464930942,54.4953649522582
VisualCogA_Task-2,2,-1,Fz,0.76953125,55.6003128092531,53.8816711492472,53.9260618770366
VisualCogA_Task-2,2,-1,Fz,0.7734375,55.0741358839832,52.9867878062221,53.4404629681782
VisualCogA_Task-2,2,-1,Fz,0.77734375,54.7495499327673,52.3217277412363,53.1084753508566
VisualCogA_Task-2,2,-1,Fz,0.78125,54.6233340754632,52.6398138149127,52.9621998867493
VisualCogA_Task-2,2,-1,Fz,0.78515625,54.663949076492,52.7195687981202,52.968175136732
VisualCogA_Task-2,2,-1,Fz,0.7890625,54.8230587029945,53.465854238347,53.0660741556938
VisualCogA_Task-2,2,-1,Fz,0.79296875,55.0361735476891,53.8233526238279,53.1748528036399
VisualCogA_Task-2,2,-1,Fz,0.796875,55.2177223664115,53.5374755511388,53.2467819474629
VisualCogA_Task-2,2,-1,Fz,0.80078125,55.2644600627884,52.9217302791614,53.2881741057378
VisualCogA_Task-2,2,-1,F3,-0.19921875,-1.87555836332177,-1.39065300076335,-0.814287081529798
VisualCogA_Task-2,2,-1,F3,-0.1953125,-1.04699719204814,-0.49041995408516,-0.169364743453355
VisualCogA_Task-2,2,-1,F3,-0.19140625,-0.29091544627873,0.478569814410288,0.427527101353624
VisualCogA_Task-2,2,-1,F3,-0.1875,0.318213084697664,1.31811805826573,0.901603358735694
VisualCogA_Task-2,2,-1,F3,-0.18359375,0.72340945337722,1.75733813277981,1.1823324939588
VisualCogA_Task-2,2,-1,F3,-0.1796875,0.888538541295121,1.66258680220701,1.23389253058304
VisualCogA_Task-2,2,-1,F3,-0.17578125,0.804139620756661,1.27014480203687,1.06837862873696
VisualCogA_Task-2,2,-1,F3,-0.171875,0.497207830676079,0.881609887967331,0.73361047118442
VisualCogA_Task-2,2,-1,F3,-0.16796875,0.0387724204753414,0.41493112072015,0.294221588464262
VisualCogA_Task-2,2,-1,F3,-0.1640625,-0.459530791828587,-0.348184287232744,-0.172821204152746
VisualCogA_Task-2,2,-1,F3,-0.16015625,-0.866437875975643,-0.992381841314615,-0.580491963707853
VisualCogA_Task-2,2,-1,F3,-0.15625,-1.0690355509688,-1.40927937539698,-0.856378337498973
VisualCogA_Task-2,2,-1,F3,-0.15234375,-1.01407511778669,-1.30660710226766,-0.962392129291249
VisualCogA_Task-2,2,-1,F3,-0.1484375,-0.728451403047563,-1.02167901842213,-0.906520229341327
VisualCogA_Task-2,2,-1,F3,-0.14453125,-0.301949696176747,-0.693271480717129,-0.725434108987219
VisualCogA_Task-2,2,-1,F3,-0.140625,0.159563396268887,-0.305377450361185,-0.465401805323671
VisualCogA_Task-2,2,-1,F3,-0.13671875,0.581204041666919,-0.0795643297789884,-0.170011136422921
VisualCogA_Task-2,2,-1,F3,-0.1328125,0.939657648575115,0.0241479139429489,0.130485442556333
VisualCogA_Task-2,2,-1,F3,-0.12890625,1.25149566171321,0.285402908714556,0.413372710342386
VisualCogA_Task-2,2,-1,F3,-0.125,1.54169451108133,0.842425693870487,0.647073984945754
VisualCogA_Task-2,2,-1,F3,-0.12109375,1.81084315905609,1.16777807604857,0.789348434241297
VisualCogA_Task-2,2,-1,F3,-0.1171875,2.01911596041082,1.06214875906765,0.814234535180938
VisualCogA_Task-2,2,-1,F3,-0.11328125,2.09950395724628,0.971828372929711,0.727306568200538
VisualCogA_Task-2,2,-1,F3,-0.109375,1.99698253625498,0.741239553275923,0.554798332393185
VisualCogA_Task-2,2,-1,F3,-0.10546875,1.71101751171467,0.227811840716214,0.343320443912731
VisualCogA_Task-2,2,-1,F3,-0.1015625,1.31306803176719,-0.21998211244159,0.155020287319921
VisualCogA_Task-2,2,-1,F3,-0.09765625,0.925112640348501,-0.475957760399399,0.0424195302424589
VisualCogA_Task-2,2,-1,F3,-0.09375,0.668385132502084,-0.434367757631678,0.0267896403279229
VisualCogA_Task-2,2,-1,F3,-0.08984375,0.606963768536344,-0.139971385302288,0.0862039776704021
VisualCogA_Task-2,2,-1,F3,-0.0859375,0.712450253370225,0.395292231139105,0.160306119200686
VisualCogA_Task-2,2,-1,F3,-0.08203125,0.868012171028692,0.697100250485872,0.169891694935173
VisualCogA_Task-2,2,-1,F3,-0.078125,0.915612095701683,0.736068954713226,0.0553385108851309
VisualCogA_Task-2,2,-1,F3,-0.07421875,0.729588504143304,0.168531057818282,-0.199041580642283
VisualCogA_Task-2,2,-1,F3,-0.0703125,0.280937991459336,-0.449984020050667,-0.552209190354235
VisualCogA_Task-2,2,-1,F3,-0.06640625,-0.344033232461296,-0.992731297751994,-0.932493875752845
VisualCogA_Task-2,2,-1,F3,-0.0625,-0.9822194277661,-1.51043781469322,-1.25970643014827
VisualCogA_Task-2,2,-1,F3,-0.05859375,-1.46602786995139,-1.82654143840344,-1.45867743201726
VisualCogA_Task-2,2,-1,F3,-0.0546875,-1.68812024003689,-2.01146350297065,-1.47513174188199
VisualCogA_Task-2,2,-1,F3,-0.05078125,-1.62828528616658,-1.82067306080978,-1.28544955413013
VisualCogA_Task-2,2,-1,F3,-0.046875,-1.33953489025977,-1.24934892164041,-0.910705376573422
VisualCogA_Task-2,2,-1,F3,-0.04296875,-0.91271526168376,-0.410721275511431,-0.41657567591357
VisualCogA_Task-2,2,-1,F3,-0.0390625,-0.444988846382746,0.396273233852096,0.103042785725471
VisualCogA_Task-2,2,-1,F3,-0.03515625,-0.0275966163736174,0.9110844051782,0.554741112919923
VisualCogA_Task-2,2,-1,F3,-0.03125,0.251961180208304,1.16425145001788,0.86954628092323
VisualCogA_Task-2,2,-1,F3,-0.02734375,0.31356204253372,1.27781128772458,1.00818053934369
VisualCogA_Task-2,2,-1,F3,-0.0234375,0.106886430139174,1.25560755268491,0.955924901880824
VisualCogA_Task-2,2,-1,F3,-0.01953125,-0.359901090115157,0.993763563751023,0.720529611265891
VisualCogA_Task-2,2,-1,F3,-0.015625,-1.01281949671537,0.37973189801988,0.334718464463825
VisualCogA_Task-2,2,-1,F3,-0.01171875,-1.73939043700649,-0.28811804281074,-0.146015245520009
VisualCogA_Task-2,2,-1,F3,-0.0078125,-2.43513659808849,-0.921314401748942,-0.662427106217245
VisualCogA_Task-2,2,-1,F3,-0.00390625,-3.04017884656459,-1.400738894275,-1.16711460493374
VisualCogA_Task-2,2,-1,F3,0,-3.5482164473335,-1.90557362217285,-1.63424917026967
VisualCogA_Task-2,2,-1,F3,0.00390625,-3.99115954571643,-2.1752771229155,-2.05747092160363
VisualCogA_Task-2,2,-1,F3,0.0078125,-4.41498285313708,-2.3304767327303,-2.45303034930616
VisualCogA_Task-2,2,-1,F3,0.01171875,-4.86038673462841,-2.60304648905122,-2.84699512719047
VisualCogA_Task-2,2,-1,F3,0.015625,-5.35129745120981,-2.9941845761625,-3.25522012768842
VisualCogA_Task-2,2,-1,F3,0.01953125,-5.88619014950962,-3.58790586967092,-3.67323117005361
VisualCogA_Task-2,2,-1,F3,0.0234375,-6.43028396143832,-4.10180328349606,-4.0748011109125
VisualCogA_Task-2,2,-1,F3,0.02734375,-6.9164967784902,-4.53347377274044,-4.42659236519295
VisualCogA_Task-2,2,-1,F3,0.03125,-7.26434273146341,-4.97115972564907,-4.69751752887149
VisualCogA_Task-2,2,-1,F3,0.03515625,-7.41291333305299,-5.12405552897089,-4.86539598188691
VisualCogA_Task-2,2,-1,F3,0.0390625,-7.3507029583405,-5.01493392277349,-4.93085062057615
VisualCogA_Task-2,2,-1,F3,0.04296875,-7.12551660726267,-4.90295350064744,-4.91605930353314
VisualCogA_Task-2,2,-1,F3,0.046875,-6.82838680459813,-4.65548921387405,-4.85020683120159
VisualCogA_Task-2,2,-1,F3,0.05078125,-6.55644596070399,-4.51677835519686,-4.76138585378472
VisualCogA_Task-2,2,-1,F3,0.0546875,-6.3696083841264,-4.58142064681565,-4.66146255337515
VisualCogA_Task-2,2,-1,F3,0.05859375,-6.26372730203448,-4.58836262575927,-4.54191915384982
VisualCogA_Task-2,2,-1,F3,0.0625,-6.17915227484254,-4.76226009018218,-4.38756772020571
VisualCogA_Task-2,2,-1,F3,0.06640625,-6.04248569330758,-4.40931401820143,-4.1870906067656
VisualCogA_Task-2,2,-1,F3,0.0703125,-5.81518406543733,-4.07851093314211,-3.96039453201697
VisualCogA_Task-2,2,-1,F3,0.07421875,-5.51993376556862,-3.66717202288948,-3.74590483206693
VisualCogA_Task-2,2,-1,F3,0.078125,-5.23599221501611,-3.28879575732722,-3.59188987644971
VisualCogA_Task-2,2,-1,F3,0.08203125,-5.07226466129935,-3.23687856275071,-3.54005696726808
VisualCogA_Task-2,2,-1,F3,0.0859375,-5.12812127260695,-3.44414929111939,-3.60685556336459
VisualCogA_Task-2,2,-1,F3,0.08984375,-5.45164693766065,-3.51910290454654,-3.78347025653869
VisualCogA_Task-2,2,-1,F3,0.09375,-6.01260792895736,-4.01129087985715,-4.04752678256939
VisualCogA_Task-2,2,-1,F3,0.09765625,-6.70800999104848,-4.46215221435268,-4.35462026456967
VisualCogA_Task-2,2,-1,F3,0.1015625,-7.40090256051695,-4.89073564863674,-4.65732616709319
VisualCogA_Task-2,2,-1,F3,0.10546875,-7.9727177308563,-5.31720687852261,-4.91718095050882
VisualCogA_Task-2,2,-1,F3,0.109375,-8.36435035064899,-5.28514139795704,-5.11517186531409
VisualCogA_Task-2,2,-1,F3,0.11328125,-8.59063648558367,-5.41398673512817,-5.26562165600766
VisualCogA_Task-2,2,-1,F3,0.1171875,-8.72619461403569,-5.33068416856877,-5.39701719480844
VisualCogA_Task-2,2,-1,F3,0.12109375,-8.87119554125657,-5.44570839009728,-5.55020911052871
VisualCogA_Task-2,2,-1,F3,0.125,-9.11161927806554,-5.49530538642222,-5.76052027979412
VisualCogA_Task-2,2,-1,F3,0.12890625,-9.49024997652998,-5.74423288689331,-6.05456518586102
VisualCogA_Task-2,2,-1,F3,0.1328125,-9.99985481431368,-6.14045510373471,-6.43685707087144
VisualCogA_Task-2,2,-1,F3,0.13671875,-10.5960689516057,-6.8436122770689,-6.88604815205343
VisualCogA_Task-2,2,-1,F3,0.140625,-11.2145968426157,-7.46519739364405,-7.35609048270697
VisualCogA_Task-2,2,-1,F3,0.14453125,-11.7819644664305,-8.05530655423949,-7.79739979321667
VisualCogA_Task-2,2,-1,F3,0.1484375,-12.2266581317293,-8.49882211719226,-8.16948405654523
VisualCogA_Task-2,2,-1,F3,0.15234375,-12.5022742476354,-8.71438550710041,-8.45334347574058
VisualCogA_Task-2,2,-1,F3,0.15625,-12.6160911412493,-8.7754274302283,-8.65742309223788
VisualCogA_Task-2,2,-1,F3,0.16015625,-12.6394848004986,-8.83440357105592,-8.81192145008564
VisualCogA_Task-2,2,-1,F3,0.1640625,-12.6860222572449,-8.83241478537954,-8.95687078816489
VisualCogA_Task-2,2,-1,F3,0.16796875,-12.8675913951872,-8.83993865345616,-9.1341768554375
VisualCogA_Task-2,2,-1,F3,0.171875,-13.2502382575145,-9.05536785507821,-9.3753740672999
VisualCogA_Task-2,2,-1,F3,0.17578125,-13.8263183933465,-9.46462110027139,-9.68747698898343
VisualCogA_Task-2,2,-1,F3,0.1796875,-14.5138756640677,-10.067597515315,-10.0508330013676
VisualCogA_Task-2,2,-1,F3,0.18359375,-15.1888485642814,-10.5733782194661,-10.4272181612726
VisualCogA_Task-2,2,-1,F3,0.1875,-15.7403879682791,-10.9420123348975,-10.7798055683474
VisualCogA_Task-2,2,-1,F3,0.19140625,-16.1203513306284,-11.2682117259445,-11.0839483270908
VisualCogA_Task-2,2,-1,F3,0.1953125,-16.3563847556392,-11.4691979385101,-11.3285167725471
VisualCogA_Task-2,2,-1,F3,0.19921875,-16.5218387149645,-11.6482057585594,-11.5177365229985
VisualCogA_Task-2,2,-1,F3,0.203125,-16.6863546552381,-11.6044729271501,-11.6675566272242
VisualCogA_Task-2,2,-1,F3,0.20703125,-16.8821144765392,-11.6645825626417,-11.8047985703
VisualCogA_Task-2,2,-1,F3,0.2109375,-17.1045764238593,-11.8775916342474,-11.9510268622957
VisualCogA_Task-2,2,-1,F3,0.21484375,-17.3386727502603,-12.040784822579,-12.116121345976
VisualCogA_Task-2,2,-1,F3,0.21875,-17.5849239481441,-12.2132443073075,-12.3038422617685
VisualCogA_Task-2,2,-1,F3,0.22265625,-17.8650897086579,-12.4276855569479,-12.5116718064841
VisualCogA_Task-2,2,-1,F3,0.2265625,-18.206111252387,-12.6686786115393,-12.7295423473954
VisualCogA_Task-2,2,-1,F3,0.23046875,-18.6183008826838,-12.9798535477952,-12.9403873976471
VisualCogA_Task-2,2,-1,F3,0.234375,-19.0859207314327,-13.1711822209197,-13.1220684923958
VisualCogA_Task-2,2,-1,F3,0.23828125,-19.5739284522488,-13.2835914536245,-13.2557360126437
VisualCogA_Task-2,2,-1,F3,0.2421875,-20.0388884151663,-13.4175625418547,-13.3266331501034
VisualCogA_Task-2,2,-1,F3,0.24609375,-20.4328523543391,-13.3512863391924,-13.3223243832359
VisualCogA_Task-2,2,-1,F3,0.25,-20.7032207467864,-13.3040233380838,-13.2379516398148
VisualCogA_Task-2,2,-1,F3,0.25390625,-20.7987040558904,-13.121258093938,-13.0710703439432
VisualCogA_Task-2,2,-1,F3,0.2578125,-20.6836518565874,-12.8587946696909,-12.8247418945804
VisualCogA_Task-2,2,-1,F3,0.26171875,-20.3535360921541,-12.5836996467144,-12.5062100031848
VisualCogA_Task-2,2,-1,F3,0.265625,-19.8440855662307,-12.1961114856124,-12.1255561124743
VisualCogA_Task-2,2,-1,F3,0.26953125,-19.2301429864789,-11.7263128277093,-11.6993191354607
VisualCogA_Task-2,2,-1,F3,0.2734375,-18.6114011257927,-11.2588351876544,-11.2499175995843
VisualCogA_Task-2,2,-1,F3,0.27734375,-18.0850159456453,-10.7165576908209,-10.802019506639
VisualCogA_Task-2,2,-1,F3,0.28125,-17.7134914987226,-10.1857498650423,-10.3810359907582
VisualCogA_Task-2,2,-1,F3,0.28515625,-17.5032471321907,-9.83105196360025,-10.0052563680904
VisualCogA_Task-2,2,-1,F3,0.2890625,-17.4052821895553,-9.60181973005519,-9.67669611097435
VisualCogA_Task-2,2,-1,F3,0.29296875,-17.3361253097151,-9.37730539014311,-9.38285365804134
VisualCogA_Task-2,2,-1,F3,0.296875,-17.208385349621,-9.3097568331972,-9.10498774951274
VisualCogA_Task-2,2,-1,F3,0.30078125,-16.9625870748756,-9.14168332834146,-8.82389476995171
VisualCogA_Task-2,2,-1,F3,0.3046875,-16.5942615330557,-8.73288036741098,-8.53743519422843
VisualCogA_Task-2,2,-1,F3,0.30859375,-16.1639187649171,-8.1457842364071,-8.26995187707892
VisualCogA_Task-2,2,-1,F3,0.3125,-15.7762340212099,-7.71778938191922,-8.06207477100441
VisualCogA_Task-2,2,-1,F3,0.31640625,-15.5317147183099,-7.68932226222973,-7.94408652511678
VisualCogA_Task-2,2,-1,F3,0.3203125,-15.4760937804049,-7.63102647885331,-7.9175793394375
VisualCogA_Task-2,2,-1,F3,0.32421875,-15.5772935243226,-7.86643042972051,-7.96291505874745
VisualCogA_Task-2,2,-1,F3,0.328125,-15.7429046983818,-8.17471093192852,-8.03657612277881
VisualCogA_Task-2,2,-1,F3,0.33203125,-15.8664905681979,-8.37035795763022,-8.08700458551153
VisualCogA_Task-2,2,-1,F3,0.3359375,-15.8756095778883,-8.42072808334229,-8.07415373502135
VisualCogA_Task-2,2,-1,F3,0.33984375,-15.7572356326222,-8.29248396346173,-7.98158964039391
VisualCogA_Task-2,2,-1,F3,0.34375,-15.5532997785115,-8.02150475401819,-7.82175956640826
VisualCogA_Task-2,2,-1,F3,0.34765625,-15.337053124946,-7.66574931701985,-7.6330186380991
VisualCogA_Task-2,2,-1,F3,0.3515625,-15.1872963574842,-7.31512990801626,-7.47036741280195
VisualCogA_Task-2,2,-1,F3,0.35546875,-15.1706540612521,-7.16104667673609,-7.39153400442908
VisualCogA_Task-2,2,-1,F3,0.359375,-15.3319327151548,-7.10968019089719,-7.4413100681606
VisualCogA_Task-2,2,-1,F3,0.36328125,-15.6885252409597,-7.3122141710025,-7.64527998186886
VisualCogA_Task-2,2,-1,F3,0.3671875,-16.2263618988398,-7.74461647228365,-8.00139230032094
VisualCogA_Task-2,2,-1,F3,0.37109375,-16.8976344158637,-8.41849194732252,-8.47984009404505
VisualCogA_Task-2,2,-1,F3,0.375,-17.6242662491207,-9.08350553505718,-9.02941844789963
VisualCogA_Task-2,2,-1,F3,0.37890625,-18.3145945248624,-9.79413128782894,-9.5938101011829
VisualCogA_Task-2,2,-1,F3,0.3828125,-18.8947272083402,-10.3788984139014,-10.1212050504562
VisualCogA_Task-2,2,-1,F3,0.38671875,-19.3385982787093,-10.8588944837986,-10.5764867245014
VisualCogA_Task-2,2,-1,F3,0.390625,-19.6728242334851,-11.1598196528132,-10.9460129990541
VisualCogA_Task-2,2,-1,F3,0.39453125,-19.9518700529107,-11.3143638649869,-11.2396757297914
VisualCogA_Task-2,2,-1,F3,0.3984375,-20.2261308251938,-11.3387411662617,-11.4851839935368
VisualCogA_Task-2,2,-1,F3,0.40234375,-20.5263012073132,-11.4048274293552,-11.7164708783804
VisualCogA_Task-2,2,-1,F3,0.40625,-20.8634375553475,-11.7431878373491,-11.9552659034724
VisualCogA_Task-2,2,-1,F3,0.41015625,-21.2292904047366,-12.1553342141109,-12.1973283005444
VisualCogA_Task-2,2,-1,F3,0.4140625,-21.5924540783438,-12.4663503989688,-12.420744129151
VisualCogA_Task-2,2,-1,F3,0.41796875,-21.9023082137333,-12.9827195661872,-12.6000999416442
VisualCogA_Task-2,2,-1,F3,0.421875,-22.1098145583865,-12.8021917212574,-12.7137828128605
VisualCogA_Task-2,2,-1,F3,0.42578125,-22.1956673708491,-12.8590938566152,-12.7720647863485
VisualCogA_Task-2,2,-1,F3,0.4296875,-22.1855976606607,-12.6109457003832,-12.7925853146899
VisualCogA_Task-2,2,-1,F3,0.43359375,-22.1410646675513,-12.5298222251097,-12.8002362729885
VisualCogA_Task-2,2,-1,F3,0.4375,-22.1295986550855,-12.7128013739877,-12.8047729018226
VisualCogA_Task-2,2,-1,F3,0.44140625,-22.1891146713886,-12.6030351777918,-12.7934159377806
VisualCogA_Task-2,2,-1,F3,0.4453125,-22.303859169063,-12.6500063595955,-12.7457218234647
VisualCogA_Task-2,2,-1,F3,0.44921875,-22.4072631355099,-12.6976702730938,-12.6253819381446
VisualCogA_Task-2,2,-1,F3,0.453125,-22.4138913789505,-12.6077948517721,-12.3881113724342
VisualCogA_Task-2,2,-1,F3,0.45703125,-22.2617465659732,-12.3157231930846,-11.9956492448601
VisualCogA_Task-2,2,-1,F3,0.4609375,-21.9355098127812,-11.6489081096278,-11.4280416305601
VisualCogA_Task-2,2,-1,F3,0.46484375,-21.4552550774885,-11.0087225910693,-10.6920074336907
VisualCogA_Task-2,2,-1,F3,0.46875,-20.8441823695379,-10.012506490803,-9.81267109833091
VisualCogA_Task-2,2,-1,F3,0.47265625,-20.1074109566308,-8.78162363460092,-8.84154999834115
VisualCogA_Task-2,2,-1,F3,0.4765625,-19.244786671524,-7.65978002853463,-7.84681445695455
VisualCogA_Task-2,2,-1,F3,0.48046875,-18.2888587235498,-6.56881022875235,-6.89164093375921
VisualCogA_Task-2,2,-1,F3,0.484375,-17.3298456973367,-5.56998693406192,-6.0236196859749
VisualCogA_Task-2,2,-1,F3,0.48828125,-16.4923732760159,-4.88067084693702,-5.26343841207083
VisualCogA_Task-2,2,-1,F3,0.4921875,-15.8678317908296,-4.31951270162697,-4.59398208119012
VisualCogA_Task-2,2,-1,F3,0.49609375,-15.446281142923,-3.89750713192191,-3.9662383653814
VisualCogA_Task-2,2,-1,F3,0.5,-15.0955209136231,-3.44306854368528,-3.30832248839637
VisualCogA_Task-2,2,-1,F3,0.50390625,-14.6042119642399,-2.9424880827574,-2.54262207119846
VisualCogA_Task-2,2,-1,F3,0.5078125,-13.7698535432891,-2.14489980590433,-1.60275357269181
VisualCogA_Task-2,2,-1,F3,0.51171875,-12.4903802220106,-0.79893875646477,-0.455655619410487
VisualCogA_Task-2,2,-1,F3,0.515625,-10.8146929899258,0.698043770052975,0.886554309343722
VisualCogA_Task-2,2,-1,F3,0.51953125,-8.92463049053034,2.35401392856028,2.38315180618119
VisualCogA_Task-2,2,-1,F3,0.5234375,-7.05457094255688,4.19010974372429,3.97770325210471
VisualCogA_Task-2,2,-1,F3,0.52734375,-5.38800233893608,6.1279238681955,5.61134687164868
VisualCogA_Task-2,2,-1,F3,0.53125,-3.98254865728957,7.7622354089594,7.2429214303158
VisualCogA_Task-2,2,-1,F3,0.53515625,-2.7572227211447,9.15425512804131,8.87431377665432
VisualCogA_Task-2,2,-1,F3,0.5390625,-1.53878678891773,10.4981908318948,10.5506869240995
VisualCogA_Task-2,2,-1,F3,0.54296875,-0.133832392317578,11.9220076439692,12.3405323320354
VisualCogA_Task-2,2,-1,F3,0.546875,1.60990421171644,13.6220520107216,14.3079667854958
VisualCogA_Task-2,2,-1,F3,0.55078125,3.76877598085682,15.9571543136483,16.4822300121756
VisualCogA_Task-2,2,-1,F3,0.5546875,6.32845791614817,18.6006660846821,18.8354021752052
VisualCogA_Task-2,2,-1,F3,0.55859375,9.17850521274639,21.5662699901882,21.2958071295043
VisualCogA_Task-2,2,-1,F3,0.5625,12.1205568969134,23.9210135355539,23.7722073891158
VisualCogA_Task-2,2,-1,F3,0.56640625,14.9086903877274,26.5213896210582,26.1959040398062
VisualCogA_Task-2,2,-1,F3,0.5703125,17.329849070728,29.0092314620484,28.5105986795451
VisualCogA_Task-2,2,-1,F3,0.57421875,19.296191164418,30.9474883614579,30.6871167047398
VisualCogA_Task-2,2,-1,F3,0.578125,20.8924198760117,32.8796780285776,32.7378362436729
VisualCogA_Task-2,2,-1,F3,0.58203125,22.336223179855,34.6441639803356,34.6968330626868
VisualCogA_Task-2,2,-1,F3,0.5859375,23.8657979053655,36.2137079942456,36.610003076866
VisualCogA_Task-2,2,-1,F3,0.58984375,25.6203333562353,38.0688217365338,38.5188531110991
VisualCogA_Task-2,2,-1,F3,0.59375,27.5837430071852,39.9648588396303,40.4318654000561
VisualCogA_Task-2,2,-1,F3,0.59765625,29.6160125840824,42.152738003033,42.3200195638602
VisualCogA_Task-2,2,-1,F3,0.6015625,31.5394142126099,44.3323676309738,44.1153780092656
VisualCogA_Task-2,2,-1,F3,0.60546875,33.2223637295238,46.2439782125259,45.7360630129575
VisualCogA_Task-2,2,-1,F3,0.609375,34.6206672671481,47.6934209265538,47.1182793200969
VisualCogA_Task-2,2,-1,F3,0.61328125,35.7694022794514,48.5263969455652,48.2405579424754
VisualCogA_Task-2,2,-1,F3,0.6171875,36.7429734559017,49.0203303902963,49.1293583590894
VisualCogA_Task-2,2,-1,F3,0.62109375,37.6086452726473,49.6915324424515,49.8349599658595
VisualCogA_Task-2,2,-1,F3,0.625,38.3944760688734,50.1938280193296,50.3985564946399
VisualCogA_Task-2,2,-1,F3,0.62890625,39.081915603312,50.8068119819247,50.8493893836679
VisualCogA_Task-2,2,-1,F3,0.6328125,39.6225352954965,51.3104594862419,51.1996393649047
VisualCogA_Task-2,2,-1,F3,0.63671875,39.9717679121513,51.6418133639196,51.4579390534994
VisualCogA_Task-2,2,-1,F3,0.640625,40.1270391157936,51.8046895483514,51.6421560747128
VisualCogA_Task-2,2,-1,F3,0.64453125,40.1500974601513,51.8394444321088,51.7854809130072
VisualCogA_Task-2,2,-1,F3,0.6484375,40.1538350966784,51.8095475404062,51.9346485089815
VisualCogA_Task-2,2,-1,F3,0.65234375,40.25458725169,51.710251344058,52.1408907631597
VisualCogA_Task-2,2,-1,F3,0.65625,40.519990465349,51.9786344139567,52.4450144953512
VisualCogA_Task-2,2,-1,F3,0.66015625,40.9485633144199,52.4890049000237,52.851939907107
VisualCogA_Task-2,2,-1,F3,0.6640625,41.4878336785785,53.1890656482203,53.3277221931949
VisualCogA_Task-2,2,-1,F3,0.66796875,42.0633019278682,53.9811675559161,53.8081719644595
VisualCogA_Task-2,2,-1,F3,0.671875,42.5918020786282,54.6475859287723,54.2175451196638
VisualCogA_Task-2,2,-1,F3,0.67578125,42.9856094801129,54.8442517605072,54.4945138568592
VisualCogA_Task-2,2,-1,F3,0.6796875,43.1707818900528,54.9623318592708,54.6135871081892
VisualCogA_Task-2,2,-1,F3,0.68359375,43.1217371188266,55.0386380098704,54.5784186311013
VisualCogA_Task-2,2,-1,F3,0.6875,42.8856519880002,54.0782655918852,54.4217242456332
VisualCogA_Task-2,2,-1,F3,0.69140625,42.57093803627,53.6490076636626,54.2145713867201
VisualCogA_Task-2,2,-1,F3,0.6953125,42.298548268874,53.6755503086328,53.999405934818
VisualCogA_Task-2,2,-1,F3,0.69921875,42.1382571577557,53.6127525724025,53.7715434601282
VisualCogA_Task-2,2,-1,F3,0.703125,42.06394644105,53.6577348557574,53.4993115640034
VisualCogA_Task-2,2,-1,F3,0.70703125,41.9590972656362,53.5953453398278,53.1378052738188
VisualCogA_Task-2,2,-1,F3,0.7109375,41.6789119476188,53.1160003499106,52.6553215579294
VisualCogA_Task-2,2,-1,F3,0.71484375,41.1367594372205,52.3216217015327,52.058285723524
VisualCogA_Task-2,2,-1,F3,0.71875,40.3606575913852,51.338101156667,51.3915129771234
VisualCogA_Task-2,2,-1,F3,0.72265625,39.4826973389225,50.4282107146732,50.7217631900822
VisualCogA_Task-2,2,-1,F3,0.7265625,38.668744039884,49.7360906907153,50.1113452487173
VisualCogA_Task-2,2,-1,F3,0.73046875,38.0334340633254,49.1806427779136,49.5981053330611
VisualCogA_Task-2,2,-1,F3,0.734375,37.5900816670753,48.7939582924405,49.1886184099793
VisualCogA_Task-2,2,-1,F3,0.73828125,37.2571387936208,48.8016626625182,48.8546709000755
VisualCogA_Task-2,2,-1,F3,0.7421875,36.9072198308706,48.7213495928259,48.5351608808249
VisualCogA_Task-2,2,-1,F3,0.74609375,36.4263363994297,48.5347849678046,48.1645690765728
VisualCogA_Task-2,2,-1,F3,0.75,35.754741440073,47.9926802539471,47.6928919376648
VisualCogA_Task-2,2,-1,F3,0.75390625,34.898009525541,47.4098613105937,47.1009772387156
VisualCogA_Task-2,2,-1,F3,0.7578125,33.9157667088959,46.6957504268347,46.3946551140302
VisualCogA_Task-2,2,-1,F3,0.76171875,32.901913190157,45.762635171087,45.6054960372367
VisualCogA_Task-2,2,-1,F3,0.765625,31.9612024104591,44.6048683324395,44.7901617580301
VisualCogA_Task-2,2,-1,F3,0.76953125,31.1794779403147,43.6493818078596,44.0184089539266
VisualCogA_Task-2,2,-1,F3,0.7734375,30.5927209925052,43.1485909755003,43.3445531836429
VisualCogA_Task-2,2,-1,F3,0.77734375,30.1722555087582,42.2329761971703,42.7921577437234
VisualCogA_Task-2,2,-1,F3,0.78125,29.8397346870533,42.217788998362,42.3684557467008
VisualCogA_Task-2,2,-1,F3,0.78515625,29.5050313349387,42.2111799443846,42.0340818428949
VisualCogA_Task-2,2,-1,F3,0.7890625,29.1022849370526,41.9362791721402,41.737115120264
VisualCogA_Task-2,2,-1,F3,0.79296875,28.6010093415341,41.751440573863,41.4403928418903
VisualCogA_Task-2,2,-1,F3,0.796875,27.9895905548522,41.2386868535526,41.1233492751794
VisualCogA_Task-2,2,-1,F3,0.80078125,27.2527155645184,40.6117428126571,40.7913393318676
VisualCogA_Task-2,2,-1,F4,-0.19921875,-3.79091252494148,0.286136012169527,0.79373503297629
VisualCogA_Task-2,2,-1,F4,-0.1953125,-3.02026171926954,1.02191035944666,1.14174236984689
VisualCogA_Task-2,2,-1,F4,-0.19140625,-2.27107205561396,1.62250711584347,1.44744978831694
VisualCogA_Task-2,2,-1,F4,-0.1875,-1.65459918773847,1.9987971100014,1.65857136911916
VisualCogA_Task-2,2,-1,F4,-0.18359375,-1.24103217763519,2.20954160998458,1.73740930361354
VisualCogA_Task-2,2,-1,F4,-0.1796875,-1.04806425633598,1.95641570449474,1.67461792823355
VisualCogA_Task-2,2,-1,F4,-0.17578125,-1.04750432298428,1.55409668004363,1.50019593827692
VisualCogA_Task-2,2,-1,F4,-0.171875,-1.17748340341405,1.13187680835938,1.26762517706315
VisualCogA_Task-2,2,-1,F4,-0.16796875,-1.35495876263437,0.658702495259458,1.03487921639231
VisualCogA_Task-2,2,-1,F4,-0.1640625,-1.49027739890625,0.536180702146441,0.848619264005809
VisualCogA_Task-2,2,-1,F4,-0.16015625,-1.50461114397768,0.708453538361896,0.72415846755065
VisualCogA_Task-2,2,-1,F4,-0.15625,-1.34865454810802,0.655446434781771,0.650773427852228
VisualCogA_Task-2,2,-1,F4,-0.15234375,-1.01895802078322,0.555474870887642,0.616432001636874
VisualCogA_Task-2,2,-1,F4,-0.1484375,-0.562745335533835,0.745152566025283,0.609491462875046
VisualCogA_Task-2,2,-1,F4,-0.14453125,-0.060910707388226,0.74650265418261,0.613229324641436
VisualCogA_Task-2,2,-1,F4,-0.140625,0.407331971465654,0.552472593293585,0.622228191939918
VisualCogA_Task-2,2,-1,F4,-0.13671875,0.796522702269368,0.317747618874817,0.642176780569468
VisualCogA_Task-2,2,-1,F4,-0.1328125,1.10183488243149,0.528375192873496,0.672950839775199
VisualCogA_Task-2,2,-1,F4,-0.12890625,1.33922759547824,0.848967910020427,0.687390355327669
VisualCogA_Task-2,2,-1,F4,-0.125,1.51691872900917,0.92075868607489,0.646287342422297
VisualCogA_Task-2,2,-1,F4,-0.12109375,1.61731157493088,0.759206182306818,0.523898612478896
VisualCogA_Task-2,2,-1,F4,-0.1171875,1.59779732379193,0.468945186965805,0.317353588888329
VisualCogA_Task-2,2,-1,F4,-0.11328125,1.41144297152332,0.223078675032294,0.0433906591937854
VisualCogA_Task-2,2,-1,F4,-0.109375,1.04308039543914,-0.109920666104643,-0.268619155888422
VisualCogA_Task-2,2,-1,F4,-0.10546875,0.543585104185363,-0.619265839847212,-0.574330834322105
VisualCogA_Task-2,2,-1,F4,-0.1015625,0.0345596325093829,-1.13419080029444,-0.816174479922425
VisualCogA_Task-2,2,-1,F4,-0.09765625,-0.331667675652379,-1.50311662196179,-0.940324780298307
VisualCogA_Task-2,2,-1,F4,-0.09375,-0.439007615585181,-1.42510384498111,-0.919457783089673
VisualCogA_Task-2,2,-1,F4,-0.08984375,-0.2624553702438,-1.0525130758011,-0.773148856075072
VisualCogA_Task-2,2,-1,F4,-0.0859375,0.11890716598068,-0.539890116174007,-0.563110538857337
VisualCogA_Task-2,2,-1,F4,-0.08203125,0.554825100071105,0.119995054325161,-0.374335722683138
VisualCogA_Task-2,2,-1,F4,-0.078125,0.886342753646388,0.428600819716366,-0.289882263575534
VisualCogA_Task-2,2,-1,F4,-0.07421875,1.01089768571865,0.176563374362458,-0.351613786140226
VisualCogA_Task-2,2,-1,F4,-0.0703125,0.920972984934062,-0.373819317499816,-0.541520324708589
VisualCogA_Task-2,2,-1,F4,-0.06640625,0.69870969853046,-0.910396527086192,-0.797577150236774
VisualCogA_Task-2,2,-1,F4,-0.0625,0.472938440994386,-1.36857593474594,-1.04378444974687
VisualCogA_Task-2,2,-1,F4,-0.05859375,0.363879509391935,-1.6105090964373,-1.21354402499842
VisualCogA_Task-2,2,-1,F4,-0.0546875,0.439267133678573,-1.70468091640318,-1.26732363483421
VisualCogA_Task-2,2,-1,F4,-0.05078125,0.692863825826319,-1.61626184132555,-1.19867146071695
VisualCogA_Task-2,2,-1,F4,-0.046875,1.04917585974714,-1.07618117591019,-1.0375821242401
VisualCogA_Task-2,2,-1,F4,-0.04296875,1.39445693829082,-0.793422978552605,-0.848849445381145
VisualCogA_Task-2,2,-1,F4,-0.0390625,1.62227643967749,-0.425067449450616,-0.700483831756769
VisualCogA_Task-2,2,-1,F4,-0.03515625,1.66955431559549,-0.2098440426235,-0.655876818747933
VisualCogA_Task-2,2,-1,F4,-0.03125,1.52537114309362,-0.441306632923775,-0.75546857654342
VisualCogA_Task-2,2,-1,F4,-0.02734375,1.21721757760735,-0.64792019660531,-1.00252987732165
VisualCogA_Task-2,2,-1,F4,-0.0234375,0.792119769229504,-1.2918983384929,-1.37415133129272
VisualCogA_Task-2,2,-1,F4,-0.01953125,0.302418830228903,-1.89860491903225,-1.81787274194038
VisualCogA_Task-2,2,-1,F4,-0.015625,-0.204519249421513,-2.50545361137944,-2.27437949668174
VisualCogA_Task-2,2,-1,F4,-0.01171875,-0.691863893380519,-3.0225822980153,-2.69108466435822
VisualCogA_Task-2,2,-1,F4,-0.0078125,-1.13019555932647,-3.33868004364504,-3.03465749003603
VisualCogA_Task-2,2,-1,F4,-0.00390625,-1.49005312640245,-3.4658006406034,-3.29939202158618
VisualCogA_Task-2,2,-1,F4,0,-1.74366129746934,-3.53444006025559,-3.5049175196804
VisualCogA_Task-2,2,-1,F4,0.00390625,-1.88176291538937,-3.61884263365023,-3.68473062990852
VisualCogA_Task-2,2,-1,F4,0.0078125,-1.93350173979859,-3.70657005628318,-3.87478820957498
VisualCogA_Task-2,2,-1,F4,0.01171875,-1.97068761834704,-3.8473362965166,-4.10555644962937
VisualCogA_Task-2,2,-1,F4,0.015625,-2.08755152163261,-4.13947092097399,-4.39348336158029
VisualCogA_Task-2,2,-1,F4,0.01953125,-2.36010699039386,-4.56438137611202,-4.73349861084359
VisualCogA_Task-2,2,-1,F4,0.0234375,-2.79951854859881,-5.01682489144911,-5.09936415945128
VisualCogA_Task-2,2,-1,F4,0.02734375,-3.32433318116797,-5.54254928739052,-5.45074886654108
VisualCogA_Task-2,2,-1,F4,0.03125,-3.77773228009638,-5.93150268054885,-5.74044331891716
VisualCogA_Task-2,2,-1,F4,0.03515625,-3.99288025070794,-6.1803501143484,-5.92888813845452
VisualCogA_Task-2,2,-1,F4,0.0390625,-3.87267398899033,-6.30734794108947,-5.99244556049742
VisualCogA_Task-2,2,-1,F4,0.04296875,-3.43519993931051,-6.09536029405828,-5.92843298504797
VisualCogA_Task-2,2,-1,F4,0.046875,-2.79994461671608,-5.78321281142062,-5.76040967715761
VisualCogA_Task-2,2,-1,F4,0.05078125,-2.12852652472427,-5.41546952622769,-5.52584551096198
VisualCogA_Task-2,2,-1,F4,0.0546875,-1.55486568146803,-5.10149584350669,-5.26411062178528
VisualCogA_Task-2,2,-1,F4,0.05859375,-1.13788514286866,-4.88298400165835,-5.00537714622386
VisualCogA_Task-2,2,-1,F4,0.0625,-0.856716120100596,-4.69055933393717,-4.76626598935088
VisualCogA_Task-2,2,-1,F4,0.06640625,-0.647141817579993,-4.58231401657442,-4.55319862752566
VisualCogA_Task-2,2,-1,F4,0.0703125,-0.452685515204762,-4.39706201937974,-4.36628764915641
VisualCogA_Task-2,2,-1,F4,0.07421875,-0.255575865405027,-4.22489138554881,-4.20807192507206
VisualCogA_Task-2,2,-1,F4,0.078125,-0.0749462176021528,-4.05883176310865,-4.08365485695349
VisualCogA_Task-2,2,-1,F4,0.08203125,0.0515226462825246,-3.97898815139374,-3.99954146818794
VisualCogA_Task-2,2,-1,F4,0.0859375,0.0832952837740254,-3.90926189495564,-3.96016819100896
VisualCogA_Task-2,2,-1,F4,0.08984375,-0.0110523691911887,-3.84316023695328,-3.96825868125055
VisualCogA_Task-2,2,-1,F4,0.09375,-0.239174329714634,-3.90830823604815,-4.02229440340895
VisualCogA_Task-2,2,-1,F4,0.09765625,-0.573175696912572,-4.23148438313284,-4.11033195162227
VisualCogA_Task-2,2,-1,F4,0.1015625,-0.953796110582234,-4.33106523036446,-4.21092907274858
VisualCogA_Task-2,2,-1,F4,0.10546875,-1.31216844429564,-4.40352879640356,-4.31273954960514
VisualCogA_Task-2,2,-1,F4,0.109375,-1.59606994641327,-4.55202496429001,-4.41442851147722
VisualCogA_Task-2,2,-1,F4,0.11328125,-1.7869009171357,-4.64824351888844,-4.52222685821662
VisualCogA_Task-2,2,-1,F4,0.1171875,-1.9026794348447,-4.66490470923586,-4.65383186074284
VisualCogA_Task-2,2,-1,F4,0.12109375,-1.98875127535025,-4.64396453463658,-4.83744217836473
VisualCogA_Task-2,2,-1,F4,0.125,-2.09964977492241,-4.88548379276962,-5.10217920776555
VisualCogA_Task-2,2,-1,F4,0.12890625,-2.27829134041327,-5.19256997500084,-5.46104120865122
VisualCogA_Task-2,2,-1,F4,0.1328125,-2.5416893197064,-5.61898487790016,-5.90896848947797
VisualCogA_Task-2,2,-1,F4,0.13671875,-2.87798788796917,-6.21519537052835,-6.41852875589786
VisualCogA_Task-2,2,-1,F4,0.140625,-3.25045047224555,-6.99987810952461,-6.93812441259812
VisualCogA_Task-2,2,-1,F4,0.14453125,-3.6036669473509,-7.66970094281744,-7.39921341548519
VisualCogA_Task-2,2,-1,F4,0.1484375,-3.87579782032101,-8.2236277013841,-7.73839986187604
VisualCogA_Task-2,2,-1,F4,0.15234375,-4.02102410024728,-8.33556159718409,-7.91482847636533
VisualCogA_Task-2,2,-1,F4,0.15625,-4.03343042549336,-8.34248986005912,-7.92807963684007
VisualCogA_Task-2,2,-1,F4,0.16015625,-3.95517987352147,-7.95153221164446,-7.81279481458882
VisualCogA_Task-2,2,-1,F4,0.1640625,-3.86194938631103,-7.39784738592316,-7.63814966616838
VisualCogA_Task-2,2,-1,F4,0.16796875,-3.83652890908437,-7.18284378049351,-7.4848812978902
VisualCogA_Task-2,2,-1,F4,0.171875,-3.94684163741299,-7.11908789576193,-7.41370162604529
VisualCogA_Task-2,2,-1,F4,0.17578125,-4.2338599245211,-7.1490079922562,-7.46015277380827
VisualCogA_Task-2,2,-1,F4,0.1796875,-4.7041483627006,-7.4154045880202,-7.63522572016347
VisualCogA_Task-2,2,-1,F4,0.18359375,-5.32369298019618,-7.84054309453192,-7.92398271229921
VisualCogA_Task-2,2,-1,F4,0.1875,-6.01791477555497,-8.27174578681274,-8.29316756972521
VisualCogA_Task-2,2,-1,F4,0.19140625,-6.68512435608696,-8.69120882084169,-8.70257081047059
VisualCogA_Task-2,2,-1,F4,0.1953125,-7.22454235299713,-9.27686176541693,-9.11019780398842
VisualCogA_Task-2,2,-1,F4,0.19921875,-7.56938047533847,-9.81648685906738,-9.47310708726268
VisualCogA_Task-2,2,-1,F4,0.203125,-7.70784453611276,-10.0855690783734,-9.76224586072973
VisualCogA_Task-2,2,-1,F4,0.20703125,-7.68080115784779,-10.1692426656342,-9.97717630580966
VisualCogA_Task-2,2,-1,F4,0.2109375,-7.56310048209162,-10.1096457202645,-10.1444042053929
VisualCogA_Task-2,2,-1,F4,0.21484375,-7.44563582323815,-10.1217019813876,-10.3064408723551
VisualCogA_Task-2,2,-1,F4,0.21875,-7.42322629567685,-10.2708476118965,-10.5029010791448
VisualCogA_Task-2,2,-1,F4,0.22265625,-7.5765629324253,-10.4841895916383,-10.7580046906297
VisualCogA_Task-2,2,-1,F4,0.2265625,-7.94127009809049,-10.9055391022166,-11.0766337827402
VisualCogA_Task-2,2,-1,F4,0.23046875,-8.48005878015365,-11.2231423949994,-11.4408525064908
VisualCogA_Task-2,2,-1,F4,0.234375,-9.0844655565782,-11.7724134111187,-11.8184671228523
VisualCogA_Task-2,2,-1,F4,0.23828125,-9.61443755912118,-12.333024376996,-12.1591413835045
VisualCogA_Task-2,2,-1,F4,0.2421875,-9.95521875291247,-12.726904467413,-12.4087012308163
VisualCogA_Task-2,2,-1,F4,0.24609375,-10.0591465820083,-12.6807371932683,-12.5274628566139
VisualCogA_Task-2,2,-1,F4,0.25,-9.95101618392446,-12.5701766200028,-12.5022593891068
VisualCogA_Task-2,2,-1,F4,0.25390625,-9.69711408491523,-12.4310679311628,-12.3326968178922
VisualCogA_Task-2,2,-1,F4,0.2578125,-9.35886638773596,-12.0954690292447,-12.0240409018087
VisualCogA_Task-2,2,-1,F4,0.26171875,-8.96341497243732,-11.6889724889136,-11.5897549924674
VisualCogA_Task-2,2,-1,F4,0.265625,-8.5127217427368,-11.2974885920577,-11.0492547854325
VisualCogA_Task-2,2,-1,F4,0.26953125,-8.02062476705635,-10.5627160534277,-10.430224100972
VisualCogA_Task-2,2,-1,F4,0.2734375,-7.54089744024031,-9.64890223810215,-9.78103290990596
VisualCogA_Task-2,2,-1,F4,0.27734375,-7.15643635089401,-9.24342721506567,-9.16109217909247
VisualCogA_Task-2,2,-1,F4,0.28125,-6.93434367210943,-8.26752380439714,-8.61880198607259
VisualCogA_Task-2,2,-1,F4,0.28515625,-6.8811160399896,-7.70405949530184,-8.20942366138518
VisualCogA_Task-2,2,-1,F4,0.2890625,-6.93169483139453,-7.57885706582075,-7.95894535376278
VisualCogA_Task-2,2,-1,F4,0.29296875,-6.98014672471894,-7.69876994436994,-7.851241531431
VisualCogA_Task-2,2,-1,F4,0.296875,-6.93234837035056,-7.93914427462489,-7.83851263862028
VisualCogA_Task-2,2,-1,F4,0.30078125,-6.7509875085976,-8.15317152665763,-7.86025315397263
VisualCogA_Task-2,2,-1,F4,0.3046875,-6.47072531976723,-8.22446412061825,-7.8643435257971
VisualCogA_Task-2,2,-1,F4,0.30859375,-6.17791980099066,-7.94627750854879,-7.82307406679318
VisualCogA_Task-2,2,-1,F4,0.3125,-5.9675237326339,-7.87242913820498,-7.73874513922876
VisualCogA_Task-2,2,-1,F4,0.31640625,-5.90029002141419,-7.53313294225802,-7.62392405885138
VisualCogA_Task-2,2,-1,F4,0.3203125,-5.97882083939624,-7.27763444719587,-7.50231847465658
VisualCogA_Task-2,2,-1,F4,0.32421875,-6.1479828401538,-7.41045357511179,-7.39007010925713
VisualCogA_Task-2,2,-1,F4,0.328125,-6.31718877337296,-7.40822996040644,-7.28459701631074
VisualCogA_Task-2,2,-1,F4,0.33203125,-6.39948965194036,-7.30248383127253,-7.18501587162968
VisualCogA_Task-2,2,-1,F4,0.3359375,-6.35530896653186,-7.10810107634386,-7.10074609636752
VisualCogA_Task-2,2,-1,F4,0.33984375,-6.2180976019187,-7.00236362509301,-7.05099610831472
VisualCogA_Task-2,2,-1,F4,0.34375,-6.08238382857685,-6.89991934798008,-7.05558724025978
VisualCogA_Task-2,2,-1,F4,0.34765625,-6.05918947597919,-7.14715838882158,-7.13028811805606
VisualCogA_Task-2,2,-1,F4,0.3515625,-6.22769772475415,-7.27661838917675,-7.27789504320027
VisualCogA_Task-2,2,-1,F4,0.35546875,-6.60928106307795,-7.33034193880849,-7.50261017308623
VisualCogA_Task-2,2,-1,F4,0.359375,-7.16768503797485,-7.67929718039697,-7.80852927727248
VisualCogA_Task-2,2,-1,F4,0.36328125,-7.82571116250991,-8.1318063181901,-8.18539243912776
VisualCogA_Task-2,2,-1,F4,0.3671875,-8.49142276315161,-8.68186490429326,-8.61217040061448
VisualCogA_Task-2,2,-1,F4,0.37109375,-9.0893278061489,-9.2803224438136,-9.06336839361694
VisualCogA_Task-2,2,-1,F4,0.375,-9.58786603128928,-9.70803671461278,-9.51929952532599
VisualCogA_Task-2,2,-1,F4,0.37890625,-10.0131786862952,-10.0033226031094,-9.97835640711554
VisualCogA_Task-2,2,-1,F4,0.3828125,-10.4421069429763,-10.2393212069971,-10.4546597494667
VisualCogA_Task-2,2,-1,F4,0.38671875,-10.9701472044079,-10.7686085053917,-10.9644107791935
VisualCogA_Task-2,2,-1,F4,0.390625,-11.6596601195005,-11.3905269549837,-11.5058658445707
VisualCogA_Task-2,2,-1,F4,0.39453125,-12.4935116046384,-12.0387821753261,-12.060964437723
VisualCogA_Task-2,2,-1,F4,0.3984375,-13.3683265742942,-12.851525128013,-12.6020344766427
VisualCogA_Task-2,2,-1,F4,0.40234375,-14.1385959492951,-13.1499029616934,-13.099555357456
VisualCogA_Task-2,2,-1,F4,0.40625,-14.6844865419467,-13.6386731710719,-13.5447973639029
VisualCogA_Task-2,2,-1,F4,0.41015625,-14.9609155775153,-13.9577396953701,-13.9332264134101
VisualCogA_Task-2,2,-1,F4,0.4140625,-15.0051242724095,-14.384750190058,-14.268131407335
VisualCogA_Task-2,2,-1,F4,0.41796875,-14.9095758168369,-14.410238116878,-14.5548440205317
VisualCogA_Task-2,2,-1,F4,0.421875,-14.7810152931514,-14.8002962961752,-14.8084141597477
VisualCogA_Task-2,2,-1,F4,0.42578125,-14.7043648191766,-15.0457262227421,-15.0318412397597
VisualCogA_Task-2,2,-1,F4,0.4296875,-14.7230085900139,-15.2000696890125,-15.2274481867129
VisualCogA_Task-2,2,-1,F4,0.43359375,-14.838767283862,-15.2058050468154,-15.398715008668
VisualCogA_Task-2,2,-1,F4,0.4375,-15.0252676822147,-15.3806188282015,-15.5468401722107
VisualCogA_Task-2,2,-1,F4,0.44140625,-15.2434527487344,-15.7432528683299,-15.656946313772
VisualCogA_Task-2,2,-1,F4,0.4453125,-15.452433921047,-15.8472591010769,-15.7003042911159
VisualCogA_Task-2,2,-1,F4,0.44921875,-15.6154572762905,-15.546185992608,-15.6553771748859
VisualCogA_Task-2,2,-1,F4,0.453125,-15.7010754788029,-15.9404647060694,-15.5128742698889
VisualCogA_Task-2,2,-1,F4,0.45703125,-15.6790420668719,-15.2490890458565,-15.2544056157423
VisualCogA_Task-2,2,-1,F4,0.4609375,-15.5162573446233,-15.0092718002279,-14.8972137884115
VisualCogA_Task-2,2,-1,F4,0.46484375,-15.1823918022735,-14.5097985318356,-14.4580983163716
VisualCogA_Task-2,2,-1,F4,0.46875,-14.6668765752877,-14.0500675215072,-13.9631968957489
VisualCogA_Task-2,2,-1,F4,0.47265625,-13.9959681405927,-13.4334889386939,-13.4429555739587
VisualCogA_Task-2,2,-1,F4,0.4765625,-13.2361494165768,-12.8343458797838,-12.9350596172291
VisualCogA_Task-2,2,-1,F4,0.48046875,-12.4789244681779,-11.9290976925405,-12.4764054055164
VisualCogA_Task-2,2,-1,F4,0.484375,-11.8105249484377,-11.6322731552657,-12.0954965073229
VisualCogA_Task-2,2,-1,F4,0.48828125,-11.2745120955578,-11.4692896346517,-11.7752275150698
VisualCogA_Task-2,2,-1,F4,0.4921875,-10.8410763824483,-11.4174828212497,-11.4598910751735
VisualCogA_Task-2,2,-1,F4,0.49609375,-10.4016223429705,-11.1143278982848,-11.068285010682
VisualCogA_Task-2,2,-1,F4,0.5,-9.79975934118451,-10.9034695646554,-10.5156731234832
VisualCogA_Task-2,2,-1,F4,0.50390625,-8.88894044691426,-10.221391299297,-9.72115612276511
VisualCogA_Task-2,2,-1,F4,0.5078125,-7.5890621249699,-9.06102522699662,-8.63615108781354
VisualCogA_Task-2,2,-1,F4,0.51171875,-5.91530899507953,-7.46071905601162,-7.25376136262521
VisualCogA_Task-2,2,-1,F4,0.515625,-3.96909105763568,-5.63220984763783,-5.60249646946209
VisualCogA_Task-2,2,-1,F4,0.51953125,-1.89746338794327,-3.70507424216595,-3.72811240503504
VisualCogA_Task-2,2,-1,F4,0.5234375,0.163000084294628,-1.57446911699338,-1.6788412809029
VisualCogA_Task-2,2,-1,F4,0.52734375,2.13615753444101,0.634690792742615,0.499004638281264
VisualCogA_Task-2,2,-1,F4,0.53125,4.02867212456329,3.12413251890003,2.76781076819017
VisualCogA_Task-2,2,-1,F4,0.53515625,5.91656282914269,5.14642259547211,5.10126970403499
VisualCogA_Task-2,2,-1,F4,0.5390625,7.90766710477113,7.34024745503692,7.50276752025269
VisualCogA_Task-2,2,-1,F4,0.54296875,10.1003082805991,9.77090770830324,9.97945303223337
VisualCogA_Task-2,2,-1,F4,0.546875,12.5501945224633,12.4896437614391,12.5249317165991
VisualCogA_Task-2,2,-1,F4,0.55078125,15.2488763412951,15.3405681873996,15.1154302729778
VisualCogA_Task-2,2,-1,F4,0.5546875,18.1194385140317,17.5383852557306,17.7242347380674
VisualCogA_Task-2,2,-1,F4,0.55859375,21.0369410920298,20.4418377644459,20.3433926414343
VisualCogA_Task-2,2,-1,F4,0.5625,23.8702242398987,23.0578108897848,22.9494640557835
VisualCogA_Task-2,2,-1,F4,0.56640625,26.5277381626953,25.7573913498046,25.5272128140708
VisualCogA_Task-2,2,-1,F4,0.5703125,28.9886984784275,28.1184213472455,28.0704316520858
VisualCogA_Task-2,2,-1,F4,0.57421875,31.3095358923104,30.8076220429178,30.5920948502621
VisualCogA_Task-2,2,-1,F4,0.578125,33.6022723967075,33.0917363530138,33.1091758302971
VisualCogA_Task-2,2,-1,F4,0.58203125,35.987276321008,35.0278223719875,35.6566086132758
VisualCogA_Task-2,2,-1,F4,0.5859375,38.5366915188616,37.866806622123,38.2678739305096
VisualCogA_Task-2,2,-1,F4,0.58984375,41.2391719009254,40.868520610221,40.9240536598695
VisualCogA_Task-2,2,-1,F4,0.59375,44.010479673003,43.6625614413081,43.5728074035274
VisualCogA_Task-2,2,-1,F4,0.59765625,46.7448339080574,46.2960148836786,46.1571670095177
VisualCogA_Task-2,2,-1,F4,0.6015625,49.3728876357634,48.7910941560915,48.6276438290235
VisualCogA_Task-2,2,-1,F4,0.60546875,51.8883829092619,51.0881763695684,50.9463198694076
VisualCogA_Task-2,2,-1,F4,0.609375,54.3282521600762,53.2401456683772,53.088897998622
VisualCogA_Task-2,2,-1,F4,0.61328125,56.7228593969347,55.2467817864936,55.0429024596322
VisualCogA_Task-2,2,-1,F4,0.6171875,59.0528591771412,56.8078703865233,56.808461467883
VisualCogA_Task-2,2,-1,F4,0.62109375,61.2436965258937,58.4081577229498,58.4026931827245
VisualCogA_Task-2,2,-1,F4,0.625,63.2019996214449,59.8553073700989,59.8426665067268
VisualCogA_Task-2,2,-1,F4,0.62890625,64.8686783711362,61.1995101967612,61.145905720812
VisualCogA_Task-2,2,-1,F4,0.6328125,66.2524254225427,62.3901929667887,62.3309885111833
VisualCogA_Task-2,2,-1,F4,0.63671875,67.4236153802813,63.2980396559247,63.4209596037063
VisualCogA_Task-2,2,-1,F4,0.640625,68.4783986251011,64.310748651105,64.4437974288803
VisualCogA_Task-2,2,-1,F4,0.64453125,69.4984398282772,65.2579749292448,65.417237088223
VisualCogA_Task-2,2,-1,F4,0.6484375,70.5239073537666,66.2862139012551,66.3479262851039
VisualCogA_Task-2,2,-1,F4,0.65234375,71.5451488897782,67.1478758255688,67.2292408763111
VisualCogA_Task-2,2,-1,F4,0.65625,72.5165491197335,68.1671618467231,68.0494140199785
VisualCogA_Task-2,2,-1,F4,0.66015625,73.3918214466601,69.0374970182117,68.7898984533449
VisualCogA_Task-2,2,-1,F4,0.6640625,74.1622152749079,69.6145999281263,69.4419592325444
VisualCogA_Task-2,2,-1,F4,0.66796875,74.8672787401162,70.0118840488843,70.01749462745
VisualCogA_Task-2,2,-1,F4,0.671875,75.5660495988287,70.3019973914476,70.5427896325665
VisualCogA_Task-2,2,-1,F4,0.67578125,76.2917898506819,70.5760548722051,71.0436616941849
VisualCogA_Task-2,2,-1,F4,0.6796875,77.0279428088415,71.6050386973526,71.5258622385029
VisualCogA_Task-2,2,-1,F4,0.68359375,77.7229420193168,72.2059585518153,71.9561754565533
VisualCogA_Task-2,2,-1,F4,0.6875,78.3295374328657,72.2224761175972,72.3079835776063
VisualCogA_Task-2,2,-1,F4,0.69140625,78.8377878328649,72.6041092309977,72.5754840888707
VisualCogA_Task-2,2,-1,F4,0.6953125,79.276762415157,72.8513314942235,72.7457488558876
VisualCogA_Task-2,2,-1,F4,0.69921875,79.6819882934024,72.7064927772739,72.8082351727089
VisualCogA_Task-2,2,-1,F4,0.703125,80.0533554743317,72.5504240053009,72.7611988865811
VisualCogA_Task-2,2,-1,F4,0.70703125,80.3410362891558,72.9961345916708,72.5944173117978
VisualCogA_Task-2,2,-1,F4,0.7109375,80.4764858643311,73.3398848868215,72.2801031892124
VisualCogA_Task-2,2,-1,F4,0.71484375,80.4260854653005,71.5602619310245,71.8239456996681
VisualCogA_Task-2,2,-1,F4,0.71875,80.2254750949256,71.088324598236,71.3199491654751
VisualCogA_Task-2,2,-1,F4,0.72265625,79.9697774154525,70.3247173915343,70.8401442615568
VisualCogA_Task-2,2,-1,F4,0.7265625,79.7679742313472,70.2048321690587,70.4372596155667
VisualCogA_Task-2,2,-1,F4,0.73046875,79.691274446,70.5386244380107,70.1210716159897
VisualCogA_Task-2,2,-1,F4,0.734375,79.7454160140124,69.69522429136,69.8819876974351
VisualCogA_Task-2,2,-1,F4,0.73828125,79.8796226649197,69.5855265591031,69.7452113630137
VisualCogA_Task-2,2,-1,F4,0.7421875,80.0208130409904,68.8548712914202,69.7203824986634
VisualCogA_Task-2,2,-1,F4,0.74609375,80.1058140767661,69.5550910759657,69.8038339233297
VisualCogA_Task-2,2,-1,F4,0.75,80.0907697999898,69.6743625717514,69.9197725220212
VisualCogA_Task-2,2,-1,F4,0.75390625,79.9423650187015,70.8082626765705,69.9716766091325
VisualCogA_Task-2,2,-1,F4,0.7578125,79.6336989795356,70.4729663944187,69.8425736698693
VisualCogA_Task-2,2,-1,F4,0.76171875,79.1570157148402,70.0416335618306,69.485206695057
VisualCogA_Task-2,2,-1,F4,0.765625,78.5399476396571,69.3768736471289,68.9048514025666
VisualCogA_Task-2,2,-1,F4,0.76953125,77.8448983930789,68.2829333164749,68.153152415834
VisualCogA_Task-2,2,-1,F4,0.7734375,77.1504357936714,67.2374257080538,67.3210895453415
VisualCogA_Task-2,2,-1,F4,0.77734375,76.5320561289307,66.480625973007,66.510457676625
VisualCogA_Task-2,2,-1,F4,0.78125,76.0541457894942,65.2495877485067,65.8160797087799
VisualCogA_Task-2,2,-1,F4,0.78515625,75.7663711055421,64.6344077874739,65.3302925655998
VisualCogA_Task-2,2,-1,F4,0.7890625,75.6923795235238,64.5814520790642,65.0982255075222
VisualCogA_Task-2,2,-1,F4,0.79296875,75.8109788910204,64.4843824811692,65.1070173968077
VisualCogA_Task-2,2,-1,F4,0.796875,76.0427726113735,65.6690263502656,65.3007426433451
VisualCogA_Task-2,2,-1,F4,0.80078125,76.2580654005837,66.4970477041048,65.5715894140535
VisualCogA_Task-2,2,1,Fz,-0.19921875,-1.41707139738465,-0.894577483365983,-1.08683550045404
VisualCogA_Task-2,2,1,Fz,-0.1953125,-1.35352817595911,-0.793519599664018,-0.954326306264623
VisualCogA_Task-2,2,1,Fz,-0.19140625,-1.34508341666162,-0.838683491814512,-0.805795610651199
VisualCogA_Task-2,2,1,Fz,-0.1875,-1.28749462634932,-0.899573959529146,-0.611821353306381
VisualCogA_Task-2,2,1,Fz,-0.18359375,-1.0950431866661,-0.850671266322734,-0.345722130686389
VisualCogA_Task-2,2,1,Fz,-0.1796875,-0.752379537514072,-0.32245663239646,-0.00479592309934272
VisualCogA_Task-2,2,1,Fz,-0.17578125,-0.322519371002562,0.374634586409633,0.37158019451028
VisualCogA_Task-2,2,1,Fz,-0.171875,0.0899669579855457,0.975454804182983,0.717557421423238
VisualCogA_Task-2,2,1,Fz,-0.16796875,0.390962709363867,1.4657945936763,0.967541489578572
VisualCogA_Task-2,2,1,Fz,-0.1640625,0.533317328014437,1.61574678780677,1.07742957947863
VisualCogA_Task-2,2,1,Fz,-0.16015625,0.525395560010139,1.31025060633066,1.04463996363392
VisualCogA_Task-2,2,1,Fz,-0.15625,0.415535448717262,0.766365783481116,0.911450681915601
VisualCogA_Task-2,2,1,Fz,-0.15234375,0.264065381598589,0.507289192628288,0.742273994419583
VisualCogA_Task-2,2,1,Fz,-0.1484375,0.117398932987354,0.351849128532068,0.589431753038891
VisualCogA_Task-2,2,1,Fz,-0.14453125,-0.00327435388307244,0.334220617729126,0.485663742850613
VisualCogA_Task-2,2,1,Fz,-0.140625,-0.095207552475359,0.218364484640738,0.443911196889599
VisualCogA_Task-2,2,1,Fz,-0.13671875,-0.157448407962961,0.565991448055509,0.464495087763912
VisualCogA_Task-2,2,1,Fz,-0.1328125,-0.178407330230828,0.557982076166815,0.528940828727539
VisualCogA_Task-2,2,1,Fz,-0.12890625,-0.137639842547415,0.510723251011066,0.627231863058771
VisualCogA_Task-2,2,1,Fz,-0.125,-0.0210545805348248,0.519703592631178,0.75177173798917
VisualCogA_Task-2,2,1,Fz,-0.12109375,0.160942672304408,0.78668562381458,0.885254949746323
VisualCogA_Task-2,2,1,Fz,-0.1171875,0.36499332318327,1.06198566990872,0.991036982444652
VisualCogA_Task-2,2,1,Fz,-0.11328125,0.522813820963035,1.3088561147468,1.02425920970427
VisualCogA_Task-2,2,1,Fz,-0.109375,0.562787361638949,1.2668403778471,0.945975395767279
VisualCogA_Task-2,2,1,Fz,-0.10546875,0.434579694398673,0.915510510059505,0.740955713629351
VisualCogA_Task-2,2,1,Fz,-0.1015625,0.126263138494807,0.525592355308719,0.420709084792794
VisualCogA_Task-2,2,1,Fz,-0.09765625,-0.330536681388125,0.0204270982371349,0.0112906637957656
VisualCogA_Task-2,2,1,Fz,-0.09375,-0.867813456549763,-0.360255962258712,-0.452504122280583
VisualCogA_Task-2,2,1,Fz,-0.08984375,-1.40023220622735,-0.845335593961703,-0.935118476818318
VisualCogA_Task-2,2,1,Fz,-0.0859375,-1.85189900961873,-1.41437454805565,-1.39330825653102
VisualCogA_Task-2,2,1,Fz,-0.08203125,-2.17972844657824,-2.02579684779123,-1.77634741122754
VisualCogA_Task-2,2,1,Fz,-0.078125,-2.38080543699739,-2.48571933193347,-2.03526541501047
VisualCogA_Task-2,2,1,Fz,-0.07421875,-2.4795996967294,-2.53788401414826,-2.14187919502936
VisualCogA_Task-2,2,1,Fz,-0.0703125,-2.5028284914476,-2.20304093036192,-2.10554350484401
VisualCogA_Task-2,2,1,Fz,-0.06640625,-2.45681443871471,-1.75930836130659,-1.96861349960747
VisualCogA_Task-2,2,1,Fz,-0.0625,-2.32143995346325,-1.53763542920523,-1.7815691199326
VisualCogA_Task-2,2,1,Fz,-0.05859375,-2.06558529110692,-1.54744300056118,-1.57744821157388
VisualCogA_Task-2,2,1,Fz,-0.0546875,-1.67386169861948,-1.48667532396519,-1.36896081272515
VisualCogA_Task-2,2,1,Fz,-0.05078125,-1.16477790988849,-1.24605365852277,-1.16631652732922
VisualCogA_Task-2,2,1,Fz,-0.046875,-0.586454481866222,-0.586334761941373,-0.989534501932202
VisualCogA_Task-2,2,1,Fz,-0.04296875,0.00763840258963667,-0.443970483965316,-0.865278644013034
VisualCogA_Task-2,2,1,Fz,-0.0390625,0.587385246226565,-0.751450643440715,-0.786612882718071
VisualCogA_Task-2,2,1,Fz,-0.03515625,1.16031305664493,-0.964988077154769,-0.711492133856362
VisualCogA_Task-2,2,1,Fz,-0.03125,1.75902149852201,-1.10106096012347,-0.594941126630507
VisualCogA_Task-2,2,1,Fz,-0.02734375,2.40474167759358,-0.720060459350635,-0.413109252184643
VisualCogA_Task-2,2,1,Fz,-0.0234375,3.0682529001315,-0.403346418777528,-0.184322554453984
VisualCogA_Task-2,2,1,Fz,-0.01953125,3.65682545961666,0.0160084522207556,0.0475136553624196
VisualCogA_Task-2,2,1,Fz,-0.015625,4.04237511238761,0.424385996480262,0.220242077371892
VisualCogA_Task-2,2,1,Fz,-0.01171875,4.11761773517848,0.864513868624968,0.269079978086618
VisualCogA_Task-2,2,1,Fz,-0.0078125,3.84530450629716,0.746750105487064,0.146256617277812
VisualCogA_Task-2,2,1,Fz,-0.00390625,3.27003105351908,0.0909987787443508,-0.146379254405114
VisualCogA_Task-2,2,1,Fz,0,2.4899381612104,-0.611112331936525,-0.556937762295313
VisualCogA_Task-2,2,1,Fz,0.00390625,1.61283025812507,-1.20227351362532,-1.01374752896348
VisualCogA_Task-2,2,1,Fz,0.0078125,0.725835287788662,-1.60747739582155,-1.44965172445041
VisualCogA_Task-2,2,1,Fz,0.01171875,-0.109210743082036,-1.97032982223844,-1.81320401751873
VisualCogA_Task-2,2,1,Fz,0.015625,-0.842403720721052,-2.23430322910581,-2.06611021621197
VisualCogA_Task-2,2,1,Fz,0.01953125,-1.42184647997774,-2.41431070349741,-2.18316994563367
VisualCogA_Task-2,2,1,Fz,0.0234375,-1.79519017501129,-2.63386617165838,-2.15319891529515
VisualCogA_Task-2,2,1,Fz,0.02734375,-1.93186678250155,-2.2880429228097,-1.98427456452975
VisualCogA_Task-2,2,1,Fz,0.03125,-1.85383966595264,-1.85826085179224,-1.72452993736771
VisualCogA_Task-2,2,1,Fz,0.03515625,-1.6500267763263,-1.37366006355718,-1.44741210769595
VisualCogA_Task-2,2,1,Fz,0.0390625,-1.45585227503837,-0.87562291792018,-1.23751239227009
VisualCogA_Task-2,2,1,Fz,0.04296875,-1.40433442862439,-0.771076725380729,-1.17327610416752
VisualCogA_Task-2,2,1,Fz,0.046875,-1.57763313024834,-0.770199671593852,-1.30299110026983
VisualCogA_Task-2,2,1,Fz,0.05078125,-1.98617617134439,-1.19026073579208,-1.64142862255967
VisualCogA_Task-2,2,1,Fz,0.0546875,-2.57952413976354,-1.84096304509299,-2.15896062729671
VisualCogA_Task-2,2,1,Fz,0.05859375,-3.27306862971792,-2.82054541423158,-2.78836174684333
VisualCogA_Task-2,2,1,Fz,0.0625,-3.97323006732321,-3.73255878495378,-3.43590681504492
VisualCogA_Task-2,2,1,Fz,0.06640625,-4.59487508912503,-4.43118380517302,-4.01055263802922
VisualCogA_Task-2,2,1,Fz,0.0703125,-5.07367706694375,-5.03860360224458,-4.44597701941639
VisualCogA_Task-2,2,1,Fz,0.07421875,-5.37621747306561,-5.11530805950703,-4.71091036008855
VisualCogA_Task-2,2,1,Fz,0.078125,-5.50569811056951,-4.94676499976267,-4.82346860949685
VisualCogA_Task-2,2,1,Fz,0.08203125,-5.49912624010438,-4.70088728421359,-4.83546752537731
VisualCogA_Task-2,2,1,Fz,0.0859375,-5.41539025170447,-4.37843993131665,-4.80899756465477
VisualCogA_Task-2,2,1,Fz,0.08984375,-5.31809377774805,-4.48733426972089,-4.79493416415708
VisualCogA_Task-2,2,1,Fz,0.09375,-5.25757438313589,-4.61870657140801,-4.80827295793393
VisualCogA_Task-2,2,1,Fz,0.09765625,-5.25447596431248,-4.6880301784679,-4.83837625549863
VisualCogA_Task-2,2,1,Fz,0.1015625,-5.28775286062395,-4.9378192510843,-4.85880916748737
VisualCogA_Task-2,2,1,Fz,0.10546875,-5.29433124720735,-4.92237159713574,-4.83060796478375
VisualCogA_Task-2,2,1,Fz,0.109375,-5.18889882192972,-5.03926286563692,-4.72139309190444
VisualCogA_Task-2,2,1,Fz,0.11328125,-4.90304232163642,-5.02854453596848,-4.50643196272881
VisualCogA_Task-2,2,1,Fz,0.1171875,-4.42726946060381,-4.5734766762278,-4.18748113894722
VisualCogA_Task-2,2,1,Fz,0.12109375,-3.83103940991026,-3.91689062728682,-3.80980656335337
VisualCogA_Task-2,2,1,Fz,0.125,-3.24418078894993,-3.22047301365263,-3.45084047351433
VisualCogA_Task-2,2,1,Fz,0.12890625,-2.80433497924335,-2.69738727026226,-3.19693877899163
VisualCogA_Task-2,2,1,Fz,0.1328125,-2.59583953022716,-2.54374734510317,-3.11526010102498
VisualCogA_Task-2,2,1,Fz,0.13671875,-2.61272860989941,-2.76559631275647,-3.23133376845998
VisualCogA_Task-2,2,1,Fz,0.140625,-2.76772160849889,-3.35417150112581,-3.52306304714875
VisualCogA_Task-2,2,1,Fz,0.14453125,-2.94404872997439,-4.01417934919102,-3.92953974830145
VisualCogA_Task-2,2,1,Fz,0.1484375,-3.05944673289672,-4.63065491169767,-4.37578138762631
VisualCogA_Task-2,2,1,Fz,0.15234375,-3.10148818193015,-5.13731509617048,-4.79385878090571
VisualCogA_Task-2,2,1,Fz,0.15625,-3.11383505441152,-5.6044484132818,-5.13708220426131
VisualCogA_Task-2,2,1,Fz,0.16015625,-3.15017715451557,-5.64531246417881,-5.38738329342015
VisualCogA_Task-2,2,1,Fz,0.1640625,-3.23386911004321,-5.62798934257792,-5.56564086819433
VisualCogA_Task-2,2,1,Fz,0.16796875,-3.34951681729992,-5.56684873165343,-5.71422784595914
VisualCogA_Task-2,2,1,Fz,0.171875,-3.46364272591642,-5.6863699846544,-5.88071285028853
VisualCogA_Task-2,2,1,Fz,0.17578125,-3.55315142563152,-6.13405177832345,-6.10038291189763
VisualCogA_Task-2,2,1,Fz,0.1796875,-3.62286824155081,-6.44980619817316,-6.39232982269872
VisualCogA_Task-2,2,1,Fz,0.18359375,-3.70600053465383,-6.79925075747103,-6.7784511134729
VisualCogA_Task-2,2,1,Fz,0.1875,-3.85202932707878,-7.00827916323799,-7.28543401295747
VisualCogA_Task-2,2,1,Fz,0.19140625,-4.11151868750484,-7.28316595846941,-7.94169905355623
VisualCogA_Task-2,2,1,Fz,0.1953125,-4.52411394683937,-8.15373323381583,-8.75257053019639
VisualCogA_Task-2,2,1,Fz,0.19921875,-5.10680822739248,-9.40131100624852,-9.6684949798812
VisualCogA_Task-2,2,1,Fz,0.203125,-5.8379065611611,-10.7387650161013,-10.5900158315822
VisualCogA_Task-2,2,1,Fz,0.20703125,-6.64420026622528,-11.8747807763554,-11.395411183135
VisualCogA_Task-2,2,1,Fz,0.2109375,-7.4073579396753,-12.5327985984264,-11.9753548977515
VisualCogA_Task-2,2,1,Fz,0.21484375,-7.994515142511,-13.0821746086045,-12.2604683047457
VisualCogA_Task-2,2,1,Fz,0.21875,-8.29954268966535,-12.5237587143025,-12.2278263751541
VisualCogA_Task-2,2,1,Fz,0.22265625,-8.27616036421694,-12.0386497005685,-11.9229796053352
VisualCogA_Task-2,2,1,Fz,0.2265625,-7.95160645202805,-11.3709303896747,-11.4161395199093
VisualCogA_Task-2,2,1,Fz,0.23046875,-7.41673047601804,-10.7353951263616,-10.7871568181001
VisualCogA_Task-2,2,1,Fz,0.234375,-6.79342985829823,-9.82677985812352,-10.1121147716113
VisualCogA_Task-2,2,1,Fz,0.23828125,-6.19098606348952,-9.09827461804256,-9.46278317783525
VisualCogA_Task-2,2,1,Fz,0.2421875,-5.67448221539849,-8.53008401279009,-8.88715392470687
VisualCogA_Task-2,2,1,Fz,0.24609375,-5.26402510281125,-8.3066682593858,-8.40284318684511
VisualCogA_Task-2,2,1,Fz,0.25,-4.95976379320292,-8.10384974788107,-7.99771131287582
VisualCogA_Task-2,2,1,Fz,0.25390625,-4.76619687196078,-7.72086779260754,-7.65160407413657
VisualCogA_Task-2,2,1,Fz,0.2578125,-4.69225444156484,-7.21835568949032,-7.35321211154869
VisualCogA_Task-2,2,1,Fz,0.26171875,-4.72868474459618,-6.93461668890937,-7.09699804257278
VisualCogA_Task-2,2,1,Fz,0.265625,-4.82744206357104,-6.88526936758795,-6.86618644949788
VisualCogA_Task-2,2,1,Fz,0.26953125,-4.90770052914393,-6.86420020930134,-6.6304701351411
VisualCogA_Task-2,2,1,Fz,0.2734375,-4.89041433580745,-6.63391280205606,-6.3611321454937
VisualCogA_Task-2,2,1,Fz,0.27734375,-4.73836044207506,-6.24635494837124,-6.04893303272698
VisualCogA_Task-2,2,1,Fz,0.28125,-4.47239115085844,-5.7513671689509,-5.70736507039241
VisualCogA_Task-2,2,1,Fz,0.28515625,-4.15213063174043,-5.26987842191024,-5.36637235834518
VisualCogA_Task-2,2,1,Fz,0.2890625,-3.83623271111246,-4.846461865373,-5.059565837987
VisualCogA_Task-2,2,1,Fz,0.29296875,-3.5510865367584,-4.56394486730004,-4.81251528934999
VisualCogA_Task-2,2,1,Fz,0.296875,-3.2866078959686,-4.43398372788414,-4.63303182808179
VisualCogA_Task-2,2,1,Fz,0.30078125,-3.01499550531849,-4.4904111981847,-4.50821236799253
VisualCogA_Task-2,2,1,Fz,0.3046875,-2.71453918680012,-4.57238278856367,-4.40856648120921
VisualCogA_Task-2,2,1,Fz,0.30859375,-2.38453852955457,-4.57923733666635,-4.3031203090415
VisualCogA_Task-2,2,1,Fz,0.3125,-2.0485488280269,-4.39344218622647,-4.17455135174528
VisualCogA_Task-2,2,1,Fz,0.31640625,-1.74748960953975,-3.88039696438468,-4.0285468618785
VisualCogA_Task-2,2,1,Fz,0.3203125,-1.52252383711153,-3.73891801049722,-3.88903499487254
VisualCogA_Task-2,2,1,Fz,0.32421875,-1.39172318197454,-3.6664673933727,-3.76759808136762
VisualCogA_Task-2,2,1,Fz,0.328125,-1.33503827240399,-3.71971040777506,-3.66330870330604
VisualCogA_Task-2,2,1,Fz,0.33203125,-1.303478255425,-3.80102759481746,-3.56681188529717
VisualCogA_Task-2,2,1,Fz,0.3359375,-1.25194099607635,-3.63194714083185,-3.47345279398946
VisualCogA_Task-2,2,1,Fz,0.33984375,-1.17494084443802,-3.56644930098302,-3.39809457182472
VisualCogA_Task-2,2,1,Fz,0.34375,-1.12045854527832,-3.28785386416473,-3.36880822348163
VisualCogA_Task-2,2,1,Fz,0.34765625,-1.17139550878051,-3.25186062930692,-3.42769431440208
VisualCogA_Task-2,2,1,Fz,0.3515625,-1.40418002447981,-3.369248252626,-3.61010721341817
VisualCogA_Task-2,2,1,Fz,0.35546875,-1.84855784592815,-3.60290875017131,-3.93674848227078
VisualCogA_Task-2,2,1,Fz,0.359375,-2.47338890985922,-4.20880858369529,-4.40824810263475
VisualCogA_Task-2,2,1,Fz,0.36328125,-3.20627684630726,-4.89616466595409,-4.99741607850997
VisualCogA_Task-2,2,1,Fz,0.3671875,-3.97077657593697,-5.76566194321371,-5.66044245398473
VisualCogA_Task-2,2,1,Fz,0.37109375,-4.71547784096937,-6.53833489542306,-6.3450796554343
VisualCogA_Task-2,2,1,Fz,0.375,-5.42174470258286,-7.23489804320199,-7.00784840000303
VisualCogA_Task-2,2,1,Fz,0.37890625,-6.09453121086834,-7.85548770089841,-7.62137400816767
VisualCogA_Task-2,2,1,Fz,0.3828125,-6.74650872320524,-8.19825485633534,-8.1772026040049
VisualCogA_Task-2,2,1,Fz,0.38671875,-7.3830287474481,-8.71982174356283,-8.68638978598559
VisualCogA_Task-2,2,1,Fz,0.390625,-7.99435002195032,-9.17998227437997,-9.16174550694153
VisualCogA_Task-2,2,1,Fz,0.39453125,-8.55948265340287,-9.49029546747579,-9.61886571616922
VisualCogA_Task-2,2,1,Fz,0.3984375,-9.05734414534794,-10.0432991673122,-10.0748660935851
VisualCogA_Task-2,2,1,Fz,0.40234375,-9.47411885990591,-10.4109386710457,-10.5361481317143
VisualCogA_Task-2,2,1,Fz,0.40625,-9.80215537680694,-11.0112129371799,-11.0064827458929
VisualCogA_Task-2,2,1,Fz,0.41015625,-10.0389158402541,-11.540560454218,-11.4792067297342
VisualCogA_Task-2,2,1,Fz,0.4140625,-10.1961293511299,-11.9740520532392,-11.948051059459
VisualCogA_Task-2,2,1,Fz,0.41796875,-10.3148658900488,-12.4391874747681,-12.4118595216617
VisualCogA_Task-2,2,1,Fz,0.421875,-10.46830178656,-12.6895562413892,-12.8716426524183
VisualCogA_Task-2,2,1,Fz,0.42578125,-10.7373103430069,-13.0178236277917,-13.3306883172303
VisualCogA_Task-2,2,1,Fz,0.4296875,-11.1632242140922,-13.4613049205675,-13.7771105140136
VisualCogA_Task-2,2,1,Fz,0.43359375,-11.7027331079802,-14.0464222046683,-14.1729511832307
VisualCogA_Task-2,2,1,Fz,0.4375,-12.2175096845625,-14.7975715893865,-14.4539351325572
VisualCogA_Task-2,2,1,Fz,0.44140625,-12.5172338166467,-15.1270189049625,-14.5452430881215
VisualCogA_Task-2,2,1,Fz,0.4453125,-12.4428694396604,-15.1078313837266,-14.4006921474547
VisualCogA_Task-2,2,1,Fz,0.44921875,-11.9477287396153,-14.5962698784683,-14.0225807261578
VisualCogA_Task-2,2,1,Fz,0.453125,-11.1304717507788,-13.6072050820219,-13.4721355095211
VisualCogA_Task-2,2,1,Fz,0.45703125,-10.200453031531,-12.5311716771461,-12.8583906121944
VisualCogA_Task-2,2,1,Fz,0.4609375,-9.39268709246369,-11.7190587969491,-12.3016359465355
VisualCogA_Task-2,2,1,Fz,0.46484375,-8.87428368860397,-11.2777663980823,-11.8948931803152
VisualCogA_Task-2,2,1,Fz,0.46875,-8.685906572553,-11.221287264573,-11.6826358855052
VisualCogA_Task-2,2,1,Fz,0.47265625,-8.7430903321034,-11.3587920372614,-11.6579104022244
VisualCogA_Task-2,2,1,Fz,0.4765625,-8.89242415920412,-11.6748065130487,-11.775317352181
VisualCogA_Task-2,2,1,Fz,0.48046875,-8.98944532578662,-11.9647343402259,-11.9645308266692
VisualCogA_Task-2,2,1,Fz,0.484375,-8.95401719342044,-12.3646065525387,-12.1468490137226
VisualCogA_Task-2,2,1,Fz,0.48828125,-8.7753254288505,-12.5715043782331,-12.2435870608374
VisualCogA_Task-2,2,1,Fz,0.4921875,-8.47375283414388,-12.5978458679977,-12.1942065770783
VisualCogA_Task-2,2,1,Fz,0.49609375,-8.05461108458731,-12.2424036189386,-11.9654956146258
VisualCogA_Task-2,2,1,Fz,0.5,-7.48849462398796,-11.7494263515771,-11.5578788332375
VisualCogA_Task-2,2,1,Fz,0.50390625,-6.72856947266349,-11.0963563453657,-10.9948565596967
VisualCogA_Task-2,2,1,Fz,0.5078125,-5.74791420464415,-10.2767912828509,-10.3158914139818
VisualCogA_Task-2,2,1,Fz,0.51171875,-4.56869227735391,-9.29978489973019,-9.56890433154358
VisualCogA_Task-2,2,1,Fz,0.515625,-3.26258507915882,-8.40216408923409,-8.79855790357202
VisualCogA_Task-2,2,1,Fz,0.51953125,-1.92028778140971,-7.71116980275739,-8.0270881019392
VisualCogA_Task-2,2,1,Fz,0.5234375,-0.60654949404175,-6.54049695208407,-7.24369808065576
VisualCogA_Task-2,2,1,Fz,0.52734375,0.673926561235208,-6.40405983298991,-6.41126446880048
VisualCogA_Task-2,2,1,Fz,0.53125,1.98230009488055,-5.49772554492417,-5.43406380140454
VisualCogA_Task-2,2,1,Fz,0.53515625,3.42415524738548,-4.61765685283577,-4.21577222718156
VisualCogA_Task-2,2,1,Fz,0.5390625,5.11409231448899,-3.06126367930404,-2.66537104013843
VisualCogA_Task-2,2,1,Fz,0.54296875,7.13915783641895,-0.638642867529446,-0.725331919753267
VisualCogA_Task-2,2,1,Fz,0.546875,9.53033680595687,1.3097202358517,1.62888240123204
VisualCogA_Task-2,2,1,Fz,0.55078125,12.2506614288178,3.88343809194467,4.4290332777609
VisualCogA_Task-2,2,1,Fz,0.5546875,15.2050982304642,7.15466229541638,7.6802852176617
VisualCogA_Task-2,2,1,Fz,0.55859375,18.2691556880632,10.9372770775838,11.3423364632782
VisualCogA_Task-2,2,1,Fz,0.5625,21.3258773957716,14.5175625932915,15.3310833467669
VisualCogA_Task-2,2,1,Fz,0.56640625,24.296822228089,19.6161188416376,19.5286672514765
VisualCogA_Task-2,2,1,Fz,0.5703125,27.1519759352648,23.9395678709414,23.7494361646329
VisualCogA_Task-2,2,1,Fz,0.57421875,29.8920207279968,28.6021947869435,27.8150257059751
VisualCogA_Task-2,2,1,Fz,0.578125,32.515227020138,32.3975956738109,31.5629158041015
VisualCogA_Task-2,2,1,Fz,0.58203125,34.9958799800449,35.54595720503,34.8961838110243
VisualCogA_Task-2,2,1,Fz,0.5859375,37.2936023282649,38.1955918590817,37.7874637345648
VisualCogA_Task-2,2,1,Fz,0.58984375,39.3849726801196,40.4014084610332,40.2635373653782
VisualCogA_Task-2,2,1,Fz,0.59375,41.2860600489774,42.1987430508486,42.3851971711627
VisualCogA_Task-2,2,1,Fz,0.59765625,43.0406741483409,43.9797472328465,44.2247248775878
VisualCogA_Task-2,2,1,Fz,0.6015625,44.6794818171879,45.5380388430557,45.8388643669633
VisualCogA_Task-2,2,1,Fz,0.60546875,46.1829244984773,47.2479173845384,47.2639447178709
VisualCogA_Task-2,2,1,Fz,0.609375,47.4838009203186,48.6373095131032,48.5112262152329
VisualCogA_Task-2,2,1,Fz,0.61328125,48.5188722780806,49.6830725321959,49.5906335328609
VisualCogA_Task-2,2,1,Fz,0.6171875,49.2982388036234,50.7242331918233,50.5225982860555
VisualCogA_Task-2,2,1,Fz,0.62109375,49.9385164902793,51.7018833503005,51.3352553400618
VisualCogA_Task-2,2,1,Fz,0.625,50.6259192748731,51.9987100365256,52.0735424689391
VisualCogA_Task-2,2,1,Fz,0.62890625,51.5264499029309,52.1387899686381,52.8129497809332
VisualCogA_Task-2,2,1,Fz,0.6328125,52.7005116666242,53.3499843881009,53.6227313482552
VisualCogA_Task-2,2,1,Fz,0.63671875,54.0763805035659,54.3930339009135,54.5159612587585
VisualCogA_Task-2,2,1,Fz,0.640625,55.4966109522697,55.5397543546499,55.4829846869504
VisualCogA_Task-2,2,1,Fz,0.64453125,56.8062508916654,56.6243772606686,56.5039028608506
VisualCogA_Task-2,2,1,Fz,0.6484375,57.930902960934,57.6925000490684,57.563547814121
VisualCogA_Task-2,2,1,Fz,0.65234375,58.902801497913,58.5916426593932,58.6567911137412
VisualCogA_Task-2,2,1,Fz,0.65625,59.823855177713,59.576867396247,59.7892503462701
VisualCogA_Task-2,2,1,Fz,0.66015625,60.7911784799296,60.6516866677158,60.961114060404
VisualCogA_Task-2,2,1,Fz,0.6640625,61.8340657632582,62.0968416077662,62.1548722256708
VisualCogA_Task-2,2,1,Fz,0.66796875,62.9019230584589,63.2400457036308,63.3272291955407
VisualCogA_Task-2,2,1,Fz,0.671875,63.9022937119623,64.4054936815823,64.4300534386587
VisualCogA_Task-2,2,1,Fz,0.67578125,64.7512789066591,65.5053316100616,65.4079481326774
VisualCogA_Task-2,2,1,Fz,0.6796875,65.3992794763193,66.4156736487633,66.2034698088263
VisualCogA_Task-2,2,1,Fz,0.68359375,65.8270617468202,67.1274878799411,66.7672902881168
VisualCogA_Task-2,2,1,Fz,0.6875,66.034061979762,67.6783534029021,67.0677650448884
VisualCogA_Task-2,2,1,Fz,0.69140625,66.0381565387795,67.4557498903857,67.103266019466
VisualCogA_Task-2,2,1,Fz,0.6953125,65.8841367587141,66.7971506780692,66.9230475153423
VisualCogA_Task-2,2,1,Fz,0.69921875,65.6440433710861,66.2752923180452,66.6057374919199
VisualCogA_Task-2,2,1,Fz,0.703125,65.398835399597,66.0266909475783,66.2194725054953
VisualCogA_Task-2,2,1,Fz,0.70703125,65.2077433369983,65.6757344199829,65.8048520145421
VisualCogA_Task-2,2,1,Fz,0.7109375,65.0838505407136,65.3309931951037,65.3864103477075
VisualCogA_Task-2,2,1,Fz,0.71484375,64.9936132596634,64.9098334764099,64.9779220340922
VisualCogA_Task-2,2,1,Fz,0.71875,64.8831483717628,64.535573663113,64.5885435067462
VisualCogA_Task-2,2,1,Fz,0.72265625,64.7137792618902,64.2427805852602,64.2217571522465
VisualCogA_Task-2,2,1,Fz,0.7265625,64.4813234957677,63.8742741995968,63.8766312035335
VisualCogA_Task-2,2,1,Fz,0.73046875,64.2082253993033,63.5597009638406,63.5539858462988
VisualCogA_Task-2,2,1,Fz,0.734375,63.9208697822962,63.19298910945,63.2544448492396
VisualCogA_Task-2,2,1,Fz,0.73828125,63.6320797968517,63.0083797593916,62.9791082408478
VisualCogA_Task-2,2,1,Fz,0.7421875,63.3377652099393,62.8866304371192,62.7239547379665
VisualCogA_Task-2,2,1,Fz,0.74609375,63.0251074938169,62.563015981292,62.4874023506505
VisualCogA_Task-2,2,1,Fz,0.75,62.6875324922292,62.2692421997792,62.2814253972175
VisualCogA_Task-2,2,1,Fz,0.75390625,62.3413729726179,62.0253222142817,62.1242993318718
VisualCogA_Task-2,2,1,Fz,0.7578125,62.0349901102408,62.0599106267212,62.0332843423647
VisualCogA_Task-2,2,1,Fz,0.76171875,61.8399360341484,61.9450952857255,62.0173925233149
VisualCogA_Task-2,2,1,Fz,0.765625,61.8226020492427,61.9455679633895,62.0878548263707
VisualCogA_Task-2,2,1,Fz,0.76953125,62.0099979271216,62.0972932523792,62.2498774333814
VisualCogA_Task-2,2,1,Fz,0.7734375,62.3722306254001,62.3722306254001,62.4968092876143
VisualCogA_Task-2,2,1,Fz,0.77734375,62.8363060084939,62.8606317170859,62.8092839839203
VisualCogA_Task-2,2,1,Fz,0.78125,63.3245129006717,63.299548352355,63.1575535619652
VisualCogA_Task-2,2,1,Fz,0.78515625,63.7925935249919,63.6990744687177,63.516149039179
VisualCogA_Task-2,2,1,Fz,0.7890625,64.2420812546924,63.8991155806541,63.8714343321907
VisualCogA_Task-2,2,1,Fz,0.79296875,64.6975569218717,64.180363600121,64.225017143424
VisualCogA_Task-2,2,1,Fz,0.796875,65.1632652049085,64.5496277813057,64.5808119460081
VisualCogA_Task-2,2,1,Fz,0.80078125,65.5904968269662,64.9678761149196,64.9390120844636
VisualCogA_Task-2,2,1,F3,-0.19921875,-9.63540216088714,-2.26094858371764,-2.30993527442751
VisualCogA_Task-2,2,1,F3,-0.1953125,-8.774084765691,-2.23560967956297,-2.34903251029764
VisualCogA_Task-2,2,1,F3,-0.19140625,-8.11544185137748,-2.12955870646148,-2.38404752194195
VisualCogA_Task-2,2,1,F3,-0.1875,-7.58657589059391,-2.42888641034708,-2.4014461825734
VisualCogA_Task-2,2,1,F3,-0.18359375,-7.0932361941421,-2.64871720178107,-2.36648696411489
VisualCogA_Task-2,2,1,F3,-0.1796875,-6.58936479201702,-2.78356612682221,-2.24671502413715
VisualCogA_Task-2,2,1,F3,-0.17578125,-6.09128246675676,-2.32965455743438,-2.03319470668308
VisualCogA_Task-2,2,1,F3,-0.171875,-5.63874796308091,-1.7623110360868,-1.76172794768602
VisualCogA_Task-2,2,1,F3,-0.16796875,-5.24852935693709,-0.851395731197976,-1.4928216706419
VisualCogA_Task-2,2,1,F3,-0.1640625,-4.89910181865978,-1.1792564282779,-1.28703138974671
VisualCogA_Task-2,2,1,F3,-0.16015625,-4.54728180580074,-1.05626311479701,-1.15146045757614
VisualCogA_Task-2,2,1,F3,-0.15625,-4.15425657759686,-1.2459087771829,-1.08423097991677
VisualCogA_Task-2,2,1,F3,-0.15234375,-3.70513418777498,-0.935998012872405,-1.07553195065696
VisualCogA_Task-2,2,1,F3,-0.1484375,-3.21980729884061,-0.991049177365882,-1.12902551345723
VisualCogA_Task-2,2,1,F3,-0.14453125,-2.75295319415457,-1.12570241487473,-1.23674598382938
VisualCogA_Task-2,2,1,F3,-0.140625,-2.37654246718638,-1.40796855558972,-1.37922964927761
VisualCogA_Task-2,2,1,F3,-0.13671875,-2.14661081217157,-1.51061128651743,-1.5277591665599
VisualCogA_Task-2,2,1,F3,-0.1328125,-2.07281195077231,-1.7942407255098,-1.65601210129356
VisualCogA_Task-2,2,1,F3,-0.12890625,-2.11251159548137,-1.861659270924,-1.73623702909237
VisualCogA_Task-2,2,1,F3,-0.125,-2.19210660851502,-1.79729873531301,-1.75220157758813
VisualCogA_Task-2,2,1,F3,-0.12109375,-2.23784479245997,-1.77769235989276,-1.69812522789862
VisualCogA_Task-2,2,1,F3,-0.1171875,-2.19912552681823,-1.77615319901098,-1.57198555761867
VisualCogA_Task-2,2,1,F3,-0.11328125,-2.05989058991745,-1.56071370728107,-1.37839073867597
VisualCogA_Task-2,2,1,F3,-0.109375,-1.83860490839023,-1.22279433335837,-1.13896291311422
VisualCogA_Task-2,2,1,F3,-0.10546875,-1.57694668470298,-0.811248150162385,-0.890517803694242
VisualCogA_Task-2,2,1,F3,-0.1015625,-1.32121790276579,-0.425422370342822,-0.676857084863845
VisualCogA_Task-2,2,1,F3,-0.09765625,-1.10468295706793,-0.203855471170506,-0.535176626609858
VisualCogA_Task-2,2,1,F3,-0.09375,-0.937653379610142,-0.174263682506553,-0.481719406042359
VisualCogA_Task-2,2,1,F3,-0.08984375,-0.80771065766242,-0.34190095855868,-0.505118303984813
VisualCogA_Task-2,2,1,F3,-0.0859375,-0.688554918268578,-0.486242446243719,-0.568384890966034
VisualCogA_Task-2,2,1,F3,-0.08203125,-0.551977271052811,-0.812031825922995,-0.620929292062658
VisualCogA_Task-2,2,1,F3,-0.078125,-0.374183945458917,-0.884119394492133,-0.605316428624463
VisualCogA_Task-2,2,1,F3,-0.07421875,-0.131070272786506,-0.785129273423501,-0.480036433156251
VisualCogA_Task-2,2,1,F3,-0.0703125,0.211443914602483,-0.483265205667083,-0.226813018651802
VisualCogA_Task-2,2,1,F3,-0.06640625,0.69720885715229,0.0653740175951033,0.147205698539505
VisualCogA_Task-2,2,1,F3,-0.0625,1.36105713532096,0.516725973118549,0.613500586483681
VisualCogA_Task-2,2,1,F3,-0.05859375,2.20090886361334,1.11642533725099,1.13673320650137
VisualCogA_Task-2,2,1,F3,-0.0546875,3.16355765499289,1.65351056358514,1.67350056879946
VisualCogA_Task-2,2,1,F3,-0.05078125,4.15962073529368,2.22119555756287,2.17870736114731
VisualCogA_Task-2,2,1,F3,-0.046875,5.10013289963502,2.86181649119876,2.6055924375464
VisualCogA_Task-2,2,1,F3,-0.04296875,5.93228298525411,3.26532812280711,2.91093533503286
VisualCogA_Task-2,2,1,F3,-0.0390625,6.65669000523458,3.2750629030122,3.07286759511384
VisualCogA_Task-2,2,1,F3,-0.03515625,7.32034633397733,3.26102480646527,3.09905349161102
VisualCogA_Task-2,2,1,F3,-0.03125,7.98655213242138,3.2158772134738,3.01400690733759
VisualCogA_Task-2,2,1,F3,-0.02734375,8.69127877875174,2.74830029622232,2.85573933467794
VisualCogA_Task-2,2,1,F3,-0.0234375,9.40734572128362,2.25783904186247,2.67908479152782
VisualCogA_Task-2,2,1,F3,-0.01953125,10.041997905685,1.92170917871371,2.52992404257833
VisualCogA_Task-2,2,1,F3,-0.015625,10.4777971494932,2.39136122692641,2.41903404004847
VisualCogA_Task-2,2,1,F3,-0.01171875,10.6361423107745,2.74852737528872,2.3065071641685
VisualCogA_Task-2,2,1,F3,-0.0078125,10.5215041271623,2.61230618811706,2.15012972740853
VisualCogA_Task-2,2,1,F3,-0.00390625,10.2153800547513,2.23962539582121,1.94452305983203
VisualCogA_Task-2,2,1,F3,0,9.82648639047722,1.62286835301858,1.72282319656148
VisualCogA_Task-2,2,1,F3,0.00390625,9.43571035309806,1.23784502505431,1.54275803405182
VisualCogA_Task-2,2,1,F3,0.0078125,9.07379711427097,0.930423866084008,1.45372589846274
VisualCogA_Task-2,2,1,F3,0.01171875,8.74045633019177,1.51415595444778,1.47971569853747
VisualCogA_Task-2,2,1,F3,0.015625,8.4431375681228,1.84849899653382,1.60110784032102
VisualCogA_Task-2,2,1,F3,0.01953125,8.22417489446813,1.58863161537893,1.80115275118424
VisualCogA_Task-2,2,1,F3,0.0234375,8.15651478231832,2.23392169894436,2.08371678818242
VisualCogA_Task-2,2,1,F3,0.02734375,8.30854219218978,1.91965486978569,2.43495621372035
VisualCogA_Task-2,2,1,F3,0.03125,8.69701217028762,2.09411745784022,2.8535443660997
VisualCogA_Task-2,2,1,F3,0.03515625,9.25708798831818,3.18130139031565,3.29521280496089
VisualCogA_Task-2,2,1,F3,0.0390625,9.85245554459665,4.02023467220883,3.65240751425605
VisualCogA_Task-2,2,1,F3,0.04296875,10.3235876817036,4.52539641095862,3.80808186005021
VisualCogA_Task-2,2,1,F3,0.046875,10.5451833943711,4.47740691322635,3.67584147157115
VisualCogA_Task-2,2,1,F3,0.05078125,10.4610794463482,3.7397271978005,3.22906819062231
VisualCogA_Task-2,2,1,F3,0.0546875,10.0875613488029,2.89835274205724,2.50794097914511
VisualCogA_Task-2,2,1,F3,0.05859375,9.49686572663643,1.55750251481515,1.59519371634578
VisualCogA_Task-2,2,1,F3,0.0625,8.7950816331696,0.382774565670136,0.606094595006579
VisualCogA_Task-2,2,1,F3,0.06640625,8.10144629910017,-0.983452530119556,-0.34722912555112
VisualCogA_Task-2,2,1,F3,0.0703125,7.53035595834483,-1.41859896460378,-1.17126018845065
VisualCogA_Task-2,2,1,F3,0.07421875,7.17472233403221,-2.20396920759674,-1.82549995386273
VisualCogA_Task-2,2,1,F3,0.078125,7.08973030014263,-2.50653676427335,-2.29006134663747
VisualCogA_Task-2,2,1,F3,0.08203125,7.27990664593061,-2.60073773446864,-2.57659639610284
VisualCogA_Task-2,2,1,F3,0.0859375,7.69616506357115,-2.44948764668412,-2.71479674972314
VisualCogA_Task-2,2,1,F3,0.08984375,8.24881578183918,-2.82942090474102,-2.73636583315979
VisualCogA_Task-2,2,1,F3,0.09375,8.83623509410113,-2.48227947332515,-2.65089798015432
VisualCogA_Task-2,2,1,F3,0.09765625,9.37971271386079,-2.42464905250889,-2.47574211374668
VisualCogA_Task-2,2,1,F3,0.1015625,9.84949176617806,-2.06703511792798,-2.21419561474106
VisualCogA_Task-2,2,1,F3,0.10546875,10.2706340579378,-2.25351313969944,-1.8652981088385
VisualCogA_Task-2,2,1,F3,0.109375,10.7075952975574,-1.92945367175161,-1.41582584700561
VisualCogA_Task-2,2,1,F3,0.11328125,11.2349628468131,-1.33088183096204,-0.884906332780756
VisualCogA_Task-2,2,1,F3,0.1171875,11.9044180585112,0.715963132747837,-0.334469388431132
VisualCogA_Task-2,2,1,F3,0.12109375,12.7188738590927,0.663529575124221,0.136390538927629
VisualCogA_Task-2,2,1,F3,0.125,13.6264444707327,0.253005706674291,0.516115045611473
VisualCogA_Task-2,2,1,F3,0.12890625,14.5410705246053,0.894360427733043,0.837073980952729
VisualCogA_Task-2,2,1,F3,0.1328125,15.3790817774398,1.0849466949241,1.10971141603896
VisualCogA_Task-2,2,1,F3,0.13671875,16.0873670861104,1.40086012027955,1.34924529252276
VisualCogA_Task-2,2,1,F3,0.140625,16.6458703448143,1.11251440684318,1.56882982529714
VisualCogA_Task-2,2,1,F3,0.14453125,17.0490672293293,1.71055319522785,1.78592046490152
VisualCogA_Task-2,2,1,F3,0.1484375,17.2881852751879,2.41778937819735,1.97994637700415
VisualCogA_Task-2,2,1,F3,0.15234375,17.3543176487468,2.19112188976605,2.12405612146715
VisualCogA_Task-2,2,1,F3,0.15625,17.2622699031057,1.93562005344312,2.22788517491872
VisualCogA_Task-2,2,1,F3,0.16015625,17.0717952863145,2.33036320690248,2.30665782801199
VisualCogA_Task-2,2,1,F3,0.1640625,16.8798778594987,2.76222833043371,2.35124294461045
VisualCogA_Task-2,2,1,F3,0.16796875,16.7817659024932,2.45766829888363,2.35448483681845
VisualCogA_Task-2,2,1,F3,0.171875,16.8272325612919,2.00856760467877,2.3434765988923
VisualCogA_Task-2,2,1,F3,0.17578125,17.0025204772841,1.62302539773089,2.35390994692705
VisualCogA_Task-2,2,1,F3,0.1796875,17.2452151086669,1.90495705712771,2.39356751416665
VisualCogA_Task-2,2,1,F3,0.18359375,17.4745318353642,2.41210541314276,2.40932488808868
VisualCogA_Task-2,2,1,F3,0.1875,17.6148248868068,2.92360405077695,2.30734011808415
VisualCogA_Task-2,2,1,F3,0.19140625,17.6043265340954,3.2391113872582,1.99400296396525
VisualCogA_Task-2,2,1,F3,0.1953125,17.3994427551431,2.92954360017774,1.42705851326855
VisualCogA_Task-2,2,1,F3,0.19921875,16.9901410109047,1.12413418940967,0.668010888805056
VisualCogA_Task-2,2,1,F3,0.203125,16.425044909357,-0.991603164686747,-0.096428696038487
VisualCogA_Task-2,2,1,F3,0.20703125,15.8215309883539,-2.64716115662074,-0.641538752824931
VisualCogA_Task-2,2,1,F3,0.2109375,15.337047033214,-1.61148387038986,-0.817195665504487
VisualCogA_Task-2,2,1,F3,0.21484375,15.1086801352615,-0.562987301961706,-0.640411018343685
VisualCogA_Task-2,2,1,F3,0.21875,15.1978097120399,-0.160107344738871,-0.194387079349502
VisualCogA_Task-2,2,1,F3,0.22265625,15.5743573187292,0.369447102763975,0.44412585983625
VisualCogA_Task-2,2,1,F3,0.2265625,16.1438433115731,0.928501479000389,1.20123415212265
VisualCogA_Task-2,2,1,F3,0.23046875,16.7921913177772,3.03002563788842,1.99682092066273
VisualCogA_Task-2,2,1,F3,0.234375,17.422291838107,3.18408490232785,2.72804156584938
VisualCogA_Task-2,2,1,F3,0.23828125,17.9734095467453,3.46300314957747,3.37815188117758
VisualCogA_Task-2,2,1,F3,0.2421875,18.4250974599683,3.75569575100922,3.96841127151555
VisualCogA_Task-2,2,1,F3,0.24609375,18.7865549073051,3.97868814413841,4.52715008076481
VisualCogA_Task-2,2,1,F3,0.25,19.0743421545872,5.2577149551598,5.06497235945136
VisualCogA_Task-2,2,1,F3,0.25390625,19.2916108980308,5.8853861667934,5.54677699671568
VisualCogA_Task-2,2,1,F3,0.2578125,19.4278178467417,6.29363412210778,5.95352476467394
VisualCogA_Task-2,2,1,F3,0.26171875,19.4842100637861,6.38817793298567,6.29439386628211
VisualCogA_Task-2,2,1,F3,0.265625,19.502867121371,6.40687904318503,6.60690495094901
VisualCogA_Task-2,2,1,F3,0.26953125,19.5653659834076,6.42596679002805,6.93639400697539
VisualCogA_Task-2,2,1,F3,0.2734375,19.7514923124218,7.07035677377173,7.31152819701502
VisualCogA_Task-2,2,1,F3,0.27734375,20.087746865511,7.88512265000784,7.71843908230937
VisualCogA_Task-2,2,1,F3,0.28125,20.5280423062092,8.31154366388526,8.12316060549633
VisualCogA_Task-2,2,1,F3,0.28515625,20.9820800353777,8.63466137073583,8.50561700652196
VisualCogA_Task-2,2,1,F3,0.2890625,21.3684879662307,9.05440264563816,8.86143111353142
VisualCogA_Task-2,2,1,F3,0.29296875,21.6548387655101,9.08817059611774,9.19697945168769
VisualCogA_Task-2,2,1,F3,0.296875,21.8626352843802,8.80344597203452,9.53471950716262
VisualCogA_Task-2,2,1,F3,0.30078125,22.0424456419901,9.86389079801041,9.88804136149725
VisualCogA_Task-2,2,1,F3,0.3046875,22.2404463390316,10.6709726496326,10.209395634972
VisualCogA_Task-2,2,1,F3,0.30859375,22.4759151592711,10.7675579883884,10.4492204009098
VisualCogA_Task-2,2,1,F3,0.3125,22.7373967652183,10.8129486956965,10.5964184838557
VisualCogA_Task-2,2,1,F3,0.31640625,22.9948911346395,10.3776393826679,10.6664208406444
VisualCogA_Task-2,2,1,F3,0.3203125,23.2206532083762,10.7939805644874,10.6927026124305
VisualCogA_Task-2,2,1,F3,0.32421875,23.4082534818498,11.1237293212411,10.6846738188709
VisualCogA_Task-2,2,1,F3,0.328125,23.5777178095365,10.3009339534004,10.6601843089603
VisualCogA_Task-2,2,1,F3,0.33203125,23.7600448255743,10.2337940936888,10.6736718902244
VisualCogA_Task-2,2,1,F3,0.3359375,23.969345727171,10.4270479492625,10.7496368405589
VisualCogA_Task-2,2,1,F3,0.33984375,24.1842381164293,10.7997503550584,10.8759229548147
VisualCogA_Task-2,2,1,F3,0.34375,24.3564858808828,11.2602683826058,11.0134916202348
VisualCogA_Task-2,2,1,F3,0.34765625,24.4435912957405,11.5699991027486,11.1169565074158
VisualCogA_Task-2,2,1,F3,0.3515625,24.4409574419744,10.9614002232849,11.1614960171521
VisualCogA_Task-2,2,1,F3,0.35546875,24.3866285910258,11.0834407041884,11.1600420998487
VisualCogA_Task-2,2,1,F3,0.359375,24.3311949637285,10.8741178782928,11.1088520564221
VisualCogA_Task-2,2,1,F3,0.36328125,24.2942876618935,11.2032153691075,10.9977997381501
VisualCogA_Task-2,2,1,F3,0.3671875,24.2428145908708,11.1871165699914,10.7971978148002
VisualCogA_Task-2,2,1,F3,0.37109375,24.108915127757,10.6520035250425,10.4944769253858
VisualCogA_Task-2,2,1,F3,0.375,23.8326647318148,10.3696225848437,10.1095609385199
VisualCogA_Task-2,2,1,F3,0.37890625,23.3989975362877,9.40390394272352,9.67550093945343
VisualCogA_Task-2,2,1,F3,0.3828125,22.8509835198903,9.01832163630365,9.24701981729777
VisualCogA_Task-2,2,1,F3,0.38671875,22.2800739417449,8.88353827673321,8.85620737810335
VisualCogA_Task-2,2,1,F3,0.390625,21.79850089963,8.39666770221061,8.51609524617111
VisualCogA_Task-2,2,1,F3,0.39453125,21.4989939988548,7.96514135672357,8.24199262068784
VisualCogA_Task-2,2,1,F3,0.3984375,21.416349882174,7.7686054527724,8.03925640551025
VisualCogA_Task-2,2,1,F3,0.40234375,21.513729110052,7.89534966338141,7.89017256583139
VisualCogA_Task-2,2,1,F3,0.40625,21.7052065124713,8.00661305085469,7.75447282078281
VisualCogA_Task-2,2,1,F3,0.41015625,21.8996885440622,7.81350025042041,7.59232031429187
VisualCogA_Task-2,2,1,F3,0.4140625,22.0353943242766,7.36417973206475,7.38488987612529
VisualCogA_Task-2,2,1,F3,0.41796875,22.0848715900934,6.97842463580501,7.1317879973938
VisualCogA_Task-2,2,1,F3,0.421875,22.0372254946655,7.27211804241471,6.83089532386976
VisualCogA_Task-2,2,1,F3,0.42578125,21.8826916743956,7.08396826843266,6.46731222119315
VisualCogA_Task-2,2,1,F3,0.4296875,21.6200369506336,6.36529796078305,6.06290761488265
VisualCogA_Task-2,2,1,F3,0.43359375,21.2834467280328,5.5582764888134,5.69093843439361
VisualCogA_Task-2,2,1,F3,0.4375,20.9625932532742,4.90311665333339,5.44986080467304
VisualCogA_Task-2,2,1,F3,0.44140625,20.7893774058887,4.66824284988725,5.42707568853629
VisualCogA_Task-2,2,1,F3,0.4453125,20.8893029833808,4.8999352878239,5.66442203618707
VisualCogA_Task-2,2,1,F3,0.44921875,21.3229608248894,5.76552320566025,6.14050272794165
VisualCogA_Task-2,2,1,F3,0.453125,22.051686177818,6.98988175395557,6.77021341508605
VisualCogA_Task-2,2,1,F3,0.45703125,22.9478780858247,7.80501694355809,7.43720145538283
VisualCogA_Task-2,2,1,F3,0.4609375,23.8463161800137,8.42655863602918,8.04341990150034
VisualCogA_Task-2,2,1,F3,0.46484375,24.6118695560545,9.21030596432192,8.52147309678821
VisualCogA_Task-2,2,1,F3,0.46875,25.1903439271476,9.24379493903595,8.83589361247347
VisualCogA_Task-2,2,1,F3,0.47265625,25.6164139856004,9.0796386852485,9.00861675874427
VisualCogA_Task-2,2,1,F3,0.4765625,25.9748288154876,9.10094034768611,9.09556962300232
VisualCogA_Task-2,2,1,F3,0.48046875,26.3403819252487,8.88433741866699,9.15859778652469
VisualCogA_Task-2,2,1,F3,0.484375,26.7391934912693,8.74811659939748,9.25999439097872
VisualCogA_Task-2,2,1,F3,0.48828125,27.1593966408155,9.20091861005937,9.439197547377
VisualCogA_Task-2,2,1,F3,0.4921875,27.5992663844943,9.81432506566271,9.6929888841003
VisualCogA_Task-2,2,1,F3,0.49609375,28.1089140926972,10.3700890239096,9.9982934514196
VisualCogA_Task-2,2,1,F3,0.5,28.7863611952914,10.0728671716529,10.3421476480694
VisualCogA_Task-2,2,1,F3,0.50390625,29.7253362737762,10.9980753814016,10.7425708371584
VisualCogA_Task-2,2,1,F3,0.5078125,30.9505936319641,11.7395962924974,11.195142342094
VisualCogA_Task-2,2,1,F3,0.51171875,32.3879548867574,12.0632056074382,11.7167335316369
VisualCogA_Task-2,2,1,F3,0.515625,33.8928643901542,12.4735439280791,12.3695869370817
VisualCogA_Task-2,2,1,F3,0.51953125,35.3215505764104,12.6191084722561,13.2448177627064
VisualCogA_Task-2,2,1,F3,0.5234375,36.6019687801558,13.562161179118,14.442204295372
VisualCogA_Task-2,2,1,F3,0.52734375,37.7646436411819,15.6180775267446,16.0093823810688
VisualCogA_Task-2,2,1,F3,0.53125,38.9222707552617,18.2676752706848,17.9206509394324
VisualCogA_Task-2,2,1,F3,0.53515625,40.2189917286449,20.2434740423113,20.1177001522383
VisualCogA_Task-2,2,1,F3,0.5390625,41.780657542676,22.3541118356256,22.5711388955327
VisualCogA_Task-2,2,1,F3,0.54296875,43.6841473055011,25.6776946807392,25.2620572028683
VisualCogA_Task-2,2,1,F3,0.546875,45.9473785463958,28.2002686310272,28.1534595194717
VisualCogA_Task-2,2,1,F3,0.55078125,48.5350457231919,30.2485226518605,31.2429867470592
VisualCogA_Task-2,2,1,F3,0.5546875,51.3740316333622,34.6812320110428,34.5321805466431
VisualCogA_Task-2,2,1,F3,0.55859375,54.3726771557928,38.3163149035429,37.9397105713026
VisualCogA_Task-2,2,1,F3,0.5625,57.4396473949145,41.3998997803463,41.3966674294834
VisualCogA_Task-2,2,1,F3,0.56640625,60.497336359176,44.2619216019699,44.8655254239846
VisualCogA_Task-2,2,1,F3,0.5703125,63.4823143745867,47.9947622121287,48.3090282201773
VisualCogA_Task-2,2,1,F3,0.57421875,66.3317096303537,51.3058347040003,51.6396191649313
VisualCogA_Task-2,2,1,F3,0.578125,68.9706704687212,55.4094971672953,54.7435527711121
VisualCogA_Task-2,2,1,F3,0.58203125,71.3226748787613,58.5401136476645,57.4792681798414
VisualCogA_Task-2,2,1,F3,0.5859375,73.3459876015902,60.6042080601448,59.7606998985891
VisualCogA_Task-2,2,1,F3,0.58984375,75.0704111084743,61.706842702355,61.5901862238105
VisualCogA_Task-2,2,1,F3,0.59375,76.5987827887401,63.4440891160358,63.0403577987571
VisualCogA_Task-2,2,1,F3,0.59765625,78.0586924789234,64.1081108710617,64.1935666398924
VisualCogA_Task-2,2,1,F3,0.6015625,79.5256947885108,64.3300964519502,65.16580904012
VisualCogA_Task-2,2,1,F3,0.60546875,80.9657265148511,65.2209306994622,66.0659599782739
VisualCogA_Task-2,2,1,F3,0.609375,82.2424992501974,66.5632546880235,66.9332517175077
VisualCogA_Task-2,2,1,F3,0.61328125,83.1976951249332,68.0303961076265,67.7364974144068
VisualCogA_Task-2,2,1,F3,0.6171875,83.7571047588518,69.006499257801,68.4136771397668
VisualCogA_Task-2,2,1,F3,0.62109375,83.9905462160005,69.347939917124,68.9272625221512
VisualCogA_Task-2,2,1,F3,0.625,84.0860119850187,69.3537485416965,69.2891270332932
VisualCogA_Task-2,2,1,F3,0.62890625,84.2596526121994,69.498534295477,69.546200594507
VisualCogA_Task-2,2,1,F3,0.6328125,84.6579226679754,69.5046326608367,69.750798252807
VisualCogA_Task-2,2,1,F3,0.63671875,85.299899458222,69.7297015034733,69.9512628636217
VisualCogA_Task-2,2,1,F3,0.640625,86.081217531924,70.0019191395229,70.1754234830489
VisualCogA_Task-2,2,1,F3,0.64453125,86.8354382229804,70.485356160039,70.4326457205072
VisualCogA_Task-2,2,1,F3,0.6484375,87.422938475205,70.8050519774854,70.7178364901214
VisualCogA_Task-2,2,1,F3,0.65234375,87.797745638373,71.0063817172514,71.030295242644
VisualCogA_Task-2,2,1,F3,0.65625,88.0114968481362,71.3111751528957,71.3765893861075
VisualCogA_Task-2,2,1,F3,0.66015625,88.1573934546565,71.4365232730012,71.7612935347621
VisualCogA_Task-2,2,1,F3,0.6640625,88.3020905900885,72.0191640589252,72.1835311167566
VisualCogA_Task-2,2,1,F3,0.66796875,88.4556015772959,72.6689900174928,72.6153613717599
VisualCogA_Task-2,2,1,F3,0.671875,88.5876425410254,73.1511343272909,73.0151462846218
VisualCogA_Task-2,2,1,F3,0.67578125,88.6599099165106,73.5187131703803,73.3457168940027
VisualCogA_Task-2,2,1,F3,0.6796875,88.6438248182053,73.5827381739398,73.5812365754525
VisualCogA_Task-2,2,1,F3,0.68359375,88.5194074302527,73.8489210995864,73.7102850608857
VisualCogA_Task-2,2,1,F3,0.6875,88.2694773043223,73.9482170014469,73.721567215424
VisualCogA_Task-2,2,1,F3,0.69140625,87.881831416582,73.4650775567892,73.6153409074143
VisualCogA_Task-2,2,1,F3,0.6953125,87.3603838116621,73.4145852203628,73.4107514873718
VisualCogA_Task-2,2,1,F3,0.69921875,86.7361894056631,73.094749740121,73.1144223599266
VisualCogA_Task-2,2,1,F3,0.703125,86.0663356963838,72.649592081812,72.7332964074577
VisualCogA_Task-2,2,1,F3,0.70703125,85.4154607913351,72.4362755888303,72.2726771273604
VisualCogA_Task-2,2,1,F3,0.7109375,84.8289780508012,71.8667280709951,71.7308926565597
VisualCogA_Task-2,2,1,F3,0.71484375,84.3171187841281,71.1409936095215,71.1199043371027
VisualCogA_Task-2,2,1,F3,0.71875,83.861770552365,70.5069403241031,70.4629931289064
VisualCogA_Task-2,2,1,F3,0.72265625,83.4380847417625,69.6809724608367,69.7851974312559
VisualCogA_Task-2,2,1,F3,0.7265625,83.0307906566052,68.9164834317338,69.1152179097026
VisualCogA_Task-2,2,1,F3,0.73046875,82.6336727076455,68.2910941703959,68.4730698155965
VisualCogA_Task-2,2,1,F3,0.734375,82.2388238262269,67.8577156174642,67.8622071937901
VisualCogA_Task-2,2,1,F3,0.73828125,81.8303958338842,67.491433556352,67.2709194520357
VisualCogA_Task-2,2,1,F3,0.7421875,81.3898795319016,67.04386034179,66.6871217000585
VisualCogA_Task-2,2,1,F3,0.74609375,80.9079373148451,65.9981928495632,66.1171052229435
VisualCogA_Task-2,2,1,F3,0.75,80.3937344479115,65.309234652542,65.5968895259198
VisualCogA_Task-2,2,1,F3,0.75390625,79.8760857491458,64.9420709516176,65.1525847497682
VisualCogA_Task-2,2,1,F3,0.7578125,79.3948667479684,64.6107498247633,64.7863297958213
VisualCogA_Task-2,2,1,F3,0.76171875,78.9846217466645,64.2727074140569,64.4827207488993
VisualCogA_Task-2,2,1,F3,0.765625,78.6566789564954,64.2298927024849,64.2117220295674
VisualCogA_Task-2,2,1,F3,0.76953125,78.3899871888297,64.284588147825,63.9257969471539
VisualCogA_Task-2,2,1,F3,0.7734375,78.140137134107,64.1014231006963,63.5789230337303
VisualCogA_Task-2,2,1,F3,0.77734375,77.8668400777919,63.6357856466897,63.1549770880907
VisualCogA_Task-2,2,1,F3,0.78125,77.5659242738358,62.6161780457372,62.6813775812761
VisualCogA_Task-2,2,1,F3,0.78515625,77.2840094222074,61.6891790846671,62.2256103642111
VisualCogA_Task-2,2,1,F3,0.7890625,77.0999833848485,61.1150474650712,61.8497279931917
VisualCogA_Task-2,2,1,F3,0.79296875,77.075396939508,61.7457621225315,61.5710804178855
VisualCogA_Task-2,2,1,F3,0.796875,77.199305279557,61.409056649101,61.3457942106164
VisualCogA_Task-2,2,1,F3,0.80078125,77.3673171941498,61.4330897414097,61.144552752429
VisualCogA_Task-2,2,1,F4,-0.19921875,-3.22399201862779,-0.922510875050827,-0.909068517480165
VisualCogA_Task-2,2,1,F4,-0.1953125,-3.14955335498053,-0.501568345624827,-0.628995525320566
VisualCogA_Task-2,2,1,F4,-0.19140625,-3.01706067696267,-0.618726778912343,-0.350042729625189
VisualCogA_Task-2,2,1,F4,-0.1875,-2.72192002386849,-0.142988435026541,-0.062711395216944
VisualCogA_Task-2,2,1,F4,-0.18359375,-2.23028055860727,0.172228265704515,0.220106875640662
VisualCogA_Task-2,2,1,F4,-0.1796875,-1.61089945892008,0.243177585783606,0.478830727366656
VisualCogA_Task-2,2,1,F4,-0.17578125,-1.00828585648097,0.740232542022758,0.689888920218721
VisualCogA_Task-2,2,1,F4,-0.171875,-0.571042840269899,1.14665586823419,0.810072452655949
VisualCogA_Task-2,2,1,F4,-0.16796875,-0.379535080697633,1.48337873694889,0.800367624954439
VisualCogA_Task-2,2,1,F4,-0.1640625,-0.413129325086929,1.08853201049202,0.649809355355141
VisualCogA_Task-2,2,1,F4,-0.16015625,-0.569220365794371,0.150532035349566,0.404350154765211
VisualCogA_Task-2,2,1,F4,-0.15625,-0.718711853175508,-0.297658992681742,0.14650275535321
VisualCogA_Task-2,2,1,F4,-0.15234375,-0.767836726772925,-0.347681002990413,-0.0623716206636046
VisualCogA_Task-2,2,1,F4,-0.1484375,-0.695524789616539,-0.345877901115952,-0.197925230070887
VisualCogA_Task-2,2,1,F4,-0.14453125,-0.550050558247022,-0.243626686581089,-0.259586111514859
VisualCogA_Task-2,2,1,F4,-0.140625,-0.412022371625061,-0.13004062534485,-0.2591116928955
VisualCogA_Task-2,2,1,F4,-0.13671875,-0.346691818595292,-0.18595269184469,-0.206929450034973
VisualCogA_Task-2,2,1,F4,-0.1328125,-0.369102920451955,-0.153810733499033,-0.102710936459554
VisualCogA_Task-2,2,1,F4,-0.12890625,-0.437122851863518,-0.126321514950185,0.0556203574870036
VisualCogA_Task-2,2,1,F4,-0.125,-0.475356413008284,0.059476804839202,0.265882625040991
VisualCogA_Task-2,2,1,F4,-0.12109375,-0.417816316651318,0.358942423233876,0.5107322367356
VisualCogA_Task-2,2,1,F4,-0.1171875,-0.245446915617769,0.714136351137242,0.755625078087205
VisualCogA_Task-2,2,1,F4,-0.11328125,0.00232721067856164,1.12932102807291,0.953367883487039
VisualCogA_Task-2,2,1,F4,-0.109375,0.244312821217595,1.43483337994595,1.05330999341384
VisualCogA_Task-2,2,1,F4,-0.10546875,0.387642602196391,1.15617644111033,1.01946351039516
VisualCogA_Task-2,2,1,F4,-0.1015625,0.35652629521376,1.02327594925271,0.847634152502902
VisualCogA_Task-2,2,1,F4,-0.09765625,0.115482967118992,0.72525027642645,0.545020382035236
VisualCogA_Task-2,2,1,F4,-0.09375,-0.315095272577683,0.312148289244098,0.133457477686143
VisualCogA_Task-2,2,1,F4,-0.08984375,-0.860031432858669,-0.179036232027898,-0.350200123984459
VisualCogA_Task-2,2,1,F4,-0.0859375,-1.41390915356211,-0.851233634589948,-0.85420708545349
VisualCogA_Task-2,2,1,F4,-0.08203125,-1.87984459882503,-1.61013193485517,-1.31255441153482
VisualCogA_Task-2,2,1,F4,-0.078125,-2.20089106373992,-2.24751923495221,-1.65898531947036
VisualCogA_Task-2,2,1,F4,-0.07421875,-2.36769875905359,-2.26618007361405,-1.85204115344538
VisualCogA_Task-2,2,1,F4,-0.0703125,-2.40194906311461,-1.91887146603927,-1.89930775060197
VisualCogA_Task-2,2,1,F4,-0.06640625,-2.32808347426185,-1.67548270177615,-1.84288252476296
VisualCogA_Task-2,2,1,F4,-0.0625,-2.15066706013753,-1.47369069373564,-1.72649319937092
VisualCogA_Task-2,2,1,F4,-0.05859375,-1.85075152816606,-1.51894307875538,-1.57991751261955
VisualCogA_Task-2,2,1,F4,-0.0546875,-1.40274342293735,-1.63651172972083,-1.41186632723294
VisualCogA_Task-2,2,1,F4,-0.05078125,-0.799838133584159,-1.38495949237921,-1.22596930311316
VisualCogA_Task-2,2,1,F4,-0.046875,-0.0698745729336148,-0.548035471495647,-1.04457655036961
VisualCogA_Task-2,2,1,F4,-0.04296875,0.73111235226031,-0.662010357627331,-0.903287361550524
VisualCogA_Task-2,2,1,F4,-0.0390625,1.54539136930764,-0.740891433494911,-0.796322605964634
VisualCogA_Task-2,2,1,F4,-0.03515625,2.34155937469391,-0.776950833328336,-0.697796735927079
VisualCogA_Task-2,2,1,F4,-0.03125,3.12030605535238,-0.825309394759329,-0.57720493938052
VisualCogA_Task-2,2,1,F4,-0.02734375,3.88845663388265,-0.804553592459438,-0.410638579051056
VisualCogA_Task-2,2,1,F4,-0.0234375,4.61931539388657,-0.53906210970862,-0.194864388946352
VisualCogA_Task-2,2,1,F4,-0.01953125,5.23442440100244,-0.102722797559692,0.0405246458085628
VisualCogA_Task-2,2,1,F4,-0.015625,5.62763249418863,0.547631281725949,0.237252396691801
VisualCogA_Task-2,2,1,F4,-0.01171875,5.71605114150066,0.860019240694808,0.325105448234121
VisualCogA_Task-2,2,1,F4,-0.0078125,5.47942401983998,0.725528697991979,0.259735292052462
VisualCogA_Task-2,2,1,F4,-0.00390625,4.9620154993335,0.252030766527442,0.0413695691354862
VisualCogA_Task-2,2,1,F4,0,4.24432678656743,-0.202469772335574,-0.290947962366518
VisualCogA_Task-2,2,1,F4,0.00390625,3.41277807155966,-0.788515862598689,-0.6806184445206
VisualCogA_Task-2,2,1,F4,0.0078125,2.5475757427725,-1.34264152539624,-1.06366983689123
VisualCogA_Task-2,2,1,F4,0.01171875,1.72601663528009,-1.66555299758907,-1.38512155054938
VisualCogA_Task-2,2,1,F4,0.015625,1.02568202778369,-1.86064017591873,-1.61324063727479
VisualCogA_Task-2,2,1,F4,0.01953125,0.516911335334736,-1.85770335675008,-1.73966343610049
VisualCogA_Task-2,2,1,F4,0.0234375,0.24461679836794,-1.87034383390226,-1.77664291427985
VisualCogA_Task-2,2,1,F4,0.02734375,0.206738043521201,-1.7934574992125,-1.74626869912035
VisualCogA_Task-2,2,1,F4,0.03125,0.341091155843975,-1.67146068612305,-1.67843882789804
VisualCogA_Task-2,2,1,F4,0.03515625,0.532732434095574,-1.66138014292455,-1.60698373789662
VisualCogA_Task-2,2,1,F4,0.0390625,0.645499699076691,-1.64009715512886,-1.56515235458521
VisualCogA_Task-2,2,1,F4,0.04296875,0.566694943665567,-1.42696129968291,-1.59072663718528
VisualCogA_Task-2,2,1,F4,0.046875,0.244426450010277,-1.39881222151617,-1.72773394496357
VisualCogA_Task-2,2,1,F4,0.05078125,-0.29878082109775,-1.41773499034757,-2.00655452572832
VisualCogA_Task-2,2,1,F4,0.0546875,-0.978942916993322,-2.07061090252571,-2.43015848366714
VisualCogA_Task-2,2,1,F4,0.05859375,-1.68102249533115,-2.82632422362195,-2.95244762835257
VisualCogA_Task-2,2,1,F4,0.0625,-2.29392327948029,-3.8118375087704,-3.49736147092869
VisualCogA_Task-2,2,1,F4,0.06640625,-2.73964971806991,-4.55282002373453,-3.97832923881206
VisualCogA_Task-2,2,1,F4,0.0703125,-2.9894433599468,-4.78858858122811,-4.33498649590602
VisualCogA_Task-2,2,1,F4,0.07421875,-3.0627078179739,-4.8032602629163,-4.55484303819079
VisualCogA_Task-2,2,1,F4,0.078125,-3.01042559457705,-4.69790140458276,-4.66320883542342
VisualCogA_Task-2,2,1,F4,0.08203125,-2.89249180191457,-4.58243321688798,-4.70609529275477
VisualCogA_Task-2,2,1,F4,0.0859375,-2.76073616028025,-4.63943441857935,-4.73240486276563
VisualCogA_Task-2,2,1,F4,0.08984375,-2.65283090868884,-4.46022679951585,-4.78073482504789
VisualCogA_Task-2,2,1,F4,0.09375,-2.59259661958017,-4.47557357989244,-4.88193492217791
VisualCogA_Task-2,2,1,F4,0.09765625,-2.58803616772286,-4.91776486494759,-5.0401458946044
VisualCogA_Task-2,2,1,F4,0.1015625,-2.62361007712414,-5.15173119988172,-5.22564503758559
VisualCogA_Task-2,2,1,F4,0.10546875,-2.65402097610601,-5.5961517451318,-5.39851122724166
VisualCogA_Task-2,2,1,F4,0.109375,-2.61241213922276,-5.83936422994753,-5.51266385321745
VisualCogA_Task-2,2,1,F4,0.11328125,-2.43786397911426,-5.86008560512331,-5.53849234831531
VisualCogA_Task-2,2,1,F4,0.1171875,-2.11032902543868,-5.71307919215122,-5.47361117673179
VisualCogA_Task-2,2,1,F4,0.12109375,-1.67117613694667,-5.56005834016601,-5.34243424073074
VisualCogA_Task-2,2,1,F4,0.125,-1.21420989837493,-4.85651644080465,-5.18933111052765
VisualCogA_Task-2,2,1,F4,0.12890625,-0.849302598938506,-4.64160398003207,-5.07680669795759
VisualCogA_Task-2,2,1,F4,0.1328125,-0.65506754981569,-4.79362436205977,-5.03963135904541
VisualCogA_Task-2,2,1,F4,0.13671875,-0.643101679751936,-4.95564884179349,-5.07630855665547
VisualCogA_Task-2,2,1,F4,0.140625,-0.754996790362427,-5.49094871811326,-5.16484117057
VisualCogA_Task-2,2,1,F4,0.14453125,-0.898980667648985,-5.32213456181382,-5.27317710433275
VisualCogA_Task-2,2,1,F4,0.1484375,-1.00546931439497,-5.4499505053525,-5.39643989044939
VisualCogA_Task-2,2,1,F4,0.15234375,-1.06262636726843,-5.60389451740752,-5.53383284954899
VisualCogA_Task-2,2,1,F4,0.15625,-1.10740183699633,-5.46699664629365,-5.68901852016926
VisualCogA_Task-2,2,1,F4,0.16015625,-1.18352769653118,-5.88165527041383,-5.87149791316942
VisualCogA_Task-2,2,1,F4,0.1640625,-1.30108271976723,-6.05269382174052,-6.07227021658572
VisualCogA_Task-2,2,1,F4,0.16796875,-1.42457359898351,-6.30614078949734,-6.28318106489146
VisualCogA_Task-2,2,1,F4,0.171875,-1.49224298637202,-6.72638544354802,-6.49444472632282
VisualCogA_Task-2,2,1,F4,0.17578125,-1.45217258164988,-6.8649653352791,-6.69818877949982
VisualCogA_Task-2,2,1,F4,0.1796875,-1.29653206033807,-7.19225966478112,-6.90586919614456
VisualCogA_Task-2,2,1,F4,0.18359375,-1.07662594599649,-7.23783329723516,-7.1428399942941
VisualCogA_Task-2,2,1,F4,0.1875,-0.888806285827886,-7.36408827901295,-7.45832106437184
VisualCogA_Task-2,2,1,F4,0.19140625,-0.838116186471223,-7.31233319637858,-7.90944840537964
VisualCogA_Task-2,2,1,F4,0.1953125,-0.999902830551652,-7.78614251235654,-8.5455052842061
VisualCogA_Task-2,2,1,F4,0.19921875,-1.3950689412581,-8.51366116555688,-9.36601536698973
VisualCogA_Task-2,2,1,F4,0.203125,-1.98173731037828,-10.0625821491115,-10.3072220888816
VisualCogA_Task-2,2,1,F4,0.20703125,-2.66247339396243,-11.8450855053577,-11.2343393682466
VisualCogA_Task-2,2,1,F4,0.2109375,-3.30781811504501,-12.6104119957222,-11.9921944618023
VisualCogA_Task-2,2,1,F4,0.21484375,-3.79142696231611,-13.0262802857274,-12.476510137692
VisualCogA_Task-2,2,1,F4,0.21875,-4.02453329998765,-13.2903294687361,-12.6345272918858
VisualCogA_Task-2,2,1,F4,0.22265625,-3.9784116451749,-13.138167592722,-12.4593009993566
VisualCogA_Task-2,2,1,F4,0.2265625,-3.68964121663496,-11.9741794630686,-11.9985365164816
VisualCogA_Task-2,2,1,F4,0.23046875,-3.24620734969163,-11.2544147678,-11.3565113157516
VisualCogA_Task-2,2,1,F4,0.234375,-2.75572783069625,-10.3988684632212,-10.6354731152067
VisualCogA_Task-2,2,1,F4,0.23828125,-2.30681557104825,-9.41381338253941,-9.92916158722386
VisualCogA_Task-2,2,1,F4,0.2421875,-1.94447247898856,-9.09056715001443,-9.31159934984836
VisualCogA_Task-2,2,1,F4,0.24609375,-1.67525613166085,-8.72862820081323,-8.81386333740151
VisualCogA_Task-2,2,1,F4,0.25,-1.4954366773484,-8.10541415159976,-8.44861113421857
VisualCogA_Task-2,2,1,F4,0.25390625,-1.41480349928921,-7.86696237048656,-8.22139739658572
VisualCogA_Task-2,2,1,F4,0.2578125,-1.45232313212439,-8.1243890012675,-8.1091770322376
VisualCogA_Task-2,2,1,F4,0.26171875,-1.60659822607053,-8.29264847145235,-8.05936869673392
VisualCogA_Task-2,2,1,F4,0.265625,-1.82876088551481,-8.27876655413001,-8.02065870972019
VisualCogA_Task-2,2,1,F4,0.26953125,-2.02503856972322,-8.19781805996472,-7.96117337206847
VisualCogA_Task-2,2,1,F4,0.2734375,-2.09244244184875,-7.64969869690579,-7.87054797168498
VisualCogA_Task-2,2,1,F4,0.27734375,-1.96499971416172,-7.42456696147166,-7.75813818713392
VisualCogA_Task-2,2,1,F4,0.28125,-1.64028219000232,-8.05564450218986,-7.61489559074793
VisualCogA_Task-2,2,1,F4,0.28515625,-1.17150934849126,-7.72760087755067,-7.40397415272112
VisualCogA_Task-2,2,1,F4,0.2890625,-0.635354880961525,-7.39497580291046,-7.12525691920106
VisualCogA_Task-2,2,1,F4,0.29296875,-0.0990294340111701,-6.34296714762961,-6.80559583007117
VisualCogA_Task-2,2,1,F4,0.296875,0.396639991539683,-6.54162325668818,-6.49431939885726
VisualCogA_Task-2,2,1,F4,0.30078125,0.838032572188634,-6.2224986483769,-6.20220374888171
VisualCogA_Task-2,2,1,F4,0.3046875,1.23208793199002,-6.01354718660487,-5.94396699161947
VisualCogA_Task-2,2,1,F4,0.30859375,1.59672925192162,-5.79629057153175,-5.73601848017007
VisualCogA_Task-2,2,1,F4,0.3125,1.94771070751751,-5.30823046579343,-5.60056591721519
VisualCogA_Task-2,2,1,F4,0.31640625,2.28531356360204,-5.42785862626746,-5.56483967971663
VisualCogA_Task-2,2,1,F4,0.3203125,2.5908994222348,-5.43049342155418,-5.63170885701769
VisualCogA_Task-2,2,1,F4,0.32421875,2.83847435112647,-5.83649778507101,-5.79262745067427
VisualCogA_Task-2,2,1,F4,0.328125,3.01157561282087,-5.81478554342821,-6.02228150928696
VisualCogA_Task-2,2,1,F4,0.33203125,3.10933815812221,-6.32116340841809,-6.29901294265608
VisualCogA_Task-2,2,1,F4,0.3359375,3.13691051145433,-6.84916392707555,-6.58387233009372
VisualCogA_Task-2,2,1,F4,0.33984375,3.09020036701996,-7.24595647767143,-6.83975612305881
VisualCogA_Task-2,2,1,F4,0.34375,2.9472851883564,-7.34901206887015,-7.05166840609208
VisualCogA_Task-2,2,1,F4,0.34765625,2.67235025267034,-7.02812916656447,-7.23846329328533
VisualCogA_Task-2,2,1,F4,0.3515625,2.2320131100632,-7.19494631701391,-7.44377353729518
VisualCogA_Task-2,2,1,F4,0.35546875,1.617221998468,-7.8042196914399,-7.69370404688487
VisualCogA_Task-2,2,1,F4,0.359375,0.857274226037568,-7.7295748625264,-7.99362412912751
VisualCogA_Task-2,2,1,F4,0.36328125,0.0160342683958744,-8.13105594807455,-8.35811272814247
VisualCogA_Task-2,2,1,F4,0.3671875,-0.825558683908837,-8.68317255187402,-8.77974468249903
VisualCogA_Task-2,2,1,F4,0.37109375,-1.58887562436267,-9.20576882479729,-9.23217343242744
VisualCogA_Task-2,2,1,F4,0.375,-2.21415182431384,-9.87562151680762,-9.68100474060592
VisualCogA_Task-2,2,1,F4,0.37890625,-2.67697677438858,-10.3740544627112,-10.0896439857434
VisualCogA_Task-2,2,1,F4,0.3828125,-3.00138313440995,-10.8987796918364,-10.4377146112325
VisualCogA_Task-2,2,1,F4,0.38671875,-3.25672079795249,-10.8804761942818,-10.7285409335462
VisualCogA_Task-2,2,1,F4,0.390625,-3.53156523530111,-10.7601174150691,-11.0038693592081
VisualCogA_Task-2,2,1,F4,0.39453125,-3.89615894051449,-11.0807980865712,-11.3181075664694
VisualCogA_Task-2,2,1,F4,0.3984375,-4.37359742609029,-11.4364376169612,-11.70535057157
VisualCogA_Task-2,2,1,F4,0.40234375,-4.93170587876913,-12.0994647437058,-12.1799176007583
VisualCogA_Task-2,2,1,F4,0.40625,-5.49679316869884,-12.8780675149869,-12.7337184673985
VisualCogA_Task-2,2,1,F4,0.41015625,-5.98645924472058,-13.5201007070882,-13.3519585801003
VisualCogA_Task-2,2,1,F4,0.4140625,-6.35257681863316,-13.7155433314277,-14.0318724347728
VisualCogA_Task-2,2,1,F4,0.41796875,-6.61310003329045,-14.2163821585549,-14.7847063712403
VisualCogA_Task-2,2,1,F4,0.421875,-6.84787526200113,-15.1428962888356,-15.5953459707154
VisualCogA_Task-2,2,1,F4,0.42578125,-7.1523945184836,-16.5885241817576,-16.4013164633533
VisualCogA_Task-2,2,1,F4,0.4296875,-7.57235647202249,-17.2464786156471,-17.1024389391528
VisualCogA_Task-2,2,1,F4,0.43359375,-8.05757168741559,-18.0883267928255,-17.6141351313128
VisualCogA_Task-2,2,1,F4,0.4375,-8.46640957920242,-18.4519190367895,-17.863830079407
VisualCogA_Task-2,2,1,F4,0.44140625,-8.62610947659342,-18.468206949094,-17.8184647948014
VisualCogA_Task-2,2,1,F4,0.4453125,-8.42126642678396,-17.9990670859756,-17.4939877019776
VisualCogA_Task-2,2,1,F4,0.44921875,-7.86184306699583,-17.3194964000588,-16.9604924049414
VisualCogA_Task-2,2,1,F4,0.453125,-7.09055451941368,-16.1087903738542,-16.3301624563651
VisualCogA_Task-2,2,1,F4,0.45703125,-6.32418006463713,-15.2008783454891,-15.7450984085142
VisualCogA_Task-2,2,1,F4,0.4609375,-5.76079522214392,-14.5299244271919,-15.3289531401115
VisualCogA_Task-2,2,1,F4,0.46484375,-5.50181471144751,-14.3741062536422,-15.1600278579612
VisualCogA_Task-2,2,1,F4,0.46875,-5.52619352983822,-14.7654373049498,-15.2500380427907
VisualCogA_Task-2,2,1,F4,0.47265625,-5.7230073980592,-15.3779002007894,-15.5452057083009
VisualCogA_Task-2,2,1,F4,0.4765625,-5.95681813946965,-16.2353653930603,-15.9513694733726
VisualCogA_Task-2,2,1,F4,0.48046875,-6.12545292573104,-16.74028954434,-16.3604258312607
VisualCogA_Task-2,2,1,F4,0.484375,-6.17961862765024,-16.8171523917763,-16.6879376018606
VisualCogA_Task-2,2,1,F4,0.48828125,-6.10199447733344,-16.959153742888,-16.8811229144911
VisualCogA_Task-2,2,1,F4,0.4921875,-5.87139190473812,-17.1513714621665,-16.8979677976305
VisualCogA_Task-2,2,1,F4,0.49609375,-5.44470832788787,-17.0224156928182,-16.7029608487904
VisualCogA_Task-2,2,1,F4,0.5,-4.77070065481714,-16.5977789756476,-16.2817076375269
VisualCogA_Task-2,2,1,F4,0.50390625,-3.82181327348359,-15.6197769878,-15.6464349703984
VisualCogA_Task-2,2,1,F4,0.5078125,-2.61753620410422,-14.6893881200571,-14.8357089321401
VisualCogA_Task-2,2,1,F4,0.51171875,-1.2230650050879,-13.4719741506836,-13.8858741089373
VisualCogA_Task-2,2,1,F4,0.515625,0.274360996534649,-12.6259256253749,-12.8210816859684
VisualCogA_Task-2,2,1,F4,0.51953125,1.799125325465,-11.2552832444463,-11.6309911852239
VisualCogA_Task-2,2,1,F4,0.5234375,3.31752168911642,-10.4019524370387,-10.2889991236449
VisualCogA_Task-2,2,1,F4,0.52734375,4.85243111759404,-8.93430649399079,-8.73719302310775
VisualCogA_Task-2,2,1,F4,0.53125,6.47565173558355,-7.56987074680876,-6.92707318160479
VisualCogA_Task-2,2,1,F4,0.53515625,8.28293815720448,-4.76764880994806,-4.82656601970206
VisualCogA_Task-2,2,1,F4,0.5390625,10.3652322555324,-2.22246477553448,-2.45716442173259
VisualCogA_Task-2,2,1,F4,0.54296875,12.7862927645587,0.0872073683064323,0.164548495450123
VisualCogA_Task-2,2,1,F4,0.546875,15.5681909264092,3.07846132363597,3.04154791884241
VisualCogA_Task-2,2,1,F4,0.55078125,18.6825055707766,6.04302099284438,6.17036394151197
VisualCogA_Task-2,2,1,F4,0.5546875,22.0482536565344,9.52706770472053,9.55060277359262
VisualCogA_Task-2,2,1,F4,0.55859375,25.5422920498721,13.6061979294301,13.1712587128292
VisualCogA_Task-2,2,1,F4,0.5625,29.0273105376492,16.2165335308327,17.0193648012273
VisualCogA_Task-2,2,1,F4,0.56640625,32.3922270783796,20.2622351967457,21.118199015509
VisualCogA_Task-2,2,1,F4,0.5703125,35.5854652671238,24.8414655833247,25.4241367265304
VisualCogA_Task-2,2,1,F4,0.57421875,38.6191362168558,29.8290392223194,29.8222229869173
VisualCogA_Task-2,2,1,F4,0.578125,41.5402490478048,34.7515703659899,34.148946920695
VisualCogA_Task-2,2,1,F4,0.58203125,44.3903706210733,38.9803864686211,38.2413656715056
VisualCogA_Task-2,2,1,F4,0.5859375,47.1827602418169,42.7224146130821,41.9867550034324
VisualCogA_Task-2,2,1,F4,0.58984375,49.9067302191678,45.7411792517024,45.333975746985
VisualCogA_Task-2,2,1,F4,0.59375,52.5424467412567,48.4468942016771,48.2931937001439
VisualCogA_Task-2,2,1,F4,0.59765625,55.0636003337434,50.5223361859717,50.9085082862826
VisualCogA_Task-2,2,1,F4,0.6015625,57.4250901291217,53.0608729244432,53.2368273039024
VisualCogA_Task-2,2,1,F4,0.60546875,59.5563009050003,55.4881497631325,55.3028775431453
VisualCogA_Task-2,2,1,F4,0.609375,61.383373498848,57.3026424988138,57.1167229291984
VisualCogA_Task-2,2,1,F4,0.61328125,62.8802370756263,59.0124976399318,58.7038667389144
VisualCogA_Task-2,2,1,F4,0.6171875,64.1164227790853,60.2449724779384,60.105305546614
VisualCogA_Task-2,2,1,F4,0.62109375,65.2596658075311,61.1614149744426,61.3877551683691
VisualCogA_Task-2,2,1,F4,0.625,66.5163988802506,62.1516081279128,62.6295703311954
VisualCogA_Task-2,2,1,F4,0.62890625,68.0358779127314,63.4866321315524,63.8902440792815
VisualCogA_Task-2,2,1,F4,0.6328125,69.8324646451433,64.9914369366407,65.1894392732089
VisualCogA_Task-2,2,1,F4,0.63671875,71.7748877630001,66.562753707667,66.5131844445819
VisualCogA_Task-2,2,1,F4,0.640625,73.652914663873,68.0563128389927,67.8310079302904
VisualCogA_Task-2,2,1,F4,0.64453125,75.2851618428886,69.3769452198467,69.1165688391485
VisualCogA_Task-2,2,1,F4,0.6484375,76.6078281806537,70.6039970961456,70.3623016890283
VisualCogA_Task-2,2,1,F4,0.65234375,77.6966764041099,71.5935225134044,71.5823390295272
VisualCogA_Task-2,2,1,F4,0.65625,78.7136824291006,72.5643919260613,72.8109546941688
VisualCogA_Task-2,2,1,F4,0.66015625,79.8129429938237,73.6801019577754,74.0833544734665
VisualCogA_Task-2,2,1,F4,0.6640625,81.0623548502221,75.0248724698639,75.4141972605915
VisualCogA_Task-2,2,1,F4,0.66796875,82.4222368280636,76.5333258788394,76.784537572407
VisualCogA_Task-2,2,1,F4,0.671875,83.7804841045415,78.202933129103,78.142986193216
VisualCogA_Task-2,2,1,F4,0.67578125,85.0101662802195,79.6658358754107,79.417219599524
VisualCogA_Task-2,2,1,F4,0.6796875,86.0134009649998,80.8372490360647,80.5399098458271
VisualCogA_Task-2,2,1,F4,0.68359375,86.7375328832688,81.8399307779055,81.4644470096118
VisualCogA_Task-2,2,1,F4,0.6875,87.1729526429626,82.5623191302516,82.1689994342181
VisualCogA_Task-2,2,1,F4,0.69140625,87.3490371883408,82.8265437383934,82.6630257770099
VisualCogA_Task-2,2,1,F4,0.6953125,87.333915621169,82.9185007411531,82.9887613366876
VisualCogA_Task-2,2,1,F4,0.69921875,87.2288174836722,83.0110502725112,83.2020679087335
VisualCogA_Task-2,2,1,F4,0.703125,87.145211529062,83.0556106042327,83.3529522390018
VisualCogA_Task-2,2,1,F4,0.70703125,87.1659640400902,83.376202498949,83.475502936995
VisualCogA_Task-2,2,1,F4,0.7109375,87.3087965095177,83.3403942409701,83.5790301426514
VisualCogA_Task-2,2,1,F4,0.71484375,87.516223496902,83.3663933586676,83.6645689594054
VisualCogA_Task-2,2,1,F4,0.71875,87.6830388036089,83.796932729346,83.7132681655513
VisualCogA_Task-2,2,1,F4,0.72265625,87.7072543469297,83.9098344480947,83.6814285726553
VisualCogA_Task-2,2,1,F4,0.7265625,87.5339513181023,83.9256194848669,83.5323230392664
VisualCogA_Task-2,2,1,F4,0.73046875,87.1697437158762,83.6763018285078,83.2482582468869
VisualCogA_Task-2,2,1,F4,0.734375,86.6690852767476,83.1890966109087,82.8443155808191
VisualCogA_Task-2,2,1,F4,0.73828125,86.1084461424581,82.3516858948114,82.3712467248338
VisualCogA_Task-2,2,1,F4,0.7421875,85.562630570345,81.7372568852384,81.9085351152092
VisualCogA_Task-2,2,1,F4,0.74609375,85.0907776905351,81.3416856002643,81.5340341190548
VisualCogA_Task-2,2,1,F4,0.75,84.7352765395412,81.0650284484083,81.3113239176493
VisualCogA_Task-2,2,1,F4,0.75390625,84.5311945604506,80.9267290022852,81.2879556490388
VisualCogA_Task-2,2,1,F4,0.7578125,84.5159197960943,81.0981003510786,81.4909558288328
VisualCogA_Task-2,2,1,F4,0.76171875,84.7259002902743,81.6700817036956,81.9172487520778
VisualCogA_Task-2,2,1,F4,0.765625,85.1762705313386,82.4344441729509,82.5310207573409
VisualCogA_Task-2,2,1,F4,0.76953125,85.8359514196224,83.4229802535349,83.2758609291571
VisualCogA_Task-2,2,1,F4,0.7734375,86.6205396657993,84.2536650999552,84.0873103033625
VisualCogA_Task-2,2,1,F4,0.77734375,87.4154317661543,85.0554908262655,84.9131698594913
VisualCogA_Task-2,2,1,F4,0.78125,88.1188179522833,85.9117095556006,85.7151034767936
VisualCogA_Task-2,2,1,F4,0.78515625,88.6791953243053,86.692127078761,86.466635115084
VisualCogA_Task-2,2,1,F4,0.7890625,89.1057992497515,87.3070135149272,87.1576725740777
VisualCogA_Task-2,2,1,F4,0.79296875,89.4458809974198,87.8245138421477,87.796914650463
VisualCogA_Task-2,2,1,F4,0.796875,89.7401997015613,88.2106719239403,88.4055052193321
VisualCogA_Task-2,2,1,F4,0.80078125,89.9819151538884,88.9203956910171,89.0068880884179
VisualCogB_Task-1,1,-1,Fz,-0.19921875,0.751476126575021,0.698813940507027,0.352970653179798
VisualCogB_Task-1,1,-1,Fz,-0.1953125,0.61033750682946,0.650900453451067,0.436308898255684
VisualCogB_Task-1,1,-1,Fz,-0.19140625,0.503855176620944,0.366350016325931,0.548467417275506
VisualCogB_Task-1,1,-1,Fz,-0.1875,0.470602834777263,0.204972451205967,0.736149113782816
VisualCogB_Task-1,1,-1,Fz,-0.18359375,0.548150859875286,0.559708979445281,1.03088044124203
VisualCogB_Task-1,1,-1,Fz,-0.1796875,0.751027146348528,1.13174778989547,1.41992313123617
VisualCogB_Task-1,1,-1,Fz,-0.17578125,1.05298913973249,1.85601408129502,1.85127462686519
VisualCogB_Task-1,1,-1,Fz,-0.171875,1.3839771098354,2.37663415642599,2.24891775945065
VisualCogB_Task-1,1,-1,Fz,-0.16796875,1.64550235209417,2.89613819839028,2.53723031484993
VisualCogB_Task-1,1,-1,Fz,-0.1640625,1.74005997447913,3.15316043106888,2.65123311200168
VisualCogB_Task-1,1,-1,Fz,-0.16015625,1.60383873145162,2.92156266807734,2.5558559601396
VisualCogB_Task-1,1,-1,Fz,-0.15625,1.22962958342295,2.41270048934987,2.25785594508629
VisualCogB_Task-1,1,-1,Fz,-0.15234375,0.668794304714612,1.83662422665842,1.7944657116592
VisualCogB_Task-1,1,-1,Fz,-0.1484375,0.00942557950911546,1.08391237990244,1.21582161669772
VisualCogB_Task-1,1,-1,Fz,-0.14453125,-0.658344735414807,0.589732123822317,0.575573226624516
VisualCogB_Task-1,1,-1,Fz,-0.140625,-1.2696198137855,-0.133509590904168,-0.0836223285373625
VisualCogB_Task-1,1,-1,Fz,-0.13671875,-1.7902197351055,-0.641814442532325,-0.717928010665037
VisualCogB_Task-1,1,-1,Fz,-0.1328125,-2.20360768550296,-1.46171458916618,-1.28766405349954
VisualCogB_Task-1,1,-1,Fz,-0.12890625,-2.4960512421442,-1.94659529003232,-1.74680789343749
VisualCogB_Task-1,1,-1,Fz,-0.125,-2.6543213122344,-2.3014324004491,-2.06384117818109
VisualCogB_Task-1,1,-1,Fz,-0.12109375,-2.67452353866239,-2.43688675328903,-2.22389450514876
VisualCogB_Task-1,1,-1,Fz,-0.1171875,-2.56743048602508,-2.29494045039168,-2.23189774028126
VisualCogB_Task-1,1,-1,Fz,-0.11328125,-2.34986714196393,-1.95018246735857,-2.11053010353102
VisualCogB_Task-1,1,-1,Fz,-0.109375,-2.02977591747111,-1.6764575064985,-1.88772437402637
VisualCogB_Task-1,1,-1,Fz,-0.10546875,-1.60232489716507,-1.59701822358608,-1.57805102788124
VisualCogB_Task-1,1,-1,Fz,-0.1015625,-1.06204341207684,-1.47449435064451,-1.1784749689156
VisualCogB_Task-1,1,-1,Fz,-0.09765625,-0.417620162166732,-1.00059476494708,-0.687541700591461
VisualCogB_Task-1,1,-1,Fz,-0.09375,0.30354197213634,-0.478372308202678,-0.128465008181597
VisualCogB_Task-1,1,-1,Fz,-0.08984375,1.05754680967283,0.340466554063406,0.449453567678256
VisualCogB_Task-1,1,-1,Fz,-0.0859375,1.78175318895289,1.06013667809516,0.967753544683939
VisualCogB_Task-1,1,-1,Fz,-0.08203125,2.38752007296175,1.82599472858827,1.33889218939672
VisualCogB_Task-1,1,-1,Fz,-0.078125,2.76269919207468,2.23279852858503,1.48302536282881
VisualCogB_Task-1,1,-1,Fz,-0.07421875,2.80072874358148,2.14228287379662,1.36090080425837
VisualCogB_Task-1,1,-1,Fz,-0.0703125,2.45538456597745,1.49642401359141,0.995747350109914
VisualCogB_Task-1,1,-1,Fz,-0.06640625,1.79215321501574,0.492394481143003,0.475909009269492
VisualCogB_Task-1,1,-1,Fz,-0.0625,0.993916105048038,-0.59070731855262,-0.0685471540867354
VisualCogB_Task-1,1,-1,Fz,-0.05859375,0.301010845619058,-1.32113942132519,-0.506180286459811
VisualCogB_Task-1,1,-1,Fz,-0.0546875,-0.0880077930975115,-1.57332235062941,-0.749062881389602
VisualCogB_Task-1,1,-1,Fz,-0.05078125,-0.0992508118340755,-1.35480034219076,-0.777180693654756
VisualCogB_Task-1,1,-1,Fz,-0.046875,0.192037287065058,-0.747682197524128,-0.639207767137237
VisualCogB_Task-1,1,-1,Fz,-0.04296875,0.599398570635338,-0.141774871532936,-0.431953116430345
VisualCogB_Task-1,1,-1,Fz,-0.0390625,0.90226131839238,0.135996181788154,-0.261265291992952
VisualCogB_Task-1,1,-1,Fz,-0.03515625,0.931859760078277,0.416149976189512,-0.208811323875814
VisualCogB_Task-1,1,-1,Fz,-0.03125,0.634709742136746,0.37980392986012,-0.323153119314594
VisualCogB_Task-1,1,-1,Fz,-0.02734375,0.0852453396841435,-0.308117723787526,-0.600772477206178
VisualCogB_Task-1,1,-1,Fz,-0.0234375,-0.560639486923115,-1.21432814679383,-0.979571442349558
VisualCogB_Task-1,1,-1,Fz,-0.01953125,-1.14427913486064,-1.72449613377902,-1.3730641634255
VisualCogB_Task-1,1,-1,Fz,-0.015625,-1.56845467830934,-1.9189265899454,-1.71432784781848
VisualCogB_Task-1,1,-1,Fz,-0.01171875,-1.81680731089455,-2.12818676600656,-1.9657257004424
VisualCogB_Task-1,1,-1,Fz,-0.0078125,-1.9310655474037,-2.10003047236381,-2.10667082138844
VisualCogB_Task-1,1,-1,Fz,-0.00390625,-1.96717831225673,-2.12207094433701,-2.1301147328781
VisualCogB_Task-1,1,-1,Fz,0,-1.95285732203324,-2.2186500087895,-2.02845559471418
VisualCogB_Task-1,1,-1,Fz,0.00390625,-1.86696171196969,-2.01031153823538,-1.79342125098772
VisualCogB_Task-1,1,-1,Fz,0.0078125,-1.65538283605158,-1.67708241673259,-1.43258908029601
VisualCogB_Task-1,1,-1,Fz,0.01171875,-1.27959479355265,-1.21835698180695,-0.97161065184035
VisualCogB_Task-1,1,-1,Fz,0.015625,-0.767877524980208,-0.652018722150285,-0.45651197952507
VisualCogB_Task-1,1,-1,Fz,0.01953125,-0.227762548608713,0.120079298275494,0.0461187285816145
VisualCogB_Task-1,1,-1,Fz,0.0234375,0.199892763242333,0.907251640246971,0.453401035859386
VisualCogB_Task-1,1,-1,Fz,0.02734375,0.419429698152045,1.57178178890186,0.68861788649575
VisualCogB_Task-1,1,-1,Fz,0.03125,0.434625025130954,1.29792322847941,0.712873108377179
VisualCogB_Task-1,1,-1,Fz,0.03515625,0.335978840042328,0.566461147517424,0.56086752125732
VisualCogB_Task-1,1,-1,Fz,0.0390625,0.228529048840267,-0.171099074535715,0.316056121565004
VisualCogB_Task-1,1,-1,Fz,0.04296875,0.152573095917675,-0.543396472295649,0.0623600412507391
VisualCogB_Task-1,1,-1,Fz,0.046875,0.0555483901133697,-0.410705464908544,-0.156895854076693
VisualCogB_Task-1,1,-1,Fz,0.05078125,-0.162480276261804,-0.221675772531251,-0.348866408270711
VisualCogB_Task-1,1,-1,Fz,0.0546875,-0.560520097114341,-0.169231489465109,-0.541857266087386
VisualCogB_Task-1,1,-1,Fz,0.05859375,-1.09075306420989,-0.618810794504302,-0.753574852637836
VisualCogB_Task-1,1,-1,Fz,0.0625,-1.60744239534037,-1.07284124808196,-0.97067344498132
VisualCogB_Task-1,1,-1,Fz,0.06640625,-1.94777764193899,-1.40447490137545,-1.16857698199931
VisualCogB_Task-1,1,-1,Fz,0.0703125,-2.02802352973976,-1.49302463576808,-1.33122338616498
VisualCogB_Task-1,1,-1,Fz,0.07421875,-1.89095420932434,-1.5542474290492,-1.46220873989953
VisualCogB_Task-1,1,-1,Fz,0.078125,-1.67870418075273,-1.44855302720255,-1.57861256309109
VisualCogB_Task-1,1,-1,Fz,0.08203125,-1.55091522589238,-1.35195014038544,-1.70518426639025
VisualCogB_Task-1,1,-1,Fz,0.0859375,-1.59452695576105,-1.60494781263995,-1.85583496579023
VisualCogB_Task-1,1,-1,Fz,0.08984375,-1.77524236783365,-1.90531283927767,-2.01503960011718
VisualCogB_Task-1,1,-1,Fz,0.09375,-1.95944027041162,-2.2830881263177,-2.14636584543471
VisualCogB_Task-1,1,-1,Fz,0.09765625,-1.99312218411413,-2.47019432342363,-2.20423748106982
VisualCogB_Task-1,1,-1,Fz,0.1015625,-1.78931114608664,-2.57263074261864,-2.15447180975644
VisualCogB_Task-1,1,-1,Fz,0.10546875,-1.37582165198568,-2.38523610525208,-1.98504920442461
VisualCogB_Task-1,1,-1,Fz,0.109375,-0.885031606741494,-1.90243799336357,-1.71879661574292
VisualCogB_Task-1,1,-1,Fz,0.11328125,-0.496207025236561,-1.28757526100845,-1.41188990278224
VisualCogB_Task-1,1,-1,Fz,0.1171875,-0.355368800081308,-0.761315258391055,-1.1358083727485
VisualCogB_Task-1,1,-1,Fz,0.12109375,-0.506230483537041,-0.489743858805982,-0.951671779366451
VisualCogB_Task-1,1,-1,Fz,0.125,-0.868663446253446,-0.495516151262314,-0.889392116831093
VisualCogB_Task-1,1,-1,Fz,0.12890625,-1.28191955579332,-0.787486881423732,-0.94038738595737
VisualCogB_Task-1,1,-1,Fz,0.1328125,-1.58884590717441,-1.07142578175737,-1.0632525904295
VisualCogB_Task-1,1,-1,Fz,0.13671875,-1.70870932798367,-1.37576436998787,-1.20384102522055
VisualCogB_Task-1,1,-1,Fz,0.140625,-1.65941455494956,-1.79613113874977,-1.30868708458092
VisualCogB_Task-1,1,-1,Fz,0.14453125,-1.52987863844691,-1.52080802122323,-1.3386521081583
VisualCogB_Task-1,1,-1,Fz,0.1484375,-1.42969152533571,-1.3341774592647,-1.29521777344777
VisualCogB_Task-1,1,-1,Fz,0.15234375,-1.4398539145987,-1.24076002558778,-1.19504541736647
VisualCogB_Task-1,1,-1,Fz,0.15625,-1.57564882119941,-0.883208924980005,-1.05804301731632
VisualCogB_Task-1,1,-1,Fz,0.16015625,-1.7713882668209,-0.769877702286951,-0.907928101384322
VisualCogB_Task-1,1,-1,Fz,0.1640625,-1.90018118551227,-0.76862890325566,-0.753848689962799
VisualCogB_Task-1,1,-1,Fz,0.16796875,-1.83148765770224,-0.813986664697335,-0.593448603519286
VisualCogB_Task-1,1,-1,Fz,0.171875,-1.5041476240719,-0.586504478572231,-0.425603346962391
VisualCogB_Task-1,1,-1,Fz,0.17578125,-0.973131986791686,-0.254625196352818,-0.267566596965561
VisualCogB_Task-1,1,-1,Fz,0.1796875,-0.39578051159966,0.043535912299271,-0.150000457836394
VisualCogB_Task-1,1,-1,Fz,0.18359375,0.041130949508946,0.192765834043827,-0.102488583831429
VisualCogB_Task-1,1,-1,Fz,0.1875,0.212380043881076,0.18017074783689,-0.138486598362563
VisualCogB_Task-1,1,-1,Fz,0.19140625,0.109756638328124,-0.102559382333342,-0.246845590018758
VisualCogB_Task-1,1,-1,Fz,0.1953125,-0.165374754469658,-0.423720122652188,-0.389861868539018
VisualCogB_Task-1,1,-1,Fz,0.19921875,-0.457044024061628,-0.700646041891701,-0.517807893021899
VisualCogB_Task-1,1,-1,Fz,0.203125,-0.619080523986562,-0.936722389676831,-0.583777643742052
VisualCogB_Task-1,1,-1,Fz,0.20703125,-0.560821822918398,-0.847770061165745,-0.556101613379945
VisualCogB_Task-1,1,-1,Fz,0.2109375,-0.267014180810461,-0.585162731585526,-0.43252235677728
VisualCogB_Task-1,1,-1,Fz,0.21484375,0.206100259566603,-0.205738751747074,-0.235088132757906
VisualCogB_Task-1,1,-1,Fz,0.21875,0.756355512006962,0.125756814769696,0.001432768620307
VisualCogB_Task-1,1,-1,Fz,0.22265625,1.27565958037077,0.252662871002396,0.244717839050391
VisualCogB_Task-1,1,-1,Fz,0.2265625,1.68772293668168,0.613477682190875,0.472804907404494
VisualCogB_Task-1,1,-1,Fz,0.23046875,1.96538859401723,0.618410429900065,0.664393888550764
VisualCogB_Task-1,1,-1,Fz,0.234375,2.1211295473457,0.800615044917923,0.809907428589547
VisualCogB_Task-1,1,-1,Fz,0.23828125,2.18089517013143,1.18101965491931,0.895936218733632
VisualCogB_Task-1,1,-1,Fz,0.2421875,2.16177936386198,1.30849590758185,0.908296584889838
VisualCogB_Task-1,1,-1,Fz,0.24609375,2.07130446505543,0.94736204995874,0.856561805980458
VisualCogB_Task-1,1,-1,Fz,0.25,1.92965197194729,0.612187530551644,0.783655104485451
VisualCogB_Task-1,1,-1,Fz,0.25390625,1.79505199233864,0.672130764336535,0.740066389882965
VisualCogB_Task-1,1,-1,Fz,0.2578125,1.76454778784933,0.555948825455028,0.761996607156668
VisualCogB_Task-1,1,-1,Fz,0.26171875,1.93849581527835,0.684547462346962,0.879985399161355
VisualCogB_Task-1,1,-1,Fz,0.265625,2.36748624478635,0.947129292174453,1.10740176027668
VisualCogB_Task-1,1,-1,Fz,0.26953125,3.01884875934372,1.23761300283403,1.44132819014778
VisualCogB_Task-1,1,-1,Fz,0.2734375,3.78825715386347,1.92479999833561,1.86549114941126
VisualCogB_Task-1,1,-1,Fz,0.27734375,4.55009358235246,2.52831800502819,2.34664083309423
VisualCogB_Task-1,1,-1,Fz,0.28125,5.21615832863089,3.13459327994478,2.85646984030087
VisualCogB_Task-1,1,-1,Fz,0.28515625,5.77140137389668,3.43761666904502,3.38181053446315
VisualCogB_Task-1,1,-1,Fz,0.2890625,6.27060234869975,3.9569353186004,3.93267223231673
VisualCogB_Task-1,1,-1,Fz,0.29296875,6.799945614045,4.51626501919745,4.52371476181239
VisualCogB_Task-1,1,-1,Fz,0.296875,7.42579429010698,4.7990354120997,5.1716198747579
VisualCogB_Task-1,1,-1,Fz,0.30078125,8.15918798957697,5.10911516483583,5.89244851107646
VisualCogB_Task-1,1,-1,Fz,0.3046875,8.9502565650528,6.65563536457852,6.67121290546973
VisualCogB_Task-1,1,-1,Fz,0.30859375,9.7052790862654,7.59035902806461,7.42764751378599
VisualCogB_Task-1,1,-1,Fz,0.3125,10.3142273972243,8.58461468422042,8.08018866346594
VisualCogB_Task-1,1,-1,Fz,0.31640625,10.6870405446642,9.25014343869137,8.56083197480679
VisualCogB_Task-1,1,-1,Fz,0.3203125,10.7974303835833,9.45963065434552,8.84360856983533
VisualCogB_Task-1,1,-1,Fz,0.32421875,10.7151503686617,9.14236005441458,8.95999219256871
VisualCogB_Task-1,1,-1,Fz,0.328125,10.5963595727536,8.65524397148586,8.99279176073324
VisualCogB_Task-1,1,-1,Fz,0.33203125,10.6217358210161,8.40290424146759,9.04001351387575
VisualCogB_Task-1,1,-1,Fz,0.3359375,10.9108496249732,8.41850267671958,9.17153470910578
VisualCogB_Task-1,1,-1,Fz,0.33984375,11.4615790957338,8.86830951375398,9.4041401641655
VisualCogB_Task-1,1,-1,Fz,0.34375,12.1472835875001,9.63498291400291,9.69186202743158
VisualCogB_Task-1,1,-1,Fz,0.34765625,12.7699090785259,10.309634131127,9.94407989307974
VisualCogB_Task-1,1,-1,Fz,0.3515625,13.1403911562852,10.6979704327668,10.0654334291666
VisualCogB_Task-1,1,-1,Fz,0.35546875,13.1492223847988,10.5867736240356,9.99102515691943
VisualCogB_Task-1,1,-1,Fz,0.359375,12.7989752626445,9.95152242737844,9.70866901453215
VisualCogB_Task-1,1,-1,Fz,0.36328125,12.1911457200687,9.30687339238886,9.2558246457917
VisualCogB_Task-1,1,-1,Fz,0.3671875,11.4792076753412,8.47633865098563,8.69018947888886
VisualCogB_Task-1,1,-1,Fz,0.37109375,10.8080220930905,7.78981479977875,8.07371500423088
VisualCogB_Task-1,1,-1,Fz,0.375,10.2608334858296,7.06805774070033,7.45053180989968
VisualCogB_Task-1,1,-1,Fz,0.37890625,9.83540767437672,6.82853704027148,6.8411121336062
VisualCogB_Task-1,1,-1,Fz,0.3828125,9.46324551436982,6.62536491326609,6.23405537396144
VisualCogB_Task-1,1,-1,Fz,0.38671875,9.06284878428924,5.78154941048925,5.61691300513182
VisualCogB_Task-1,1,-1,Fz,0.390625,8.59313674300309,5.23381353806645,5.00984562955914
VisualCogB_Task-1,1,-1,Fz,0.39453125,8.07122719217291,4.03654905179801,4.44673355013168
VisualCogB_Task-1,1,-1,Fz,0.3984375,7.54680486436293,3.34376952721058,3.9801210621133
VisualCogB_Task-1,1,-1,Fz,0.40234375,7.05998155715345,3.41961028131071,3.62837041924007
VisualCogB_Task-1,1,-1,Fz,0.40625,6.61841296071178,3.26195437702538,3.35681458067284
VisualCogB_Task-1,1,-1,Fz,0.41015625,6.2056361885526,3.30999878217359,3.11338982741164
VisualCogB_Task-1,1,-1,Fz,0.4140625,5.80362218214985,3.19877793198568,2.83812742348593
VisualCogB_Task-1,1,-1,Fz,0.41796875,5.40690500324078,2.84517653447692,2.48744271248862
VisualCogB_Task-1,1,-1,Fz,0.421875,5.02093407224682,2.21811917683937,2.04780524705431
VisualCogB_Task-1,1,-1,Fz,0.42578125,4.65203858656025,1.70128456341829,1.53549573164992
VisualCogB_Task-1,1,-1,Fz,0.4296875,4.29999543557117,1.17954149955308,0.980987698224471
VisualCogB_Task-1,1,-1,Fz,0.43359375,3.96065859885856,0.400823538321571,0.42857041470769
VisualCogB_Task-1,1,-1,Fz,0.4375,3.63957538664269,-0.455272423152813,-0.0609207008599886
VisualCogB_Task-1,1,-1,Fz,0.44140625,3.3688438253181,-0.715963431151538,-0.42896247013697
VisualCogB_Task-1,1,-1,Fz,0.4453125,3.21257766514438,-0.850333571958377,-0.649894358306064
VisualCogB_Task-1,1,-1,Fz,0.44921875,3.24822718466402,-1.27646195046113,-0.72197257730129
VisualCogB_Task-1,1,-1,Fz,0.453125,3.52445055677482,-0.503463486135024,-0.66015660686103
VisualCogB_Task-1,1,-1,Fz,0.45703125,4.01527193032191,-0.206257137286485,-0.525613374486986
VisualCogB_Task-1,1,-1,Fz,0.4609375,4.60300618409224,-0.110278333505174,-0.366452047620358
VisualCogB_Task-1,1,-1,Fz,0.46484375,5.1159452058645,0.00649243411394711,-0.204168773935638
VisualCogB_Task-1,1,-1,Fz,0.46875,5.41446136476873,0.545213596776947,-0.0389118915977197
VisualCogB_Task-1,1,-1,Fz,0.47265625,5.47653758639624,0.334787335864521,0.146725361899302
VisualCogB_Task-1,1,-1,Fz,0.4765625,5.420478550828,0.122868672766875,0.418826873092556
VisualCogB_Task-1,1,-1,Fz,0.48046875,5.44300628198115,0.0498456499712191,0.859148359682937
VisualCogB_Task-1,1,-1,Fz,0.484375,5.71398749390222,0.688739287291643,1.52478235601087
VisualCogB_Task-1,1,-1,Fz,0.48828125,6.29609008641592,2.20567015560861,2.40537950394079
VisualCogB_Task-1,1,-1,Fz,0.4921875,7.13085981235733,3.77208090831947,3.42092018961055
VisualCogB_Task-1,1,-1,Fz,0.49609375,8.08719039923561,4.73031142711144,4.47474235346363
VisualCogB_Task-1,1,-1,Fz,0.5,9.03864516365785,5.89546192901957,5.49944732916928
VisualCogB_Task-1,1,-1,Fz,0.50390625,9.92585215668345,6.88095975915213,6.44893387320071
VisualCogB_Task-1,1,-1,Fz,0.5078125,10.766720688169,7.51671720347241,7.31010195868532
VisualCogB_Task-1,1,-1,Fz,0.51171875,11.6081123662958,7.81924393974532,8.10585371591315
VisualCogB_Task-1,1,-1,Fz,0.515625,12.45744470838,8.5465352176393,8.8763092122398
VisualCogB_Task-1,1,-1,Fz,0.51953125,13.2519662645377,9.25649160022786,9.6377043670069
VisualCogB_Task-1,1,-1,Fz,0.5234375,13.8916925392642,10.1543415756001,10.3787939333394
VisualCogB_Task-1,1,-1,Fz,0.52734375,14.3063019313313,11.5802711298479,11.0565649337972
VisualCogB_Task-1,1,-1,Fz,0.53125,14.5010128696505,12.108994925127,11.6093000277955
VisualCogB_Task-1,1,-1,Fz,0.53515625,14.5529892914321,12.2897235452328,12.0189240577535
VisualCogB_Task-1,1,-1,Fz,0.5390625,14.5744280850217,12.4334182697825,12.3090031075347
VisualCogB_Task-1,1,-1,Fz,0.54296875,14.6747239343372,12.2513183205872,12.5256698849594
VisualCogB_Task-1,1,-1,Fz,0.546875,14.9357335403531,12.7126901539536,12.7254250280351
VisualCogB_Task-1,1,-1,Fz,0.55078125,15.3931077746272,12.2018358667352,12.9419065444048
VisualCogB_Task-1,1,-1,Fz,0.5546875,16.0180373800949,13.042613341675,13.207691202205
VisualCogB_Task-1,1,-1,Fz,0.55859375,16.710952954386,14.0184415932794,13.4936832130994
VisualCogB_Task-1,1,-1,Fz,0.5625,17.3279668921043,13.8393079594709,13.7570303003746
VisualCogB_Task-1,1,-1,Fz,0.56640625,17.7449072895955,13.4702965673026,13.9986100523319
VisualCogB_Task-1,1,-1,Fz,0.5703125,17.9283674641376,14.771772525376,14.226156528864
VisualCogB_Task-1,1,-1,Fz,0.57421875,17.9612507262828,15.1323420201447,14.4033776661112
VisualCogB_Task-1,1,-1,Fz,0.578125,17.9946212091477,14.5579117952805,14.5394493999231
VisualCogB_Task-1,1,-1,Fz,0.58203125,18.156085956502,14.118513216558,14.7042946956521
VisualCogB_Task-1,1,-1,Fz,0.5859375,18.4817684645042,14.6761393881293,14.9693750515972
VisualCogB_Task-1,1,-1,Fz,0.58984375,18.9166497690046,14.902948291154,15.3573368427992
VisualCogB_Task-1,1,-1,Fz,0.59375,19.3707529198723,15.611828247422,15.8663901390101
VisualCogB_Task-1,1,-1,Fz,0.59765625,19.7809489743291,16.1537892518744,16.456879297345
VisualCogB_Task-1,1,-1,Fz,0.6015625,20.1367877137292,17.28718531184,17.067935183953
VisualCogB_Task-1,1,-1,Fz,0.60546875,20.4656991587143,18.114581146619,17.6134311611941
VisualCogB_Task-1,1,-1,Fz,0.609375,20.8020392297604,18.9931751311606,18.0255114354189
VisualCogB_Task-1,1,-1,Fz,0.61328125,21.1659600219584,18.9414590245657,18.2780827117634
VisualCogB_Task-1,1,-1,Fz,0.6171875,21.5616796676008,18.010371368874,18.4256903366753
VisualCogB_Task-1,1,-1,Fz,0.62109375,21.9909511184694,18.1983196325762,18.5781610160027
VisualCogB_Task-1,1,-1,Fz,0.625,22.4725051178707,18.8761275312738,18.8107115416101
VisualCogB_Task-1,1,-1,Fz,0.62890625,23.0557145641728,19.05344911942,19.166905256743
VisualCogB_Task-1,1,-1,Fz,0.6328125,23.8164541853941,19.5551714908165,19.6957568371193
VisualCogB_Task-1,1,-1,Fz,0.63671875,24.8311891014558,20.0835304444731,20.4368262803461
VisualCogB_Task-1,1,-1,Fz,0.640625,26.1387538022057,20.7735671440142,21.4179581385056
VisualCogB_Task-1,1,-1,Fz,0.64453125,27.7068581505262,22.3647754835659,22.637555644024
VisualCogB_Task-1,1,-1,Fz,0.6484375,29.4194224890093,23.7795487124154,24.0403227797862
VisualCogB_Task-1,1,-1,Fz,0.65234375,31.0962011442978,25.799497782738,25.5482318486392
VisualCogB_Task-1,1,-1,Fz,0.65625,32.5451491562664,26.4575765911772,27.0615239811491
VisualCogB_Task-1,1,-1,Fz,0.66015625,33.6289335898364,29.3937412408803,28.5013791357233
VisualCogB_Task-1,1,-1,Fz,0.6640625,34.3143446337921,30.6710613954387,29.7386483216051
VisualCogB_Task-1,1,-1,Fz,0.66796875,34.680499155426,30.9651484632686,30.7185460568008
VisualCogB_Task-1,1,-1,Fz,0.671875,34.8812442192899,31.4865086771339,31.4639879488029
VisualCogB_Task-1,1,-1,Fz,0.67578125,35.0760831977412,31.8446779374749,32.0184398056429
VisualCogB_Task-1,1,-1,Fz,0.6796875,35.3589983570812,32.0783249179148,32.427244162713
VisualCogB_Task-1,1,-1,Fz,0.68359375,35.7199679029583,32.4277297032021,32.7212633997249
VisualCogB_Task-1,1,-1,Fz,0.6875,36.058293865092,32.8220365900452,32.9022832926572
VisualCogB_Task-1,1,-1,Fz,0.69140625,36.2349071401979,32.8786740849344,32.9476284761113
VisualCogB_Task-1,1,-1,Fz,0.6953125,36.1290953651933,32.8118763936246,32.8279363594713
VisualCogB_Task-1,1,-1,Fz,0.69921875,35.6724839446201,32.7765647983162,32.5080981528561
VisualCogB_Task-1,1,-1,Fz,0.703125,34.8583863306983,32.422080742332,31.9516667358979
VisualCogB_Task-1,1,-1,Fz,0.70703125,33.7416041963403,31.7458439854502,31.1445672086834
VisualCogB_Task-1,1,-1,Fz,0.7109375,32.4394142063646,30.7103621397215,30.1119258385024
VisualCogB_Task-1,1,-1,Fz,0.71484375,31.1269594415496,29.1987714837419,28.9289752907087
VisualCogB_Task-1,1,-1,Fz,0.71875,30.0082873458687,26.695508472081,27.7208179224241
VisualCogB_Task-1,1,-1,Fz,0.72265625,29.2536566482488,25.8814042668585,26.6350391068566
VisualCogB_Task-1,1,-1,Fz,0.7265625,28.9236143196152,24.9531925005039,25.733781763019
VisualCogB_Task-1,1,-1,Fz,0.73046875,28.9263828765277,24.8007675896149,25.0163859065908
VisualCogB_Task-1,1,-1,Fz,0.734375,29.046709500514,24.3420634008526,24.4171424480419
VisualCogB_Task-1,1,-1,Fz,0.73828125,29.0385892482872,24.2929062675,23.8523741047611
VisualCogB_Task-1,1,-1,Fz,0.7421875,28.727317942719,24.0241583693162,23.2321470068711
VisualCogB_Task-1,1,-1,Fz,0.74609375,28.0609387690646,22.7906756245638,22.5032382980564
VisualCogB_Task-1,1,-1,Fz,0.75,27.0925003622848,21.7173459956861,21.6784260688719
VisualCogB_Task-1,1,-1,Fz,0.75390625,25.9239735283229,20.9750725255369,20.7944415204146
VisualCogB_Task-1,1,-1,Fz,0.7578125,24.6578556424484,19.7998396186837,19.8912591810163
VisualCogB_Task-1,1,-1,Fz,0.76171875,23.3793025848979,18.8031265990218,19.0239061627686
VisualCogB_Task-1,1,-1,Fz,0.765625,22.1607856902771,18.019100942233,18.2397912809026
VisualCogB_Task-1,1,-1,Fz,0.76953125,21.0697013852701,17.4338768902318,17.5679250536699
VisualCogB_Task-1,1,-1,Fz,0.7734375,20.1669103878626,16.8196807940366,17.0189271377666
VisualCogB_Task-1,1,-1,Fz,0.77734375,19.4957433816731,16.39551161598,16.5922465096025
VisualCogB_Task-1,1,-1,Fz,0.78125,19.0674029974579,16.294437326249,16.2707282836094
VisualCogB_Task-1,1,-1,Fz,0.78515625,18.8505107195593,16.0936903935729,16.0208229997509
VisualCogB_Task-1,1,-1,Fz,0.7890625,18.7711168284484,16.1754062476947,15.8109569515438
VisualCogB_Task-1,1,-1,Fz,0.79296875,18.72429731986,15.4762854814516,15.6156287153234
VisualCogB_Task-1,1,-1,Fz,0.796875,18.5930525402764,15.3686437294835,15.4397076421043
VisualCogB_Task-1,1,-1,Fz,0.80078125,18.2696362624416,15.428426081063,15.276451146745
VisualCogB_Task-1,1,-1,F3,-0.19921875,2.5840091389944,2.37142883459157,2.2104735696191
VisualCogB_Task-1,1,-1,F3,-0.1953125,2.25610611475189,2.27580113624168,2.27855133374292
VisualCogB_Task-1,1,-1,F3,-0.19140625,1.94168257713276,2.16171231287002,2.36004203661444
VisualCogB_Task-1,1,-1,F3,-0.1875,1.69291656526376,2.24559810855444,2.46812943385628
VisualCogB_Task-1,1,-1,F3,-0.18359375,1.55152413194481,2.67037032852924,2.59946980411232
VisualCogB_Task-1,1,-1,F3,-0.1796875,1.52800531073447,2.56840941870366,2.73217514891799
VisualCogB_Task-1,1,-1,F3,-0.17578125,1.59397734269909,2.87300339019287,2.85026584684344
VisualCogB_Task-1,1,-1,F3,-0.171875,1.69111213556193,3.07568694534118,2.9241151322743
VisualCogB_Task-1,1,-1,F3,-0.16796875,1.75230722483169,3.09299547798554,2.92599103487534
VisualCogB_Task-1,1,-1,F3,-0.1640625,1.7242978284871,2.99259334580606,2.84079256873354
VisualCogB_Task-1,1,-1,F3,-0.16015625,1.58104640802954,2.62408673343913,2.66733578486174
VisualCogB_Task-1,1,-1,F3,-0.15625,1.32420796060715,2.26735212794463,2.41708679902883
VisualCogB_Task-1,1,-1,F3,-0.15234375,0.973715504851152,2.09301267279727,2.09790763938514
VisualCogB_Task-1,1,-1,F3,-0.1484375,0.554753064336207,1.87471738075764,1.70518244482398
VisualCogB_Task-1,1,-1,F3,-0.14453125,0.0886598233181849,1.57121726255479,1.23388744035635
VisualCogB_Task-1,1,-1,F3,-0.140625,-0.406823535979162,0.980536853583246,0.693126762321052
VisualCogB_Task-1,1,-1,F3,-0.13671875,-0.909556731770799,0.138295705540517,0.120115365573412
VisualCogB_Task-1,1,-1,F3,-0.1328125,-1.3853287922548,-0.679605099958991,-0.423980954092713
VisualCogB_Task-1,1,-1,F3,-0.12890625,-1.78791492604555,-1.16976442695789,-0.876481372552881
VisualCogB_Task-1,1,-1,F3,-0.125,-2.0673549680664,-1.22300052155439,-1.19600707783817
VisualCogB_Task-1,1,-1,F3,-0.12109375,-2.18049122322433,-1.50463907739882,-1.36561951251342
VisualCogB_Task-1,1,-1,F3,-0.1171875,-2.09748638138977,-1.50089240832314,-1.37062957278646
VisualCogB_Task-1,1,-1,F3,-0.11328125,-1.80430533344786,-1.46009464377054,-1.20793311860561
VisualCogB_Task-1,1,-1,F3,-0.109375,-1.30709320365335,-1.0132108451677,-0.88528124621387
VisualCogB_Task-1,1,-1,F3,-0.10546875,-0.64064979059816,-0.545325871988306,-0.43143851228469
VisualCogB_Task-1,1,-1,F3,-0.1015625,0.128833606088887,-0.00274384982427467,0.114169726595683
VisualCogB_Task-1,1,-1,F3,-0.09765625,0.919747211329552,0.559122933414274,0.702627500532363
VisualCogB_Task-1,1,-1,F3,-0.09375,1.66453216806365,1.21640838234117,1.27527604159546
VisualCogB_Task-1,1,-1,F3,-0.08984375,2.32575023469986,1.82306153712253,1.7614978679286
VisualCogB_Task-1,1,-1,F3,-0.0859375,2.8782253739533,2.42692628493826,2.08576985940418
VisualCogB_Task-1,1,-1,F3,-0.08203125,3.27052251297161,2.65941952177159,2.17769920166079
VisualCogB_Task-1,1,-1,F3,-0.078125,3.40436404341142,2.67048330386992,1.99532278246485
VisualCogB_Task-1,1,-1,F3,-0.07421875,3.16212231149768,2.10438341443102,1.53682084959201
VisualCogB_Task-1,1,-1,F3,-0.0703125,2.47866847146889,1.17068160722968,0.856637027601683
VisualCogB_Task-1,1,-1,F3,-0.06640625,1.41772414498262,0.151470291315063,0.0565118214565228
VisualCogB_Task-1,1,-1,F3,-0.0625,0.196921235869959,-1.11881041920084,-0.735643882245142
VisualCogB_Task-1,1,-1,F3,-0.05859375,-0.87208735772205,-2.2116047816177,-1.38400599108344
VisualCogB_Task-1,1,-1,F3,-0.0546875,-1.50827868507467,-2.79066016921691,-1.78468095738482
VisualCogB_Task-1,1,-1,F3,-0.05078125,-1.58571449736307,-2.76780364569472,-1.90274179935356
VisualCogB_Task-1,1,-1,F3,-0.046875,-1.19330100335002,-2.15614426102178,-1.78709313617997
VisualCogB_Task-1,1,-1,F3,-0.04296875,-0.602306386656927,-1.14017370622667,-1.55872807424945
VisualCogB_Task-1,1,-1,F3,-0.0390625,-0.155535998525753,-0.516094155146514,-1.36939398035088
VisualCogB_Task-1,1,-1,F3,-0.03515625,-0.123492837800607,-0.547537609531432,-1.33595869060456
VisualCogB_Task-1,1,-1,F3,-0.03125,-0.591999540492243,-0.88028346974321,-1.5041817223638
VisualCogB_Task-1,1,-1,F3,-0.02734375,-1.43888883353494,-1.69619342826632,-1.85412083622576
VisualCogB_Task-1,1,-1,F3,-0.0234375,-2.41187968885466,-2.4837403522941,-2.31384227173594
VisualCogB_Task-1,1,-1,F3,-0.01953125,-3.25812294583081,-3.17643008808933,-2.79825165110984
VisualCogB_Task-1,1,-1,F3,-0.015625,-3.82883138319393,-3.52429330307091,-3.23641276994284
VisualCogB_Task-1,1,-1,F3,-0.01171875,-4.11210060726597,-3.85852613665561,-3.5889042935786
VisualCogB_Task-1,1,-1,F3,-0.0078125,-4.19900871363148,-3.99196985001806,-3.84029493178811
VisualCogB_Task-1,1,-1,F3,-0.00390625,-4.21717908015416,-4.05444946020326,-3.99762188126548
VisualCogB_Task-1,1,-1,F3,0,-4.26570204479023,-4.05624041988801,-4.08056191522393
VisualCogB_Task-1,1,-1,F3,0.00390625,-4.37595850226614,-3.91317267166005,-4.11352743845487
VisualCogB_Task-1,1,-1,F3,0.0078125,-4.51417387076971,-4.10019718499304,-4.11890406447169
VisualCogB_Task-1,1,-1,F3,0.01171875,-4.62488085957389,-4.11283898573101,-4.10238117622158
VisualCogB_Task-1,1,-1,F3,0.015625,-4.68760221520786,-4.00258731916037,-4.06808925002847
VisualCogB_Task-1,1,-1,F3,0.01953125,-4.74318932280815,-4.08490335624927,-4.02103024634211
VisualCogB_Task-1,1,-1,F3,0.0234375,-4.86483495080979,-4.05483279612951,-3.96074763137322
VisualCogB_Task-1,1,-1,F3,0.02734375,-5.09364203606043,-3.86023010867237,-3.89210763049144
VisualCogB_Task-1,1,-1,F3,0.03125,-5.39147623650351,-3.82900205856148,-3.8278168994628
VisualCogB_Task-1,1,-1,F3,0.03515625,-5.65387423231014,-3.82688702277446,-3.77792563390171
VisualCogB_Task-1,1,-1,F3,0.0390625,-5.78028082478427,-3.93242993601917,-3.75258279268082
VisualCogB_Task-1,1,-1,F3,0.04296875,-5.75421991830109,-3.70206382866384,-3.76601745041217
VisualCogB_Task-1,1,-1,F3,0.046875,-5.67478744954428,-3.59878233315303,-3.84744594365265
VisualCogB_Task-1,1,-1,F3,0.05078125,-5.71090047388733,-3.73685301953843,-4.02075514048014
VisualCogB_Task-1,1,-1,F3,0.0546875,-6.00218387809778,-3.82487314193458,-4.28910994143087
VisualCogB_Task-1,1,-1,F3,0.05859375,-6.5697066057241,-4.63377814580426,-4.6320167369626
VisualCogB_Task-1,1,-1,F3,0.0625,-7.29598681481306,-5.51166325113421,-4.99029551757506
VisualCogB_Task-1,1,-1,F3,0.06640625,-7.98703667830728,-5.82080703167745,-5.30491305783814
VisualCogB_Task-1,1,-1,F3,0.0703125,-8.47527068402661,-5.5047978646875,-5.56028344345162
VisualCogB_Task-1,1,-1,F3,0.07421875,-8.70183338736024,-5.82186888408463,-5.78381192460191
VisualCogB_Task-1,1,-1,F3,0.078125,-8.73669276661302,-5.64485079761965,-5.99827995324507
VisualCogB_Task-1,1,-1,F3,0.08203125,-8.73022847300249,-6.07335101613782,-6.2296403946274
VisualCogB_Task-1,1,-1,F3,0.0859375,-8.82318611622626,-6.39933701475371,-6.47439368435973
VisualCogB_Task-1,1,-1,F3,0.08984375,-9.06571216739481,-6.72360603431608,-6.71601614317875
VisualCogB_Task-1,1,-1,F3,0.09375,-9.39444147863078,-7.07831441041251,-6.931729369354
VisualCogB_Task-1,1,-1,F3,0.09765625,-9.68002746235779,-7.490969981114,-7.09938745208311
VisualCogB_Task-1,1,-1,F3,0.1015625,-9.81157838909535,-7.46017944635604,-7.20905990065194
VisualCogB_Task-1,1,-1,F3,0.10546875,-9.76684244717527,-7.61926539274267,-7.28344810176555
VisualCogB_Task-1,1,-1,F3,0.109375,-9.6332659805324,-7.21979770416786,-7.36618007093772
VisualCogB_Task-1,1,-1,F3,0.11328125,-9.5721482648602,-6.97209340977526,-7.52886859793028
VisualCogB_Task-1,1,-1,F3,0.1171875,-9.74170279374647,-7.0335999039293,-7.83092794194094
VisualCogB_Task-1,1,-1,F3,0.12109375,-10.2152834272311,-7.89806156906963,-8.28537442982112
VisualCogB_Task-1,1,-1,F3,0.125,-10.9394118020452,-8.52245354711882,-8.83878038525463
VisualCogB_Task-1,1,-1,F3,0.12890625,-11.7569693195914,-9.95645442461142,-9.40544206019597
VisualCogB_Task-1,1,-1,F3,0.1328125,-12.4809168634489,-10.7136514330234,-9.87329513675499
VisualCogB_Task-1,1,-1,F3,0.13671875,-12.9743567596069,-10.6066609705843,-10.1761929940762
VisualCogB_Task-1,1,-1,F3,0.140625,-13.1963761056569,-10.3984516983313,-10.3180187026597
VisualCogB_Task-1,1,-1,F3,0.14453125,-13.2015537611331,-10.1828577575319,-10.3385276643813
VisualCogB_Task-1,1,-1,F3,0.1484375,-13.1062960504371,-10.2293571482914,-10.2841780307562
VisualCogB_Task-1,1,-1,F3,0.15234375,-13.0403754384184,-9.88253022065237,-10.1884554610621
VisualCogB_Task-1,1,-1,F3,0.15625,-13.0971079277743,-10.0882521957119,-10.0802772077046
VisualCogB_Task-1,1,-1,F3,0.16015625,-13.2971051486863,-10.0103688121945,-9.96306675305521
VisualCogB_Task-1,1,-1,F3,0.1640625,-13.5845476712564,-10.18758399154,-9.84091216181928
VisualCogB_Task-1,1,-1,F3,0.16796875,-13.8645483848803,-9.57449007865575,-9.72184333696383
VisualCogB_Task-1,1,-1,F3,0.171875,-14.0642169613247,-9.30776364081076,-9.64277950059928
VisualCogB_Task-1,1,-1,F3,0.17578125,-14.1796100365274,-9.80133424465149,-9.62836043664369
VisualCogB_Task-1,1,-1,F3,0.1796875,-14.2771254849059,-9.83784279260261,-9.67530794069942
VisualCogB_Task-1,1,-1,F3,0.18359375,-14.4498153515285,-9.32502327892281,-9.79475829236946
VisualCogB_Task-1,1,-1,F3,0.1875,-14.7617425118769,-10.2358162759436,-10.0113923422487
VisualCogB_Task-1,1,-1,F3,0.19140625,-15.2188970432912,-9.93946941818961,-10.3107463564783
VisualCogB_Task-1,1,-1,F3,0.1953125,-15.778389168663,-10.6160595879966,-10.6970585956738
VisualCogB_Task-1,1,-1,F3,0.19921875,-16.3754490708043,-10.9746578982406,-11.1436275755933
VisualCogB_Task-1,1,-1,F3,0.203125,-16.942835434022,-11.4605988100311,-11.6170018946888
VisualCogB_Task-1,1,-1,F3,0.20703125,-17.4190501061167,-12.1549205330231,-12.0696493449658
VisualCogB_Task-1,1,-1,F3,0.2109375,-17.7573314251712,-13.1294976563295,-12.4410041280421
VisualCogB_Task-1,1,-1,F3,0.21484375,-17.9381029318697,-12.9796772064537,-12.6776063778732
VisualCogB_Task-1,1,-1,F3,0.21875,-17.9735740304075,-13.1210086154005,-12.7833706891054
VisualCogB_Task-1,1,-1,F3,0.22265625,-17.8981904270519,-12.5210028976589,-12.7873842254335
VisualCogB_Task-1,1,-1,F3,0.2265625,-17.7540980878873,-12.7258322324317,-12.7468706444099
VisualCogB_Task-1,1,-1,F3,0.23046875,-17.5846044251579,-12.4414398921774,-12.6968551596061
VisualCogB_Task-1,1,-1,F3,0.234375,-17.4382474980299,-12.7295885762793,-12.6706097835953
VisualCogB_Task-1,1,-1,F3,0.23828125,-17.374074659377,-12.2199223015307,-12.6801219233315
VisualCogB_Task-1,1,-1,F3,0.2421875,-17.4534183073252,-12.247999904478,-12.7422938851593
VisualCogB_Task-1,1,-1,F3,0.24609375,-17.7100908726311,-12.8316601550594,-12.8356780069396
VisualCogB_Task-1,1,-1,F3,0.25,-18.1118068110626,-13.1100445712222,-12.8976354614767
VisualCogB_Task-1,1,-1,F3,0.25390625,-18.5452498968759,-13.1447271006341,-12.8651926005848
VisualCogB_Task-1,1,-1,F3,0.2578125,-18.8500457117938,-12.9126559216031,-12.6930765352237
VisualCogB_Task-1,1,-1,F3,0.26171875,-18.8913418646156,-13.0134798646874,-12.3593089180238
VisualCogB_Task-1,1,-1,F3,0.265625,-18.6268250057278,-12.1837599693739,-11.8602096838138
VisualCogB_Task-1,1,-1,F3,0.26953125,-18.1234674211684,-10.9547766091078,-11.2466130129779
VisualCogB_Task-1,1,-1,F3,0.2734375,-17.5149672877177,-10.5135742213836,-10.5963156096967
VisualCogB_Task-1,1,-1,F3,0.27734375,-16.9328763746935,-9.70192853946723,-9.96279447782844
VisualCogB_Task-1,1,-1,F3,0.28125,-16.456526626953,-8.82740566543976,-9.3926315055386
VisualCogB_Task-1,1,-1,F3,0.28515625,-16.1025167054517,-8.86413038884366,-8.91066975279585
VisualCogB_Task-1,1,-1,F3,0.2890625,-15.842645666901,-8.49803709292018,-8.49465012622731
VisualCogB_Task-1,1,-1,F3,0.29296875,-15.6287449091257,-7.81455019423836,-8.11843525213073
VisualCogB_Task-1,1,-1,F3,0.296875,-15.4126407300468,-8.46267385614387,-7.75617000402828
VisualCogB_Task-1,1,-1,F3,0.30078125,-15.1614324097792,-7.7412892061039,-7.35667550061776
VisualCogB_Task-1,1,-1,F3,0.3046875,-14.8716953862506,-6.67993040182134,-6.92764818160661
VisualCogB_Task-1,1,-1,F3,0.30859375,-14.5792744454544,-6.63511371236457,-6.5088356288261
VisualCogB_Task-1,1,-1,F3,0.3125,-14.3514050877453,-5.95260805653365,-6.11934227579205
VisualCogB_Task-1,1,-1,F3,0.31640625,-14.2519749376767,-5.95400678121604,-5.78879572964851
VisualCogB_Task-1,1,-1,F3,0.3203125,-14.2936853536192,-5.39802737169777,-5.53292907926797
VisualCogB_Task-1,1,-1,F3,0.32421875,-14.4108255254173,-4.40903411334181,-5.38124300115356
VisualCogB_Task-1,1,-1,F3,0.328125,-14.4785925655313,-5.03018736720497,-5.35199636284422
VisualCogB_Task-1,1,-1,F3,0.33203125,-14.3725680571607,-5.01809531053232,-5.38243062456126
VisualCogB_Task-1,1,-1,F3,0.3359375,-14.0333983810184,-6.11808333281817,-5.3829698302227
VisualCogB_Task-1,1,-1,F3,0.33984375,-13.5001532522155,-6.06052740780052,-5.23367674757748
VisualCogB_Task-1,1,-1,F3,0.34375,-12.8979508574038,-5.87524286478563,-4.87587360292418
VisualCogB_Task-1,1,-1,F3,0.34765625,-12.390399906376,-4.89078780333561,-4.3197868442466
VisualCogB_Task-1,1,-1,F3,0.3515625,-12.1201412120728,-3.38854274724365,-3.65892369135035
VisualCogB_Task-1,1,-1,F3,0.35546875,-12.1606129698567,-2.0150079355326,-3.03437477729845
VisualCogB_Task-1,1,-1,F3,0.359375,-12.4943042625475,-1.24019829235709,-2.5646989898117
VisualCogB_Task-1,1,-1,F3,0.36328125,-13.022092031978,-3.01156715081489,-2.28350797979707
VisualCogB_Task-1,1,-1,F3,0.3671875,-13.5998935711949,-2.19783217611896,-2.11403834004032
VisualCogB_Task-1,1,-1,F3,0.37109375,-14.0933869949277,-1.52291530391481,-2.04019826091203
VisualCogB_Task-1,1,-1,F3,0.375,-14.4335116108721,-3.39945202633877,-2.05287875245598
VisualCogB_Task-1,1,-1,F3,0.37890625,-14.6469141402249,-3.01426573622546,-2.09986391163287
VisualCogB_Task-1,1,-1,F3,0.3828125,-14.8404921610419,-2.15087752116983,-2.24115227489362
VisualCogB_Task-1,1,-1,F3,0.38671875,-15.143644242749,-1.45288214449807,-2.61294253073854
VisualCogB_Task-1,1,-1,F3,0.390625,-15.6401973968836,-1.46495225796365,-3.34391047152428
VisualCogB_Task-1,1,-1,F3,0.39453125,-16.3308301845508,-3.07768910924249,-4.46606019075413
VisualCogB_Task-1,1,-1,F3,0.3984375,-17.145646859256,-7.2448957715037,-5.85481593080131
VisualCogB_Task-1,1,-1,F3,0.40234375,-17.9895621724636,-7.5338797257888,-7.26990434391309
VisualCogB_Task-1,1,-1,F3,0.40625,-18.7832266370279,-9.1153305009514,-8.58689206906191
VisualCogB_Task-1,1,-1,F3,0.41015625,-19.4777935688619,-10.6268708915872,-9.70334369370988
VisualCogB_Task-1,1,-1,F3,0.4140625,-20.0511520623721,-11.0408760989443,-10.5608603413099
VisualCogB_Task-1,1,-1,F3,0.41796875,-20.5026058991431,-11.094304817595,-11.1780037351379
VisualCogB_Task-1,1,-1,F3,0.421875,-20.8506867418378,-11.1722931691693,-11.6133369116061
VisualCogB_Task-1,1,-1,F3,0.42578125,-21.1282243965154,-11.6123324270339,-11.9184479973314
VisualCogB_Task-1,1,-1,F3,0.4296875,-21.3717461995902,-12.4560879045005,-12.1081714737278
VisualCogB_Task-1,1,-1,F3,0.43359375,-21.6097361711874,-12.4196864486782,-12.1718321913509
VisualCogB_Task-1,1,-1,F3,0.4375,-21.8545855263991,-12.3514159658222,-12.1277480366543
VisualCogB_Task-1,1,-1,F3,0.44140625,-22.0976623809095,-12.4521180807348,-12.0148914175353
VisualCogB_Task-1,1,-1,F3,0.4453125,-22.3069906154105,-11.7429350492899,-11.8908737359886
VisualCogB_Task-1,1,-1,F3,0.44921875,-22.4339949747926,-10.7568580706033,-11.8497419492756
VisualCogB_Task-1,1,-1,F3,0.453125,-22.4357782895324,-10.9241873837693,-11.9732147907662
VisualCogB_Task-1,1,-1,F3,0.45703125,-22.3053524634928,-11.7279100134386,-12.251937337274
VisualCogB_Task-1,1,-1,F3,0.4609375,-22.0872752094377,-13.5141487310482,-12.5891357150297
VisualCogB_Task-1,1,-1,F3,0.46484375,-21.8585783759199,-13.7940352075238,-12.8443671066111
VisualCogB_Task-1,1,-1,F3,0.46875,-21.6798315164114,-13.2399001365391,-12.9542731125974
VisualCogB_Task-1,1,-1,F3,0.47265625,-21.5512438043031,-12.4186505058225,-12.9346343419774
VisualCogB_Task-1,1,-1,F3,0.4765625,-21.4112360727983,-12.8238190628754,-12.8250336557347
VisualCogB_Task-1,1,-1,F3,0.48046875,-21.17950259636,-13.0773351395808,-12.6220552618404
VisualCogB_Task-1,1,-1,F3,0.484375,-20.8087788346049,-12.4769416101947,-12.3221821521936
VisualCogB_Task-1,1,-1,F3,0.48828125,-20.3088692438636,-11.8506277885979,-11.9598373085054
VisualCogB_Task-1,1,-1,F3,0.4921875,-19.7347451721292,-11.1202697302598,-11.5823403339868
VisualCogB_Task-1,1,-1,F3,0.49609375,-19.1516044792088,-11.0071829895936,-11.2279100385232
VisualCogB_Task-1,1,-1,F3,0.5,-18.5934211880841,-10.5885643783685,-10.8962593483562
VisualCogB_Task-1,1,-1,F3,0.50390625,-18.0343831927051,-10.9290577799328,-10.5687072689831
VisualCogB_Task-1,1,-1,F3,0.5078125,-17.3963650661777,-10.8673406314648,-10.2009315584023
VisualCogB_Task-1,1,-1,F3,0.51171875,-16.5999949443243,-9.7269324872002,-9.77863918385805
VisualCogB_Task-1,1,-1,F3,0.515625,-15.6308969585546,-8.95644105811081,-9.34307120201634
VisualCogB_Task-1,1,-1,F3,0.51953125,-14.5708411400356,-8.86786447950249,-8.93115977815513
VisualCogB_Task-1,1,-1,F3,0.5234375,-13.5653740679629,-8.56986350868398,-8.54761789889353
VisualCogB_Task-1,1,-1,F3,0.52734375,-12.7500691148975,-8.14920232851496,-8.1918839426296
VisualCogB_Task-1,1,-1,F3,0.53125,-12.189608970836,-7.88400757971111,-7.86525008857727
VisualCogB_Task-1,1,-1,F3,0.53515625,-11.8669476687909,-7.44148667591357,-7.56545171477425
VisualCogB_Task-1,1,-1,F3,0.5390625,-11.713973821434,-7.37993937617678,-7.29178732351939
VisualCogB_Task-1,1,-1,F3,0.54296875,-11.6485231790011,-7.31423120836255,-7.03322499720649
VisualCogB_Task-1,1,-1,F3,0.546875,-11.5948527245423,-6.96676820005401,-6.78607882261746
VisualCogB_Task-1,1,-1,F3,0.55078125,-11.4912801911441,-6.53527929023758,-6.57008007079722
VisualCogB_Task-1,1,-1,F3,0.5546875,-11.2994451614937,-6.14725549568661,-6.42001746091041
VisualCogB_Task-1,1,-1,F3,0.55859375,-11.0183393065018,-5.8801435195919,-6.36777964707501
VisualCogB_Task-1,1,-1,F3,0.5625,-10.687529580706,-6.05664599857179,-6.42252511964037
VisualCogB_Task-1,1,-1,F3,0.56640625,-10.3616660300857,-6.24514991823427,-6.5527760249989
VisualCogB_Task-1,1,-1,F3,0.5703125,-10.0638592966815,-6.85304236982824,-6.6965645827873
VisualCogB_Task-1,1,-1,F3,0.57421875,-9.75547391937836,-6.99341319595237,-6.76628750374521
VisualCogB_Task-1,1,-1,F3,0.578125,-9.3557434687332,-7.3480421352238,-6.68738131419902
VisualCogB_Task-1,1,-1,F3,0.58203125,-8.80272662624652,-6.77013094176598,-6.40420968149237
VisualCogB_Task-1,1,-1,F3,0.5859375,-8.10840342942511,-6.19490066776048,-5.91619134138765
VisualCogB_Task-1,1,-1,F3,0.58984375,-7.36366172765006,-5.58954578314173,-5.25323846800337
VisualCogB_Task-1,1,-1,F3,0.59375,-6.68932551819303,-4.5334261984189,-4.46848901265576
VisualCogB_Task-1,1,-1,F3,0.59765625,-6.16980998481253,-3.28049712663559,-3.64310653625595
VisualCogB_Task-1,1,-1,F3,0.6015625,-5.8133235341368,-2.07791134523875,-2.86366603186196
VisualCogB_Task-1,1,-1,F3,0.60546875,-5.55633541667128,-1.67521370286928,-2.18652504173014
VisualCogB_Task-1,1,-1,F3,0.609375,-5.29896167635143,-1.41595435014745,-1.60256155089821
VisualCogB_Task-1,1,-1,F3,0.61328125,-4.94651192475138,-0.904353371145987,-1.06004426616552
VisualCogB_Task-1,1,-1,F3,0.6171875,-4.43860111461255,-0.479806131653536,-0.491691294268832
VisualCogB_Task-1,1,-1,F3,0.62109375,-3.75693731435269,-0.191496104682692,0.182753499306719
VisualCogB_Task-1,1,-1,F3,0.625,-2.91167341805186,0.475787356340958,1.04453667929393
VisualCogB_Task-1,1,-1,F3,0.62890625,-1.91671055064733,1.6871733200637,2.14371734342649
VisualCogB_Task-1,1,-1,F3,0.6328125,-0.772270449970554,2.95120082003219,3.48295881252534
VisualCogB_Task-1,1,-1,F3,0.63671875,0.531970062463567,4.9113483169332,5.02687907213117
VisualCogB_Task-1,1,-1,F3,0.640625,1.9966865040922,6.89963321556508,6.69578294174359
VisualCogB_Task-1,1,-1,F3,0.64453125,3.59142508151743,8.65247630009509,8.40034767792903
VisualCogB_Task-1,1,-1,F3,0.6484375,5.24636779528501,10.2365641030059,10.0682380600724
VisualCogB_Task-1,1,-1,F3,0.65234375,6.86426166743124,11.6519722695156,11.6481295860724
VisualCogB_Task-1,1,-1,F3,0.65625,8.34994389450431,13.1488344156258,13.1027249240723
VisualCogB_Task-1,1,-1,F3,0.66015625,9.64281384802368,14.4464269066036,14.3950469658354
VisualCogB_Task-1,1,-1,F3,0.6640625,10.7321531119902,15.6366465985887,15.4919610607548
VisualCogB_Task-1,1,-1,F3,0.66796875,11.6456890155427,16.3898531923597,16.3646142199539
VisualCogB_Task-1,1,-1,F3,0.671875,12.4190760328841,17.2633997459909,16.9962105827092
VisualCogB_Task-1,1,-1,F3,0.67578125,13.0638912699033,17.9122336969228,17.3720575359976
VisualCogB_Task-1,1,-1,F3,0.6796875,13.552848260495,17.4400525029854,17.4997282304028
VisualCogB_Task-1,1,-1,F3,0.68359375,13.834290547213,17.407705218114,17.4318104965855
VisualCogB_Task-1,1,-1,F3,0.6875,13.8708277663152,16.9482083705551,17.2159191879218
VisualCogB_Task-1,1,-1,F3,0.69140625,13.6768836352421,16.8767753917347,16.8976603845816
VisualCogB_Task-1,1,-1,F3,0.6953125,13.3258093011307,16.214042690464,16.5003309319544
VisualCogB_Task-1,1,-1,F3,0.69921875,12.9176739579299,16.4721096487019,16.0454872593592
VisualCogB_Task-1,1,-1,F3,0.703125,12.5299781827596,16.7743280152965,15.5308284426572
VisualCogB_Task-1,1,-1,F3,0.70703125,12.1895592152063,14.3648819744681,14.9896054234884
VisualCogB_Task-1,1,-1,F3,0.7109375,11.8885467905029,13.6023342736341,14.5586941078793
VisualCogB_Task-1,1,-1,F3,0.71484375,11.6296815156783,14.0414240212402,14.322910114438
VisualCogB_Task-1,1,-1,F3,0.71875,11.4577656449292,14.1211543953017,14.2873724089189
VisualCogB_Task-1,1,-1,F3,0.72265625,11.4424581936238,13.958437926056,14.4337427826432
VisualCogB_Task-1,1,-1,F3,0.7265625,11.6202645495363,14.229444235706,14.7298315257974
VisualCogB_Task-1,1,-1,F3,0.73046875,11.9428108790637,14.8291093761333,15.103840190519
VisualCogB_Task-1,1,-1,F3,0.734375,12.2755926575803,15.8124866136168,15.4422713881044
VisualCogB_Task-1,1,-1,F3,0.73828125,12.4494272662518,16.3250840143862,15.6087334953182
VisualCogB_Task-1,1,-1,F3,0.7421875,12.3278149229048,16.3070513798441,15.4976861577174
VisualCogB_Task-1,1,-1,F3,0.74609375,11.8499867106035,15.5062859992532,15.0632848974481
VisualCogB_Task-1,1,-1,F3,0.75,11.0355687998489,14.8292384712186,14.3271323385003
VisualCogB_Task-1,1,-1,F3,0.75390625,9.96486007184309,13.5821422840579,13.3477478633477
VisualCogB_Task-1,1,-1,F3,0.7578125,8.75717503018558,11.99444327067,12.2254930321906
VisualCogB_Task-1,1,-1,F3,0.76171875,7.5563291998472,10.9360017996995,11.0802622736217
VisualCogB_Task-1,1,-1,F3,0.765625,6.51434643667115,9.74185071396473,10.0126958694405
VisualCogB_Task-1,1,-1,F3,0.76953125,5.76261510356597,8.86756375676361,9.11141239528614
VisualCogB_Task-1,1,-1,F3,0.7734375,5.37564922398103,8.01044838932798,8.44245999717482
VisualCogB_Task-1,1,-1,F3,0.77734375,5.34694079832822,7.58273236140191,8.05156610124589
VisualCogB_Task-1,1,-1,F3,0.78125,5.59266181041895,7.59112156214942,7.94845716631811
VisualCogB_Task-1,1,-1,F3,0.78515625,5.98229502296337,7.82212163137694,8.10379017288992
VisualCogB_Task-1,1,-1,F3,0.7890625,6.3812491601441,8.69287611887022,8.45844413444569
VisualCogB_Task-1,1,-1,F3,0.79296875,6.68598609349078,9.20114045197943,8.92982568601037
VisualCogB_Task-1,1,-1,F3,0.796875,6.83703396858457,9.7815820350941,9.45487746131096
VisualCogB_Task-1,1,-1,F3,0.80078125,6.80908583673477,10.1518207134291,9.99315165790521
VisualCogB_Task-1,1,-1,F4,-0.19921875,-0.135153917780591,-1.44167980938057,-1.80627821524119
VisualCogB_Task-1,1,-1,F4,-0.1953125,-0.16061631954559,-1.3428355128627,-1.39730833736579
VisualCogB_Task-1,1,-1,F4,-0.19140625,-0.08422881425089,-1.29220382719404,-0.95795525900201
VisualCogB_Task-1,1,-1,F4,-0.1875,0.118302981244385,-0.945834507534285,-0.453296377619534
VisualCogB_Task-1,1,-1,F4,-0.18359375,0.452042890511632,-0.185632913786853,0.123736861962609
VisualCogB_Task-1,1,-1,F4,-0.1796875,0.889871984257781,0.642607488971768,0.739168170765828
VisualCogB_Task-1,1,-1,F4,-0.17578125,1.36628263699482,1.39171304339187,1.33324044516575
VisualCogB_Task-1,1,-1,F4,-0.171875,1.78482677611219,2.03073995042792,1.83814985805515
VisualCogB_Task-1,1,-1,F4,-0.16796875,2.04071465163759,2.49211427226126,2.19096529884566
VisualCogB_Task-1,1,-1,F4,-0.1640625,2.05234881869488,2.70086179302831,2.3448048313133
VisualCogB_Task-1,1,-1,F4,-0.16015625,1.78989262713076,2.56905579038457,2.27788226701874
VisualCogB_Task-1,1,-1,F4,-0.15625,1.2879837610971,2.20682536414843,1.99808283099888
VisualCogB_Task-1,1,-1,F4,-0.15234375,0.633514327278003,1.58797459399999,1.53755620857112
VisualCogB_Task-1,1,-1,F4,-0.1484375,-0.0693269819149077,1.04434048569063,0.945847296148644
VisualCogB_Task-1,1,-1,F4,-0.14453125,-0.738022564762306,0.179995407340779,0.276702522263714
VisualCogB_Task-1,1,-1,F4,-0.140625,-1.32943549412305,-0.444702790777013,-0.407923918756241
VisualCogB_Task-1,1,-1,F4,-0.13671875,-1.82661155624201,-1.14414225712282,-1.05413675882737
VisualCogB_Task-1,1,-1,F4,-0.1328125,-2.21178721492196,-1.81054144698803,-1.61110563586756
VisualCogB_Task-1,1,-1,F4,-0.12890625,-2.4548965881813,-2.36130801696809,-2.03550064598598
VisualCogB_Task-1,1,-1,F4,-0.125,-2.53069170897405,-2.63527413570726,-2.30061153621851
VisualCogB_Task-1,1,-1,F4,-0.12109375,-2.44663767337675,-2.51894203184554,-2.40687866784953
VisualCogB_Task-1,1,-1,F4,-0.1171875,-2.24935515855363,-2.22400958388574,-2.38263095212082
VisualCogB_Task-1,1,-1,F4,-0.11328125,-1.99750304127207,-1.96971249969419,-2.2655359139405
VisualCogB_Task-1,1,-1,F4,-0.109375,-1.72380425969973,-1.89886898277348,-2.08004263086376
VisualCogB_Task-1,1,-1,F4,-0.10546875,-1.41943950121108,-1.9085148362965,-1.8259482292586
VisualCogB_Task-1,1,-1,F4,-0.1015625,-1.04965920377564,-1.71868573663604,-1.4879520314855
VisualCogB_Task-1,1,-1,F4,-0.09765625,-0.581417820503425,-1.26756667517619,-1.05763391049143
VisualCogB_Task-1,1,-1,F4,-0.09375,-0.00267041352395112,-0.826049851563526,-0.545801547985908
VisualCogB_Task-1,1,-1,F4,-0.08984375,0.668985133366788,-0.227244292896737,0.0192429772644903
VisualCogB_Task-1,1,-1,F4,-0.0859375,1.38032664158133,0.481138980319929,0.585843561195051
VisualCogB_Task-1,1,-1,F4,-0.08203125,2.03790504377162,1.31761596515668,1.08180349389429
VisualCogB_Task-1,1,-1,F4,-0.078125,2.51628484036253,2.01821398292985,1.42620068371113
VisualCogB_Task-1,1,-1,F4,-0.07421875,2.69352505935028,2.24356429856814,1.55776407826637
VisualCogB_Task-1,1,-1,F4,-0.0703125,2.51056605181933,2.0322746834961,1.46455706678234
VisualCogB_Task-1,1,-1,F4,-0.06640625,2.02111972614675,1.39991837553139,1.19179305683989
VisualCogB_Task-1,1,-1,F4,-0.0625,1.3881899980091,0.279310376636381,0.831995257412657
VisualCogB_Task-1,1,-1,F4,-0.05859375,0.815518526160534,-0.170393228573063,0.495030654031907
VisualCogB_Task-1,1,-1,F4,-0.0546875,0.453978470207881,-0.170510655047462,0.244709158830889
VisualCogB_Task-1,1,-1,F4,-0.05078125,0.342727202966997,-0.0699183350741698,0.0893886937257685
VisualCogB_Task-1,1,-1,F4,-0.046875,0.413330890119055,0.0228096119070901,0.00282552947618216
VisualCogB_Task-1,1,-1,F4,-0.04296875,0.538278953193871,0.020391136064003,-0.0544996488915616
VisualCogB_Task-1,1,-1,F4,-0.0390625,0.588459344708435,-0.222424239288291,-0.120440816148579
VisualCogB_Task-1,1,-1,F4,-0.03515625,0.478687111668211,-0.0825682411770638,-0.226611048319688
VisualCogB_Task-1,1,-1,F4,-0.03125,0.194356276740901,0.0584402644772624,-0.413122040024685
VisualCogB_Task-1,1,-1,F4,-0.02734375,-0.208725518561067,-0.28183105861952,-0.70808191862148
VisualCogB_Task-1,1,-1,F4,-0.0234375,-0.636756374963306,-1.01037888562714,-1.10030195275948
VisualCogB_Task-1,1,-1,F4,-0.01953125,-1.00894574560382,-1.70251468008177,-1.54307250608795
VisualCogB_Task-1,1,-1,F4,-0.015625,-1.29677512607334,-2.16361139966618,-1.98219035332843
VisualCogB_Task-1,1,-1,F4,-0.01171875,-1.52826943755648,-2.55326361150233,-2.37673911703531
VisualCogB_Task-1,1,-1,F4,-0.0078125,-1.75653242796235,-2.51667505940035,-2.7009208402911
VisualCogB_Task-1,1,-1,F4,-0.00390625,-2.01075786179934,-2.89109749753302,-2.94364794071726
VisualCogB_Task-1,1,-1,F4,0,-2.25811124945165,-3.23911948287656,-3.07847902086097
VisualCogB_Task-1,1,-1,F4,0.00390625,-2.40377916799715,-3.41839705342602,-3.07459347967078
VisualCogB_Task-1,1,-1,F4,0.0078125,-2.33766392722826,-3.26382798112573,-2.91455742126316
VisualCogB_Task-1,1,-1,F4,0.01171875,-2.00546704177944,-3.04635157394774,-2.60958724756755
VisualCogB_Task-1,1,-1,F4,0.015625,-1.46013761223609,-2.15501253510433,-2.20000524050193
VisualCogB_Task-1,1,-1,F4,0.01953125,-0.855068271260713,-1.57578163150682,-1.76253070918261
VisualCogB_Task-1,1,-1,F4,0.0234375,-0.374640329045995,-0.951366910101038,-1.37013357060946
VisualCogB_Task-1,1,-1,F4,0.02734375,-0.141331192481465,-0.662982277127431,-1.08022131864269
VisualCogB_Task-1,1,-1,F4,0.03125,-0.158598039799807,-0.6739561503765,-0.915304225433454
VisualCogB_Task-1,1,-1,F4,0.03515625,-0.326244307042794,-0.893456376125903,-0.863122643006669
VisualCogB_Task-1,1,-1,F4,0.0390625,-0.516745850143052,-0.977529783757122,-0.891304583799151
VisualCogB_Task-1,1,-1,F4,0.04296875,-0.662070327526527,-1.2164576248957,-0.970005871340991
VisualCogB_Task-1,1,-1,F4,0.046875,-0.793276951007389,-1.2478588961788,-1.07656776249211
VisualCogB_Task-1,1,-1,F4,0.05078125,-1.00342129690898,-1.15811394352906,-1.20886916024198
VisualCogB_Task-1,1,-1,F4,0.0546875,-1.35667416829246,-1.2195616055035,-1.37906322872065
VisualCogB_Task-1,1,-1,F4,0.05859375,-1.81144234989946,-1.41861029449242,-1.59507353066541
VisualCogB_Task-1,1,-1,F4,0.0625,-2.22238840732307,-1.86479471443284,-1.85153182687879
VisualCogB_Task-1,1,-1,F4,0.06640625,-2.42763737816387,-2.24289340187398,-2.12836460848224
VisualCogB_Task-1,1,-1,F4,0.0703125,-2.35961490927098,-2.72635990440552,-2.4066036072267
VisualCogB_Task-1,1,-1,F4,0.07421875,-2.10011034045961,-2.7937346600959,-2.6768246209791
VisualCogB_Task-1,1,-1,F4,0.078125,-1.84229281640382,-2.84947479776047,-2.95624980570461
VisualCogB_Task-1,1,-1,F4,0.08203125,-1.78396929841857,-3.02761601073174,-3.27184382062812
VisualCogB_Task-1,1,-1,F4,0.0859375,-2.01595272534135,-3.33007005944931,-3.64167340764584
VisualCogB_Task-1,1,-1,F4,0.08984375,-2.47045997779378,-3.68934313949745,-4.06345299116263
VisualCogB_Task-1,1,-1,F4,0.09375,-2.95830629223782,-4.51201233354777,-4.50893004990029
VisualCogB_Task-1,1,-1,F4,0.09765625,-3.27013674833367,-5.13376650500832,-4.91867624160851
VisualCogB_Task-1,1,-1,F4,0.1015625,-3.28189119097845,-5.6624379512182,-5.23352008100763
VisualCogB_Task-1,1,-1,F4,0.10546875,-3.01080497484174,-5.70000383191915,-5.41221427143463
VisualCogB_Task-1,1,-1,F4,0.109375,-2.60256149209888,-5.75537047165969,-5.44925467207736
VisualCogB_Task-1,1,-1,F4,0.11328125,-2.2627144430285,-5.38071613167558,-5.3631196054974
VisualCogB_Task-1,1,-1,F4,0.1171875,-2.16294914910352,-5.05543991221465,-5.19779704422149
VisualCogB_Task-1,1,-1,F4,0.12109375,-2.36203381014874,-4.76028552635661,-4.9987413379579
VisualCogB_Task-1,1,-1,F4,0.125,-2.78186942206825,-4.58299844474902,-4.79954374208101
VisualCogB_Task-1,1,-1,F4,0.12890625,-3.25535448320295,-4.51166682875862,-4.61392419433174
VisualCogB_Task-1,1,-1,F4,0.1328125,-3.61809827511317,-4.55824827434288,-4.43755719100667
VisualCogB_Task-1,1,-1,F4,0.13671875,-3.78751548313842,-4.48601372455595,-4.2575957812713
VisualCogB_Task-1,1,-1,F4,0.140625,-3.78851938159028,-4.16321253731427,-4.07125060456915
VisualCogB_Task-1,1,-1,F4,0.14453125,-3.72562625444171,-3.8889467769325,-3.89476712895079
VisualCogB_Task-1,1,-1,F4,0.1484375,-3.72680678852314,-3.69100454624014,-3.7520543168622
VisualCogB_Task-1,1,-1,F4,0.15234375,-3.88338732850244,-3.34575843165128,-3.66653610141452
VisualCogB_Task-1,1,-1,F4,0.15625,-4.20296340223588,-3.38338742178858,-3.65654893483371
VisualCogB_Task-1,1,-1,F4,0.16015625,-4.59314556407776,-3.75285149514191,-3.71369779686545
VisualCogB_Task-1,1,-1,F4,0.1640625,-4.89207010247073,-3.72776308516073,-3.80682420783502
VisualCogB_Task-1,1,-1,F4,0.16796875,-4.94214985134204,-4.14189391264373,-3.90803249625736
VisualCogB_Task-1,1,-1,F4,0.171875,-4.67385881034259,-4.28526529308703,-3.98283856375794
VisualCogB_Task-1,1,-1,F4,0.17578125,-4.15146059664588,-4.31183237709666,-4.0162467633277
VisualCogB_Task-1,1,-1,F4,0.1796875,-3.54985761680774,-4.11096830255597,-4.01846367540172
VisualCogB_Task-1,1,-1,F4,0.18359375,-3.07307304195153,-3.78247300555367,-4.0243280148958
VisualCogB_Task-1,1,-1,F4,0.1875,-2.86146604766953,-3.75728827262925,-4.07638721565526
VisualCogB_Task-1,1,-1,F4,0.19140625,-2.93939333627438,-3.88345493416871,-4.19703412741358
VisualCogB_Task-1,1,-1,F4,0.1953125,-3.22448109328983,-4.22192924608584,-4.38207002131874
VisualCogB_Task-1,1,-1,F4,0.19921875,-3.57956458896046,-4.63551111534209,-4.60116456908164
VisualCogB_Task-1,1,-1,F4,0.203125,-3.87121583059371,-5.01868807134865,-4.81064237781043
VisualCogB_Task-1,1,-1,F4,0.20703125,-4.01125525950783,-5.47824644368529,-4.96969026680166
VisualCogB_Task-1,1,-1,F4,0.2109375,-3.97644989691592,-5.16057566169948,-5.05483219648003
VisualCogB_Task-1,1,-1,F4,0.21484375,-3.80703632798317,-5.13214154154962,-5.08497180867723
VisualCogB_Task-1,1,-1,F4,0.21875,-3.583703762355,-4.94846174659925,-5.08782470065988
VisualCogB_Task-1,1,-1,F4,0.22265625,-3.39010686915693,-4.94581035937753,-5.09503728076733
VisualCogB_Task-1,1,-1,F4,0.2265625,-3.28000168156816,-5.03376657468858,-5.12664237783384
VisualCogB_Task-1,1,-1,F4,0.23046875,-3.26755752811996,-5.11648650248945,-5.19023724391121
VisualCogB_Task-1,1,-1,F4,0.234375,-3.34201222409941,-5.10039217881979,-5.28567948078913
VisualCogB_Task-1,1,-1,F4,0.23828125,-3.48962794179672,-5.22823757007981,-5.4066807951388
VisualCogB_Task-1,1,-1,F4,0.2421875,-3.70309135137041,-5.50849295608858,-5.53151228513398
VisualCogB_Task-1,1,-1,F4,0.24609375,-3.97109917743538,-5.74313426115831,-5.62357478019353
VisualCogB_Task-1,1,-1,F4,0.25,-4.2577962735621,-5.86306145265852,-5.64435083231582
VisualCogB_Task-1,1,-1,F4,0.25390625,-4.49160343553994,-5.86808633702875,-5.56528628357966
VisualCogB_Task-1,1,-1,F4,0.2578125,-4.57912032970789,-5.66577571216653,-5.37605286109238
VisualCogB_Task-1,1,-1,F4,0.26171875,-4.44322685998394,-5.26365645526551,-5.09155562974874
VisualCogB_Task-1,1,-1,F4,0.265625,-4.06534844767827,-4.64504556997672,-4.75084322536637
VisualCogB_Task-1,1,-1,F4,0.26953125,-3.50472215276105,-4.28776084545728,-4.4073060192226
VisualCogB_Task-1,1,-1,F4,0.2734375,-2.87955833811985,-3.63195494159646,-4.10551791131231
VisualCogB_Task-1,1,-1,F4,0.27734375,-2.31752324894318,-3.43138252306973,-3.88009070381657
VisualCogB_Task-1,1,-1,F4,0.28125,-1.90004338380278,-3.69646912400115,-3.72617261810684
VisualCogB_Task-1,1,-1,F4,0.28515625,-1.62847247101872,-3.57195555063507,-3.60151952715899
VisualCogB_Task-1,1,-1,F4,0.2890625,-1.43061556474424,-3.97113941545036,-3.46141201277339
VisualCogB_Task-1,1,-1,F4,0.29296875,-1.20556768273849,-3.56664080560584,-3.25866699204012
VisualCogB_Task-1,1,-1,F4,0.296875,-0.881201939855389,-3.09218226319036,-2.98857866560566
VisualCogB_Task-1,1,-1,F4,0.30078125,-0.45011769565317,-2.79249706779798,-2.67210571858029
VisualCogB_Task-1,1,-1,F4,0.3046875,0.0322735707616956,-2.37207599746793,-2.33884046920635
VisualCogB_Task-1,1,-1,F4,0.30859375,0.475811518523434,-1.86410367970973,-2.02840784816101
VisualCogB_Task-1,1,-1,F4,0.3125,0.788519104676056,-1.46585279489904,-1.78320241347655
VisualCogB_Task-1,1,-1,F4,0.31640625,0.905735839390968,-1.25591907144694,-1.63192670914764
VisualCogB_Task-1,1,-1,F4,0.3203125,0.816885905136865,-1.46276996724244,-1.57683747762083
VisualCogB_Task-1,1,-1,F4,0.32421875,0.58288830644755,-1.65297491323049,-1.58885749153427
VisualCogB_Task-1,1,-1,F4,0.328125,0.325668060106882,-1.81410480721416,-1.62940389766127
VisualCogB_Task-1,1,-1,F4,0.33203125,0.180582318263534,-1.9379670445063,-1.6652369612498
VisualCogB_Task-1,1,-1,F4,0.3359375,0.230548923329272,-1.95255315527072,-1.67850869001056
VisualCogB_Task-1,1,-1,F4,0.33984375,0.459515130627584,-1.82684325789446,-1.67409859859233
VisualCogB_Task-1,1,-1,F4,0.34375,0.753602694783752,-1.65415918026452,-1.67972324041554
VisualCogB_Task-1,1,-1,F4,0.34765625,0.949972021978837,-1.55873441108093,-1.73582789050913
VisualCogB_Task-1,1,-1,F4,0.3515625,0.907448213074594,-1.6402179963373,-1.88072748555613
VisualCogB_Task-1,1,-1,F4,0.35546875,0.563198488935708,-1.9355238205457,-2.13797917228721
VisualCogB_Task-1,1,-1,F4,0.359375,-0.0495553331412232,-2.41334724885452,-2.51109763999817
VisualCogB_Task-1,1,-1,F4,0.36328125,-0.824032894336231,-2.99848552951053,-2.98672629867297
VisualCogB_Task-1,1,-1,F4,0.3671875,-1.62556432520007,-3.60982750679058,-3.54336269236696
VisualCogB_Task-1,1,-1,F4,0.37109375,-2.34134602168125,-4.15264245664678,-4.16048430103863
VisualCogB_Task-1,1,-1,F4,0.375,-2.91920955157843,-4.80538639261035,-4.82310733918173
VisualCogB_Task-1,1,-1,F4,0.37890625,-3.38006435250206,-5.44459940906388,-5.5155945342574
VisualCogB_Task-1,1,-1,F4,0.3828125,-3.79376706548608,-6.14635370387355,-6.22083186817914
VisualCogB_Task-1,1,-1,F4,0.38671875,-4.22923435771767,-6.78002911136339,-6.91578906242765
VisualCogB_Task-1,1,-1,F4,0.390625,-4.71181934646672,-7.65960520932743,-7.57122932479153
VisualCogB_Task-1,1,-1,F4,0.39453125,-5.21760551542371,-8.61753101088041,-8.14660253380397
VisualCogB_Task-1,1,-1,F4,0.3984375,-5.70309547640093,-8.90565845793727,-8.60872322504287
VisualCogB_Task-1,1,-1,F4,0.40234375,-6.13959738791853,-9.00529926160512,-8.96364997384245
VisualCogB_Task-1,1,-1,F4,0.40625,-6.5238639114325,-9.15067728090424,-9.24218595827817
VisualCogB_Task-1,1,-1,F4,0.41015625,-6.86506978192929,-9.39473491038657,-9.47860513040567
VisualCogB_Task-1,1,-1,F4,0.4140625,-7.16986214684108,-9.52397477109898,-9.69955571916612
VisualCogB_Task-1,1,-1,F4,0.41796875,-7.44208202838354,-10.0440566263249,-9.92469676849909
VisualCogB_Task-1,1,-1,F4,0.421875,-7.69514797542419,-10.161413782666,-10.1590555766719
VisualCogB_Task-1,1,-1,F4,0.42578125,-7.96362666017803,-10.1239614693191,-10.4176060967706
VisualCogB_Task-1,1,-1,F4,0.4296875,-8.29981536646663,-10.5441421052282,-10.7155187990476
VisualCogB_Task-1,1,-1,F4,0.43359375,-8.74837555955904,-10.8079897980753,-11.0434937681341
VisualCogB_Task-1,1,-1,F4,0.4375,-9.30818671770892,-11.4142523365363,-11.3779496975099
VisualCogB_Task-1,1,-1,F4,0.44140625,-9.90752170708403,-12.0070083518386,-11.6756799498165
VisualCogB_Task-1,1,-1,F4,0.4453125,-10.4177777709247,-12.1130215531838,-11.8965031076141
VisualCogB_Task-1,1,-1,F4,0.44921875,-10.7073226748171,-12.2153483246065,-12.0278484536317
VisualCogB_Task-1,1,-1,F4,0.453125,-10.7087124561454,-12.0799515743908,-12.0751884743956
VisualCogB_Task-1,1,-1,F4,0.45703125,-10.4607638339818,-11.9571310523943,-12.0596206456799
VisualCogB_Task-1,1,-1,F4,0.4609375,-10.0979856781184,-11.8456187049881,-12.0026393682586
VisualCogB_Task-1,1,-1,F4,0.46484375,-9.78690967078632,-11.7876979828974,-11.917198243465
VisualCogB_Task-1,1,-1,F4,0.46875,-9.6396808516169,-11.589116744255,-11.8031658173598
VisualCogB_Task-1,1,-1,F4,0.47265625,-9.65405369911993,-11.5504530256258,-11.6496189476232
VisualCogB_Task-1,1,-1,F4,0.4765625,-9.71894189233255,-11.6214821769031,-11.4277970691768
VisualCogB_Task-1,1,-1,F4,0.48046875,-9.68357045075165,-11.3902335859624,-11.1006757901087
VisualCogB_Task-1,1,-1,F4,0.484375,-9.44372834565225,-11.0320544901136,-10.6473711441511
VisualCogB_Task-1,1,-1,F4,0.48828125,-8.9896184580004,-10.2205479718703,-10.0711289813575
VisualCogB_Task-1,1,-1,F4,0.4921875,-8.39231107707961,-9.34595688978878,-9.4072520972779
VisualCogB_Task-1,1,-1,F4,0.49609375,-7.7460066001079,-8.49191313110352,-8.70349487000528
VisualCogB_Task-1,1,-1,F4,0.5,-7.10284273609783,-7.63929429433599,-8.00250374367512
VisualCogB_Task-1,1,-1,F4,0.50390625,-6.43813052689537,-7.26645148693806,-7.32929335084775
VisualCogB_Task-1,1,-1,F4,0.5078125,-5.67189629796712,-6.92620776368299,-6.67861086997192
VisualCogB_Task-1,1,-1,F4,0.51171875,-4.7400969558254,-6.22316084079243,-6.0399666575039
VisualCogB_Task-1,1,-1,F4,0.515625,-3.66692833818965,-5.60425917281061,-5.42350414437588
VisualCogB_Task-1,1,-1,F4,0.51953125,-2.57898025240117,-4.75497115343239,-4.85463294346074
VisualCogB_Task-1,1,-1,F4,0.5234375,-1.64474490581852,-4.10461891359137,-4.37382558666762
VisualCogB_Task-1,1,-1,F4,0.52734375,-0.983641808739963,-3.68029390482659,-4.01324945673661
VisualCogB_Task-1,1,-1,F4,0.53125,-0.608729768011718,-3.36488087059125,-3.78263804698478
VisualCogB_Task-1,1,-1,F4,0.53515625,-0.431647401092366,-3.37125148846245,-3.6639785547367
VisualCogB_Task-1,1,-1,F4,0.5390625,-0.309505732556288,-3.72260265550487,-3.60444507928414
VisualCogB_Task-1,1,-1,F4,0.54296875,-0.0979704728335232,-3.9667739553075,-3.52681779772936
VisualCogB_Task-1,1,-1,F4,0.546875,0.307207330055905,-4.06950213952957,-3.36372335185966
VisualCogB_Task-1,1,-1,F4,0.55078125,0.939919629596448,-3.78015017086695,-3.08445139659387
VisualCogB_Task-1,1,-1,F4,0.5546875,1.74627728420928,-2.8603293735293,-2.7171064858233
VisualCogB_Task-1,1,-1,F4,0.55859375,2.59295194544631,-2.06454873299483,-2.34776807129535
VisualCogB_Task-1,1,-1,F4,0.5625,3.31421700655946,-1.42717515510229,-2.07445084539959
VisualCogB_Task-1,1,-1,F4,0.56640625,3.78938382866059,-0.917045215103659,-1.97156788900054
VisualCogB_Task-1,1,-1,F4,0.5703125,4.01091022347446,-1.33506096980329,-2.05959264210462
VisualCogB_Task-1,1,-1,F4,0.57421875,4.09271985787254,-2.2395247167944,-2.27112165522683
VisualCogB_Task-1,1,-1,F4,0.578125,4.20248269705789,-3.03911442226253,-2.47837383952374
VisualCogB_Task-1,1,-1,F4,0.58203125,4.46162005890966,-3.29453231257233,-2.55093502794921
VisualCogB_Task-1,1,-1,F4,0.5859375,4.88617092574133,-3.03419890001364,-2.40511943535199
VisualCogB_Task-1,1,-1,F4,0.58984375,5.40706563033512,-2.56203076984517,-2.01920771696611
VisualCogB_Task-1,1,-1,F4,0.59375,5.94192622439856,-1.55250956040473,-1.42390381674738
VisualCogB_Task-1,1,-1,F4,0.59765625,6.45498361967186,-0.466081980098579,-0.695146933058204
VisualCogB_Task-1,1,-1,F4,0.6015625,6.96397563128536,0.484656325281418,0.0804065904342199
VisualCogB_Task-1,1,-1,F4,0.60546875,7.50407424442769,1.12488470542043,0.835189156142678
VisualCogB_Task-1,1,-1,F4,0.609375,8.08981008614899,1.94633518418445,1.53532064438388
VisualCogB_Task-1,1,-1,F4,0.61328125,8.70528375226181,2.51984901112737,2.1710622312477
VisualCogB_Task-1,1,-1,F4,0.6171875,9.32247787078786,3.06356406485469,2.76692630447403
VisualCogB_Task-1,1,-1,F4,0.62109375,9.92999259028811,3.73880223557262,3.37649081679276
VisualCogB_Task-1,1,-1,F4,0.625,10.5561773424599,3.6998731291349,4.07805353429882
VisualCogB_Task-1,1,-1,F4,0.62890625,11.2761217750751,3.81201343498758,4.98010484131879
VisualCogB_Task-1,1,-1,F4,0.6328125,12.1948932233594,5.36500586504713,6.1596200884156
VisualCogB_Task-1,1,-1,F4,0.63671875,13.407730143598,7.45930180438586,7.59623367562457
VisualCogB_Task-1,1,-1,F4,0.640625,14.9521948364999,9.13798489283044,9.20336215103366
VisualCogB_Task-1,1,-1,F4,0.64453125,16.7746404164567,10.8334281923491,10.8830110734609
VisualCogB_Task-1,1,-1,F4,0.6484375,18.7277383458086,12.6613264897647,12.5317378968741
VisualCogB_Task-1,1,-1,F4,0.65234375,20.6044154150157,14.6338759670602,14.0419681684818
VisualCogB_Task-1,1,-1,F4,0.65625,22.2001864056197,16.1302472519082,15.3169264848998
VisualCogB_Task-1,1,-1,F4,0.66015625,23.3811895857695,16.9639234837674,16.3091630926258
VisualCogB_Task-1,1,-1,F4,0.6640625,24.1292104051391,16.9740840215796,17.0390049687413
VisualCogB_Task-1,1,-1,F4,0.66796875,24.5450745299252,17.5199644095265,17.5813424562563
VisualCogB_Task-1,1,-1,F4,0.671875,24.8087366404413,17.6456163278857,18.0056558192506
VisualCogB_Task-1,1,-1,F4,0.67578125,25.1082430374173,17.9729000202486,18.3763104845768
VisualCogB_Task-1,1,-1,F4,0.6796875,25.5624621531512,18.1751622313231,18.72766858814
VisualCogB_Task-1,1,-1,F4,0.68359375,26.171052075489,18.9706881972805,19.0604747271515
VisualCogB_Task-1,1,-1,F4,0.6875,26.8155906217032,19.4634433135829,19.3294313024212
VisualCogB_Task-1,1,-1,F4,0.69140625,27.3079279069464,19.2759043346511,19.4817585039365
VisualCogB_Task-1,1,-1,F4,0.6953125,27.4584903818631,19.72883015235,19.4758441892813
VisualCogB_Task-1,1,-1,F4,0.69921875,27.136078073974,19.7889717419794,19.2529217019326
VisualCogB_Task-1,1,-1,F4,0.703125,26.3042293883062,19.3691703208679,18.7753065489565
VisualCogB_Task-1,1,-1,F4,0.70703125,25.0317571493842,18.6402407166087,18.0499850740896
VisualCogB_Task-1,1,-1,F4,0.7109375,23.4807381111922,17.1701385648289,17.1334322687277
VisualCogB_Task-1,1,-1,F4,0.71484375,21.8747670311314,15.884867883043,16.1313110944765
VisualCogB_Task-1,1,-1,F4,0.71875,20.4474821354529,14.672080577591,15.1523433709504
VisualCogB_Task-1,1,-1,F4,0.72265625,19.3752801523072,13.6750635628295,14.2847139834773
VisualCogB_Task-1,1,-1,F4,0.7265625,18.7137410584485,12.9954004922557,13.5765859179387
VisualCogB_Task-1,1,-1,F4,0.73046875,18.3722654550453,12.926958941745,13.0253179584956
VisualCogB_Task-1,1,-1,F4,0.734375,18.1531088733346,12.7361332221646,12.5798367705016
VisualCogB_Task-1,1,-1,F4,0.73828125,17.843402439505,12.3026492948227,12.1808724345816
VisualCogB_Task-1,1,-1,F4,0.7421875,17.3090157569299,11.9849096762263,11.7821797356655
VisualCogB_Task-1,1,-1,F4,0.74609375,16.5354530502413,11.5644546969319,11.3476615303698
VisualCogB_Task-1,1,-1,F4,0.75,15.6003579408245,10.9804796261554,10.8581148370247
VisualCogB_Task-1,1,-1,F4,0.75390625,14.6096019962075,10.5388598694749,10.3124027711738
VisualCogB_Task-1,1,-1,F4,0.7578125,13.6444151474899,9.78691828264009,9.71958551412141
VisualCogB_Task-1,1,-1,F4,0.76171875,12.7456065634049,9.14630645956174,9.10759467203054
VisualCogB_Task-1,1,-1,F4,0.765625,11.9294176287861,8.21168478610943,8.50997291510727
VisualCogB_Task-1,1,-1,F4,0.76953125,11.2126848470164,8.14417941374471,7.96348889585196
VisualCogB_Task-1,1,-1,F4,0.7734375,10.6261594055832,7.5449001123759,7.48005392268183
VisualCogB_Task-1,1,-1,F4,0.77734375,10.2058707434111,6.51763711878805,7.08663684717182
VisualCogB_Task-1,1,-1,F4,0.78125,9.96717042136592,6.53421574335149,6.81561037003804
VisualCogB_Task-1,1,-1,F4,0.78515625,9.87876180262657,6.77426274682175,6.65193054796463
VisualCogB_Task-1,1,-1,F4,0.7890625,9.85561463214484,6.60739564537877,6.55710388541184
VisualCogB_Task-1,1,-1,F4,0.79296875,9.77732630265126,6.60672281879983,6.50283123674467
VisualCogB_Task-1,1,-1,F4,0.796875,9.52297108874572,6.63846706854657,6.46500443632537
VisualCogB_Task-1,1,-1,F4,0.80078125,9.00719011365556,6.44011672373078,6.42817295035413
VisualCogB_Task-1,1,1,Fz,-0.19921875,-5.07148391756563,-3.31551714349403,-3.51924303998214
VisualCogB_Task-1,1,1,Fz,-0.1953125,-4.61811630451115,-2.93888418712394,-2.93244130510731
VisualCogB_Task-1,1,1,Fz,-0.19140625,-3.96238062698359,-2.77320643841011,-2.32866241219181
VisualCogB_Task-1,1,1,Fz,-0.1875,-3.15810440547335,-2.04026085283722,-1.69146611002967
VisualCogB_Task-1,1,1,Fz,-0.18359375,-2.34052781656347,-1.20391006457851,-1.04145748293314
VisualCogB_Task-1,1,1,Fz,-0.1796875,-1.66779407184593,-0.380641363976354,-0.428307843781734
VisualCogB_Task-1,1,1,Fz,-0.17578125,-1.25345474836145,0.392668432939405,0.0847737794078946
VisualCogB_Task-1,1,1,Fz,-0.171875,-1.12598423116612,0.85192893139808,0.438550565269552
VisualCogB_Task-1,1,1,Fz,-0.16796875,-1.23381684749147,0.876311090561482,0.599443580231334
VisualCogB_Task-1,1,1,Fz,-0.1640625,-1.48662321669263,0.728717461487451,0.568322087898714
VisualCogB_Task-1,1,1,Fz,-0.16015625,-1.80131820440209,0.534581271742378,0.369127644404679
VisualCogB_Task-1,1,1,Fz,-0.15625,-2.12311609500449,0.0476533239316339,0.0391680870146081
VisualCogB_Task-1,1,1,Fz,-0.15234375,-2.41832814550305,-0.331949938495702,-0.370460944727975
VisualCogB_Task-1,1,1,Fz,-0.1484375,-2.66064909597481,-1.09020627864191,-0.80795670820313
VisualCogB_Task-1,1,1,Fz,-0.14453125,-2.83078629438297,-1.5330326456899,-1.21830721027156
VisualCogB_Task-1,1,1,Fz,-0.140625,-2.92688016697797,-1.6762881201795,-1.57002125533053
VisualCogB_Task-1,1,1,Fz,-0.13671875,-2.9690585387472,-1.85501417216125,-1.85783476739551
VisualCogB_Task-1,1,1,Fz,-0.1328125,-2.98893055427735,-1.91113588855983,-2.08533924255271
VisualCogB_Task-1,1,1,Fz,-0.12890625,-3.00987168826696,-2.02709001584205,-2.25589112728548
VisualCogB_Task-1,1,1,Fz,-0.125,-3.02993522226464,-2.46571052312763,-2.35832992191111
VisualCogB_Task-1,1,1,Fz,-0.12109375,-3.01601783604199,-2.53969267809787,-2.36242836745993
VisualCogB_Task-1,1,1,Fz,-0.1171875,-2.91287142141982,-2.41006274142686,-2.24690758839697
VisualCogB_Task-1,1,1,Fz,-0.11328125,-2.66467786916764,-2.13457671205709,-2.00526073507377
VisualCogB_Task-1,1,1,Fz,-0.109375,-2.23924426835243,-1.77254423136042,-1.64457722059435
VisualCogB_Task-1,1,1,Fz,-0.10546875,-1.64174807063976,-1.30659463376866,-1.18272278947802
VisualCogB_Task-1,1,1,Fz,-0.1015625,-0.912146281404247,-0.626867752516369,-0.648227103807923
VisualCogB_Task-1,1,1,Fz,-0.09765625,-0.1112544245699,-0.159196943568695,-0.0799424793580767
VisualCogB_Task-1,1,1,Fz,-0.09375,0.695455267168735,0.541599665498105,0.485058714038449
VisualCogB_Task-1,1,1,Fz,-0.08984375,1.45002805959431,1.04470587555161,1.00309956786437
VisualCogB_Task-1,1,1,Fz,-0.0859375,2.10764826424836,1.66335599728898,1.43521491955738
VisualCogB_Task-1,1,1,Fz,-0.08203125,2.63688717170874,2.14960218030609,1.74590679886243
VisualCogB_Task-1,1,1,Fz,-0.078125,3.01916566127641,2.34481080199383,1.91868899200211
VisualCogB_Task-1,1,1,Fz,-0.07421875,3.25220864989238,2.13272605539531,1.97071656698598
VisualCogB_Task-1,1,1,Fz,-0.0703125,3.35819342455181,1.74678403020915,1.95465474265626
VisualCogB_Task-1,1,1,Fz,-0.06640625,3.39073745453867,1.51826282623666,1.93666952855592
VisualCogB_Task-1,1,1,Fz,-0.0625,3.42980502505802,1.52391349852451,1.96560437485736
VisualCogB_Task-1,1,1,Fz,-0.05859375,3.55657780905611,1.72953841807348,2.0554355065397
VisualCogB_Task-1,1,1,Fz,-0.0546875,3.81280311243293,2.014507214089,2.18333157555433
VisualCogB_Task-1,1,1,Fz,-0.05078125,4.16308305864967,2.10918529778707,2.2993031431471
VisualCogB_Task-1,1,1,Fz,-0.046875,4.48555334165464,2.70688974147933,2.33929207377512
VisualCogB_Task-1,1,1,Fz,-0.04296875,4.61022742645635,3.06997009009991,2.22339707811547
VisualCogB_Task-1,1,1,Fz,-0.0390625,4.39907080712869,2.76156905688321,1.90235000582059
VisualCogB_Task-1,1,1,Fz,-0.03515625,3.82739924834426,1.78740054194312,1.39743045754162
VisualCogB_Task-1,1,1,Fz,-0.03125,3.01373650121939,0.636090731490942,0.801519621518243
VisualCogB_Task-1,1,1,Fz,-0.02734375,2.17432734894519,-0.40927918755535,0.23999619302362
VisualCogB_Task-1,1,1,Fz,-0.0234375,1.52777263146085,-0.921427145482268,-0.175546873504711
VisualCogB_Task-1,1,1,Fz,-0.01953125,1.20385601000008,-0.943150513613461,-0.387622905344122
VisualCogB_Task-1,1,1,Fz,-0.015625,1.2008196194279,-0.545676434841837,-0.40090191910345
VisualCogB_Task-1,1,1,Fz,-0.01171875,1.40386327211272,-0.177373806803288,-0.266347898747309
VisualCogB_Task-1,1,1,Fz,-0.0078125,1.64968314940164,0.169978221577654,-0.0469893712185115
VisualCogB_Task-1,1,1,Fz,-0.00390625,1.80621804972425,0.510432121314539,0.201559644202131
VisualCogB_Task-1,1,1,Fz,0,1.83142975239734,0.626605677534674,0.441765760966821
VisualCogB_Task-1,1,1,Fz,0.00390625,1.78296348005559,0.729757568450687,0.661834965620461
VisualCogB_Task-1,1,1,Fz,0.0078125,1.77479957895462,0.693195247858158,0.86537657108861
VisualCogB_Task-1,1,1,Fz,0.01171875,1.90606309992878,0.87733243435244,1.06166010719935
VisualCogB_Task-1,1,1,Fz,0.015625,2.20115002778083,1.20261229904573,1.2456066601782
VisualCogB_Task-1,1,1,Fz,0.01953125,2.59178876606916,1.44505112013368,1.39677667684682
VisualCogB_Task-1,1,1,Fz,0.0234375,2.95016196882115,1.6650848437072,1.49114774059911
VisualCogB_Task-1,1,1,Fz,0.02734375,3.15790945563123,1.71219944195484,1.50872030510291
VisualCogB_Task-1,1,1,Fz,0.03125,3.17446799069917,1.62973628086582,1.44398958261839
VisualCogB_Task-1,1,1,Fz,0.03515625,3.06307926481465,1.40977323768816,1.30840738014336
VisualCogB_Task-1,1,1,Fz,0.0390625,2.95615498919642,0.992288409990551,1.12890439619629
VisualCogB_Task-1,1,1,Fz,0.04296875,2.98061420931885,0.70219822510248,0.940858484091004
VisualCogB_Task-1,1,1,Fz,0.046875,3.1880180053247,0.477682343960108,0.768262831624221
VisualCogB_Task-1,1,1,Fz,0.05078125,3.52821556495562,0.555900870442881,0.615222271676927
VisualCogB_Task-1,1,1,Fz,0.0546875,3.87731285275624,0.556332568020993,0.461626596491438
VisualCogB_Task-1,1,1,Fz,0.05859375,4.10007333362557,0.478662003460843,0.282422148207232
VisualCogB_Task-1,1,1,Fz,0.0625,4.11129933699236,0.134870079346232,0.0604474332579158
VisualCogB_Task-1,1,1,Fz,0.06640625,3.90787541138373,-0.0616331570696139,-0.205105720651768
VisualCogB_Task-1,1,1,Fz,0.0703125,3.56354938617108,-0.374079251692531,-0.508843598643053
VisualCogB_Task-1,1,1,Fz,0.07421875,3.19593768030147,-0.765312100259068,-0.833416438871989
VisualCogB_Task-1,1,1,Fz,0.078125,2.92291223333361,-1.19988589914499,-1.15024411724875
VisualCogB_Task-1,1,1,Fz,0.08203125,2.82544219025891,-1.63832198837265,-1.42507114813244
VisualCogB_Task-1,1,1,Fz,0.0859375,2.92812467442217,-1.81034588628765,-1.62777886104018
VisualCogB_Task-1,1,1,Fz,0.08984375,3.19957266721045,-1.84527718020772,-1.74601948884243
VisualCogB_Task-1,1,1,Fz,0.09375,3.56722299214345,-1.84189511312405,-1.78265918318028
VisualCogB_Task-1,1,1,Fz,0.09765625,3.93858488381129,-1.76054171419151,-1.74883556997527
VisualCogB_Task-1,1,1,Fz,0.1015625,4.22394527357612,-1.58058894494998,-1.66062260264424
VisualCogB_Task-1,1,1,Fz,0.10546875,4.35967577135644,-1.44773878800945,-1.53506974662204
VisualCogB_Task-1,1,1,Fz,0.109375,4.32939001932727,-1.22697700256767,-1.38255699586903
VisualCogB_Task-1,1,1,Fz,0.11328125,4.17355215978971,-1.22780460450132,-1.20618676446116
VisualCogB_Task-1,1,1,Fz,0.1171875,3.97844721028951,-1.1185013307702,-0.996096467032604
VisualCogB_Task-1,1,1,Fz,0.12109375,3.84660700461563,-0.91808622486755,-0.744225004887556
VisualCogB_Task-1,1,1,Fz,0.125,3.86031858669936,-0.734760916252815,-0.452711684641672
VisualCogB_Task-1,1,1,Fz,0.12890625,4.04885904632049,-0.433706851946138,-0.138184247908942
VisualCogB_Task-1,1,1,Fz,0.1328125,4.36792125166639,0.228676073769815,0.159225461062383
VisualCogB_Task-1,1,1,Fz,0.13671875,4.70436976938281,0.514991801585955,0.374758714354286
VisualCogB_Task-1,1,1,Fz,0.140625,4.91737094946559,0.755210136522665,0.449444335107701
VisualCogB_Task-1,1,1,Fz,0.14453125,4.90306699827833,0.848552859712359,0.335997237066202
VisualCogB_Task-1,1,1,Fz,0.1484375,4.64245974584649,0.656291867593073,0.01261281742461
VisualCogB_Task-1,1,1,Fz,0.15234375,4.19858131809962,-0.117953817200186,-0.499800558068408
VisualCogB_Task-1,1,1,Fz,0.15625,3.67215252024146,-1.0422529715112,-1.12669460281681
VisualCogB_Task-1,1,1,Fz,0.16015625,3.15941624295618,-2.01971200647523,-1.76170046848554
VisualCogB_Task-1,1,1,Fz,0.1640625,2.74282506272775,-2.89526187936073,-2.29141250413074
VisualCogB_Task-1,1,1,Fz,0.16796875,2.50185729505058,-3.34067454558698,-2.62392602030769
VisualCogB_Task-1,1,1,Fz,0.171875,2.50923276741877,-3.30315244522161,-2.71765710884083
VisualCogB_Task-1,1,1,Fz,0.17578125,2.80002448506445,-2.90236796425906,-2.59075090532789
VisualCogB_Task-1,1,1,Fz,0.1796875,3.33676618803044,-2.28594686671054,-2.31014382339831
VisualCogB_Task-1,1,1,Fz,0.18359375,4.00244935920863,-1.46410837264417,-1.96874036492581
VisualCogB_Task-1,1,1,Fz,0.1875,4.63349282614852,-1.22139724098487,-1.65742861872679
VisualCogB_Task-1,1,1,Fz,0.19140625,5.08020933701201,-0.984784644015848,-1.42504400759417
VisualCogB_Task-1,1,1,Fz,0.1953125,5.26662733815266,-1.03468859012569,-1.28408600617574
VisualCogB_Task-1,1,1,Fz,0.19921875,5.21812445201455,-1.22602955176363,-1.21036580882104
VisualCogB_Task-1,1,1,Fz,0.203125,5.04015181530736,-1.36562800912229,-1.15891149187551
VisualCogB_Task-1,1,1,Fz,0.20703125,4.86097465770146,-1.37581078293601,-1.08605644359641
VisualCogB_Task-1,1,1,Fz,0.2109375,4.77336343255579,-1.18417171565996,-0.965360428678259
VisualCogB_Task-1,1,1,Fz,0.21484375,4.80571213673737,-0.905370165936805,-0.794529406760551
VisualCogB_Task-1,1,1,Fz,0.21875,4.93023737240875,-0.566472150972704,-0.589503611397907
VisualCogB_Task-1,1,1,Fz,0.22265625,5.09610370429474,-0.36638546801939,-0.375460006076308
VisualCogB_Task-1,1,1,Fz,0.2265625,5.26667865062456,-0.138636567774903,-0.175656265912965
VisualCogB_Task-1,1,1,Fz,0.23046875,5.43920221428476,0.19264918361854,-0.0125938545203487
VisualCogB_Task-1,1,1,Fz,0.234375,5.63385945854761,0.220561579203013,0.0943107393339101
VisualCogB_Task-1,1,1,Fz,0.23828125,5.86039365383259,0.210803531371364,0.142744613393754
VisualCogB_Task-1,1,1,Fz,0.2421875,6.09114955321439,0.155898445130391,0.140915768725552
VisualCogB_Task-1,1,1,Fz,0.24609375,6.26857187035292,0.411069943400192,0.102703782893807
VisualCogB_Task-1,1,1,Fz,0.25,6.34856836009311,0.163269853504645,0.043236789830089
VisualCogB_Task-1,1,1,Fz,0.25390625,6.34934894746643,-0.0973542084025557,0.00334010350817077
VisualCogB_Task-1,1,1,Fz,0.2578125,6.36550742434701,-0.230413840697007,0.0338417932080359
VisualCogB_Task-1,1,1,Fz,0.26171875,6.52891529070448,-0.278572201329389,0.177178735550441
VisualCogB_Task-1,1,1,Fz,0.265625,6.93524767160432,0.00857856865434213,0.453766504330723
VisualCogB_Task-1,1,1,Fz,0.26953125,7.58057005289267,0.616918798981957,0.846041428604232
VisualCogB_Task-1,1,1,Fz,0.2734375,8.34931820668785,1.38126008633518,1.29934084278662
VisualCogB_Task-1,1,1,Fz,0.27734375,9.06459581341834,2.09435442070902,1.73990852882501
VisualCogB_Task-1,1,1,Fz,0.28125,9.57299374797315,2.66768929671338,2.10081487229559
VisualCogB_Task-1,1,1,Fz,0.28515625,9.81580469392463,2.78699994796826,2.34466741643152
VisualCogB_Task-1,1,1,Fz,0.2890625,9.850146918044,2.8160442235571,2.48131323983414
VisualCogB_Task-1,1,1,Fz,0.29296875,9.81558366415589,2.59629039914345,2.55746046539948
VisualCogB_Task-1,1,1,Fz,0.296875,9.87014657182872,2.29498085439262,2.64771146466718
VisualCogB_Task-1,1,1,Fz,0.30078125,10.128751020538,2.34807075819264,2.82990443698887
VisualCogB_Task-1,1,1,Fz,0.3046875,10.6280027949907,2.63184587191903,3.15248336419329
VisualCogB_Task-1,1,1,Fz,0.30859375,11.3243764578972,3.03462950993968,3.62373942154283
VisualCogB_Task-1,1,1,Fz,0.3125,12.116845995207,3.82004846628027,4.20857732661038
VisualCogB_Task-1,1,1,Fz,0.31640625,12.8776319283313,4.90077728253539,4.82280930433519
VisualCogB_Task-1,1,1,Fz,0.3203125,13.4802815701553,5.81295615648542,5.34987017462904
VisualCogB_Task-1,1,1,Fz,0.32421875,13.8253914684228,6.53819514630772,5.67969208892037
VisualCogB_Task-1,1,1,Fz,0.328125,13.8652583082835,6.50390523215772,5.74079769712567
VisualCogB_Task-1,1,1,Fz,0.33203125,13.6189173884649,6.15484388557825,5.53325157061034
VisualCogB_Task-1,1,1,Fz,0.3359375,13.1670016170612,5.32688147720272,5.12071057532583
VisualCogB_Task-1,1,1,Fz,0.33984375,12.6295327579499,4.40623210382235,4.6186309368042
VisualCogB_Task-1,1,1,Fz,0.34375,12.1398210418988,3.39555488064808,4.1596497890673
VisualCogB_Task-1,1,1,Fz,0.34765625,11.8177586526742,2.86567656484594,3.85870436338845
VisualCogB_Task-1,1,1,Fz,0.3515625,11.7338366519446,2.95125636799076,3.76705731533938
VisualCogB_Task-1,1,1,Fz,0.35546875,11.8681463031733,3.52766123604123,3.85321898394661
VisualCogB_Task-1,1,1,Fz,0.359375,12.0940760694555,3.98679548656418,4.01771629595762
VisualCogB_Task-1,1,1,Fz,0.36328125,12.2140022822262,4.62540929797423,4.13394636579441
VisualCogB_Task-1,1,1,Fz,0.3671875,12.0370178411155,4.91488345839867,4.0727295737629
VisualCogB_Task-1,1,1,Fz,0.37109375,11.4565676040454,4.72430881475485,3.7458415445173
VisualCogB_Task-1,1,1,Fz,0.375,10.4898965826116,3.93131449045271,3.13523739309814
VisualCogB_Task-1,1,1,Fz,0.37890625,9.26861952383701,2.62748202459381,2.3044111737324
VisualCogB_Task-1,1,1,Fz,0.3828125,7.99268930032981,1.07531449749344,1.38319669875997
VisualCogB_Task-1,1,1,Fz,0.38671875,6.86911808128105,-0.227029318106807,0.528350351425839
VisualCogB_Task-1,1,1,Fz,0.390625,6.0557405036765,-1.06791104359095,-0.12902833513056
VisualCogB_Task-1,1,1,Fz,0.39453125,5.62339188885014,-1.39813742982501,-0.520788133564165
VisualCogB_Task-1,1,1,Fz,0.3984375,5.54301342769601,-1.18685368036089,-0.657018042234952
VisualCogB_Task-1,1,1,Fz,0.40234375,5.70054726014228,-0.657281105501806,-0.620919500857966
VisualCogB_Task-1,1,1,Fz,0.40625,5.93620420671143,-0.186047492450142,-0.539846918992082
VisualCogB_Task-1,1,1,Fz,0.41015625,6.09337554130936,0.0280668123326923,-0.544184839916494
VisualCogB_Task-1,1,1,Fz,0.4140625,6.05759193019551,-0.0885384971675979,-0.734834521365235
VisualCogB_Task-1,1,1,Fz,0.41796875,5.77617522596063,-0.400376018863365,-1.16500958338491
VisualCogB_Task-1,1,1,Fz,0.421875,5.26364879536138,-1.26003560965305,-1.83406564400563
VisualCogB_Task-1,1,1,Fz,0.42578125,4.59968587200982,-2.51208310015855,-2.67763885754742
VisualCogB_Task-1,1,1,Fz,0.4296875,3.91623793007647,-3.88906238777987,-3.58352954213422
VisualCogB_Task-1,1,1,Fz,0.43359375,3.36568838911217,-5.03237168899099,-4.42574170277425
VisualCogB_Task-1,1,1,Fz,0.4375,3.07247332921499,-5.86411559866077,-5.10374041494619
VisualCogB_Task-1,1,1,Fz,0.44140625,3.08633186274686,-6.16950133249241,-5.56754325298011
VisualCogB_Task-1,1,1,Fz,0.4453125,3.35902978316856,-6.1352763164439,-5.83053238984898
VisualCogB_Task-1,1,1,Fz,0.44921875,3.75515512096022,-5.99945493758018,-5.95625317181843
VisualCogB_Task-1,1,1,Fz,0.453125,4.09364951258583,-5.74833754904405,-6.03364627237035
VisualCogB_Task-1,1,1,Fz,0.45703125,4.20836179846161,-5.72885595489855,-6.15525251213345
VisualCogB_Task-1,1,1,Fz,0.4609375,4.00873750217196,-5.80764610103133,-6.38983698479255
VisualCogB_Task-1,1,1,Fz,0.46484375,3.51512033907391,-6.14207679848019,-6.77063173759625
VisualCogB_Task-1,1,1,Fz,0.46875,2.85018266430726,-6.89029627467708,-7.28235291081305
VisualCogB_Task-1,1,1,Fz,0.47265625,2.19334703634686,-7.56692960193557,-7.85733706645175
VisualCogB_Task-1,1,1,Fz,0.4765625,1.72576534891598,-8.49186664869066,-8.39524938017651
VisualCogB_Task-1,1,1,Fz,0.48046875,1.58651385492236,-9.46363142772793,-8.77155440560846
VisualCogB_Task-1,1,1,Fz,0.484375,1.83990910971027,-10.0476743776808,-8.86976813541158
VisualCogB_Task-1,1,1,Fz,0.48828125,2.45116728366745,-9.79489375111852,-8.63107964742646
VisualCogB_Task-1,1,1,Fz,0.4921875,3.28375706888174,-8.62008476636086,-8.09483687301614
VisualCogB_Task-1,1,1,Fz,0.49609375,4.13512958348672,-6.88594826357472,-7.39737225218464
VisualCogB_Task-1,1,1,Fz,0.5,4.80404536154361,-5.77194122473214,-6.71878888271473
VisualCogB_Task-1,1,1,Fz,0.50390625,5.15860953286877,-5.24577646344469,-6.19657119667166
VisualCogB_Task-1,1,1,Fz,0.5078125,5.17593057582013,-5.310433937554,-5.88929965462215
VisualCogB_Task-1,1,1,Fz,0.51171875,4.94212555995788,-5.65543631854086,-5.77632182269733
VisualCogB_Task-1,1,1,Fz,0.515625,4.61343625189063,-6.01238676348433,-5.78874645727265
VisualCogB_Task-1,1,1,Fz,0.51953125,4.34929804147686,-6.07613356940843,-5.84760852271052
VisualCogB_Task-1,1,1,Fz,0.5234375,4.24682573576471,-5.95689794259594,-5.89257967555766
VisualCogB_Task-1,1,1,Fz,0.52734375,4.31554646294601,-6.04995493880788,-5.88237532625228
VisualCogB_Task-1,1,1,Fz,0.53125,4.50801812017346,-5.91492247134556,-5.7810707408191
VisualCogB_Task-1,1,1,Fz,0.53515625,4.78120457965008,-5.54698063685073,-5.56670615299581
VisualCogB_Task-1,1,1,Fz,0.5390625,5.14371722546296,-5.38579865348795,-5.22847610739732
VisualCogB_Task-1,1,1,Fz,0.54296875,5.65868288761299,-5.05953297364633,-4.75393135562641
VisualCogB_Task-1,1,1,Fz,0.546875,6.4021474155748,-4.47401297276012,-4.14373286146013
VisualCogB_Task-1,1,1,Fz,0.55078125,7.40205229098701,-3.68311330880591,-3.42400839017714
VisualCogB_Task-1,1,1,Fz,0.5546875,8.59471892966136,-2.58552872674842,-2.64840904966447
VisualCogB_Task-1,1,1,Fz,0.55859375,9.82926804789402,-1.56623024201417,-1.89217802436152
VisualCogB_Task-1,1,1,Fz,0.5625,10.9233397754602,-0.826490856250688,-1.22531847179803
VisualCogB_Task-1,1,1,Fz,0.56640625,11.7396593993834,-0.2936422419152,-0.690671234308128
VisualCogB_Task-1,1,1,Fz,0.5703125,12.2390378167521,0.0916185946523858,-0.297841519596996
VisualCogB_Task-1,1,1,Fz,0.57421875,12.4835720763435,0.328013957032801,-0.0233487860037364
VisualCogB_Task-1,1,1,Fz,0.578125,12.5969513433279,0.33944349949749,0.188742517653328
VisualCogB_Task-1,1,1,Fz,0.58203125,12.7113463346769,0.470124265875754,0.423648171142255
VisualCogB_Task-1,1,1,Fz,0.5859375,12.9320843651372,0.161957982499163,0.77914236938478
VisualCogB_Task-1,1,1,Fz,0.58984375,13.3342269428322,1.21519550090312,1.3568723151971
VisualCogB_Task-1,1,1,Fz,0.59375,13.978204746635,1.50209974455202,2.20705317915493
VisualCogB_Task-1,1,1,Fz,0.59765625,14.9150847847994,2.83365094626908,3.36809373064285
VisualCogB_Task-1,1,1,Fz,0.6015625,16.1650146441371,4.26695937624299,4.81965661949516
VisualCogB_Task-1,1,1,Fz,0.60546875,17.6859633269323,6.07620982898974,6.49686759684838
VisualCogB_Task-1,1,1,Fz,0.609375,19.3681635432018,8.51810110300411,8.28879431023466
VisualCogB_Task-1,1,1,Fz,0.61328125,21.0702461828409,11.1455727660464,10.0494495931979
VisualCogB_Task-1,1,1,Fz,0.6171875,22.6760089805031,13.1583234551114,11.6519551786796
VisualCogB_Task-1,1,1,Fz,0.62109375,24.1336982613905,12.9921118634607,13.0607763973583
VisualCogB_Task-1,1,1,Fz,0.625,25.4545183520467,14.3065551880482,14.3659092696156
VisualCogB_Task-1,1,1,Fz,0.62890625,26.6761918090398,15.3531896926096,15.6516277713414
VisualCogB_Task-1,1,1,Fz,0.6328125,27.8193320215872,16.5698218565098,16.9972597049616
VisualCogB_Task-1,1,1,Fz,0.63671875,28.8674181571672,17.978987994962,18.457263033008
VisualCogB_Task-1,1,1,Fz,0.640625,29.7831462808867,19.4401578168897,20.0504758973077
VisualCogB_Task-1,1,1,Fz,0.64453125,30.545166250009,20.8480124102644,21.7558801865178
VisualCogB_Task-1,1,1,Fz,0.6484375,31.1716954542878,23.8775101356087,23.5015979492602
VisualCogB_Task-1,1,1,Fz,0.65234375,31.7088278851816,25.9705915752231,25.1400955861358
VisualCogB_Task-1,1,1,Fz,0.65625,32.1940161700154,27.1240525866882,26.5551655132745
VisualCogB_Task-1,1,1,Fz,0.66015625,32.6276624438,27.7401537619913,27.6998081458967
VisualCogB_Task-1,1,1,Fz,0.6640625,32.9744187982112,28.3089018851872,28.5744311553409
VisualCogB_Task-1,1,1,Fz,0.66796875,33.1850401281881,29.2818734050954,29.1828043476199
VisualCogB_Task-1,1,1,Fz,0.671875,33.2159282097831,30.0340049455361,29.5065700895669
VisualCogB_Task-1,1,1,Fz,0.67578125,33.0377189787523,29.8410187249689,29.5356265028052
VisualCogB_Task-1,1,1,Fz,0.6796875,32.6403119489694,29.7647844397387,29.3038246136216
VisualCogB_Task-1,1,1,Fz,0.68359375,32.0393021692356,28.8645395245504,28.8704648001503
VisualCogB_Task-1,1,1,Fz,0.6875,31.2800397405317,27.7988900578429,28.3332607593683
VisualCogB_Task-1,1,1,Fz,0.69140625,30.4361116906097,27.4286690701981,27.7894324152862
VisualCogB_Task-1,1,1,Fz,0.6953125,29.601774135602,27.04580515784,27.2916688001206
VisualCogB_Task-1,1,1,Fz,0.69921875,28.8744153988528,26.6687566339214,26.8625953339975
VisualCogB_Task-1,1,1,Fz,0.703125,28.3247432238328,26.3725723765957,26.5043488001862
VisualCogB_Task-1,1,1,Fz,0.70703125,27.967613467455,25.9448607934567,26.2029127569496
VisualCogB_Task-1,1,1,Fz,0.7109375,27.757661307844,25.772868271006,25.933289393918
VisualCogB_Task-1,1,1,Fz,0.71484375,27.6190337701604,25.5506052170872,25.6489765704308
VisualCogB_Task-1,1,1,Fz,0.71875,27.48756087416,25.5756039720234,25.2901037189179
VisualCogB_Task-1,1,1,Fz,0.72265625,27.3322570977865,25.2971866149583,24.7886026590307
VisualCogB_Task-1,1,1,Fz,0.7265625,27.1459406586945,24.2805367003448,24.1001968981792
VisualCogB_Task-1,1,1,Fz,0.73046875,26.9243418439758,23.336535189485,23.2229919401008
VisualCogB_Task-1,1,1,Fz,0.734375,26.6557085223276,22.5540856492341,22.1701216053801
VisualCogB_Task-1,1,1,Fz,0.73828125,26.3224085706592,21.6673978648475,20.9641816520502
VisualCogB_Task-1,1,1,Fz,0.7421875,25.9030907935639,19.482345440822,19.659764841799
VisualCogB_Task-1,1,1,Fz,0.74609375,25.372277683416,18.2625395129241,18.3700652873804
VisualCogB_Task-1,1,1,Fz,0.75,24.7067158065536,17.1170130636759,17.1934921514674
VisualCogB_Task-1,1,1,Fz,0.75390625,23.9046555949504,15.5789582679141,16.2194941155279
VisualCogB_Task-1,1,1,Fz,0.7578125,23.0084606773947,14.8214165668522,15.531146603714
VisualCogB_Task-1,1,1,Fz,0.76171875,22.1107980076761,15.0684079551886,15.1581470528765
VisualCogB_Task-1,1,1,Fz,0.765625,21.3315262038453,14.6699615549872,15.071048730128
VisualCogB_Task-1,1,1,Fz,0.76953125,20.7720910964806,15.0759796259223,15.2329266444402
VisualCogB_Task-1,1,1,Fz,0.7734375,20.4723771094712,15.2080724262098,15.5734318735232
VisualCogB_Task-1,1,1,Fz,0.77734375,20.3964745847679,16.134382301519,16.0091365768771
VisualCogB_Task-1,1,1,Fz,0.78125,20.4551176128164,17.0691259656041,16.4261662933926
VisualCogB_Task-1,1,1,Fz,0.78515625,20.5483847790733,17.3655377340345,16.7210837056808
VisualCogB_Task-1,1,1,Fz,0.7890625,20.6025927690816,17.4415886127187,16.8440314690367
VisualCogB_Task-1,1,1,Fz,0.79296875,20.5841273954588,17.0803401273777,16.7988567411185
VisualCogB_Task-1,1,1,Fz,0.796875,20.4889658240957,16.1625371242621,16.6392031082242
VisualCogB_Task-1,1,1,Fz,0.80078125,20.3201092464127,15.993630667632,16.4421711055071
VisualCogB_Task-1,1,1,F3,-0.19921875,-0.26401988004586,-1.48047735675097,-1.62885115384333
VisualCogB_Task-1,1,1,F3,-0.1953125,-0.440857293970321,-1.44963712730274,-1.19438543703459
VisualCogB_Task-1,1,1,F3,-0.19140625,-0.403202995695158,-1.05457151056847,-0.74755523713483
VisualCogB_Task-1,1,1,F3,-0.1875,-0.17234011147511,-0.422554906455084,-0.297267045242021
VisualCogB_Task-1,1,1,F3,-0.18359375,0.144156150883379,0.246592290635964,0.121987958093048
VisualCogB_Task-1,1,1,F3,-0.1796875,0.414180877133202,0.710645955486643,0.465277937218501
VisualCogB_Task-1,1,1,F3,-0.17578125,0.54095458779987,0.95301014477207,0.69805475086104
VisualCogB_Task-1,1,1,F3,-0.171875,0.489461114632191,1.04231182915697,0.806217592603046
VisualCogB_Task-1,1,1,F3,-0.16796875,0.278961163894885,0.896303742111501,0.796911938852817
VisualCogB_Task-1,1,1,F3,-0.1640625,-0.039151379893395,0.754817641587583,0.696957785731479
VisualCogB_Task-1,1,1,F3,-0.16015625,-0.398370669283222,0.515799743641256,0.541457779631715
VisualCogB_Task-1,1,1,F3,-0.15625,-0.723756258925115,0.211158860628383,0.370336221600881
VisualCogB_Task-1,1,1,F3,-0.15234375,-0.940477574744539,0.072794072731577,0.221379243020464
VisualCogB_Task-1,1,1,F3,-0.1484375,-0.996889080049207,-0.180272719205142,0.119108195190909
VisualCogB_Task-1,1,1,F3,-0.14453125,-0.89347297421624,-0.0868460098135897,0.0756623318885858
VisualCogB_Task-1,1,1,F3,-0.140625,-0.691932821170059,0.103289897396341,0.0782324973568618
VisualCogB_Task-1,1,1,F3,-0.13671875,-0.490354058839214,0.147931767705547,0.100467174030588
VisualCogB_Task-1,1,1,F3,-0.1328125,-0.378141105002001,0.221278547475389,0.118102961014574
VisualCogB_Task-1,1,1,F3,-0.12890625,-0.397943290927035,0.477291948097788,0.110831840219874
VisualCogB_Task-1,1,1,F3,-0.125,-0.53210639062263,0.207622561241507,0.0669437590959447
VisualCogB_Task-1,1,1,F3,-0.12109375,-0.71439447013851,0.0453111874760197,0.00526700741540185
VisualCogB_Task-1,1,1,F3,-0.1171875,-0.858425695654216,-0.273132620781685,-0.0436468915370084
VisualCogB_Task-1,1,1,F3,-0.11328125,-0.890990659852797,-0.289657983566985,-0.0459093994714883
VisualCogB_Task-1,1,1,F3,-0.109375,-0.776069384452444,-0.159774505520249,0.0132442111313699
VisualCogB_Task-1,1,1,F3,-0.10546875,-0.518118406607923,0.183692328793486,0.128266285783016
VisualCogB_Task-1,1,1,F3,-0.1015625,-0.145681208599635,0.448297038685203,0.279190943607266
VisualCogB_Task-1,1,1,F3,-0.09765625,0.309196774623415,0.219745682994245,0.450671140645473
VisualCogB_Task-1,1,1,F3,-0.09375,0.817986271126573,0.426992765783101,0.64145200752882
VisualCogB_Task-1,1,1,F3,-0.08984375,1.34504334621913,0.794124088531579,0.831034886750885
VisualCogB_Task-1,1,1,F3,-0.0859375,1.83330727193253,1.1313770908813,0.981049517326439
VisualCogB_Task-1,1,1,F3,-0.08203125,2.20605898492765,1.30533792097568,1.05004973841864
VisualCogB_Task-1,1,1,F3,-0.078125,2.39097016492867,1.5325855707474,1.0091166869869
VisualCogB_Task-1,1,1,F3,-0.07421875,2.35210681961961,1.20253650991865,0.85060551520369
VisualCogB_Task-1,1,1,F3,-0.0703125,2.10894988461904,0.606149922042112,0.610493782221546
VisualCogB_Task-1,1,1,F3,-0.06640625,1.73298335673246,-0.0120411821733745,0.35408663008591
VisualCogB_Task-1,1,1,F3,-0.0625,1.32623221712046,-0.353269058205564,0.146327212493936
VisualCogB_Task-1,1,1,F3,-0.05859375,0.990681417701533,-0.336013277026695,0.0216480321211739
VisualCogB_Task-1,1,1,F3,-0.0546875,0.795143586655116,-0.200573340639702,-0.0271514309151186
VisualCogB_Task-1,1,1,F3,-0.05078125,0.745279272089554,-0.0896284027548834,-0.0370768055933398
VisualCogB_Task-1,1,1,F3,-0.046875,0.769709424527259,0.135651846737937,-0.0595855467022699
VisualCogB_Task-1,1,1,F3,-0.04296875,0.741780355813173,0.22802822786415,-0.150514408794151
VisualCogB_Task-1,1,1,F3,-0.0390625,0.541000624254572,0.158394656726589,-0.349430363634541
VisualCogB_Task-1,1,1,F3,-0.03515625,0.123052985986288,-0.291835357145367,-0.664355163267473
VisualCogB_Task-1,1,1,F3,-0.03125,-0.449472295291891,-0.970194871914464,-1.06099180804022
VisualCogB_Task-1,1,1,F3,-0.02734375,-1.03770982584062,-1.76443581950398,-1.47399998112321
VisualCogB_Task-1,1,1,F3,-0.0234375,-1.49662348467269,-2.28100774590102,-1.83047295434306
VisualCogB_Task-1,1,1,F3,-0.01953125,-1.74118664762667,-2.44671121040107,-2.08170698605812
VisualCogB_Task-1,1,1,F3,-0.015625,-1.77684086238667,-2.3405330393646,-2.2165429005899
VisualCogB_Task-1,1,1,F3,-0.01171875,-1.686560904665,-2.14472190283744,-2.25423854095515
VisualCogB_Task-1,1,1,F3,-0.0078125,-1.58455024349057,-2.26604806094811,-2.2243842617352
VisualCogB_Task-1,1,1,F3,-0.00390625,-1.55755667908183,-2.16087467509356,-2.14744403100153
VisualCogB_Task-1,1,1,F3,0,-1.62225887262561,-1.89426470864523,-2.04735380009341
VisualCogB_Task-1,1,1,F3,0.00390625,-1.72342487077873,-1.90769907175564,-1.94916874069108
VisualCogB_Task-1,1,1,F3,0.0078125,-1.77528941668772,-1.99987507778198,-1.86518660018744
VisualCogB_Task-1,1,1,F3,0.01171875,-1.72025026782271,-1.72397929141952,-1.80424932023078
VisualCogB_Task-1,1,1,F3,0.015625,-1.56964182284676,-1.77675789100037,-1.78642288226892
VisualCogB_Task-1,1,1,F3,0.01953125,-1.40656110962351,-1.63657624152104,-1.8250840986821
VisualCogB_Task-1,1,1,F3,0.0234375,-1.3502251836137,-1.63560435492395,-1.93280436591148
VisualCogB_Task-1,1,1,F3,0.02734375,-1.49406616022772,-1.88041418357275,-2.10644609230149
VisualCogB_Task-1,1,1,F3,0.03125,-1.84474253849223,-2.35912237736099,-2.31810501861426
VisualCogB_Task-1,1,1,F3,0.03515625,-2.30135911311532,-2.78885925035914,-2.52104089321785
VisualCogB_Task-1,1,1,F3,0.0390625,-2.69874773038639,-3.09192139566104,-2.67193157770921
VisualCogB_Task-1,1,1,F3,0.04296875,-2.89483919093281,-3.04673070016618,-2.74977313011376
VisualCogB_Task-1,1,1,F3,0.046875,-2.84753516777515,-2.93441672449316,-2.76856075995287
VisualCogB_Task-1,1,1,F3,0.05078125,-2.63343791947531,-2.75290482553079,-2.76703614091896
VisualCogB_Task-1,1,1,F3,0.0546875,-2.40145201340654,-2.57167749825421,-2.7977622770828
VisualCogB_Task-1,1,1,F3,0.05859375,-2.29520546287304,-2.51468611009214,-2.91212456289949
VisualCogB_Task-1,1,1,F3,0.0625,-2.39106968677238,-2.75654166615405,-3.14266799458842
VisualCogB_Task-1,1,1,F3,0.06640625,-2.67836558476886,-3.12549790734854,-3.48881769730166
VisualCogB_Task-1,1,1,F3,0.0703125,-3.07744167681475,-3.80204084296077,-3.91782160215514
VisualCogB_Task-1,1,1,F3,0.07421875,-3.476940318892,-4.50286814875239,-4.36665099110197
VisualCogB_Task-1,1,1,F3,0.078125,-3.77516233307648,-5.09912639522261,-4.76262874949578
VisualCogB_Task-1,1,1,F3,0.08203125,-3.91412603504239,-5.47100846986794,-5.04442919249437
VisualCogB_Task-1,1,1,F3,0.0859375,-3.89339897552545,-5.48634014273879,-5.17876810573277
VisualCogB_Task-1,1,1,F3,0.08984375,-3.75637191780599,-5.29907326204571,-5.1679095479605
VisualCogB_Task-1,1,1,F3,0.09375,-3.55954420623058,-5.12046681727273,-5.03974858101088
VisualCogB_Task-1,1,1,F3,0.09765625,-3.34933100553229,-4.76555213619097,-4.83311057622437
VisualCogB_Task-1,1,1,F3,0.1015625,-3.16174330552238,-4.39250705834606,-4.59354742462987
VisualCogB_Task-1,1,1,F3,0.10546875,-3.03501032820013,-4.17604947131822,-4.36098114725353
VisualCogB_Task-1,1,1,F3,0.109375,-3.01254925695054,-3.94885307408473,-4.1585804012645
VisualCogB_Task-1,1,1,F3,0.11328125,-3.12690013612299,-3.84870304783736,-3.99410287083732
VisualCogB_Task-1,1,1,F3,0.1171875,-3.37613060550439,-4.05742123421238,-3.85782896288156
VisualCogB_Task-1,1,1,F3,0.12109375,-3.71110800733448,-3.70105722031811,-3.72792243239012
VisualCogB_Task-1,1,1,F3,0.125,-4.04517365108343,-3.56258565582111,-3.59917972363345
VisualCogB_Task-1,1,1,F3,0.12890625,-4.28692535004907,-3.80685007444044,-3.46415851320935
VisualCogB_Task-1,1,1,F3,0.1328125,-4.38356739500168,-3.45262679813743,-3.3123669720646
VisualCogB_Task-1,1,1,F3,0.13671875,-4.34987224597869,-3.20695475675517,-3.16187090124856
VisualCogB_Task-1,1,1,F3,0.140625,-4.26155574948235,-3.04919681205143,-3.04242442064997
VisualCogB_Task-1,1,1,F3,0.14453125,-4.21784705734264,-2.7564002670078,-2.98753863811649
VisualCogB_Task-1,1,1,F3,0.1484375,-4.30200529766642,-2.90916837992864,-3.03128902744589
VisualCogB_Task-1,1,1,F3,0.15234375,-4.56217767918455,-2.90889166671684,-3.18848953151019
VisualCogB_Task-1,1,1,F3,0.15625,-5.00756994853135,-3.20512238023046,-3.463777372555
VisualCogB_Task-1,1,1,F3,0.16015625,-5.60243785086523,-3.55279996278556,-3.83848995075981
VisualCogB_Task-1,1,1,F3,0.1640625,-6.25680569694277,-4.27563643112261,-4.27241008361039
VisualCogB_Task-1,1,1,F3,0.16796875,-6.83405370869186,-5.0688307593528,-4.70151308959467
VisualCogB_Task-1,1,1,F3,0.171875,-7.19159638146627,-5.58038036277496,-5.06204314949324
VisualCogB_Task-1,1,1,F3,0.17578125,-7.24207922915435,-5.82852980034029,-5.32085424989988
VisualCogB_Task-1,1,1,F3,0.1796875,-7.0000570738599,-5.41218232830186,-5.48799514518185
VisualCogB_Task-1,1,1,F3,0.18359375,-6.58649964360758,-5.35119903363841,-5.61582088557644
VisualCogB_Task-1,1,1,F3,0.1875,-6.18823824339936,-5.31881233560721,-5.75036878658092
VisualCogB_Task-1,1,1,F3,0.19140625,-5.9881567151432,-5.74371515684302,-5.91562434269776
VisualCogB_Task-1,1,1,F3,0.1953125,-6.09244961749143,-6.11875986908159,-6.09961001084824
VisualCogB_Task-1,1,1,F3,0.19921875,-6.48772026634699,-6.41034084116397,-6.27602248246578
VisualCogB_Task-1,1,1,F3,0.203125,-7.05195131010418,-6.51573872152379,-6.42015427050323
VisualCogB_Task-1,1,1,F3,0.20703125,-7.61394559461305,-6.81391577910591,-6.51849108447163
VisualCogB_Task-1,1,1,F3,0.2109375,-8.02720867653237,-6.27219410325421,-6.56548400480039
VisualCogB_Task-1,1,1,F3,0.21484375,-8.22078445665043,-6.82131915760318,-6.58020283647178
VisualCogB_Task-1,1,1,F3,0.21875,-8.20793882888612,-6.49593551570679,-6.5572765593392
VisualCogB_Task-1,1,1,F3,0.22265625,-8.05590247294321,-6.60222531154382,-6.51142718001703
VisualCogB_Task-1,1,1,F3,0.2265625,-7.83864928771352,-6.39003671758,-6.45226495148359
VisualCogB_Task-1,1,1,F3,0.23046875,-7.60466067469161,-6.32574511872247,-6.39696663767777
VisualCogB_Task-1,1,1,F3,0.234375,-7.38016487198271,-6.27677104889273,-6.35752331637983
VisualCogB_Task-1,1,1,F3,0.23828125,-7.19712087285151,-6.27529957630381,-6.33999093879042
VisualCogB_Task-1,1,1,F3,0.2421875,-7.1111743794417,-6.16570499387088,-6.34369610048626
VisualCogB_Task-1,1,1,F3,0.24609375,-7.18179968916332,-6.15000084663319,-6.36257445017019
VisualCogB_Task-1,1,1,F3,0.25,-7.42055332771438,-6.35206990516135,-6.3757290443271
VisualCogB_Task-1,1,1,F3,0.25390625,-7.74728019595708,-6.31454413151982,-6.34454847248046
VisualCogB_Task-1,1,1,F3,0.2578125,-7.99870092496784,-6.42590746817947,-6.22844972922324
VisualCogB_Task-1,1,1,F3,0.26171875,-7.99984838902973,-6.7763450466954,-5.98434944740173
VisualCogB_Task-1,1,1,F3,0.265625,-7.66094137511676,-6.16498743177004,-5.58561907144187
VisualCogB_Task-1,1,1,F3,0.26953125,-7.03866323696788,-5.17610382788688,-5.07162967904407
VisualCogB_Task-1,1,1,F3,0.2734375,-6.31960418332551,-4.20408450516888,-4.53003304460277
VisualCogB_Task-1,1,1,F3,0.27734375,-5.73241406336481,-3.5363278392017,-4.05718712158264
VisualCogB_Task-1,1,1,F3,0.28125,-5.440634918906,-3.12915074759197,-3.72228748516218
VisualCogB_Task-1,1,1,F3,0.28515625,-5.47732628074298,-3.03120019978929,-3.55112477032149
VisualCogB_Task-1,1,1,F3,0.2890625,-5.750483052875,-3.19063160585256,-3.52006155057647
VisualCogB_Task-1,1,1,F3,0.29296875,-6.1028284808111,-3.6188794244639,-3.56213335189868
VisualCogB_Task-1,1,1,F3,0.296875,-6.38386876664136,-4.15327399713534,-3.58292320486603
VisualCogB_Task-1,1,1,F3,0.30078125,-6.4971393825911,-4.29652155024413,-3.49274297943685
VisualCogB_Task-1,1,1,F3,0.3046875,-6.4103018895109,-3.79914430383751,-3.24943377825859
VisualCogB_Task-1,1,1,F3,0.30859375,-6.14156697923882,-2.94762036368457,-2.87781825154595
VisualCogB_Task-1,1,1,F3,0.3125,-5.74615535572434,-2.58758264466348,-2.44852825997855
VisualCogB_Task-1,1,1,F3,0.31640625,-5.31340398302092,-1.72650231097632,-2.03801250691425
VisualCogB_Task-1,1,1,F3,0.3203125,-4.96063960747803,-0.958072218762399,-1.73430756110129
VisualCogB_Task-1,1,1,F3,0.32421875,-4.80272472441588,-1.09144082744361,-1.59949080829309
VisualCogB_Task-1,1,1,F3,0.328125,-4.9008196992578,-1.47467227483261,-1.63095335571484
VisualCogB_Task-1,1,1,F3,0.33203125,-5.22536369882134,-1.63647788882416,-1.7837488121876
VisualCogB_Task-1,1,1,F3,0.3359375,-5.66554576736372,-2.07406978229478,-1.99990736312558
VisualCogB_Task-1,1,1,F3,0.33984375,-6.07784371808441,-2.46881443391825,-2.20918661699602
VisualCogB_Task-1,1,1,F3,0.34375,-6.33630891127538,-2.88383611245011,-2.34752438386362
VisualCogB_Task-1,1,1,F3,0.34765625,-6.36276310832223,-3.02173099404272,-2.37249412520324
VisualCogB_Task-1,1,1,F3,0.3515625,-6.14714161051734,-2.75936470871003,-2.28636194653863
VisualCogB_Task-1,1,1,F3,0.35546875,-5.76579599744579,-2.14581298053062,-2.14549702579681
VisualCogB_Task-1,1,1,F3,0.359375,-5.37649381297538,-1.57476013689838,-2.04568543775244
VisualCogB_Task-1,1,1,F3,0.36328125,-5.16820888196958,-1.48564266813392,-2.08273958674131
VisualCogB_Task-1,1,1,F3,0.3671875,-5.2842301105353,-1.64877663805871,-2.31322810202806
VisualCogB_Task-1,1,1,F3,0.37109375,-5.76713850925214,-2.41078211144157,-2.74396153632668
VisualCogB_Task-1,1,1,F3,0.375,-6.55542951805912,-3.09823618060437,-3.32637948702041
VisualCogB_Task-1,1,1,F3,0.37890625,-7.51934695178906,-4.07964454298053,-3.98415659941872
VisualCogB_Task-1,1,1,F3,0.3828125,-8.50445100209682,-4.86346065401691,-4.62195557662974
VisualCogB_Task-1,1,1,F3,0.38671875,-9.3648695720603,-5.75672933539104,-5.15239645039176
VisualCogB_Task-1,1,1,F3,0.390625,-9.98831930686855,-6.19206342688846,-5.50822467555866
VisualCogB_Task-1,1,1,F3,0.39453125,-10.3197666920071,-6.19870634917956,-5.67254678073426
VisualCogB_Task-1,1,1,F3,0.3984375,-10.3804284769364,-5.9756016616124,-5.68545585713317
VisualCogB_Task-1,1,1,F3,0.40234375,-10.2686342353018,-5.58812009355878,-5.63089162667382
VisualCogB_Task-1,1,1,F3,0.40625,-10.1330962863159,-5.20855023159121,-5.61697262831453
VisualCogB_Task-1,1,1,F3,0.41015625,-10.1265295926367,-4.96067148852375,-5.7482531065874
VisualCogB_Task-1,1,1,F3,0.4140625,-10.3610341942273,-5.41771133508832,-6.09525210629757
VisualCogB_Task-1,1,1,F3,0.41796875,-10.8818739291351,-6.27795914703868,-6.66285687074487
VisualCogB_Task-1,1,1,F3,0.421875,-11.6605039597469,-7.20656104213517,-7.39949291229503
VisualCogB_Task-1,1,1,F3,0.42578125,-12.6000395109537,-8.28815699502351,-8.22151093300493
VisualCogB_Task-1,1,1,F3,0.4296875,-13.5518936056144,-9.26054536731883,-9.02918397908477
VisualCogB_Task-1,1,1,F3,0.43359375,-14.3475075158792,-10.1056432711154,-9.72833893524634
VisualCogB_Task-1,1,1,F3,0.4375,-14.8428154831992,-10.7391356387204,-10.2440828018876
VisualCogB_Task-1,1,1,F3,0.44140625,-14.9608942135716,-11.0721747011484,-10.5329646073955
VisualCogB_Task-1,1,1,F3,0.4453125,-14.7146503427096,-10.7648314357672,-10.5927877832265
VisualCogB_Task-1,1,1,F3,0.44921875,-14.2018730823175,-10.5574199742765,-10.4662899353164
VisualCogB_Task-1,1,1,F3,0.453125,-13.577341457665,-10.0144602062526,-10.2105456406462
VisualCogB_Task-1,1,1,F3,0.45703125,-13.0084373009145,-9.6948445259901,-9.89022364611001
VisualCogB_Task-1,1,1,F3,0.4609375,-12.6212304804291,-9.40514111638986,-9.55365224573596
VisualCogB_Task-1,1,1,F3,0.46484375,-12.4563437530767,-9.11439838194053,-9.23287814020882
VisualCogB_Task-1,1,1,F3,0.46875,-12.4620627255805,-9.01162678203627,-8.94757210276783
VisualCogB_Task-1,1,1,F3,0.47265625,-12.532267694797,-8.65326048853325,-8.70753159346321
VisualCogB_Task-1,1,1,F3,0.4765625,-12.5628326679078,-8.40061278707271,-8.52789196228423
VisualCogB_Task-1,1,1,F3,0.48046875,-12.4901542185495,-8.25986718005975,-8.41926596714265
VisualCogB_Task-1,1,1,F3,0.484375,-12.2983033524162,-8.44785923475139,-8.38165976801593
VisualCogB_Task-1,1,1,F3,0.48828125,-12.0078921465436,-8.54326415082429,-8.40179629262463
VisualCogB_Task-1,1,1,F3,0.4921875,-11.6641022900154,-8.55193894802452,-8.47191509091724
VisualCogB_Task-1,1,1,F3,0.49609375,-11.3285401674733,-8.55435291597017,-8.59604470102559
VisualCogB_Task-1,1,1,F3,0.5,-11.0700888078623,-8.61349288622121,-8.78488231584041
VisualCogB_Task-1,1,1,F3,0.50390625,-10.9507658971104,-8.88658715557367,-9.04565081283116
VisualCogB_Task-1,1,1,F3,0.5078125,-11.0063258698803,-9.22645521663962,-9.37129061699904
VisualCogB_Task-1,1,1,F3,0.51171875,-11.22581274727,-9.6650203581276,-9.74148684857376
VisualCogB_Task-1,1,1,F3,0.515625,-11.5430114582729,-10.1768839639587,-10.1238550110884
VisualCogB_Task-1,1,1,F3,0.51953125,-11.8556099632295,-10.5248696155706,-10.479638400539
VisualCogB_Task-1,1,1,F3,0.5234375,-12.0698906674171,-10.8587931239754,-10.7744993923272
VisualCogB_Task-1,1,1,F3,0.52734375,-12.1427856917615,-11.0822803729856,-10.9778696297741
VisualCogB_Task-1,1,1,F3,0.53125,-12.0902199016062,-11.1576213124573,-11.0662052338382
VisualCogB_Task-1,1,1,F3,0.53515625,-11.9553548702973,-11.0196169358255,-11.0246632207455
VisualCogB_Task-1,1,1,F3,0.5390625,-11.7578075093531,-10.9749667320354,-10.8460186132736
VisualCogB_Task-1,1,1,F3,0.54296875,-11.4571402666538,-10.6991947573744,-10.5226259104569
VisualCogB_Task-1,1,1,F3,0.546875,-10.959083943923,-10.2337877397975,-10.0575852878931
VisualCogB_Task-1,1,1,F3,0.55078125,-10.1701866330156,-9.66249052898655,-9.4687109917565
VisualCogB_Task-1,1,1,F3,0.5546875,-9.07134228589256,-8.87514557077583,-8.78850080588006
VisualCogB_Task-1,1,1,F3,0.55859375,-7.7582153715187,-7.96458072568183,-8.06560080886589
VisualCogB_Task-1,1,1,F3,0.5625,-6.41327032418439,-7.14278787331071,-7.35587747639074
VisualCogB_Task-1,1,1,F3,0.56640625,-5.22304645450852,-6.41731815911763,-6.70677894386604
VisualCogB_Task-1,1,1,F3,0.5703125,-4.2951649048797,-5.84951882588445,-6.14799587977989
VisualCogB_Task-1,1,1,F3,0.57421875,-3.62705708760962,-5.30715532708268,-5.68509722055798
VisualCogB_Task-1,1,1,F3,0.578125,-3.13655083978665,-5.01221427973003,-5.29877881480142
VisualCogB_Task-1,1,1,F3,0.58203125,-2.72052852825894,-4.89983403048662,-4.9382413533217
VisualCogB_Task-1,1,1,F3,0.5859375,-2.29581707542731,-4.66444204592904,-4.52880514900768
VisualCogB_Task-1,1,1,F3,0.58984375,-1.80006288048094,-4.23368427283573,-3.99258990451197
VisualCogB_Task-1,1,1,F3,0.59375,-1.16756310344382,-3.61351480890479,-3.26301839723064
VisualCogB_Task-1,1,1,F3,0.59765625,-0.317148452631066,-2.70900994453775,-2.29360460192005
VisualCogB_Task-1,1,1,F3,0.6015625,0.82252778823327,-1.49117037857691,-1.06707052764275
VisualCogB_Task-1,1,1,F3,0.60546875,2.2635870855105,-0.0596178458831842,0.399244704653916
VisualCogB_Task-1,1,1,F3,0.609375,3.92851699697683,1.76128059299767,2.05266031977807
VisualCogB_Task-1,1,1,F3,0.61328125,5.67064918201153,3.65149312237263,3.80225699665974
VisualCogB_Task-1,1,1,F3,0.6171875,7.33563941571969,6.23770173633407,5.53283377033062
VisualCogB_Task-1,1,1,F3,0.62109375,8.82276195427835,7.92170983144045,7.11662601963177
VisualCogB_Task-1,1,1,F3,0.625,10.1084503227012,8.79924438148002,8.48460812057123
VisualCogB_Task-1,1,1,F3,0.62890625,11.2238016048228,9.4918829434061,9.63484476680775
VisualCogB_Task-1,1,1,F3,0.6328125,12.2081082089452,10.3448866398408,10.5916203404092
VisualCogB_Task-1,1,1,F3,0.63671875,13.0720536977491,11.6060760510615,11.3673057381598
VisualCogB_Task-1,1,1,F3,0.640625,13.7930108693353,12.4855306340129,11.9537107151299
VisualCogB_Task-1,1,1,F3,0.64453125,14.3413629267557,12.3539925948529,12.3625425524651
VisualCogB_Task-1,1,1,F3,0.6484375,14.7153391256419,12.4577174027467,12.6498268578843
VisualCogB_Task-1,1,1,F3,0.65234375,14.9563162225432,12.6230930468777,12.8708767426389
VisualCogB_Task-1,1,1,F3,0.65625,15.1340979651231,12.6804750501654,13.0649961967187
VisualCogB_Task-1,1,1,F3,0.66015625,15.3177589091621,12.844299697557,13.2508405688003
VisualCogB_Task-1,1,1,F3,0.6640625,15.5538398769362,13.4830018298632,13.4150217786805
VisualCogB_Task-1,1,1,F3,0.66796875,15.8565047247379,13.3163254662856,13.5102733402196
VisualCogB_Task-1,1,1,F3,0.671875,16.2022396705696,13.8017068256006,13.4949937715427
VisualCogB_Task-1,1,1,F3,0.67578125,16.5297177369928,13.6329978581659,13.3114192679473
VisualCogB_Task-1,1,1,F3,0.6796875,16.7533409379191,13.5520357319696,12.9273454459024
VisualCogB_Task-1,1,1,F3,0.68359375,16.7904849697692,12.9151039246733,12.3373661377284
VisualCogB_Task-1,1,1,F3,0.6875,16.5918323380316,11.8793171087045,11.5881326995847
VisualCogB_Task-1,1,1,F3,0.69140625,16.165708980948,10.4984117014157,10.7744413032095
VisualCogB_Task-1,1,1,F3,0.6953125,15.5899290614335,9.45086653240646,10.0153534877675
VisualCogB_Task-1,1,1,F3,0.69921875,14.9987952209221,8.8777558012579,9.40692832560753
VisualCogB_Task-1,1,1,F3,0.703125,14.5364627269253,8.47998100553441,8.99818430946467
VisualCogB_Task-1,1,1,F3,0.70703125,14.2942509457505,8.43398673838094,8.79404222171169
VisualCogB_Task-1,1,1,F3,0.7109375,14.2720455637376,8.37414641709349,8.7562392360605
VisualCogB_Task-1,1,1,F3,0.71484375,14.3897035010758,8.94998558647566,8.81650790261208
VisualCogB_Task-1,1,1,F3,0.71875,14.5357289177804,9.38628436326997,8.87473970322018
VisualCogB_Task-1,1,1,F3,0.72265625,14.6186222307459,9.43909008401185,8.8419492600605
VisualCogB_Task-1,1,1,F3,0.7265625,14.5965546925269,9.0327429101665,8.67177991697957
VisualCogB_Task-1,1,1,F3,0.73046875,14.4811300754885,8.60813373198781,8.36763675315317
VisualCogB_Task-1,1,1,F3,0.734375,14.3186478960152,7.97014853365501,7.96300509718934
VisualCogB_Task-1,1,1,F3,0.73828125,14.1536148458437,7.24153036485479,7.51141169259902
VisualCogB_Task-1,1,1,F3,0.7421875,13.9895487663552,6.8380788438716,7.06697856926525
VisualCogB_Task-1,1,1,F3,0.74609375,13.7734337014894,6.46711191000072,6.66133764642575
VisualCogB_Task-1,1,1,F3,0.75,13.421765346483,6.54804430184975,6.30704586620208
VisualCogB_Task-1,1,1,F3,0.75390625,12.8788309553889,6.19088110500305,6.00047469268039
VisualCogB_Task-1,1,1,F3,0.7578125,12.1739816316145,5.79117395834517,5.75807879291747
VisualCogB_Task-1,1,1,F3,0.76171875,11.4403087400115,5.45726335875026,5.61218003499698
VisualCogB_Task-1,1,1,F3,0.765625,10.8738325666068,5.29452499257446,5.5978582174549
VisualCogB_Task-1,1,1,F3,0.76953125,10.6451671331066,5.26528154523873,5.73728341580664
VisualCogB_Task-1,1,1,F3,0.7734375,10.8104226509201,5.66095070098339,6.02734793682759
VisualCogB_Task-1,1,1,F3,0.77734375,11.2778263006235,6.3939110379503,6.42561059807914
VisualCogB_Task-1,1,1,F3,0.78125,11.85377214264,7.18910495498515,6.85909711413564
VisualCogB_Task-1,1,1,F3,0.78515625,12.3379876367865,7.82963730631395,7.25219156956073
VisualCogB_Task-1,1,1,F3,0.7890625,12.6083544918039,7.97522584144349,7.55677870232217
VisualCogB_Task-1,1,1,F3,0.79296875,12.6525840554136,7.79506458503671,7.77286372845046
VisualCogB_Task-1,1,1,F3,0.796875,12.5431933269925,7.69741683086539,7.93532245890292
VisualCogB_Task-1,1,1,F3,0.80078125,12.3806784723718,7.87807581598274,8.08088077601902
VisualCogB_Task-1,1,1,F4,-0.19921875,0.281349416857131,-1.22883315934506,-1.24945000349836
VisualCogB_Task-1,1,1,F4,-0.1953125,0.610472464532938,-0.808472819324455,-0.524099151206807
VisualCogB_Task-1,1,1,F4,-0.19140625,1.12089213350509,-0.0309931895664785,0.202969771430848
VisualCogB_Task-1,1,1,F4,-0.1875,1.7355731587862,0.761274442366017,0.909777029084246
VisualCogB_Task-1,1,1,F4,-0.18359375,2.32097182127303,1.60451699990661,1.55484597300658
VisualCogB_Task-1,1,1,F4,-0.1796875,2.73739860896907,2.39128172025393,2.08432473889119
VisualCogB_Task-1,1,1,F4,-0.17578125,2.89063655885977,2.77476342877368,2.44850071467309
VisualCogB_Task-1,1,1,F4,-0.171875,2.76100144750363,2.8147993652473,2.62324103673418
VisualCogB_Task-1,1,1,F4,-0.16796875,2.39661515737018,2.72727226114484,2.61160140096475
VisualCogB_Task-1,1,1,F4,-0.1640625,1.8772298213001,2.44832282191005,2.43260069729786
VisualCogB_Task-1,1,1,F4,-0.16015625,1.27466734145313,2.15096464921438,2.11489705401488
VisualCogB_Task-1,1,1,F4,-0.15625,0.636680995341874,1.70579717811526,1.68845877644821
VisualCogB_Task-1,1,1,F4,-0.15234375,-0.00268286514865957,1.14077376137078,1.18625980286357
VisualCogB_Task-1,1,1,F4,-0.1484375,-0.607920301089287,0.537342826382538,0.642718938332224
VisualCogB_Task-1,1,1,F4,-0.14453125,-1.14242755436123,0.0518933168440042,0.0884644844677259
VisualCogB_Task-1,1,1,F4,-0.140625,-1.5819346946687,-0.416981489922161,-0.454656599778849
VisualCogB_Task-1,1,1,F4,-0.13671875,-1.92373580077974,-0.919167946686483,-0.967844952758401
VisualCogB_Task-1,1,1,F4,-0.1328125,-2.18175092702531,-1.37491191608626,-1.42916162033377
VisualCogB_Task-1,1,1,F4,-0.12890625,-2.37230653717143,-1.74110395517368,-1.81261123119515
VisualCogB_Task-1,1,1,F4,-0.125,-2.50030569794082,-2.20266173293129,-2.08767760534543
VisualCogB_Task-1,1,1,F4,-0.12109375,-2.55151496185769,-2.60674361246053,-2.21788562311903
VisualCogB_Task-1,1,1,F4,-0.1171875,-2.49413014051501,-2.53261931647216,-2.17634217548256
VisualCogB_Task-1,1,1,F4,-0.11328125,-2.29168916763967,-2.16089055179912,-1.96855898584772
VisualCogB_Task-1,1,1,F4,-0.109375,-1.92363577965027,-1.65310274412175,-1.62973753937536
VisualCogB_Task-1,1,1,F4,-0.10546875,-1.40238855732571,-1.08516978526707,-1.21110695172228
VisualCogB_Task-1,1,1,F4,-0.1015625,-0.775974810798912,-0.743762140434637,-0.765843438940808
VisualCogB_Task-1,1,1,F4,-0.09765625,-0.114042210367115,-0.206017519932445,-0.33662845321201
VisualCogB_Task-1,1,1,F4,-0.09375,0.514941510232737,0.171207235046801,0.0356966614918999
VisualCogB_Task-1,1,1,F4,-0.08984375,1.06185366904499,0.319997814199094,0.321174805638669
VisualCogB_Task-1,1,1,F4,-0.0859375,1.4993858946384,0.715617953272147,0.501141427492287
VisualCogB_Task-1,1,1,F4,-0.08203125,1.80960671061417,1.03032751626476,0.556833892696778
VisualCogB_Task-1,1,1,F4,-0.078125,1.97088136707114,0.907694076882404,0.487362610711156
VisualCogB_Task-1,1,1,F4,-0.07421875,1.96075270494575,0.400085296814866,0.331295792958431
VisualCogB_Task-1,1,1,F4,-0.0703125,1.77896702231847,-0.172460123618443,0.162229273042553
VisualCogB_Task-1,1,1,F4,-0.06640625,1.47580672398424,-0.55666816399749,0.0594913432221715
VisualCogB_Task-1,1,1,F4,-0.0625,1.15887630938305,-0.457643754965007,0.0745195127008565
VisualCogB_Task-1,1,1,F4,-0.05859375,0.958986882137753,-0.0926323008012426,0.207404665080538
VisualCogB_Task-1,1,1,F4,-0.0546875,0.962876647453585,0.0646802176099004,0.413890744990992
VisualCogB_Task-1,1,1,F4,-0.05078125,1.14952706130837,0.695652295627212,0.624718616571844
VisualCogB_Task-1,1,1,F4,-0.046875,1.37547863400198,1.23787365175058,0.741528266680963
VisualCogB_Task-1,1,1,F4,-0.04296875,1.43182389265195,1.50503826626245,0.671870822097499
VisualCogB_Task-1,1,1,F4,-0.0390625,1.15002248706195,1.21202352009395,0.36465952502307
VisualCogB_Task-1,1,1,F4,-0.03515625,0.495596184797984,0.217530410232968,-0.161761761993627
VisualCogB_Task-1,1,1,F4,-0.03125,-0.408674616735601,-0.927733238508561,-0.818435510147991
VisualCogB_Task-1,1,1,F4,-0.02734375,-1.34334347277511,-2.03875949985611,-1.48479650961653
VisualCogB_Task-1,1,1,F4,-0.0234375,-2.09760687556211,-2.74826472819922,-2.04938769460582
VisualCogB_Task-1,1,1,F4,-0.01953125,-2.55877131387065,-3.04578715269378,-2.44691558184236
VisualCogB_Task-1,1,1,F4,-0.015625,-2.74353886136155,-2.92004454611605,-2.67032644085216
VisualCogB_Task-1,1,1,F4,-0.01171875,-2.76610580907528,-2.57135773477974,-2.76247250539879
VisualCogB_Task-1,1,1,F4,-0.0078125,-2.76805066893502,-2.46836265570069,-2.78701585135119
VisualCogB_Task-1,1,1,F4,-0.00390625,-2.84634100274371,-2.54785598582289,-2.79169232369336
VisualCogB_Task-1,1,1,F4,0,-3.01136683322507,-2.45446777100734,-2.79768333443841
VisualCogB_Task-1,1,1,F4,0.00390625,-3.19143388849918,-2.87230201795101,-2.80585060077694
VisualCogB_Task-1,1,1,F4,0.0078125,-3.27885853635139,-3.17507681087662,-2.78845454294694
VisualCogB_Task-1,1,1,F4,0.01171875,-3.19469340115326,-3.05709503374484,-2.72329319928425
VisualCogB_Task-1,1,1,F4,0.015625,-2.94130322313179,-2.67221638840088,-2.62038313045219
VisualCogB_Task-1,1,1,F4,0.01953125,-2.61513070057525,-2.19412262485837,-2.51755771665245
VisualCogB_Task-1,1,1,F4,0.0234375,-2.36610011606,-1.97211677990966,-2.45696977624911
VisualCogB_Task-1,1,1,F4,0.02734375,-2.31722859683902,-2.21952318282849,-2.45381920329008
VisualCogB_Task-1,1,1,F4,0.03125,-2.48874131226396,-2.37632603293167,-2.48290147546166
VisualCogB_Task-1,1,1,F4,0.03515625,-2.77835524928933,-2.7500516667749,-2.49948740207833
VisualCogB_Task-1,1,1,F4,0.0390625,-3.01633039986242,-2.98361680793248,-2.44996650557708
VisualCogB_Task-1,1,1,F4,0.04296875,-3.06227689898614,-2.89556430852914,-2.30160866378628
VisualCogB_Task-1,1,1,F4,0.046875,-2.88335270869588,-2.41548072089484,-2.06615461306392
VisualCogB_Task-1,1,1,F4,0.05078125,-2.56970438210318,-1.71921600640431,-1.80484139349655
VisualCogB_Task-1,1,1,F4,0.0546875,-2.28506239955345,-1.29814147353859,-1.60801655415663
VisualCogB_Task-1,1,1,F4,0.05859375,-2.18666072609568,-1.01788461179069,-1.55889219519229
VisualCogB_Task-1,1,1,F4,0.0625,-2.35862642571038,-1.05430940205202,-1.7148574933668
VisualCogB_Task-1,1,1,F4,0.06640625,-2.78677091513937,-1.78836734925438,-2.08821766015996
VisualCogB_Task-1,1,1,F4,0.0703125,-3.37629511473825,-2.25740948938179,-2.63623223277536
VisualCogB_Task-1,1,1,F4,0.07421875,-3.99469364597402,-3.36097935492948,-3.29117322250776
VisualCogB_Task-1,1,1,F4,0.078125,-4.51723073043123,-4.38890198404374,-3.95374407870248
VisualCogB_Task-1,1,1,F4,0.08203125,-4.85948424832186,-5.12223601691921,-4.53046542840664
VisualCogB_Task-1,1,1,F4,0.0859375,-4.99324334380492,-5.45770925537461,-4.9641210574458
VisualCogB_Task-1,1,1,F4,0.08984375,-4.94869377944954,-5.54388008865431,-5.24680896735489
VisualCogB_Task-1,1,1,F4,0.09375,-4.8039540531294,-5.38563849917118,-5.41175950949626
VisualCogB_Task-1,1,1,F4,0.09765625,-4.66063575940113,-5.25438409344876,-5.51695896200718
VisualCogB_Task-1,1,1,F4,0.1015625,-4.60882558226728,-5.18578684779744,-5.61821685216453
VisualCogB_Task-1,1,1,F4,0.10546875,-4.69386119740602,-5.38778262518833,-5.74946146819864
VisualCogB_Task-1,1,1,F4,0.109375,-4.90174201801718,-5.70139648146601,-5.90858526464256
VisualCogB_Task-1,1,1,F4,0.11328125,-5.17247689109798,-6.23709502294551,-6.06334079244519
VisualCogB_Task-1,1,1,F4,0.1171875,-5.43257874024491,-6.52205714176142,-6.164214870624
VisualCogB_Task-1,1,1,F4,0.12109375,-5.62514354783138,-6.66530507528046,-6.17617383740484
VisualCogB_Task-1,1,1,F4,0.125,-5.72372562738199,-6.41388466294878,-6.09400422027503
VisualCogB_Task-1,1,1,F4,0.12890625,-5.73545209190662,-6.11823503825986,-5.95325348321149
VisualCogB_Task-1,1,1,F4,0.1328125,-5.70368455373467,-5.60392185315602,-5.81612579374731
VisualCogB_Task-1,1,1,F4,0.13671875,-5.70479136195321,-5.15667616756342,-5.75857378233624
VisualCogB_Task-1,1,1,F4,0.140625,-5.82359585127858,-5.54214020659264,-5.83886641771614
VisualCogB_Task-1,1,1,F4,0.14453125,-6.11067536076165,-5.8987830919095,-6.06511453406042
VisualCogB_Task-1,1,1,F4,0.1484375,-6.55264102560298,-5.96054386463038,-6.42070178128223
VisualCogB_Task-1,1,1,F4,0.15234375,-7.0831254198176,-6.83493838581459,-6.87515085578211
VisualCogB_Task-1,1,1,F4,0.15625,-7.62388880414207,-7.52387840448003,-7.35963796090631
VisualCogB_Task-1,1,1,F4,0.16015625,-8.11626089718314,-8.08606274875455,-7.80198826083711
VisualCogB_Task-1,1,1,F4,0.1640625,-8.51841760716966,-8.47452366175279,-8.1437136233879
VisualCogB_Task-1,1,1,F4,0.16796875,-8.78533762909534,-8.63629667038806,-8.34999879036521
VisualCogB_Task-1,1,1,F4,0.171875,-8.8669940492785,-8.56825684065938,-8.41359600677265
VisualCogB_Task-1,1,1,F4,0.17578125,-8.7365610934197,-8.42631347751235,-8.35111567428239
VisualCogB_Task-1,1,1,F4,0.1796875,-8.42459651212946,-8.26099365433925,-8.19205659739049
VisualCogB_Task-1,1,1,F4,0.18359375,-8.02673095815672,-7.95671500135201,-7.97218406419552
VisualCogB_Task-1,1,1,F4,0.1875,-7.67377892688709,-7.41781561700567,-7.73300811754176
VisualCogB_Task-1,1,1,F4,0.19140625,-7.47890172859196,-7.25066565930472,-7.51474971170321
VisualCogB_Task-1,1,1,F4,0.1953125,-7.48938801685366,-7.41402389483445,-7.33136375924251
VisualCogB_Task-1,1,1,F4,0.19921875,-7.66909865792613,-7.17430423109319,-7.17479816835577
VisualCogB_Task-1,1,1,F4,0.203125,-7.92253399352917,-7.02024412399302,-7.04388919187175
VisualCogB_Task-1,1,1,F4,0.20703125,-8.14772728593396,-7.18505213289851,-6.93743192118068
VisualCogB_Task-1,1,1,F4,0.2109375,-8.28771891940172,-6.91249341997319,-6.85225102534953
VisualCogB_Task-1,1,1,F4,0.21484375,-8.35256487807982,-6.9251842615577,-6.80580619108845
VisualCogB_Task-1,1,1,F4,0.21875,-8.40229089575292,-6.62234852516016,-6.82057730465954
VisualCogB_Task-1,1,1,F4,0.22265625,-8.50159105149246,-6.13038185364636,-6.928992424864
VisualCogB_Task-1,1,1,F4,0.2265625,-8.67074302755271,-6.51748394965827,-7.14696054554477
VisualCogB_Task-1,1,1,F4,0.23046875,-8.86226258909169,-7.77672189986822,-7.42383977960996
VisualCogB_Task-1,1,1,F4,0.234375,-8.98339896551695,-8.46755710366152,-7.65653185697715
VisualCogB_Task-1,1,1,F4,0.23828125,-8.95631036050522,-8.35010172297346,-7.77134535091877
VisualCogB_Task-1,1,1,F4,0.2421875,-8.77594246402743,-7.8557441052422,-7.76217427193094
VisualCogB_Task-1,1,1,F4,0.24609375,-8.51980558895259,-7.38120268158108,-7.671142328181
VisualCogB_Task-1,1,1,F4,0.25,-8.29635246646551,-7.23737957817539,-7.54817071394557
VisualCogB_Task-1,1,1,F4,0.25390625,-8.16672191629757,-7.12754884913135,-7.41901898628461
VisualCogB_Task-1,1,1,F4,0.2578125,-8.09796753064767,-7.39354727497083,-7.28354744094388
VisualCogB_Task-1,1,1,F4,0.26171875,-7.98371038628008,-7.27629497748954,-7.11732719557306
VisualCogB_Task-1,1,1,F4,0.265625,-7.71878588072436,-7.19102512212256,-6.90509602065738
VisualCogB_Task-1,1,1,F4,0.26953125,-7.27645503090602,-6.78298539713814,-6.6448390018418
VisualCogB_Task-1,1,1,F4,0.2734375,-6.7357019543651,-6.31726048068996,-6.35836864989335
VisualCogB_Task-1,1,1,F4,0.27734375,-6.24054081850985,-5.79776876595417,-6.07900967518711
VisualCogB_Task-1,1,1,F4,0.28125,-5.91884177392767,-5.44568582582353,-5.8366611073312
VisualCogB_Task-1,1,1,F4,0.28515625,-5.81280408994219,-5.44725743561159,-5.63778523349765
VisualCogB_Task-1,1,1,F4,0.2890625,-5.86050368279226,-5.39434125146316,-5.45626306739952
VisualCogB_Task-1,1,1,F4,0.29296875,-5.9316311103659,-5.45265917576313,-5.25009830625937
VisualCogB_Task-1,1,1,F4,0.296875,-5.89048911637988,-5.40810745348922,-4.97213449597173
VisualCogB_Task-1,1,1,F4,0.30078125,-5.65275584520653,-5.07313524157079,-4.59209525488977
VisualCogB_Task-1,1,1,F4,0.3046875,-5.21336920915346,-4.34006009577326,-4.11603528115978
VisualCogB_Task-1,1,1,F4,0.30859375,-4.63872663885467,-3.53917596374324,-3.59009593848482
VisualCogB_Task-1,1,1,F4,0.3125,-4.0330194302653,-3.02808653056984,-3.07908732511904
VisualCogB_Task-1,1,1,F4,0.31640625,-3.50067331714041,-2.40100472335681,-2.64357620808816
VisualCogB_Task-1,1,1,F4,0.3203125,-3.12313459988776,-1.86922631112147,-2.33987928820544
VisualCogB_Task-1,1,1,F4,0.32421875,-2.95076305984105,-2.03621728160166,-2.20409897588987
VisualCogB_Task-1,1,1,F4,0.328125,-3.00020124325091,-1.96144511042309,-2.23311660013678
VisualCogB_Task-1,1,1,F4,0.33203125,-3.25359515872046,-2.24935400158061,-2.40982334875081
VisualCogB_Task-1,1,1,F4,0.3359375,-3.6625491863904,-2.6328973363477,-2.69447111872712
VisualCogB_Task-1,1,1,F4,0.33984375,-4.15534008920025,-3.18984898932563,-3.03393936146335
VisualCogB_Task-1,1,1,F4,0.34375,-4.64362047169785,-3.74892925491623,-3.36997637982555
VisualCogB_Task-1,1,1,F4,0.34765625,-5.03528647614931,-4.11581472375439,-3.65732294566825
VisualCogB_Task-1,1,1,F4,0.3515625,-5.26583298622224,-4.29897007056002,-3.88229923710356
VisualCogB_Task-1,1,1,F4,0.35546875,-5.34131300587913,-4.06878360943849,-4.06943308041745
VisualCogB_Task-1,1,1,F4,0.359375,-5.35981668942872,-4.23264896818785,-4.27797487135055
VisualCogB_Task-1,1,1,F4,0.36328125,-5.48328292331715,-4.46130648089888,-4.56712088306196
VisualCogB_Task-1,1,1,F4,0.3671875,-5.86883469072516,-4.4201869626508,-4.99229023011385
VisualCogB_Task-1,1,1,F4,0.37109375,-6.59878263827553,-4.90269326499111,-5.60008416022148
VisualCogB_Task-1,1,1,F4,0.375,-7.64492611744985,-5.90420342317624,-6.38942864881152
VisualCogB_Task-1,1,1,F4,0.37890625,-8.87893268509165,-7.15331883775416,-7.30113376337477
VisualCogB_Task-1,1,1,F4,0.3828125,-10.1181549840994,-8.54070239882057,-8.23557413593243
VisualCogB_Task-1,1,1,F4,0.38671875,-11.1840541704511,-9.75204870616806,-9.08080648803731
VisualCogB_Task-1,1,1,F4,0.390625,-11.9516348922042,-10.4778895732423,-9.75031489648289
VisualCogB_Task-1,1,1,F4,0.39453125,-12.3792045143365,-10.6708654974513,-10.2135202895736
VisualCogB_Task-1,1,1,F4,0.3984375,-12.5150067988292,-10.6459139930647,-10.500474818677
VisualCogB_Task-1,1,1,F4,0.40234375,-12.4778528311875,-10.6332289748266,-10.6793427358172
VisualCogB_Task-1,1,1,F4,0.40625,-12.4157863693584,-10.5287419954629,-10.8304082242175
VisualCogB_Task-1,1,1,F4,0.41015625,-12.4607260700657,-10.5478121692637,-11.0301126536849
VisualCogB_Task-1,1,1,F4,0.4140625,-12.6990930902958,-11.1872159954476,-11.3297585416306
VisualCogB_Task-1,1,1,F4,0.41796875,-13.1625997525388,-11.5559556327329,-11.7404566984305
VisualCogB_Task-1,1,1,F4,0.421875,-13.8290087024566,-12.142636257591,-12.2614393889451
VisualCogB_Task-1,1,1,F4,0.42578125,-14.6260384206608,-12.6475353700558,-12.876563789227
VisualCogB_Task-1,1,1,F4,0.4296875,-15.4436240048392,-13.4230091826869,-13.5597868143825
VisualCogB_Task-1,1,1,F4,0.43359375,-16.1608948435119,-14.2873938129181,-14.2659796779205
VisualCogB_Task-1,1,1,F4,0.4375,-16.6818866791505,-15.2634132860916,-14.9386154573749
VisualCogB_Task-1,1,1,F4,0.44140625,-16.9646769151857,-15.9635992917264,-15.5229517415297
VisualCogB_Task-1,1,1,F4,0.4453125,-17.0337790754006,-16.4590550726428,-15.9913126048951
VisualCogB_Task-1,1,1,F4,0.44921875,-16.9762736555502,-16.5909766512263,-16.3527427511646
VisualCogB_Task-1,1,1,F4,0.453125,-16.9238693340786,-16.5539456723328,-16.6552654230103
VisualCogB_Task-1,1,1,F4,0.45703125,-17.0182567666301,-16.3925750785855,-16.9667566881098
VisualCogB_Task-1,1,1,F4,0.4609375,-17.3610662437962,-16.8022594921411,-17.346649301584
VisualCogB_Task-1,1,1,F4,0.46484375,-17.9656363694076,-17.2487790509652,-17.8065275510935
VisualCogB_Task-1,1,1,F4,0.46875,-18.7370841403461,-18.0008990216441,-18.3126099068454
VisualCogB_Task-1,1,1,F4,0.47265625,-19.4942081953102,-19.0455043296772,-18.7846357973694
VisualCogB_Task-1,1,1,F4,0.4765625,-20.0239575927092,-19.6460445329396,-19.1163687440951
VisualCogB_Task-1,1,1,F4,0.48046875,-20.1493813691815,-19.9888319216136,-19.223311312811
VisualCogB_Task-1,1,1,F4,0.484375,-19.7936661382802,-19.8472405888112,-19.065105718376
VisualCogB_Task-1,1,1,F4,0.48828125,-19.0191574781314,-19.0520583226744,-18.6651875597159
VisualCogB_Task-1,1,1,F4,0.4921875,-18.0162327377514,-18.04526991685,-18.1121703416262
VisualCogB_Task-1,1,1,F4,0.49609375,-17.0352862069453,-17.0492184349554,-17.5269067991487
VisualCogB_Task-1,1,1,F4,0.5,-16.2918318623904,-16.3641524884202,-17.0246746319275
VisualCogB_Task-1,1,1,F4,0.50390625,-15.8928251770119,-16.0462512797302,-16.6809441759236
VisualCogB_Task-1,1,1,F4,0.5078125,-15.8133177737997,-16.0523194541057,-16.5161422551391
VisualCogB_Task-1,1,1,F4,0.51171875,-15.9229220224982,-16.3917451763003,-16.4978046188936
VisualCogB_Task-1,1,1,F4,0.515625,-16.0485381616527,-16.7586332765152,-16.5548151164202
VisualCogB_Task-1,1,1,F4,0.51953125,-16.053393804003,-17.0256291073202,-16.6072193100696
VisualCogB_Task-1,1,1,F4,0.5234375,-15.8976137863292,-16.9895673443126,-16.5920476088667
VisualCogB_Task-1,1,1,F4,0.52734375,-15.6414919172079,-16.6390679038614,-16.4811979049408
VisualCogB_Task-1,1,1,F4,0.53125,-15.3840194474641,-16.1997931309063,-16.2796947350418
VisualCogB_Task-1,1,1,F4,0.53515625,-15.1771600754347,-15.8041854321282,-16.0057184691628
VisualCogB_Task-1,1,1,F4,0.5390625,-14.9749242618868,-15.5183320398193,-15.6707910102856
VisualCogB_Task-1,1,1,F4,0.54296875,-14.6501081453315,-15.4531067267054,-15.2696398416393
VisualCogB_Task-1,1,1,F4,0.546875,-14.0674116933523,-15.3108593254219,-14.7842875322473
VisualCogB_Task-1,1,1,F4,0.55078125,-13.1698662115869,-14.4049212018073,-14.2120455582218
VisualCogB_Task-1,1,1,F4,0.5546875,-12.0278635852333,-13.7005964359934,-13.5941063784398
VisualCogB_Task-1,1,1,F4,0.55859375,-10.8192396387074,-12.4988269919957,-12.9877354220767
VisualCogB_Task-1,1,1,F4,0.5625,-9.74943615211983,-11.8288298171435,-12.459072289771
VisualCogB_Task-1,1,1,F4,0.56640625,-8.95873191197635,-11.4966027696232,-12.0335142129877
VisualCogB_Task-1,1,1,F4,0.5703125,-8.46890056295644,-11.5410639799276,-11.6839382171394
VisualCogB_Task-1,1,1,F4,0.57421875,-8.19127410076079,-11.2672287930551,-11.3384787073586
VisualCogB_Task-1,1,1,F4,0.578125,-7.98011572942696,-11.021620491956,-10.9133639023431
VisualCogB_Task-1,1,1,F4,0.58203125,-7.69495647841746,-10.7568868772287,-10.3188845279323
VisualCogB_Task-1,1,1,F4,0.5859375,-7.23737292357149,-10.0889153962858,-9.47435269243343
VisualCogB_Task-1,1,1,F4,0.58984375,-6.54834139309791,-8.48747549084643,-8.33558069992813
VisualCogB_Task-1,1,1,F4,0.59375,-5.58356644328136,-6.9416961215939,-6.90959441315262
VisualCogB_Task-1,1,1,F4,0.59765625,-4.30201035231296,-5.36473749892845,-5.21607759408622
VisualCogB_Task-1,1,1,F4,0.6015625,-2.68581682528407,-3.52487512070016,-3.2773891470784
VisualCogB_Task-1,1,1,F4,0.60546875,-0.772069510173112,-1.47153409591514,-1.12827630188211
VisualCogB_Task-1,1,1,F4,0.609375,1.34039897630579,1.17257788356876,1.17588988061453
VisualCogB_Task-1,1,1,F4,0.61328125,3.52300752739175,3.83544457519732,3.55113352335399
VisualCogB_Task-1,1,1,F4,0.6171875,5.66581751810153,6.06528482969694,5.91320274952492
VisualCogB_Task-1,1,1,F4,0.62109375,7.70838837882436,8.25499571660363,8.20153826996957
VisualCogB_Task-1,1,1,F4,0.625,9.63724649557937,10.4104259288222,10.3682543022112
VisualCogB_Task-1,1,1,F4,0.62890625,11.4591014023233,12.4901392302299,12.3699198509926
VisualCogB_Task-1,1,1,F4,0.6328125,13.1728035397928,14.2871126402529,14.1666182232741
VisualCogB_Task-1,1,1,F4,0.63671875,14.7605004029784,15.9883803079925,15.7284510076192
VisualCogB_Task-1,1,1,F4,0.640625,16.201136427088,17.2942804297774,17.0355609940061
VisualCogB_Task-1,1,1,F4,0.64453125,17.4891698122068,18.0965141382497,18.0897517474444
VisualCogB_Task-1,1,1,F4,0.6484375,18.6368715143757,18.7146743385067,18.9143867859244
VisualCogB_Task-1,1,1,F4,0.65234375,19.6562413535716,19.3966843970133,19.5333931600036
VisualCogB_Task-1,1,1,F4,0.65625,20.5392582912922,20.0175059812509,19.9540552162881
VisualCogB_Task-1,1,1,F4,0.66015625,21.2576857950997,20.363659762053,20.172264904468
VisualCogB_Task-1,1,1,F4,0.6640625,21.7819261932486,20.2830860648695,20.1892017379804
VisualCogB_Task-1,1,1,F4,0.66796875,22.0978561269658,19.9069329960471,20.0219948017277
VisualCogB_Task-1,1,1,F4,0.671875,22.206080361133,19.2681102750565,19.6955968745199
VisualCogB_Task-1,1,1,F4,0.67578125,22.1105417717018,19.2600341584477,19.22537225136
VisualCogB_Task-1,1,1,F4,0.6796875,21.8129375521727,18.6599605223381,18.5910613439627
VisualCogB_Task-1,1,1,F4,0.68359375,21.318303700025,18.3141941067495,17.7752930562997
VisualCogB_Task-1,1,1,F4,0.6875,20.6460527512434,17.2675309672563,16.7664378905409
VisualCogB_Task-1,1,1,F4,0.69140625,19.8410670502461,16.07222627354,15.5977747697269
VisualCogB_Task-1,1,1,F4,0.6953125,18.979916564795,14.4602560131732,14.3443403732912
VisualCogB_Task-1,1,1,F4,0.69921875,18.1624344918909,12.8409584709105,13.1207090059852
VisualCogB_Task-1,1,1,F4,0.703125,17.4820919220222,11.4454456090706,12.0511146092168
VisualCogB_Task-1,1,1,F4,0.70703125,16.9872701812265,10.3339079360448,11.2364785798048
VisualCogB_Task-1,1,1,F4,0.7109375,16.6617629206142,9.75165554493939,10.7272498978888
VisualCogB_Task-1,1,1,F4,0.71484375,16.4423064246756,9.92902045696992,10.4986633232951
VisualCogB_Task-1,1,1,F4,0.71875,16.258502438578,10.587089209956,10.4446540864378
VisualCogB_Task-1,1,1,F4,0.72265625,16.0620628650904,11.0838328311618,10.4116871788703
VisualCogB_Task-1,1,1,F4,0.7265625,15.8295887542271,11.3966250126819,10.2580971857726
VisualCogB_Task-1,1,1,F4,0.73046875,15.5519712583845,10.7845799726574,9.89823083001562
VisualCogB_Task-1,1,1,F4,0.734375,15.2276837960897,9.742082241943,9.34131215337954
VisualCogB_Task-1,1,1,F4,0.73828125,14.858880866107,8.38475893832636,8.67042762619785
VisualCogB_Task-1,1,1,F4,0.7421875,14.4406928747569,7.22194513463878,8.0020612261844
VisualCogB_Task-1,1,1,F4,0.74609375,13.9484674355546,7.0225325703316,7.42889120706374
VisualCogB_Task-1,1,1,F4,0.75,13.3420395201247,6.877629492206,6.97858614826494
VisualCogB_Task-1,1,1,F4,0.75390625,12.5957399651205,7.01266762721769,6.64495140948939
VisualCogB_Task-1,1,1,F4,0.7578125,11.735701908371,6.22376836920165,6.41337929576692
VisualCogB_Task-1,1,1,F4,0.76171875,10.8527441099173,6.30592146906434,6.29990513027136
VisualCogB_Task-1,1,1,F4,0.765625,10.0752735748082,6.37635239260256,6.30476332562943
VisualCogB_Task-1,1,1,F4,0.76953125,9.51664088743235,6.05456501958301,6.42868965603396
VisualCogB_Task-1,1,1,F4,0.7734375,9.22887119460407,6.41123350150863,6.67838565125883
VisualCogB_Task-1,1,1,F4,0.77734375,9.18824561697762,6.99332543902987,7.02937578804036
VisualCogB_Task-1,1,1,F4,0.78125,9.31584333244087,7.52422956280838,7.43492186396904
VisualCogB_Task-1,1,1,F4,0.78515625,9.51516834342043,8.13292614175089,7.84528148088445
VisualCogB_Task-1,1,1,F4,0.7890625,9.70335134909415,8.42257059006083,8.21815454886279
VisualCogB_Task-1,1,1,F4,0.79296875,9.82289421598227,8.88371285110739,8.53521136638581
VisualCogB_Task-1,1,1,F4,0.796875,9.83684349293177,8.81457006911926,8.79515690203508
VisualCogB_Task-1,1,1,F4,0.80078125,9.72106261305698,8.67336364000101,9.02573791478563
VisualCogB_Task-2,2,-1,Fz,-0.19921875,1.46207102063118,1.40312194066713,0.891329576901979
VisualCogB_Task-2,2,-1,Fz,-0.1953125,0.724779344677057,0.535379063792963,0.370622148878839
VisualCogB_Task-2,2,-1,Fz,-0.19140625,0.0180621112792529,-0.302910288375084,-0.107435915497205
VisualCogB_Task-2,2,-1,Fz,-0.1875,-0.475363105883442,-0.984182145512767,-0.486465509669546
VisualCogB_Task-2,2,-1,Fz,-0.18359375,-0.63829148065452,-1.23456295271619,-0.726377058154734
VisualCogB_Task-2,2,-1,Fz,-0.1796875,-0.478629257773848,-1.09419077096155,-0.828557371789587
VisualCogB_Task-2,2,-1,Fz,-0.17578125,-0.13255273229661,-0.672019121660852,-0.836742085957711
VisualCogB_Task-2,2,-1,Fz,-0.171875,0.194615318924967,-0.382681068466315,-0.816802952640378
VisualCogB_Task-2,2,-1,Fz,-0.16796875,0.320549890151405,-0.433501252856961,-0.820884810127453
VisualCogB_Task-2,2,-1,Fz,-0.1640625,0.164562130695415,-0.64646949923345,-0.86495567302763
VisualCogB_Task-2,2,-1,Fz,-0.16015625,-0.224497391407547,-0.847238764638367,-0.932701592843726
VisualCogB_Task-2,2,-1,Fz,-0.15625,-0.699738924751556,-1.07107330539008,-0.989601439929048
VisualCogB_Task-2,2,-1,Fz,-0.15234375,-1.08433396177509,-1.13915613802789,-0.994012182286451
VisualCogB_Task-2,2,-1,Fz,-0.1484375,-1.23806589847194,-1.18077736248963,-0.911080110040548
VisualCogB_Task-2,2,-1,Fz,-0.14453125,-1.09503529074895,-0.947857937498016,-0.718046842961067
VisualCogB_Task-2,2,-1,Fz,-0.140625,-0.670275765575597,-0.822264369650795,-0.414628771855165
VisualCogB_Task-2,2,-1,Fz,-0.13671875,-0.0475952491570922,-0.250658269325398,-0.019693212074741
VisualCogB_Task-2,2,-1,Fz,-0.1328125,0.643623516796856,0.474346996725693,0.413922887878667
VisualCogB_Task-2,2,-1,Fz,-0.12890625,1.26245909037873,1.15148738570186,0.814135491399302
VisualCogB_Task-2,2,-1,Fz,-0.125,1.69568218663197,1.48160645719398,1.11389590428532
VisualCogB_Task-2,2,-1,Fz,-0.12109375,1.8856426581302,1.52731084135335,1.27426809019344
VisualCogB_Task-2,2,-1,Fz,-0.1171875,1.83290037950756,1.5262568864704,1.28695855885608
VisualCogB_Task-2,2,-1,Fz,-0.11328125,1.57730341830769,1.2407712911621,1.16476071593567
VisualCogB_Task-2,2,-1,Fz,-0.109375,1.17473622236778,0.861860258024827,0.940409494395806
VisualCogB_Task-2,2,-1,Fz,-0.10546875,0.682966010894555,0.487978213355124,0.652974041802321
VisualCogB_Task-2,2,-1,Fz,-0.1015625,0.157240387541486,0.156822753958132,0.334977736023444
VisualCogB_Task-2,2,-1,Fz,-0.09765625,-0.350879511520268,-0.0801487900927122,0.00519430255681179
VisualCogB_Task-2,2,-1,Fz,-0.09375,-0.796799448479389,-0.207492142286098,-0.332448781605384
VisualCogB_Task-2,2,-1,Fz,-0.08984375,-1.14913812460841,-0.481753623266199,-0.68113596385841
VisualCogB_Task-2,2,-1,Fz,-0.0859375,-1.3951264391144,-0.919567253412152,-1.03363863832093
VisualCogB_Task-2,2,-1,Fz,-0.08203125,-1.54010026887287,-1.45647460706992,-1.36611300406224
VisualCogB_Task-2,2,-1,Fz,-0.078125,-1.60135503493514,-1.86694310504015,-1.64520931140927
VisualCogB_Task-2,2,-1,Fz,-0.07421875,-1.60229997511598,-1.9506943375778,-1.84510794427289
VisualCogB_Task-2,2,-1,Fz,-0.0703125,-1.5689802723493,-1.98572698357103,-1.95846710269989
VisualCogB_Task-2,2,-1,Fz,-0.06640625,-1.52274417928659,-1.88402059013305,-1.98674385284581
VisualCogB_Task-2,2,-1,Fz,-0.0625,-1.46643667301971,-1.86290887601511,-1.93366691760544
VisualCogB_Task-2,2,-1,Fz,-0.05859375,-1.37592402735898,-1.80743950402027,-1.79440474798084
VisualCogB_Task-2,2,-1,Fz,-0.0546875,-1.21093526979405,-1.63273196829701,-1.55822929150823
VisualCogB_Task-2,2,-1,Fz,-0.05078125,-0.94035598849516,-1.43476319675516,-1.21549872539376
VisualCogB_Task-2,2,-1,Fz,-0.046875,-0.561049815976684,-1.01725477119979,-0.762779783242652
VisualCogB_Task-2,2,-1,Fz,-0.04296875,-0.097563623800893,-0.497968201813769,-0.214911237940257
VisualCogB_Task-2,2,-1,Fz,-0.0390625,0.409424865302237,0.223655926057244,0.392061888631659
VisualCogB_Task-2,2,-1,Fz,-0.03515625,0.910917003642816,1.10953679048782,0.998506494268534
VisualCogB_Task-2,2,-1,Fz,-0.03125,1.34974930923546,1.75957624811958,1.53075564655127
VisualCogB_Task-2,2,-1,Fz,-0.02734375,1.66203032140766,2.31489051280711,1.92439493774572
VisualCogB_Task-2,2,-1,Fz,-0.0234375,1.78886815408411,2.46808032591393,2.13407834358173
VisualCogB_Task-2,2,-1,Fz,-0.01953125,1.69622491244809,2.39276749272535,2.14700113771097
VisualCogB_Task-2,2,-1,Fz,-0.015625,1.39028359001907,2.09551588536512,1.97819209231277
VisualCogB_Task-2,2,-1,Fz,-0.01171875,0.915787384752507,1.64084644829856,1.663160509151
VisualCogB_Task-2,2,-1,Fz,-0.0078125,0.336071635646333,1.13151705297644,1.24719267274388
VisualCogB_Task-2,2,-1,Fz,-0.00390625,-0.292483152230341,0.620157410388219,0.77371536253861
VisualCogB_Task-2,2,-1,Fz,0,-0.934221354740479,0.170699293700766,0.27651572300176
VisualCogB_Task-2,2,-1,Fz,0.00390625,-1.56896447639009,-0.202931021843717,-0.223415597412629
VisualCogB_Task-2,2,-1,Fz,0.0078125,-2.1765896675835,-0.653721716471257,-0.713905986025601
VisualCogB_Task-2,2,-1,Fz,0.01171875,-2.72726708352973,-1.17280641304287,-1.18107578219412
VisualCogB_Task-2,2,-1,Fz,0.015625,-3.18613483705537,-1.70787701030749,-1.60602996947897
VisualCogB_Task-2,2,-1,Fz,0.01953125,-3.5287855558406,-2.08011766592126,-1.96918441734496
VisualCogB_Task-2,2,-1,Fz,0.0234375,-3.75656343801747,-2.36380239970477,-2.25944224865933
VisualCogB_Task-2,2,-1,Fz,0.02734375,-3.90106684031757,-2.47574313857734,-2.47495102367063
VisualCogB_Task-2,2,-1,Fz,0.03125,-4.01258719233999,-2.59312979804105,-2.62255498188121
VisualCogB_Task-2,2,-1,Fz,0.03515625,-4.13502849118986,-2.55683589532406,-2.70916437236899
VisualCogB_Task-2,2,-1,Fz,0.0390625,-4.27898402011659,-2.63114064403523,-2.73923734555854
VisualCogB_Task-2,2,-1,Fz,0.04296875,-4.41086097078079,-2.83968390405815,-2.70453801212067
VisualCogB_Task-2,2,-1,Fz,0.046875,-4.47101316231239,-2.87241860335612,-2.58782242426593
VisualCogB_Task-2,2,-1,Fz,0.05078125,-4.41470427932399,-2.7506899117861,-2.38310879186632
VisualCogB_Task-2,2,-1,Fz,0.0546875,-4.24870965253964,-2.07812236715039,-2.10813167305135
VisualCogB_Task-2,2,-1,Fz,0.05859375,-4.03466137435211,-1.64499031093682,-1.81125738594384
VisualCogB_Task-2,2,-1,Fz,0.0625,-3.8544698418126,-1.30984577329881,-1.53835147317489
VisualCogB_Task-2,2,-1,Fz,0.06640625,-3.76334400155033,-1.33471868977562,-1.32142388779164
VisualCogB_Task-2,2,-1,Fz,0.0703125,-3.76501319285084,-1.105024283014,-1.17344244118493
VisualCogB_Task-2,2,-1,Fz,0.07421875,-3.82500601272414,-1.22475708989599,-1.1084828449109
VisualCogB_Task-2,2,-1,Fz,0.078125,-3.90796577291244,-1.25689745026787,-1.1349192973448
VisualCogB_Task-2,2,-1,Fz,0.08203125,-4.0075553837653,-0.792392712568155,-1.27081551727729
VisualCogB_Task-2,2,-1,Fz,0.0859375,-4.14614299474498,-1.4206522983038,-1.54440006957596
VisualCogB_Task-2,2,-1,Fz,0.08984375,-4.34901261303836,-1.80894194650844,-1.9440329520493
VisualCogB_Task-2,2,-1,Fz,0.09375,-4.61949418637685,-2.30629921432621,-2.44776184823312
VisualCogB_Task-2,2,-1,Fz,0.09765625,-4.93713453557435,-3.2062394372092,-3.02237685786816
VisualCogB_Task-2,2,-1,Fz,0.1015625,-5.27684978906194,-3.79403983195175,-3.62287952786958
VisualCogB_Task-2,2,-1,Fz,0.10546875,-5.62795058982407,-4.37491454108444,-4.21959328676429
VisualCogB_Task-2,2,-1,Fz,0.109375,-5.99503978128893,-4.80749241642644,-4.79710492175273
VisualCogB_Task-2,2,-1,Fz,0.11328125,-6.38228119379179,-5.33318533192518,-5.35294465789533
VisualCogB_Task-2,2,-1,Fz,0.1171875,-6.77897027630419,-5.90671093979174,-5.88550834480866
VisualCogB_Task-2,2,-1,Fz,0.12109375,-7.16308231168626,-6.31566834742097,-6.39154522161179
VisualCogB_Task-2,2,-1,Fz,0.125,-7.52165966009433,-6.75660599742603,-6.86957141033905
VisualCogB_Task-2,2,-1,Fz,0.12890625,-7.86770278643027,-7.2217628285643,-7.31177996017552
VisualCogB_Task-2,2,-1,Fz,0.1328125,-8.23191295816252,-7.68160409207623,-7.70095013589687
VisualCogB_Task-2,2,-1,Fz,0.13671875,-8.6302994530662,-8.12359307091954,-8.01235977464447
VisualCogB_Task-2,2,-1,Fz,0.140625,-9.03499570739613,-8.46634809909235,-8.21967454324135
VisualCogB_Task-2,2,-1,Fz,0.14453125,-9.37639553459052,-8.45046915492669,-8.30582954986677
VisualCogB_Task-2,2,-1,Fz,0.1484375,-9.57835316087672,-8.55780825239343,-8.27431603235424
VisualCogB_Task-2,2,-1,Fz,0.15234375,-9.60309147143655,-8.35062920042239,-8.14067852895892
VisualCogB_Task-2,2,-1,Fz,0.15625,-9.47958490772039,-8.01684820697511,-7.94408592960592
VisualCogB_Task-2,2,-1,Fz,0.16015625,-9.30158985623696,-7.58989846591701,-7.74120301350896
VisualCogB_Task-2,2,-1,Fz,0.1640625,-9.1948297312072,-7.24467001993097,-7.59475808299584
VisualCogB_Task-2,2,-1,Fz,0.16796875,-9.26548660603311,-7.22082128231817,-7.55487072809505
VisualCogB_Task-2,2,-1,Fz,0.171875,-9.55464332626059,-7.2608258715748,-7.64248653357967
VisualCogB_Task-2,2,-1,Fz,0.17578125,-10.0244271710574,-7.67835069940381,-7.85071363040803
VisualCogB_Task-2,2,-1,Fz,0.1796875,-10.5825798648143,-8.37414959356855,-8.14085509437139
VisualCogB_Task-2,2,-1,Fz,0.18359375,-11.1267522144122,-8.73464338760574,-8.45985042367733
VisualCogB_Task-2,2,-1,Fz,0.1875,-11.58200071746,-9.04352103288569,-8.77408032479983
VisualCogB_Task-2,2,-1,Fz,0.19140625,-11.9189879467221,-9.21320953729715,-9.0728249178736
VisualCogB_Task-2,2,-1,Fz,0.1953125,-12.1567796881446,-9.46033906211649,-9.36781771537381
VisualCogB_Task-2,2,-1,Fz,0.19921875,-12.3562507749802,-9.69616765070123,-9.68249094806095
VisualCogB_Task-2,2,-1,Fz,0.203125,-12.6031835812483,-9.62808397643139,-10.0479869589241
VisualCogB_Task-2,2,-1,Fz,0.20703125,-12.9788170210863,-9.93213799977766,-10.4965878161722
VisualCogB_Task-2,2,-1,Fz,0.2109375,-13.5230910035977,-10.6860656609954,-11.0255836728066
VisualCogB_Task-2,2,-1,Fz,0.21484375,-14.2046220041537,-11.4901275638833,-11.5852271971292
VisualCogB_Task-2,2,-1,Fz,0.21875,-14.9146708045059,-12.2264435015216,-12.0974778897908
VisualCogB_Task-2,2,-1,Fz,0.22265625,-15.4955932413183,-12.8790299076722,-12.476370282005
VisualCogB_Task-2,2,-1,Fz,0.2265625,-15.7969963226245,-13.2837677001932,-12.6466860392964
VisualCogB_Task-2,2,-1,Fz,0.23046875,-15.7345987876097,-13.1194770971845,-12.5667617959952
VisualCogB_Task-2,2,-1,Fz,0.234375,-15.3218073012826,-12.5749655752208,-12.2480243248397
VisualCogB_Task-2,2,-1,Fz,0.23828125,-14.6572223910471,-11.7102925514183,-11.7479600070005
VisualCogB_Task-2,2,-1,Fz,0.2421875,-13.87570266043,-10.9185605267985,-11.1513003278468
VisualCogB_Task-2,2,-1,Fz,0.24609375,-13.0923874742405,-10.208625914396,-10.5396378181157
VisualCogB_Task-2,2,-1,Fz,0.25,-12.3720155558456,-9.64952763415424,-9.97517002512395
VisualCogB_Task-2,2,-1,Fz,0.25390625,-11.7349477275663,-9.33934369311632,-9.49251017087802
VisualCogB_Task-2,2,-1,Fz,0.2578125,-11.1841451681983,-9.0972470086325,-9.09913461147037
VisualCogB_Task-2,2,-1,Fz,0.26171875,-10.7276244300079,-8.8639417674718,-8.78975582984662
VisualCogB_Task-2,2,-1,Fz,0.265625,-10.3819760148519,-8.62098037241125,-8.55892900871591
VisualCogB_Task-2,2,-1,Fz,0.26953125,-10.1595076076518,-8.24407986259199,-8.40739149225613
VisualCogB_Task-2,2,-1,Fz,0.2734375,-10.0516135643399,-8.18718361820382,-8.34105157161981
VisualCogB_Task-2,2,-1,Fz,0.27734375,-10.0211613659914,-8.40148469064709,-8.35220823548743
VisualCogB_Task-2,2,-1,Fz,0.28125,-10.0101023083313,-8.53548547283034,-8.42033814308815
VisualCogB_Task-2,2,-1,Fz,0.28515625,-9.96059202495368,-8.67912802137886,-8.52902432491444
VisualCogB_Task-2,2,-1,Fz,0.2890625,-9.84224536781876,-8.78496383002612,-8.67144542227061
VisualCogB_Task-2,2,-1,Fz,0.29296875,-9.67428375685115,-8.83661461489764,-8.85328871783299
VisualCogB_Task-2,2,-1,Fz,0.296875,-9.52991994163909,-8.85072979645282,-9.08970136159088
VisualCogB_Task-2,2,-1,Fz,0.30078125,-9.51517212233946,-9.08095151690324,-9.39444099495564
VisualCogB_Task-2,2,-1,Fz,0.3046875,-9.72536961592589,-9.59409569139673,-9.76135096224377
VisualCogB_Task-2,2,-1,Fz,0.30859375,-10.1949831490284,-10.0751296601054,-10.1581504846007
VisualCogB_Task-2,2,-1,Fz,0.3125,-10.8650768611647,-10.6201615220503,-10.5386208439348
VisualCogB_Task-2,2,-1,Fz,0.31640625,-11.5908226899164,-11.1409625541251,-10.8496249201128
VisualCogB_Task-2,2,-1,Fz,0.3203125,-12.1936707422343,-11.4855479889881,-11.0448206495114
VisualCogB_Task-2,2,-1,Fz,0.32421875,-12.5367197939507,-11.5666037347233,-11.1021441046747
VisualCogB_Task-2,2,-1,Fz,0.328125,-12.5862139262154,-11.3685954323147,-11.0362586364369
VisualCogB_Task-2,2,-1,Fz,0.33203125,-12.4285889563141,-10.9704008491655,-10.9005325648026
VisualCogB_Task-2,2,-1,Fz,0.3359375,-12.2360303468,-10.4394852782503,-10.7760289427662
VisualCogB_Task-2,2,-1,Fz,0.33984375,-12.1977124032225,-10.1952316123896,-10.7496331803526
VisualCogB_Task-2,2,-1,Fz,0.34375,-12.4451368380709,-10.244368093042,-10.8801853822101
VisualCogB_Task-2,2,-1,Fz,0.34765625,-12.9985722162979,-10.7032318654529,-11.1803255223236
VisualCogB_Task-2,2,-1,Fz,0.3515625,-13.7553513904762,-11.4911594531138,-11.6097088005806
VisualCogB_Task-2,2,-1,Fz,0.35546875,-14.5293424983808,-12.3849676425657,-12.0882326121294
VisualCogB_Task-2,2,-1,Fz,0.359375,-15.1289114704064,-13.0104814545118,-12.5259152398294
VisualCogB_Task-2,2,-1,Fz,0.36328125,-15.4368035345881,-13.4291464939933,-12.8575028857429
VisualCogB_Task-2,2,-1,Fz,0.3671875,-15.4512907972038,-13.4543480479642,-13.0581222698226
VisualCogB_Task-2,2,-1,Fz,0.37109375,-15.2723593535308,-13.4117672346978,-13.1505370793752
VisualCogB_Task-2,2,-1,Fz,0.375,-15.0509551314265,-13.2750611293985,-13.1905298165526
VisualCogB_Task-2,2,-1,Fz,0.37890625,-14.9351432693874,-13.0578820147363,-13.255652163117
VisualCogB_Task-2,2,-1,Fz,0.3828125,-15.0353707707669,-13.0210470741247,-13.4305000769009
VisualCogB_Task-2,2,-1,Fz,0.38671875,-15.4094937414307,-13.2742115339459,-13.7831886700387
VisualCogB_Task-2,2,-1,Fz,0.390625,-16.0595886891769,-13.8589110381345,-14.3477119710997
VisualCogB_Task-2,2,-1,Fz,0.39453125,-16.9385284444013,-14.7872369049683,-15.1156492473125
VisualCogB_Task-2,2,-1,Fz,0.3984375,-17.9678217038704,-15.9116876273144,-16.0378463548251
VisualCogB_Task-2,2,-1,Fz,0.40234375,-19.0609171888736,-17.1357306576873,-17.0377814545902
VisualCogB_Task-2,2,-1,Fz,0.40625,-20.1400462206209,-18.3087220143443,-18.0284194802679
VisualCogB_Task-2,2,-1,Fz,0.41015625,-21.1408985938609,-19.2948540586555,-18.9308877991097
VisualCogB_Task-2,2,-1,Fz,0.4140625,-22.0102524123996,-20.0136500856883,-19.6896723228736
VisualCogB_Task-2,2,-1,Fz,0.41796875,-22.7041770548471,-20.4429424876674,-20.2795894849463
VisualCogB_Task-2,2,-1,Fz,0.421875,-23.1896695017971,-20.758234582993,-20.7024538656156
VisualCogB_Task-2,2,-1,Fz,0.42578125,-23.4489279240617,-20.9578806804555,-20.9736927953965
VisualCogB_Task-2,2,-1,Fz,0.4296875,-23.484096919792,-21.0385167531229,-21.1133819979182
VisualCogB_Task-2,2,-1,Fz,0.43359375,-23.3193520977811,-21.1748995344378,-21.1402795205653
VisualCogB_Task-2,2,-1,Fz,0.4375,-22.9988085247968,-21.2242094099928,-21.0669046403223
VisualCogB_Task-2,2,-1,Fz,0.44140625,-22.5819510294491,-20.9710558545558,-20.9086616353303
VisualCogB_Task-2,2,-1,Fz,0.4453125,-22.1371527805494,-20.560850149291,-20.6940635145357
VisualCogB_Task-2,2,-1,Fz,0.44921875,-21.7297309491767,-20.2002137033431,-20.4568228051542
VisualCogB_Task-2,2,-1,Fz,0.453125,-21.402205611847,-19.8820650437864,-20.2195509206306
VisualCogB_Task-2,2,-1,Fz,0.45703125,-21.151581822395,-19.6825097643909,-19.9834751825926
VisualCogB_Task-2,2,-1,Fz,0.4609375,-20.9144435601979,-19.508896249379,-19.7216990895972
VisualCogB_Task-2,2,-1,Fz,0.46484375,-20.5719314173589,-19.6882097439253,-19.3822456886847
VisualCogB_Task-2,2,-1,Fz,0.46875,-19.9821257632304,-19.2736584200259,-18.8954044568772
VisualCogB_Task-2,2,-1,Fz,0.47265625,-19.0338500783228,-18.7582364576091,-18.2169618758002
VisualCogB_Task-2,2,-1,Fz,0.4765625,-17.6978894561521,-17.8760444416987,-17.3342255906748
VisualCogB_Task-2,2,-1,Fz,0.48046875,-16.0456333787941,-16.506462370242,-16.2796094618731
VisualCogB_Task-2,2,-1,Fz,0.484375,-14.2221889202189,-15.1802382877323,-15.1306789206856
VisualCogB_Task-2,2,-1,Fz,0.48828125,-12.389727894251,-13.3181812611184,-13.9839038074337
VisualCogB_Task-2,2,-1,Fz,0.4921875,-10.6727447782012,-11.9498774299812,-12.9398839096927
VisualCogB_Task-2,2,-1,Fz,0.49609375,-9.12800141546745,-11.1061326450951,-12.043742136178
VisualCogB_Task-2,2,-1,Fz,0.5,-7.74159962874725,-10.6907954213651,-11.2581008556295
VisualCogB_Task-2,2,-1,Fz,0.50390625,-6.44492156785604,-10.7521474269764,-10.4674483125298
VisualCogB_Task-2,2,-1,Fz,0.5078125,-5.14226593910027,-10.7991986464976,-9.50899729850623
VisualCogB_Task-2,2,-1,Fz,0.51171875,-3.74307702304064,-9.2841149039812,-8.24368553139017
VisualCogB_Task-2,2,-1,Fz,0.515625,-2.18783870462222,-6.98231494497664,-6.6399675080121
VisualCogB_Task-2,2,-1,Fz,0.51953125,-0.458223155358855,-4.59159116575869,-4.75300017291849
VisualCogB_Task-2,2,-1,Fz,0.5234375,1.42867452855206,-2.32169132480204,-2.66646942373616
VisualCogB_Task-2,2,-1,Fz,0.52734375,3.43381335902041,-0.426230325462627,-0.450610407495294
VisualCogB_Task-2,2,-1,Fz,0.53125,5.50850321137784,1.94452469916686,1.85307323701844
VisualCogB_Task-2,2,-1,Fz,0.53515625,7.6026382312503,4.33790266195748,4.20510954452209
VisualCogB_Task-2,2,-1,Fz,0.5390625,9.67314200816847,6.70149769324846,6.57364750491175
VisualCogB_Task-2,2,-1,Fz,0.54296875,11.6979546851082,9.24836163135679,8.93790220120312
VisualCogB_Task-2,2,-1,Fz,0.546875,13.6924473254407,11.353081436939,11.2877428987733
VisualCogB_Task-2,2,-1,Fz,0.55078125,15.7148603253448,13.6015651963408,13.6389104821788
VisualCogB_Task-2,2,-1,Fz,0.5546875,17.8485104546938,15.7721523355496,16.0125907141567
VisualCogB_Task-2,2,-1,Fz,0.55859375,20.1636768649215,18.113268613296,18.4268572502909
VisualCogB_Task-2,2,-1,Fz,0.5625,22.6785002172602,20.8324860145331,20.8797472146146
VisualCogB_Task-2,2,-1,Fz,0.56640625,25.3415538995697,23.3616956274992,23.3431653447448
VisualCogB_Task-2,2,-1,Fz,0.5703125,28.0466469893628,26.0195967096457,25.7850779449586
VisualCogB_Task-2,2,-1,Fz,0.57421875,30.6725682350048,28.0786480614324,28.1749955097622
VisualCogB_Task-2,2,-1,Fz,0.578125,33.128967112975,30.3870575293414,30.5019717640527
VisualCogB_Task-2,2,-1,Fz,0.58203125,35.3890696656966,32.9905786488728,32.7470314786996
VisualCogB_Task-2,2,-1,Fz,0.5859375,37.4958739867624,34.9173960914238,34.8816232383465
VisualCogB_Task-2,2,-1,Fz,0.58984375,39.5361684188326,36.7839163132119,36.8974912251515
VisualCogB_Task-2,2,-1,Fz,0.59375,41.5884727805791,38.6301300770122,38.7893606923622
VisualCogB_Task-2,2,-1,Fz,0.59765625,43.6671848176239,40.5009235180866,40.5424923172315
VisualCogB_Task-2,2,-1,Fz,0.6015625,45.6945060002593,42.2991587638693,42.1288775590663
VisualCogB_Task-2,2,-1,Fz,0.60546875,47.5218496248444,43.8050688251527,43.517043810578
VisualCogB_Task-2,2,-1,Fz,0.609375,48.9961355542902,45.0491989182075,44.6897085648785
VisualCogB_Task-2,2,-1,Fz,0.61328125,50.0393711128385,46.2180711679562,45.6535913996273
VisualCogB_Task-2,2,-1,Fz,0.6171875,50.6986533195195,46.7035000017064,46.4453694219282
VisualCogB_Task-2,2,-1,Fz,0.62109375,51.1370699651341,47.2045033739027,47.1487597195789
VisualCogB_Task-2,2,-1,Fz,0.625,51.5692576380683,47.4308253417719,47.8689902620253
VisualCogB_Task-2,2,-1,Fz,0.62890625,52.1779444931329,47.9240315119479,48.7159343232404
VisualCogB_Task-2,2,-1,Fz,0.6328125,53.0552629299124,48.7825153352565,49.7629514338426
VisualCogB_Task-2,2,-1,Fz,0.63671875,54.1903530402252,50.5776029207995,51.0174092235092
VisualCogB_Task-2,2,-1,Fz,0.640625,55.4942820496439,52.401153419006,52.4049723137021
VisualCogB_Task-2,2,-1,Fz,0.64453125,56.83831561606,53.9885734844661,53.8146548006574
VisualCogB_Task-2,2,-1,Fz,0.6484375,58.0858652959087,55.3255306717353,55.1351525393862
VisualCogB_Task-2,2,-1,Fz,0.65234375,59.111717629116,56.6207269966297,56.2696546085508
VisualCogB_Task-2,2,-1,Fz,0.65625,59.8142737560989,57.5100223088757,57.1372149311755
VisualCogB_Task-2,2,-1,Fz,0.66015625,60.1295424822273,57.9589874704611,57.6861434626245
VisualCogB_Task-2,2,-1,Fz,0.6640625,60.046424354922,57.9910857854246,57.8958174397374
VisualCogB_Task-2,2,-1,Fz,0.66796875,59.6109154069768,58.2202498320255,57.7683511000064
VisualCogB_Task-2,2,-1,Fz,0.671875,58.9076781045544,57.6300245223546,57.3137977097311
VisualCogB_Task-2,2,-1,Fz,0.67578125,58.0234697092799,56.6824123367497,56.5798687628794
VisualCogB_Task-2,2,-1,Fz,0.6796875,57.0142036487511,55.5351275921681,55.6406279878044
VisualCogB_Task-2,2,-1,Fz,0.68359375,55.8998936893052,54.5142117273024,54.5786844106819
VisualCogB_Task-2,2,-1,Fz,0.6875,54.6937363756896,53.4085126905028,53.467855358051
VisualCogB_Task-2,2,-1,Fz,0.69140625,53.4432239767831,52.2200212941401,52.3765854328362
VisualCogB_Task-2,2,-1,Fz,0.6953125,52.2459570701042,51.3009166419373,51.3683740156659
VisualCogB_Task-2,2,-1,Fz,0.69921875,51.2189675365416,50.3650667812982,50.4936734756108
VisualCogB_Task-2,2,-1,Fz,0.703125,50.4381292464908,49.532008898168,49.7973147339308
VisualCogB_Task-2,2,-1,Fz,0.70703125,49.8913101882936,48.9258936275364,49.3134114873595
VisualCogB_Task-2,2,-1,Fz,0.7109375,49.4829200891954,48.7627872383235,49.0539686129839
VisualCogB_Task-2,2,-1,Fz,0.71484375,49.0943146496917,48.9694803121642,48.9986978329057
VisualCogB_Task-2,2,-1,Fz,0.71875,48.6658196593091,49.1670766100245,49.1030457546714
VisualCogB_Task-2,2,-1,Fz,0.72265625,48.2448464190253,49.2398516234137,49.3200241924324
VisualCogB_Task-2,2,-1,Fz,0.7265625,47.9595813379489,49.4420326074288,49.6079808649528
VisualCogB_Task-2,2,-1,Fz,0.73046875,47.9281050063579,49.716916359202,49.9185824435787
VisualCogB_Task-2,2,-1,Fz,0.734375,48.163210234803,50.1521213333341,50.1896665781956
VisualCogB_Task-2,2,-1,Fz,0.73828125,48.5385966848897,50.6713969734945,50.3422654116576
VisualCogB_Task-2,2,-1,Fz,0.7421875,48.8362361894894,50.9762022547814,50.2942823164139
VisualCogB_Task-2,2,-1,Fz,0.74609375,48.8398135061427,50.5006719765087,49.9910482950666
VisualCogB_Task-2,2,-1,Fz,0.75,48.4202826301507,50.0238167207756,49.4347210117484
VisualCogB_Task-2,2,-1,Fz,0.75390625,47.5791916751828,48.8483278587825,48.6699267707122
VisualCogB_Task-2,2,-1,Fz,0.7578125,46.4423426175353,47.6316680808632,47.7903831852964
VisualCogB_Task-2,2,-1,Fz,0.76171875,45.2104340443387,46.4068923066964,46.9046746261789
VisualCogB_Task-2,2,-1,Fz,0.765625,44.0828189387789,45.468905802285,46.1081592053343
VisualCogB_Task-2,2,-1,Fz,0.76953125,43.1843067979052,44.906880370998,45.4547131747808
VisualCogB_Task-2,2,-1,Fz,0.7734375,42.5301464502248,44.7031819028022,44.9449416696155
VisualCogB_Task-2,2,-1,Fz,0.77734375,42.045246400029,44.5933874790805,44.5337970912872
VisualCogB_Task-2,2,-1,Fz,0.78125,41.6200817520533,44.4161734880798,44.1560851940099
VisualCogB_Task-2,2,-1,Fz,0.78515625,41.1657363325522,43.943916255123,43.7515775976474
VisualCogB_Task-2,2,-1,Fz,0.7890625,40.6393117105876,43.699341824344,43.2817199465691
VisualCogB_Task-2,2,-1,Fz,0.79296875,40.0370268728847,43.0540202027047,42.7239861066008
VisualCogB_Task-2,2,-1,Fz,0.796875,39.3726767490178,42.0431730381388,42.0906517667159
VisualCogB_Task-2,2,-1,Fz,0.80078125,38.6609327041421,40.99163182202,41.4214954572302
VisualCogB_Task-2,2,-1,F3,-0.19921875,-4.15689027713018,0.791637144858152,0.397744815373448
VisualCogB_Task-2,2,-1,F3,-0.1953125,-4.54128660977633,0.153511666004296,0.00874697653674628
VisualCogB_Task-2,2,-1,F3,-0.19140625,-4.98308961500575,-0.596407462920721,-0.347426501509563
VisualCogB_Task-2,2,-1,F3,-0.1875,-5.28795011829099,-1.13611121355323,-0.625887533852792
VisualCogB_Task-2,2,-1,F3,-0.18359375,-5.31464234724474,-1.27629393007161,-0.802496449031183
VisualCogB_Task-2,2,-1,F3,-0.1796875,-5.03705820040972,-1.04089109838943,-0.895632215558012
VisualCogB_Task-2,2,-1,F3,-0.17578125,-4.55401659021987,-0.711320719278379,-0.963156925366596
VisualCogB_Task-2,2,-1,F3,-0.171875,-4.04376327024826,-0.586542668120974,-1.07503757729287
VisualCogB_Task-2,2,-1,F3,-0.16796875,-3.68664516615682,-0.817592160459637,-1.28025481966541
VisualCogB_Task-2,2,-1,F3,-0.1640625,-3.59153618052032,-1.1496669550613,-1.58708139171514
VisualCogB_Task-2,2,-1,F3,-0.16015625,-3.75539723467842,-1.81094334673362,-1.96523481107251
VisualCogB_Task-2,2,-1,F3,-0.15625,-4.06791568459066,-2.45852592592028,-2.34798139231347
VisualCogB_Task-2,2,-1,F3,-0.15234375,-4.3556777211156,-3.01256584565296,-2.65572982798574
VisualCogB_Task-2,2,-1,F3,-0.1484375,-4.44807058050077,-3.28169013061617,-2.81810085510425
VisualCogB_Task-2,2,-1,F3,-0.14453125,-4.24046391306269,-3.2173938837468,-2.79445154548957
VisualCogB_Task-2,2,-1,F3,-0.140625,-3.73067692084174,-2.99294895076518,-2.58277141058823
VisualCogB_Task-2,2,-1,F3,-0.13671875,-3.01420230837483,-2.38611034102954,-2.21629515670155
VisualCogB_Task-2,2,-1,F3,-0.1328125,-2.2405867637042,-1.49685168630435,-1.76243895181226
VisualCogB_Task-2,2,-1,F3,-0.12890625,-1.55111998642564,-0.854099965173105,-1.30277022926374
VisualCogB_Task-2,2,-1,F3,-0.125,-1.02701085769098,-0.469786956595723,-0.89672415027373
VisualCogB_Task-2,2,-1,F3,-0.12109375,-0.671272577037848,-0.381908637422146,-0.566346687385745
VisualCogB_Task-2,2,-1,F3,-0.1171875,-0.428733476080764,-0.609291747418543,-0.29810571367013
VisualCogB_Task-2,2,-1,F3,-0.11328125,-0.227824623972332,-0.288967628527348,-0.0630992647002664
VisualCogB_Task-2,2,-1,F3,-0.109375,-0.019020507688216,0.0521729170648328,0.141642454471432
VisualCogB_Task-2,2,-1,F3,-0.10546875,0.207328832462868,0.430797173573664,0.300266875140295
VisualCogB_Task-2,2,-1,F3,-0.1015625,0.426522590341036,0.410293761085785,0.389465633817767
VisualCogB_Task-2,2,-1,F3,-0.09765625,0.600868099419416,0.541691800986984,0.396807891884742
VisualCogB_Task-2,2,-1,F3,-0.09375,0.703952467744047,0.528868429846714,0.311598487994447
VisualCogB_Task-2,2,-1,F3,-0.08984375,0.734391050565347,0.416764975139095,0.135215919891966
VisualCogB_Task-2,2,-1,F3,-0.0859375,0.713956946978127,0.0902772925024423,-0.112855486189932
VisualCogB_Task-2,2,-1,F3,-0.08203125,0.676532771072051,-0.488686774143042,-0.389668982747882
VisualCogB_Task-2,2,-1,F3,-0.078125,0.65621228659844,-0.945489866443499,-0.635350090720819
VisualCogB_Task-2,2,-1,F3,-0.07421875,0.67736883390383,-1.15269806825129,-0.798275813663946
VisualCogB_Task-2,2,-1,F3,-0.0703125,0.749998608108412,-1.0407792236655,-0.852668136442683
VisualCogB_Task-2,2,-1,F3,-0.06640625,0.876614014188002,-0.75984181495172,-0.802284231804735
VisualCogB_Task-2,2,-1,F3,-0.0625,1.06724906897105,-0.454549315648107,-0.666557196433037
VisualCogB_Task-2,2,-1,F3,-0.05859375,1.34501151141038,-0.291443785461889,-0.461383258939443
VisualCogB_Task-2,2,-1,F3,-0.0546875,1.73204472371276,-0.266003566164883,-0.184991324537062
VisualCogB_Task-2,2,-1,F3,-0.05078125,2.23088397202377,-0.0346178717499022,0.178551324350794
VisualCogB_Task-2,2,-1,F3,-0.046875,2.82286940419968,0.377362061303511,0.63842638516516
VisualCogB_Task-2,2,-1,F3,-0.04296875,3.4822452301879,0.985303122030149,1.18605145567201
VisualCogB_Task-2,2,-1,F3,-0.0390625,4.18487471702326,1.72502744194452,1.79108877331553
VisualCogB_Task-2,2,-1,F3,-0.03515625,4.89997330026287,2.4416928437365,2.40647154773639
VisualCogB_Task-2,2,-1,F3,-0.03125,5.57621793503175,3.01530462674128,2.9796278776277
VisualCogB_Task-2,2,-1,F3,-0.02734375,6.14186572923909,3.67556773540601,3.46092096968256
VisualCogB_Task-2,2,-1,F3,-0.0234375,6.52623272119008,4.14019899765214,3.80368709302022
VisualCogB_Task-2,2,-1,F3,-0.01953125,6.69112836024887,4.26364573546299,3.97914974723687
VisualCogB_Task-2,2,-1,F3,-0.015625,6.65096894767341,4.18305769473892,3.98657509064802
VisualCogB_Task-2,2,-1,F3,-0.01171875,6.46562520621654,3.84501620783127,3.84893728058805
VisualCogB_Task-2,2,-1,F3,-0.0078125,6.20778138129732,3.47207444894103,3.60558402473224
VisualCogB_Task-2,2,-1,F3,-0.00390625,5.9261328206975,3.15199873267119,3.29553627469279
VisualCogB_Task-2,2,-1,F3,0,5.63064425549456,2.85047395213521,2.94668918409931
VisualCogB_Task-2,2,-1,F3,0.00390625,5.30838315131674,2.59320434586821,2.57497644474628
VisualCogB_Task-2,2,-1,F3,0.0078125,4.95389335182445,2.2904573210515,2.18831381243117
VisualCogB_Task-2,2,-1,F3,0.01171875,4.59006909706285,1.86503770049275,1.79613603471161
VisualCogB_Task-2,2,-1,F3,0.015625,4.26652289037167,1.37605921770925,1.41638981819693
VisualCogB_Task-2,2,-1,F3,0.01953125,4.03824128858429,0.800297286679354,1.0727636749782
VisualCogB_Task-2,2,-1,F3,0.0234375,3.93810674787388,0.486521048886486,0.785585233772542
VisualCogB_Task-2,2,-1,F3,0.02734375,3.95953158698564,0.670963223976859,0.552476590938829
VisualCogB_Task-2,2,-1,F3,0.03125,4.0589072746879,0.534272216619674,0.346137827428764
VisualCogB_Task-2,2,-1,F3,0.03515625,4.17638297861461,0.165933242785754,0.149142910280552
VisualCogB_Task-2,2,-1,F3,0.0390625,4.26481087003191,-0.043376959210466,-0.0402563277016932
VisualCogB_Task-2,2,-1,F3,0.04296875,4.3119336551029,-0.178659023318328,-0.222408859338423
VisualCogB_Task-2,2,-1,F3,0.046875,4.34096434192637,-0.266000106305543,-0.397923710075822
VisualCogB_Task-2,2,-1,F3,0.05078125,4.38618813346168,-0.437075132951611,-0.56376408569173
VisualCogB_Task-2,2,-1,F3,0.0546875,4.4611698090538,-0.605558211593543,-0.705899558316468
VisualCogB_Task-2,2,-1,F3,0.05859375,4.54739142193344,-1.05007449595902,-0.799742287352009
VisualCogB_Task-2,2,-1,F3,0.0625,4.61503004673212,-1.06001854858333,-0.812342653306751
VisualCogB_Task-2,2,-1,F3,0.06640625,4.65807984736962,-1.00972723554492,-0.731612054073012
VisualCogB_Task-2,2,-1,F3,0.0703125,4.71114887906153,-0.796242064552751,-0.566101545482819
VisualCogB_Task-2,2,-1,F3,0.07421875,4.82880399546301,-0.539306178345944,-0.347538448490864
VisualCogB_Task-2,2,-1,F3,0.078125,5.04018823703854,-0.0284439786744779,-0.126828460640995
VisualCogB_Task-2,2,-1,F3,0.08203125,5.31568845240756,0.294386083171202,0.0291420763683473
VisualCogB_Task-2,2,-1,F3,0.0859375,5.57553908212336,0.445623527425196,0.0616855276692665
VisualCogB_Task-2,2,-1,F3,0.08984375,5.73605807349829,0.369907060937098,-0.0657820743725632
VisualCogB_Task-2,2,-1,F3,0.09375,5.75872313532567,-0.127423773350013,-0.357849864078473
VisualCogB_Task-2,2,-1,F3,0.09765625,5.6673036199881,-0.661202789888595,-0.782799547827321
VisualCogB_Task-2,2,-1,F3,0.1015625,5.52505281294976,-1.41732728212855,-1.2897106577706
VisualCogB_Task-2,2,-1,F3,0.10546875,5.39228266908558,-2.00440722042785,-1.81752966289822
VisualCogB_Task-2,2,-1,F3,0.109375,5.29404763737112,-2.49825216773278,-2.31583775089663
VisualCogB_Task-2,2,-1,F3,0.11328125,5.21551963266528,-2.86154415683548,-2.74978923924636
VisualCogB_Task-2,2,-1,F3,0.1171875,5.12082208668037,-3.20744163465928,-3.099739646831
VisualCogB_Task-2,2,-1,F3,0.12109375,4.97673724312265,-3.396341609195,-3.3553574023332
VisualCogB_Task-2,2,-1,F3,0.125,4.76610836948399,-3.4677035733637,-3.51528610008799
VisualCogB_Task-2,2,-1,F3,0.12890625,4.49098707670921,-3.87431339480815,-3.5815846850022
VisualCogB_Task-2,2,-1,F3,0.1328125,4.17451004330249,-3.9206944359971,-3.55234689142231
VisualCogB_Task-2,2,-1,F3,0.13671875,3.86285611963859,-3.44810017914691,-3.45006051284529
VisualCogB_Task-2,2,-1,F3,0.140625,3.61723851356583,-3.22503576814982,-3.32790897148268
VisualCogB_Task-2,2,-1,F3,0.14453125,3.49020873318603,-3.11776324295562,-3.23891232840449
VisualCogB_Task-2,2,-1,F3,0.1484375,3.49716252597173,-2.97121601234708,-3.22751787773632
VisualCogB_Task-2,2,-1,F3,0.15234375,3.60146899965474,-3.17692049727699,-3.32807715648303
VisualCogB_Task-2,2,-1,F3,0.15625,3.72252443842644,-3.36020516298548,-3.55358321286704
VisualCogB_Task-2,2,-1,F3,0.16015625,3.76306187415147,-3.75657176714267,-3.90443270684361
VisualCogB_Task-2,2,-1,F3,0.1640625,3.64581193283194,-4.23010598485857,-4.36490746087786
VisualCogB_Task-2,2,-1,F3,0.16796875,3.34699230719517,-4.93806275303999,-4.90696755245984
VisualCogB_Task-2,2,-1,F3,0.171875,2.91068634947472,-5.56765283216977,-5.49133960274466
VisualCogB_Task-2,2,-1,F3,0.17578125,2.43087602036828,-6.24387625811298,-6.08134149960242
VisualCogB_Task-2,2,-1,F3,0.1796875,2.00550437836225,-6.86919742591823,-6.64665056668867
VisualCogB_Task-2,2,-1,F3,0.18359375,1.68943255224981,-7.29560049268787,-7.17048869086814
VisualCogB_Task-2,2,-1,F3,0.1875,1.47612371611861,-7.83935913881495,-7.65462333060807
VisualCogB_Task-2,2,-1,F3,0.19140625,1.31465025935053,-8.32042411317431,-8.11124792786062
VisualCogB_Task-2,2,-1,F3,0.1953125,1.14264057023676,-8.58920578885296,-8.5679505752619
VisualCogB_Task-2,2,-1,F3,0.19921875,0.911211016610086,-8.66329854749978,-9.06975071422414
VisualCogB_Task-2,2,-1,F3,0.203125,0.592396492641047,-9.03548695782453,-9.66343905395881
VisualCogB_Task-2,2,-1,F3,0.20703125,0.175924744169507,-9.94986377309946,-10.3619352897837
VisualCogB_Task-2,2,-1,F3,0.2109375,-0.330616247950443,-10.9248493795755,-11.1258297756721
VisualCogB_Task-2,2,-1,F3,0.21484375,-0.890355424548306,-11.8727833084746,-11.8813735725403
VisualCogB_Task-2,2,-1,F3,0.21875,-1.42334000445919,-12.8794884409963,-12.538069374963
VisualCogB_Task-2,2,-1,F3,0.22265625,-1.8106271073258,-13.5023292148581,-13.0047040221763
VisualCogB_Task-2,2,-1,F3,0.2265625,-1.92730501484853,-13.7941433026927,-13.2185159422524
VisualCogB_Task-2,2,-1,F3,0.23046875,-1.69233993837082,-13.6069302030844,-13.1582123293202
VisualCogB_Task-2,2,-1,F3,0.234375,-1.10741565300343,-13.0931652935159,-12.850469324212
VisualCogB_Task-2,2,-1,F3,0.23828125,-0.260386426330409,-12.2693284676802,-12.3593562239072
VisualCogB_Task-2,2,-1,F3,0.2421875,0.711390895331603,-11.4361517038521,-11.7691669894937
VisualCogB_Task-2,2,-1,F3,0.24609375,1.67729445545227,-10.84121700102,-11.1566932690405
VisualCogB_Task-2,2,-1,F3,0.25,2.55525976095854,-10.3281912014041,-10.5709754368133
VisualCogB_Task-2,2,-1,F3,0.25390625,3.31741538742173,-9.95085875091575,-10.0347641780759
VisualCogB_Task-2,2,-1,F3,0.2578125,3.96557260314439,-9.62180697477045,-9.55057815847473
VisualCogB_Task-2,2,-1,F3,0.26171875,4.50061735196179,-9.28892922483042,-9.1139439247263
VisualCogB_Task-2,2,-1,F3,0.265625,4.90766057446848,-8.78336948801748,-8.72632375823832
VisualCogB_Task-2,2,-1,F3,0.26953125,5.16509705411167,-8.25292032695906,-8.40376204876054
VisualCogB_Task-2,2,-1,F3,0.2734375,5.26990466489525,-7.94648402327505,-8.16705699685763
VisualCogB_Task-2,2,-1,F3,0.27734375,5.25996879052162,-8.05331133306879,-8.02443665961082
VisualCogB_Task-2,2,-1,F3,0.28125,5.21461013947523,-7.85807702956986,-7.96574801296944
VisualCogB_Task-2,2,-1,F3,0.28515625,5.22789250239638,-8.14607863247924,-7.98324425567099
VisualCogB_Task-2,2,-1,F3,0.2890625,5.36615672107842,-8.30461220182339,-8.060206004503
VisualCogB_Task-2,2,-1,F3,0.29296875,5.63144924892859,-8.27003944148161,-8.19348340765369
VisualCogB_Task-2,2,-1,F3,0.296875,5.95084506736317,-8.42360730872531,-8.4002937964213
VisualCogB_Task-2,2,-1,F3,0.30078125,6.19865795557487,-8.43503507560439,-8.70423417158974
VisualCogB_Task-2,2,-1,F3,0.3046875,6.24347368284127,-8.49208687617343,-9.13084432663491
VisualCogB_Task-2,2,-1,F3,0.30859375,6.0029742804984,-9.27268054655679,-9.68323079703394
VisualCogB_Task-2,2,-1,F3,0.3125,5.48448967950371,-10.2774544330021,-10.3112703307255
VisualCogB_Task-2,2,-1,F3,0.31640625,4.78972909325518,-11.1345726543442,-10.9306271547751
VisualCogB_Task-2,2,-1,F3,0.3203125,4.07729343413897,-11.7313859973925,-11.4541475047715
VisualCogB_Task-2,2,-1,F3,0.32421875,3.50081682202858,-12.2829856890787,-11.8116730746006
VisualCogB_Task-2,2,-1,F3,0.328125,3.15330699440275,-12.545665096393,-11.9561487658668
VisualCogB_Task-2,2,-1,F3,0.33203125,3.04055584914829,-12.4650230690548,-11.8797955313812
VisualCogB_Task-2,2,-1,F3,0.3359375,3.08890413021499,-11.7895974170957,-11.6239606848318
VisualCogB_Task-2,2,-1,F3,0.33984375,3.17907004814532,-10.9206294253009,-11.2787605013797
VisualCogB_Task-2,2,-1,F3,0.34375,3.19317816074195,-10.4576381371347,-10.9481143172076
VisualCogB_Task-2,2,-1,F3,0.34765625,3.06167601463635,-10.3111501659643,-10.7060972121587
VisualCogB_Task-2,2,-1,F3,0.3515625,2.79400751370701,-10.033298330392,-10.5859112510698
VisualCogB_Task-2,2,-1,F3,0.35546875,2.47541805757113,-10.2055995923851,-10.5878462449284
VisualCogB_Task-2,2,-1,F3,0.359375,2.2240846586308,-10.9865859616719,-10.6661409279987
VisualCogB_Task-2,2,-1,F3,0.36328125,2.12816475522438,-11.4902059057179,-10.743180146833
VisualCogB_Task-2,2,-1,F3,0.3671875,2.1992596539297,-11.515307040566,-10.7680525007898
VisualCogB_Task-2,2,-1,F3,0.37109375,2.3661090333964,-11.1694456042524,-10.7520987358011
VisualCogB_Task-2,2,-1,F3,0.375,2.50154523472198,-10.7286243645672,-10.7689308094472
VisualCogB_Task-2,2,-1,F3,0.37890625,2.46015986218307,-10.4354748913164,-10.9269395850124
VisualCogB_Task-2,2,-1,F3,0.3828125,2.11476468315467,-10.5877030882111,-11.3311570553746
VisualCogB_Task-2,2,-1,F3,0.38671875,1.39305549335009,-11.1736009982161,-12.04565982227
VisualCogB_Task-2,2,-1,F3,0.390625,0.310283569239149,-12.3960182171842,-13.0725699901717
VisualCogB_Task-2,2,-1,F3,0.39453125,-1.0211920915837,-14.1238550248398,-14.3413380948811
VisualCogB_Task-2,2,-1,F3,0.3984375,-2.42282832400365,-15.9289489918929,-15.7250353577843
VisualCogB_Task-2,2,-1,F3,0.40234375,-3.71305858916785,-17.6928727112106,-17.0786094110972
VisualCogB_Task-2,2,-1,F3,0.40625,-4.76875515151941,-18.8936137016005,-18.2740006898781
VisualCogB_Task-2,2,-1,F3,0.41015625,-5.55236984344947,-19.8043200849266,-19.2343382375281
VisualCogB_Task-2,2,-1,F3,0.4140625,-6.09764710366167,-20.231360146715,-19.9343855150917
VisualCogB_Task-2,2,-1,F3,0.41796875,-6.47015543419016,-20.3167726139,-20.3964044708968
VisualCogB_Task-2,2,-1,F3,0.421875,-6.72486850019794,-20.6062589611155,-20.6674049392397
VisualCogB_Task-2,2,-1,F3,0.42578125,-6.87838799370807,-20.6819583346015,-20.7877607663338
VisualCogB_Task-2,2,-1,F3,0.4296875,-6.90667606226497,-20.7830787710405,-20.7927503002154
VisualCogB_Task-2,2,-1,F3,0.43359375,-6.76963806992732,-20.666673511869,-20.7088350196098
VisualCogB_Task-2,2,-1,F3,0.4375,-6.45027610746973,-20.5075895558252,-20.5616704424776
VisualCogB_Task-2,2,-1,F3,0.44140625,-5.98376109851423,-20.3621626865049,-20.3733986278012
VisualCogB_Task-2,2,-1,F3,0.4453125,-5.4523564490274,-19.8954698432154,-20.1616548940083
VisualCogB_Task-2,2,-1,F3,0.44921875,-4.94377433132741,-19.4156360836192,-19.9431382310856
VisualCogB_Task-2,2,-1,F3,0.453125,-4.49980310334347,-19.5203373962724,-19.7123655414535
VisualCogB_Task-2,2,-1,F3,0.45703125,-4.09019827381255,-19.6124872906033,-19.4198952152436
VisualCogB_Task-2,2,-1,F3,0.4609375,-3.62574329109426,-19.4330046765573,-19.0002832971557
VisualCogB_Task-2,2,-1,F3,0.46484375,-2.99766896495383,-18.6215267175364,-18.404135171503
VisualCogB_Task-2,2,-1,F3,0.46875,-2.12151365945087,-17.7341041028582,-17.6181163375486
VisualCogB_Task-2,2,-1,F3,0.47265625,-0.969549886400534,-16.9159466391711,-16.6470082567253
VisualCogB_Task-2,2,-1,F3,0.4765625,0.418021970002613,-15.7076093994576,-15.5052580375748
VisualCogB_Task-2,2,-1,F3,0.48046875,1.94911816169792,-14.298739648627,-14.2297243205096
VisualCogB_Task-2,2,-1,F3,0.484375,3.51784526872716,-12.5587631172484,-12.8741283594321
VisualCogB_Task-2,2,-1,F3,0.48828125,5.04329278633459,-11.11286977788,-11.497942685588
VisualCogB_Task-2,2,-1,F3,0.4921875,6.48592067258479,-10.2517953408022,-10.1343593933744
VisualCogB_Task-2,2,-1,F3,0.49609375,7.83803058091571,-9.16288059435386,-8.78448116821241
VisualCogB_Task-2,2,-1,F3,0.5,9.10565881340099,-7.33374432995408,-7.45919702447584
VisualCogB_Task-2,2,-1,F3,0.50390625,10.3000877519993,-5.72076947505913,-6.20092926205007
VisualCogB_Task-2,2,-1,F3,0.5078125,11.4421587711722,-4.59281882975528,-5.0416457896104
VisualCogB_Task-2,2,-1,F3,0.51171875,12.569313994833,-3.72315072622912,-3.97330120024954
VisualCogB_Task-2,2,-1,F3,0.515625,13.7326001747166,-3.562441325393,-2.95044784040559
VisualCogB_Task-2,2,-1,F3,0.51953125,14.9785358271983,-2.2862152760858,-1.90679218368163
VisualCogB_Task-2,2,-1,F3,0.5234375,16.3246930081965,-0.802510255613365,-0.827040160763024
VisualCogB_Task-2,2,-1,F3,0.52734375,17.7469293324411,0.712122733072221,0.272483706631199
VisualCogB_Task-2,2,-1,F3,0.53125,19.1897790101199,1.51687145034158,1.37749905554447
VisualCogB_Task-2,2,-1,F3,0.53515625,20.595090251751,2.17664276646665,2.51036210855697
VisualCogB_Task-2,2,-1,F3,0.5390625,21.9337088625809,3.61288710429193,3.70504345448197
VisualCogB_Task-2,2,-1,F3,0.54296875,23.2265503965388,5.25114932202464,4.96770373695855
VisualCogB_Task-2,2,-1,F3,0.546875,24.5472830124945,6.39332676801452,6.29682390377663
VisualCogB_Task-2,2,-1,F3,0.55078125,26.0033801831946,7.37606941694867,7.71450536814828
VisualCogB_Task-2,2,-1,F3,0.5546875,27.6975868496092,8.63511729803089,9.25089144863873
VisualCogB_Task-2,2,-1,F3,0.55859375,29.6807473600393,10.4766938813944,10.9079224678799
VisualCogB_Task-2,2,-1,F3,0.5625,31.9164283320206,12.93690300987,12.6362242359531
VisualCogB_Task-2,2,-1,F3,0.56640625,34.2788499377012,14.8223011858057,14.3504868473992
VisualCogB_Task-2,2,-1,F3,0.5703125,36.5919631055917,16.7947352567429,15.9904569612519
VisualCogB_Task-2,2,-1,F3,0.57421875,38.6952250740078,18.013991118951,17.5351990980792
VisualCogB_Task-2,2,-1,F3,0.578125,40.506180873176,18.908039569957,19.0308009697396
VisualCogB_Task-2,2,-1,F3,0.58203125,42.0516842813469,19.8009456905265,20.5632496231645
VisualCogB_Task-2,2,-1,F3,0.5859375,43.4546102985112,21.4848041928363,22.2083019886366
VisualCogB_Task-2,2,-1,F3,0.58984375,44.8799113484043,23.4751854569575,23.978189668719
VisualCogB_Task-2,2,-1,F3,0.59375,46.4578482387194,25.7076919784114,25.8248527829911
VisualCogB_Task-2,2,-1,F3,0.59765625,48.2138417571374,27.3061907325848,27.6583144333857
VisualCogB_Task-2,2,-1,F3,0.6015625,50.0382509691039,29.8822763830532,29.378834321454
VisualCogB_Task-2,2,-1,F3,0.60546875,51.7169194960838,32.0180524397623,30.8573285070137
VisualCogB_Task-2,2,-1,F3,0.609375,53.0160779553492,33.1992973711665,32.0066665550156
VisualCogB_Task-2,2,-1,F3,0.61328125,53.7857059691332,33.6756380811844,32.8364450248066
VisualCogB_Task-2,2,-1,F3,0.6171875,54.030241685394,32.8661875350577,33.4556463770792
VisualCogB_Task-2,2,-1,F3,0.62109375,53.9085395899001,33.4681505509761,34.043185827224
VisualCogB_Task-2,2,-1,F3,0.625,53.6645148505655,33.8448099931934,34.7288570204634
VisualCogB_Task-2,2,-1,F3,0.62890625,53.5300991200238,34.8655730418333,35.5945339956656
VisualCogB_Task-2,2,-1,F3,0.6328125,53.65157368991,36.2699258078342,36.648420206093
VisualCogB_Task-2,2,-1,F3,0.63671875,54.0642106496872,37.5190778597001,37.8379723588554
VisualCogB_Task-2,2,-1,F3,0.640625,54.7059346681168,39.2241956827898,39.0791059612075
VisualCogB_Task-2,2,-1,F3,0.64453125,55.4476685993347,40.5906904213488,40.2611619788079
VisualCogB_Task-2,2,-1,F3,0.6484375,56.127138809769,41.4027375535728,41.285572187447
VisualCogB_Task-2,2,-1,F3,0.65234375,56.5840771431291,42.2715749534776,42.0812290664601
VisualCogB_Task-2,2,-1,F3,0.65625,56.6957195346359,43.0548128617897,42.5867888756933
VisualCogB_Task-2,2,-1,F3,0.66015625,56.406355214548,43.0010722350072,42.7567700322438
VisualCogB_Task-2,2,-1,F3,0.6640625,55.7401464100531,42.8103200790753,42.5846929520505
VisualCogB_Task-2,2,-1,F3,0.66796875,54.7868667191835,42.3398635927989,42.084436567949
VisualCogB_Task-2,2,-1,F3,0.671875,53.6608370001012,41.3634235809369,41.2886820733604
VisualCogB_Task-2,2,-1,F3,0.67578125,52.4515754116728,40.2733763059996,40.2513962471098
VisualCogB_Task-2,2,-1,F3,0.6796875,51.1948470942177,39.0792728071174,39.0327743269873
VisualCogB_Task-2,2,-1,F3,0.68359375,49.8831416970731,37.7745192897186,37.6948432223567
VisualCogB_Task-2,2,-1,F3,0.6875,48.510279716764,36.3591185537136,36.3035047159264
VisualCogB_Task-2,2,-1,F3,0.69140625,47.1198356858563,34.7853394160023,34.9313002626847
VisualCogB_Task-2,2,-1,F3,0.6953125,45.8176464713665,33.1667388621977,33.6554058041021
VisualCogB_Task-2,2,-1,F3,0.69921875,44.7287149920838,32.0432869030952,32.540833877759
VisualCogB_Task-2,2,-1,F3,0.703125,43.9211700388194,31.199134975531,31.6118747760772
VisualCogB_Task-2,2,-1,F3,0.70703125,43.3512830108763,30.7596191742114,30.8513565435897
VisualCogB_Task-2,2,-1,F3,0.7109375,42.8755331417508,30.3977928215234,30.2077122414507
VisualCogB_Task-2,2,-1,F3,0.71484375,42.3326752802611,29.9196467647164,29.6217301500328
VisualCogB_Task-2,2,-1,F3,0.71875,41.6485077758822,29.3179530251166,29.050038598048
VisualCogB_Task-2,2,-1,F3,0.72265625,40.8908743981181,28.5065990156697,28.4740922987653
VisualCogB_Task-2,2,-1,F3,0.7265625,40.2276882976881,27.7317289054406,27.8976721677094
VisualCogB_Task-2,2,-1,F3,0.73046875,39.8102639589203,27.1518980561485,27.3272680134804
VisualCogB_Task-2,2,-1,F3,0.734375,39.6646400720372,26.7665927355942,26.7555410394893
VisualCogB_Task-2,2,-1,F3,0.73828125,39.6674686103385,26.0761970241364,26.160538286036
VisualCogB_Task-2,2,-1,F3,0.7421875,39.6147539776096,25.6535768787445,25.5212277680959
VisualCogB_Task-2,2,-1,F3,0.74609375,39.3260012836943,25.0615809148814,24.8095490621528
VisualCogB_Task-2,2,-1,F3,0.75,38.717673332228,24.4419860657369,24.0084708372443
VisualCogB_Task-2,2,-1,F3,0.75390625,37.8194141841102,23.3974540853584,23.1219644168024
VisualCogB_Task-2,2,-1,F3,0.7578125,36.7449974911255,22.1072723776127,22.1901273932999
VisualCogB_Task-2,2,-1,F3,0.76171875,35.6404005627684,20.8497186821228,21.2760148315893
VisualCogB_Task-2,2,-1,F3,0.765625,34.628522790797,20.1353085268831,20.4357772118826
VisualCogB_Task-2,2,-1,F3,0.76953125,33.7705667963022,19.5649429499139,19.6900403352693
VisualCogB_Task-2,2,-1,F3,0.7734375,33.0599539485063,18.9459469395771,19.0343909457561
VisualCogB_Task-2,2,-1,F3,0.77734375,32.4470161775381,18.4121548652055,18.4539910052362
VisualCogB_Task-2,2,-1,F3,0.78125,31.8743444578789,17.9829713234596,17.9266321417549
VisualCogB_Task-2,2,-1,F3,0.78515625,31.3007069204701,17.531874624194,17.4266196383548
VisualCogB_Task-2,2,-1,F3,0.7890625,30.7052852556402,17.0142637517778,16.9329537098874
VisualCogB_Task-2,2,-1,F3,0.79296875,30.0802024129139,16.5333617659802,16.4334058200238
VisualCogB_Task-2,2,-1,F3,0.796875,29.4260029938118,15.9894920962629,15.9225232692595
VisualCogB_Task-2,2,-1,F3,0.80078125,28.7574217219395,15.3016906413476,15.4031830202531
VisualCogB_Task-2,2,-1,F4,-0.19921875,-10.6186765054462,0.516317578628095,0.155872869399998
VisualCogB_Task-2,2,-1,F4,-0.1953125,-10.6142247232973,0.00199348217217379,-0.0102649100619435
VisualCogB_Task-2,2,-1,F4,-0.19140625,-10.5618321124747,-0.335837208527562,-0.146365630421543
VisualCogB_Task-2,2,-1,F4,-0.1875,-10.3078137055677,-0.641928163716157,-0.221370699890284
VisualCogB_Task-2,2,-1,F4,-0.18359375,-9.77912278290064,-0.521522881154716,-0.220010824855149
VisualCogB_Task-2,2,-1,F4,-0.1796875,-9.01616996163256,-0.166967543948533,-0.162063167021944
VisualCogB_Task-2,2,-1,F4,-0.17578125,-8.15101794830834,0.0727582169557154,-0.0924308927881076
VisualCogB_Task-2,2,-1,F4,-0.171875,-7.34322722213513,0.39500191658274,-0.0564258666282918
VisualCogB_Task-2,2,-1,F4,-0.16796875,-6.70739212927658,0.321782155201336,-0.085594193871831
VisualCogB_Task-2,2,-1,F4,-0.1640625,-6.26796742343486,-0.0621029065663775,-0.173862997913807
VisualCogB_Task-2,2,-1,F4,-0.16015625,-5.96046463239468,-0.441571512737006,-0.28121137305987
VisualCogB_Task-2,2,-1,F4,-0.15625,-5.67327281111252,-0.649434909418599,-0.358305072670054
VisualCogB_Task-2,2,-1,F4,-0.15234375,-5.30294646853404,-0.58644350267423,-0.369173195077483
VisualCogB_Task-2,2,-1,F4,-0.1484375,-4.79082442154899,-0.31382947090431,-0.302105658344329
VisualCogB_Task-2,2,-1,F4,-0.14453125,-4.1271193925353,-0.261624949493233,-0.163498239499161
VisualCogB_Task-2,2,-1,F4,-0.140625,-3.33581110955959,-0.16831461716465,0.0392763000494561
VisualCogB_Task-2,2,-1,F4,-0.13671875,-2.46263337136072,0.140608799834456,0.290667973060117
VisualCogB_Task-2,2,-1,F4,-0.1328125,-1.57238853660861,0.787777674524389,0.55782754919024
VisualCogB_Task-2,2,-1,F4,-0.12890625,-0.743771002522104,0.924520086386069,0.795400866995108
VisualCogB_Task-2,2,-1,F4,-0.125,-0.0521687592246735,1.09840393251469,0.977196275474513
VisualCogB_Task-2,2,-1,F4,-0.12109375,0.452074227524323,1.11430893597511,1.08778205857749
VisualCogB_Task-2,2,-1,F4,-0.1171875,0.754412693851598,1.21349228507641,1.12182713833978
VisualCogB_Task-2,2,-1,F4,-0.11328125,0.871287113221611,1.13485447161944,1.07621100991354
VisualCogB_Task-2,2,-1,F4,-0.109375,0.839319393692425,0.962586186696631,0.955451930679038
VisualCogB_Task-2,2,-1,F4,-0.10546875,0.708096770531921,0.708096770531921,0.768955113158663
VisualCogB_Task-2,2,-1,F4,-0.1015625,0.536508695578938,0.475321941880407,0.526720291209616
VisualCogB_Task-2,2,-1,F4,-0.09765625,0.387739337037598,0.543454949394349,0.233675670136868
VisualCogB_Task-2,2,-1,F4,-0.09375,0.320208412268394,0.0602124272287554,-0.109533740532044
VisualCogB_Task-2,2,-1,F4,-0.08984375,0.375574164892045,-0.372654688037244,-0.476447991331458
VisualCogB_Task-2,2,-1,F4,-0.0859375,0.569346347828501,-0.836316680754512,-0.826461618815648
VisualCogB_Task-2,2,-1,F4,-0.08203125,0.892010032180991,-1.3852782289714,-1.1103197175977
VisualCogB_Task-2,2,-1,F4,-0.078125,1.32143334623136,-1.66999778886672,-1.27958863745228
VisualCogB_Task-2,2,-1,F4,-0.07421875,1.83491309111228,-1.6854286695182,-1.30874793743518
VisualCogB_Task-2,2,-1,F4,-0.0703125,2.40948783678344,-1.28539609806217,-1.2048112725534
VisualCogB_Task-2,2,-1,F4,-0.06640625,3.01546246519011,-0.899882131709937,-1.00618235882089
VisualCogB_Task-2,2,-1,F4,-0.0625,3.617701527646,-0.658505086372892,-0.757980314377271
VisualCogB_Task-2,2,-1,F4,-0.05859375,4.18766328539049,-0.373040890331258,-0.496465905102972
VisualCogB_Task-2,2,-1,F4,-0.0546875,4.71456483107991,-0.0404576605024091,-0.249610294544698
VisualCogB_Task-2,2,-1,F4,-0.05078125,5.20705762145096,0.129512727491482,-0.0350992283515165
VisualCogB_Task-2,2,-1,F4,-0.046875,5.68816779486403,0.181870522982491,0.146810933997694
VisualCogB_Task-2,2,-1,F4,-0.04296875,6.18703723209798,0.211985590446824,0.309581496010975
VisualCogB_Task-2,2,-1,F4,-0.0390625,6.72437819133146,0.247273269312551,0.469595393611763
VisualCogB_Task-2,2,-1,F4,-0.03515625,7.29132551728355,0.305587313780174,0.635102570593153
VisualCogB_Task-2,2,-1,F4,-0.03125,7.83452898639385,0.555377555227758,0.795826127056637
VisualCogB_Task-2,2,-1,F4,-0.02734375,8.26547200899733,0.92664702935129,0.914029558369292
VisualCogB_Task-2,2,-1,F4,-0.0234375,8.49735997795504,1.44402711975174,0.931938978912456
VisualCogB_Task-2,2,-1,F4,-0.01953125,8.49061959748548,1.29340552439098,0.792831958982631
VisualCogB_Task-2,2,-1,F4,-0.015625,8.27936075797832,0.874942334496567,0.482660080612929
VisualCogB_Task-2,2,-1,F4,-0.01171875,7.96267707155185,0.156979800201106,0.0290893896204898
VisualCogB_Task-2,2,-1,F4,-0.0078125,7.66530233361219,-0.670071360658876,-0.50752388035391
VisualCogB_Task-2,2,-1,F4,-0.00390625,7.48775435683102,-1.35016741797806,-1.05616596145444
VisualCogB_Task-2,2,-1,F4,0,7.47010082650133,-1.8870114121675,-1.55936870918403
VisualCogB_Task-2,2,-1,F4,0.00390625,7.58552263997344,-2.34068745526115,-1.98416410042256
VisualCogB_Task-2,2,-1,F4,0.0078125,7.76350525028897,-2.49428406383205,-2.32488767063188
VisualCogB_Task-2,2,-1,F4,0.01171875,7.92706548412667,-2.45486866351264,-2.60558523484371
VisualCogB_Task-2,2,-1,F4,0.015625,8.0243867651074,-2.48422797727194,-2.8644189741898
VisualCogB_Task-2,2,-1,F4,0.01953125,8.04303638145058,-2.93252771745575,-3.12699135552429
VisualCogB_Task-2,2,-1,F4,0.0234375,8.00531543310753,-3.36496528077371,-3.38722226262486
VisualCogB_Task-2,2,-1,F4,0.02734375,7.95083765394001,-3.76662127410527,-3.62282627609677
VisualCogB_Task-2,2,-1,F4,0.03125,7.91823134819147,-3.77781649949366,-3.80966322805773
VisualCogB_Task-2,2,-1,F4,0.03515625,7.93823553047087,-4.16537632014221,-3.93557586712612
VisualCogB_Task-2,2,-1,F4,0.0390625,8.03950566479759,-4.05646774696172,-3.98575304787334
VisualCogB_Task-2,2,-1,F4,0.04296875,8.25327774879156,-4.16967849560211,-3.9645336626221
VisualCogB_Task-2,2,-1,F4,0.046875,8.60076140351126,-4.01481781295034,-3.88214949528584
VisualCogB_Task-2,2,-1,F4,0.05078125,9.06449340796168,-3.73578589614118,-3.76592773252631
VisualCogB_Task-2,2,-1,F4,0.0546875,9.56791950293658,-3.35449594217166,-3.65425125414397
VisualCogB_Task-2,2,-1,F4,0.05859375,9.99164430741609,-3.25563280561208,-3.58299112024054
VisualCogB_Task-2,2,-1,F4,0.0625,10.2292019200651,-3.57086203619088,-3.5630387815867
VisualCogB_Task-2,2,-1,F4,0.06640625,10.2489600379067,-3.73464590059161,-3.57800582940073
VisualCogB_Task-2,2,-1,F4,0.0703125,10.1159370661003,-3.60669662380423,-3.61215579278464
VisualCogB_Task-2,2,-1,F4,0.07421875,9.95348543783266,-3.9351053023246,-3.6628055401063
VisualCogB_Task-2,2,-1,F4,0.078125,9.87055188438728,-4.03457925288492,-3.72681700898525
VisualCogB_Task-2,2,-1,F4,0.08203125,9.90596775778227,-3.73159625436705,-3.82374378389253
VisualCogB_Task-2,2,-1,F4,0.0859375,10.0233557089029,-3.75856608796014,-3.99878630295749
VisualCogB_Task-2,2,-1,F4,0.08984375,10.1469935063,-3.94323761062724,-4.2894660435157
VisualCogB_Task-2,2,-1,F4,0.09375,10.2026828268592,-4.36477247912357,-4.71328613165293
VisualCogB_Task-2,2,-1,F4,0.09765625,10.1390466293087,-5.18174323305157,-5.25889732404758
VisualCogB_Task-2,2,-1,F4,0.1015625,9.93334561561529,-5.96857302013544,-5.88590757300061
VisualCogB_Task-2,2,-1,F4,0.10546875,9.59785837011696,-6.52415391646547,-6.54749532322997
VisualCogB_Task-2,2,-1,F4,0.109375,9.18923147847974,-7.08236808832516,-7.20372780671486
VisualCogB_Task-2,2,-1,F4,0.11328125,8.80587295712831,-7.82723162125079,-7.81272713820409
VisualCogB_Task-2,2,-1,F4,0.1171875,8.56014053115045,-8.5351611532039,-8.32250212258066
VisualCogB_Task-2,2,-1,F4,0.12109375,8.53085282043064,-9.20542483767368,-8.68227027164814
VisualCogB_Task-2,2,-1,F4,0.125,8.71969599748589,-9.50269661427574,-8.85897068309535
VisualCogB_Task-2,2,-1,F4,0.12890625,9.03962529606966,-9.22557503342852,-8.86313866844657
VisualCogB_Task-2,2,-1,F4,0.1328125,9.34968892014394,-8.47390189092864,-8.75895336682446
VisualCogB_Task-2,2,-1,F4,0.13671875,9.52198018470384,-8.05682631277968,-8.64079694776683
VisualCogB_Task-2,2,-1,F4,0.140625,9.50193715801899,-8.17810382403452,-8.5792972911535
VisualCogB_Task-2,2,-1,F4,0.14453125,9.32669687205163,-8.4512817193669,-8.59641805728204
VisualCogB_Task-2,2,-1,F4,0.1484375,9.09583422220872,-8.93924192379695,-8.68069011752342
VisualCogB_Task-2,2,-1,F4,0.15234375,8.916881420431,-8.67731438514923,-8.80854964842236
VisualCogB_Task-2,2,-1,F4,0.15625,8.855025953888,-9.01230589133693,-8.9779788103797
VisualCogB_Task-2,2,-1,F4,0.16015625,8.9081408386693,-9.341988987608,-9.17602349185685
VisualCogB_Task-2,2,-1,F4,0.1640625,9.01637081113814,-9.38241221350809,-9.392590171395
VisualCogB_Task-2,2,-1,F4,0.16796875,9.1001158122751,-9.55606872359521,-9.63141578551457
VisualCogB_Task-2,2,-1,F4,0.171875,9.1031580918831,-9.88177082094583,-9.89538910757876
VisualCogB_Task-2,2,-1,F4,0.17578125,9.01376200446372,-10.0528342785113,-10.1811199891241
VisualCogB_Task-2,2,-1,F4,0.1796875,8.8546848979278,-10.546621800794,-10.4840834244679
VisualCogB_Task-2,2,-1,F4,0.18359375,8.65724232213211,-11.1389903770391,-10.7890639320427
VisualCogB_Task-2,2,-1,F4,0.1875,8.44148368326718,-11.236740742069,-11.086057561642
VisualCogB_Task-2,2,-1,F4,0.19140625,8.21149378310256,-11.6348315428724,-11.3942209001419
VisualCogB_Task-2,2,-1,F4,0.1953125,7.95955582217606,-11.6541488871248,-11.745267466121
VisualCogB_Task-2,2,-1,F4,0.19921875,7.67041957705811,-11.9152968319357,-12.1909616650521
VisualCogB_Task-2,2,-1,F4,0.203125,7.32467223111354,-12.229576489868,-12.7754746874915
VisualCogB_Task-2,2,-1,F4,0.20703125,6.90596968659858,-12.8987054128046,-13.5200056545693
VisualCogB_Task-2,2,-1,F4,0.2109375,6.41476017873395,-13.9919160730614,-14.4002621709469
VisualCogB_Task-2,2,-1,F4,0.21484375,5.88436307792956,-15.2900725466555,-15.3401768211385
VisualCogB_Task-2,2,-1,F4,0.21875,5.38918378137514,-16.4718483700009,-16.2296533481681
VisualCogB_Task-2,2,-1,F4,0.22265625,5.0342732922762,-17.5031469922909,-16.9544201388527
VisualCogB_Task-2,2,-1,F4,0.2265625,4.92350987247447,-18.2634322777766,-17.4203884984951
VisualCogB_Task-2,2,-1,F4,0.23046875,5.11750163738012,-18.3642555676279,-17.579196970185
VisualCogB_Task-2,2,-1,F4,0.234375,5.60306259889732,-17.7084126460912,-17.4527377452853
VisualCogB_Task-2,2,-1,F4,0.23828125,6.29464215130703,-16.8753752683825,-17.1283245649459
VisualCogB_Task-2,2,-1,F4,0.2421875,7.07085871142563,-16.2907166340418,-16.7145774120505
VisualCogB_Task-2,2,-1,F4,0.24609375,7.82526272636377,-15.8986799853782,-16.2990371614358
VisualCogB_Task-2,2,-1,F4,0.25,8.49996324725151,-15.4501655865697,-15.9339229564378
VisualCogB_Task-2,2,-1,F4,0.25390625,9.08539485498421,-15.467553230416,-15.6380908423877
VisualCogB_Task-2,2,-1,F4,0.2578125,9.59562955091645,-15.6344343810677,-15.3900837504612
VisualCogB_Task-2,2,-1,F4,0.26171875,10.0424663062597,-15.3719056893554,-15.1542331441694
VisualCogB_Task-2,2,-1,F4,0.265625,10.425270255865,-14.9550402529809,-14.9152330395741
VisualCogB_Task-2,2,-1,F4,0.26953125,10.7378521711359,-14.7425695356644,-14.6759168315025
VisualCogB_Task-2,2,-1,F4,0.2734375,10.9822739951773,-14.491729528449,-14.4424351825658
VisualCogB_Task-2,2,-1,F4,0.27734375,11.1779300606991,-14.4246580232255,-14.2264931473887
VisualCogB_Task-2,2,-1,F4,0.28125,11.35894152363,-14.1138415232223,-14.0439036427528
VisualCogB_Task-2,2,-1,F4,0.28515625,11.5580631041338,-14.0192157045342,-13.9269933250926
VisualCogB_Task-2,2,-1,F4,0.2890625,11.7812951402375,-14.0389582758513,-13.9139170075486
VisualCogB_Task-2,2,-1,F4,0.29296875,11.9865364956639,-13.4038148127661,-14.0505147015481
VisualCogB_Task-2,2,-1,F4,0.296875,12.0850612888104,-13.6483047918329,-14.3930465242101
VisualCogB_Task-2,2,-1,F4,0.30078125,11.975614902155,-14.4640586062924,-14.9438809352552
VisualCogB_Task-2,2,-1,F4,0.3046875,11.5999361834265,-15.4697329731323,-15.6433245833726
VisualCogB_Task-2,2,-1,F4,0.30859375,10.9907313596469,-16.5330657535291,-16.3916989231712
VisualCogB_Task-2,2,-1,F4,0.3125,10.280995255183,-17.7739169201912,-17.07485944174
VisualCogB_Task-2,2,-1,F4,0.31640625,9.66016686594566,-18.4773504406593,-17.5904421953643
VisualCogB_Task-2,2,-1,F4,0.3203125,9.29210156860698,-18.3520035741094,-17.8943380302003
VisualCogB_Task-2,2,-1,F4,0.32421875,9.23622865518032,-18.2735844605021,-18.0163468128456
VisualCogB_Task-2,2,-1,F4,0.328125,9.41646337113568,-17.9286367531096,-18.0244072052236
VisualCogB_Task-2,2,-1,F4,0.33203125,9.65532415822329,-17.9828676551953,-18.0078943398956
VisualCogB_Task-2,2,-1,F4,0.3359375,9.75124616438902,-17.7310384334083,-18.0482024784133
VisualCogB_Task-2,2,-1,F4,0.33984375,9.55657209892169,-17.7103368953903,-18.2246403252702
VisualCogB_Task-2,2,-1,F4,0.34375,9.02498899899777,-18.0159556585075,-18.5900862478761
VisualCogB_Task-2,2,-1,F4,0.34765625,8.22091021474366,-18.5307997182544,-19.154559994484
VisualCogB_Task-2,2,-1,F4,0.3515625,7.29540582225395,-19.6585875814592,-19.8802370975662
VisualCogB_Task-2,2,-1,F4,0.35546875,6.43509599991891,-20.9413542230149,-20.6773130665759
VisualCogB_Task-2,2,-1,F4,0.359375,5.7969886051701,-21.9209304931672,-21.4375126179574
VisualCogB_Task-2,2,-1,F4,0.36328125,5.45314325111426,-22.760062423289,-22.0745638978582
VisualCogB_Task-2,2,-1,F4,0.3671875,5.36949637417673,-23.2632379405225,-22.54247987536
VisualCogB_Task-2,2,-1,F4,0.37109375,5.42719991734899,-23.1579608269548,-22.8523983966638
VisualCogB_Task-2,2,-1,F4,0.375,5.47315887696025,-23.0158567729505,-23.0755204800672
VisualCogB_Task-2,2,-1,F4,0.37890625,5.37438437146496,-22.8069230900101,-23.3085106797256
VisualCogB_Task-2,2,-1,F4,0.3828125,5.0544256436689,-22.9788632635994,-23.6430615742014
VisualCogB_Task-2,2,-1,F4,0.38671875,4.5030969432864,-23.7189212653052,-24.129066776247
VisualCogB_Task-2,2,-1,F4,0.390625,3.76250333277062,-24.7659070518207,-24.7610700393984
VisualCogB_Task-2,2,-1,F4,0.39453125,2.89920940403977,-25.3818190892126,-25.4994363246129
VisualCogB_Task-2,2,-1,F4,0.3984375,1.97617631718761,-26.1480429773161,-26.3049336772162
VisualCogB_Task-2,2,-1,F4,0.40234375,1.03741039061446,-27.1898196034019,-27.1285287062509
VisualCogB_Task-2,2,-1,F4,0.40625,0.109756294574589,-28.2804795218142,-27.9081137957677
VisualCogB_Task-2,2,-1,F4,0.41015625,-0.785339922472908,-29.0862623009605,-28.58668890458
VisualCogB_Task-2,2,-1,F4,0.4140625,-1.62154993695241,-29.1146700087434,-29.1382844686718
VisualCogB_Task-2,2,-1,F4,0.41796875,-2.3651188622756,-29.3683658730572,-29.5785620403919
VisualCogB_Task-2,2,-1,F4,0.421875,-2.97924710775068,-29.6028344051327,-29.9212153004285
VisualCogB_Task-2,2,-1,F4,0.42578125,-3.43099158286347,-30.2208925608963,-30.1624215821921
VisualCogB_Task-2,2,-1,F4,0.4296875,-3.69607348130127,-30.5948183846793,-30.2718264778183
VisualCogB_Task-2,2,-1,F4,0.43359375,-3.76049900222101,-30.6204546047053,-30.2239481610013
VisualCogB_Task-2,2,-1,F4,0.4375,-3.62347753101374,-30.2218909258161,-30.0202207976741
VisualCogB_Task-2,2,-1,F4,0.44140625,-3.30599661945286,-29.7923823996075,-29.6951207574113
VisualCogB_Task-2,2,-1,F4,0.4453125,-2.860148052526,-29.0713229973367,-29.2999302537996
VisualCogB_Task-2,2,-1,F4,0.44921875,-2.36621162108787,-28.582629704551,-28.8940366372751
VisualCogB_Task-2,2,-1,F4,0.453125,-1.90885652598617,-27.7404903126982,-28.517776653569
VisualCogB_Task-2,2,-1,F4,0.45703125,-1.53771025319963,-27.5004756562769,-28.1855364706852
VisualCogB_Task-2,2,-1,F4,0.4609375,-1.23043044765891,-27.603795529015,-27.8469283948884
VisualCogB_Task-2,2,-1,F4,0.46484375,-0.881349074238331,-28.0949754855876,-27.3944763312428
VisualCogB_Task-2,2,-1,F4,0.46875,-0.331439417889059,-27.6752551477303,-26.7004431126561
VisualCogB_Task-2,2,-1,F4,0.47265625,0.565676208786628,-26.3593040304261,-25.6954665015652
VisualCogB_Task-2,2,-1,F4,0.4765625,1.87250657881774,-24.870728181917,-24.3914185966629
VisualCogB_Task-2,2,-1,F4,0.48046875,3.53266761602876,-22.8336378316216,-22.8554912907137
VisualCogB_Task-2,2,-1,F4,0.484375,5.3953082749168,-20.7953397072375,-21.19481894192
VisualCogB_Task-2,2,-1,F4,0.48828125,7.28450800219748,-18.8990121466991,-19.5147147868933
VisualCogB_Task-2,2,-1,F4,0.4921875,9.07189315807589,-17.2080724627708,-17.8872021260214
VisualCogB_Task-2,2,-1,F4,0.49609375,10.7164524739853,-15.7097977718164,-16.3329957063427
VisualCogB_Task-2,2,-1,F4,0.5,12.2630415338528,-14.8773027168486,-14.8162161362912
VisualCogB_Task-2,2,-1,F4,0.50390625,13.8115659464747,-13.5113653858536,-13.2490508630906
VisualCogB_Task-2,2,-1,F4,0.5078125,15.4734722844122,-11.9736066507763,-11.5487778823442
VisualCogB_Task-2,2,-1,F4,0.51171875,17.3319402892909,-9.73806749305685,-9.654534733219
VisualCogB_Task-2,2,-1,F4,0.515625,19.4204356175146,-8.35915983966481,-7.54086135225124
VisualCogB_Task-2,2,-1,F4,0.51953125,21.7251553798193,-5.33033022917506,-5.18925873929703
VisualCogB_Task-2,2,-1,F4,0.5234375,24.2030667448508,-2.87923500025604,-2.64941943483028
VisualCogB_Task-2,2,-1,F4,0.52734375,26.7998006901756,0.239515904590866,0.0172080631852715
VisualCogB_Task-2,2,-1,F4,0.53125,29.4564154720674,2.88379106530792,2.73002395966709
VisualCogB_Task-2,2,-1,F4,0.53515625,32.1071972005742,5.75825089021883,5.42695411298309
VisualCogB_Task-2,2,-1,F4,0.5390625,34.682639758406,8.1054245832158,8.05873830697125
VisualCogB_Task-2,2,-1,F4,0.54296875,37.1306676666014,11.4063311287363,10.6037243902392
VisualCogB_Task-2,2,-1,F4,0.546875,39.4504812185358,13.4360180332676,13.044150734415
VisualCogB_Task-2,2,-1,F4,0.55078125,41.7124721286583,15.4204963739727,15.4291396060013
VisualCogB_Task-2,2,-1,F4,0.5546875,44.0396010396211,17.4472384553183,17.8404688797386
VisualCogB_Task-2,2,-1,F4,0.55859375,46.5536557524485,19.8249273283893,20.3591961610318
VisualCogB_Task-2,2,-1,F4,0.5625,49.3173086368174,22.1705133022063,23.0336098532504
VisualCogB_Task-2,2,-1,F4,0.56640625,52.3048516199076,25.4198023955011,25.8674759570441
VisualCogB_Task-2,2,-1,F4,0.5703125,55.4137872443699,28.8759511092381,28.7926357604753
VisualCogB_Task-2,2,-1,F4,0.57421875,58.5068136232923,32.3039174462839,31.703624421478
VisualCogB_Task-2,2,-1,F4,0.578125,61.4634340718102,35.0372099868621,34.5019200437161
VisualCogB_Task-2,2,-1,F4,0.58203125,64.2212584686917,37.4848267650123,37.1390251495877
VisualCogB_Task-2,2,-1,F4,0.5859375,66.7912931784477,39.5888209666641,39.6110497567529
VisualCogB_Task-2,2,-1,F4,0.58984375,69.2380878636529,41.5828731868046,41.9429206841573
VisualCogB_Task-2,2,-1,F4,0.59375,71.6301794185966,44.1253028655591,44.1577123515721
VisualCogB_Task-2,2,-1,F4,0.59765625,73.9857542915168,46.4271140775663,46.2484952206561
VisualCogB_Task-2,2,-1,F4,0.6015625,76.2465359958577,48.1267867473501,48.2056389625669
VisualCogB_Task-2,2,-1,F4,0.60546875,78.2989383322448,50.1354883396001,50.0343981532045
VisualCogB_Task-2,2,-1,F4,0.609375,80.0336608692118,52.065198710402,51.7334563505343
VisualCogB_Task-2,2,-1,F4,0.61328125,81.4108210061516,53.6874919627506,53.3099212947213
VisualCogB_Task-2,2,-1,F4,0.6171875,82.4919931675886,54.7651793432691,54.7985459225861
VisualCogB_Task-2,2,-1,F4,0.62109375,83.4190413232926,56.1449056087676,56.2655473932851
VisualCogB_Task-2,2,-1,F4,0.625,84.3536706417245,57.459500706079,57.7743623176982
VisualCogB_Task-2,2,-1,F4,0.62890625,85.4165723545346,58.9765686633333,59.3783738246623
VisualCogB_Task-2,2,-1,F4,0.6328125,86.6588098102526,60.4624204369309,61.1047265753792
VisualCogB_Task-2,2,-1,F4,0.63671875,88.067886293491,62.3867750553545,62.9470814676068
VisualCogB_Task-2,2,-1,F4,0.640625,89.5881748999187,65.0501826672703,64.8455738875653
VisualCogB_Task-2,2,-1,F4,0.64453125,91.1374227550542,66.761232083724,66.6936470204543
VisualCogB_Task-2,2,-1,F4,0.6484375,92.6152698630878,68.413713632541,68.4017947831149
VisualCogB_Task-2,2,-1,F4,0.65234375,93.9095409474089,70.0435082966755,69.8861431809946
VisualCogB_Task-2,2,-1,F4,0.65625,94.908984518353,71.342310884574,71.0638114569927
VisualCogB_Task-2,2,-1,F4,0.66015625,95.5270538313546,72.1718856480884,71.8650326136484
VisualCogB_Task-2,2,-1,F4,0.6640625,95.7285312123129,73.0889082639442,72.2432479391331
VisualCogB_Task-2,2,-1,F4,0.66796875,95.5396078018406,72.6099589938858,72.1774698078212
VisualCogB_Task-2,2,-1,F4,0.671875,95.0289934784431,71.7537222614468,71.7171822878213
VisualCogB_Task-2,2,-1,F4,0.67578125,94.2704240031329,70.7786770516497,70.9479102127478
VisualCogB_Task-2,2,-1,F4,0.6796875,93.3137319382377,69.932817942797,69.9582234140166
VisualCogB_Task-2,2,-1,F4,0.68359375,92.1863641304531,68.7937693204376,68.8225889596192
VisualCogB_Task-2,2,-1,F4,0.6875,90.9229366894717,67.259137140091,67.6133567949452
VisualCogB_Task-2,2,-1,F4,0.69140625,89.5951690664792,66.1877891678742,66.4004752287859
VisualCogB_Task-2,2,-1,F4,0.6953125,88.3106947276827,64.9996195019865,65.2243742653613
VisualCogB_Task-2,2,-1,F4,0.69921875,87.1737712631593,64.1267491666266,64.107760070482
VisualCogB_Task-2,2,-1,F4,0.703125,86.2335414827969,63.2945854359977,63.0546092463442
VisualCogB_Task-2,2,-1,F4,0.70703125,85.4579852792712,62.0524038926584,62.0704808198226
VisualCogB_Task-2,2,-1,F4,0.7109375,84.7558997460937,60.7303512480626,61.1809318335965
VisualCogB_Task-2,2,-1,F4,0.71484375,84.0386785592872,60.4150842642813,60.4100129197479
VisualCogB_Task-2,2,-1,F4,0.71875,83.2869155306777,60.093086804098,59.7442263282313
VisualCogB_Task-2,2,-1,F4,0.72265625,82.5786230644908,59.1115386836243,59.1704969210454
VisualCogB_Task-2,2,-1,F4,0.7265625,82.0541702525713,58.3810680043806,58.7048212665112
VisualCogB_Task-2,2,-1,F4,0.73046875,81.8315924658771,57.9483825194248,58.358282746498
VisualCogB_Task-2,2,-1,F4,0.734375,81.9210546206178,57.8559316372493,58.114985304364
VisualCogB_Task-2,2,-1,F4,0.73828125,82.1923261560266,57.9029223179087,57.9248745312115
VisualCogB_Task-2,2,-1,F4,0.7421875,82.4173889997074,58.0403718830453,57.7163082125496
VisualCogB_Task-2,2,-1,F4,0.74609375,82.3644023193734,58.0305685819582,57.4158147827793
VisualCogB_Task-2,2,-1,F4,0.75,81.8928057844759,57.2001019700534,56.9769279821757
VisualCogB_Task-2,2,-1,F4,0.75390625,81.0055369392926,56.6368418594408,56.4044110342791
VisualCogB_Task-2,2,-1,F4,0.7578125,79.8392850949767,55.7516956976346,55.7216249949529
VisualCogB_Task-2,2,-1,F4,0.76171875,78.6001171934567,54.865385031101,54.9713001554906
VisualCogB_Task-2,2,-1,F4,0.765625,77.4740889173719,53.9785500915383,54.1986726990757
VisualCogB_Task-2,2,-1,F4,0.76953125,76.5557471101833,53.2401359970089,53.4401525485261
VisualCogB_Task-2,2,-1,F4,0.7734375,75.8301382355597,52.6259822667723,52.7138060760314
VisualCogB_Task-2,2,-1,F4,0.77734375,75.212695239292,51.9810364115354,52.0210316078216
VisualCogB_Task-2,2,-1,F4,0.78125,74.6151577512066,51.3242948039037,51.3559088193549
VisualCogB_Task-2,2,-1,F4,0.78515625,73.993063893483,50.7177111954073,50.7091844530658
VisualCogB_Task-2,2,-1,F4,0.7890625,73.3509002495545,50.1658353311689,50.0689707501011
VisualCogB_Task-2,2,-1,F4,0.79296875,72.7149300692343,49.4647190923679,49.4240905134694
VisualCogB_Task-2,2,-1,F4,0.796875,72.1024053090968,48.8579651892963,48.7714385946016
VisualCogB_Task-2,2,-1,F4,0.80078125,71.5088919685939,48.0214021690728,48.1112955598368
VisualCogB_Task-2,2,1,Fz,-0.19921875,1.219535524703,1.4038544948225,1.62313022795464
VisualCogB_Task-2,2,1,Fz,-0.1953125,1.22360335392487,1.54510638155949,1.47620501076707
VisualCogB_Task-2,2,1,Fz,-0.19140625,1.20068314019448,1.40244502052492,1.31100681581848
VisualCogB_Task-2,2,1,Fz,-0.1875,1.12847998840046,1.16022822276689,1.11500444624724
VisualCogB_Task-2,2,1,Fz,-0.18359375,0.967936059906006,1.10172861182663,0.883286555583898
VisualCogB_Task-2,2,1,Fz,-0.1796875,0.67655235215006,0.815950534267648,0.61471044540233
VisualCogB_Task-2,2,1,Fz,-0.17578125,0.243378708158053,0.444664519765785,0.326336921963289
VisualCogB_Task-2,2,1,Fz,-0.171875,-0.276603547293027,0.00312595434171107,0.051996798932979
VisualCogB_Task-2,2,1,Fz,-0.16796875,-0.760775470333628,-0.388852072857015,-0.164618476872191
VisualCogB_Task-2,2,1,Fz,-0.1640625,-1.06142243770126,-0.496243306575499,-0.283890029018418
VisualCogB_Task-2,2,1,Fz,-0.16015625,-1.07195800086533,-0.581595473011313,-0.28488511407063
VisualCogB_Task-2,2,1,Fz,-0.15625,-0.779053321575504,-0.520841487605132,-0.164367095056851
VisualCogB_Task-2,2,1,Fz,-0.15234375,-0.270761457524276,-0.0529725528818886,0.0561748017498422
VisualCogB_Task-2,2,1,Fz,-0.1484375,0.303745154247158,0.516685479562885,0.325545150697348
VisualCogB_Task-2,2,1,Fz,-0.14453125,0.799632542007612,0.861541984435971,0.583452913247589
VisualCogB_Task-2,2,1,Fz,-0.140625,1.13085193235763,1.06403256309792,0.785535411601279
VisualCogB_Task-2,2,1,Fz,-0.13671875,1.28782436171894,1.01090254465031,0.910604057224833
VisualCogB_Task-2,2,1,Fz,-0.1328125,1.31817330449597,0.958199887062159,0.96067835754272
VisualCogB_Task-2,2,1,Fz,-0.12890625,1.2896177749001,1.07566012729404,0.946136027264866
VisualCogB_Task-2,2,1,Fz,-0.125,1.25505997116994,0.913474598185123,0.877148241894483
VisualCogB_Task-2,2,1,Fz,-0.12109375,1.23186018063542,0.726043556567059,0.774679851937214
VisualCogB_Task-2,2,1,Fz,-0.1171875,1.20258209924546,0.66967146951814,0.662722904256256
VisualCogB_Task-2,2,1,Fz,-0.11328125,1.13838798266135,0.46622531944911,0.561216421100624
VisualCogB_Task-2,2,1,Fz,-0.109375,1.0309631217434,0.347996153807081,0.490678471824492
VisualCogB_Task-2,2,1,Fz,-0.10546875,0.907223395513194,0.188010440826928,0.463711200644408
VisualCogB_Task-2,2,1,Fz,-0.1015625,0.813337480380426,0.320687188029316,0.481026558608802
VisualCogB_Task-2,2,1,Fz,-0.09765625,0.782880192781072,0.564598035421305,0.52036143344798
VisualCogB_Task-2,2,1,Fz,-0.09375,0.816085296021486,0.680551444262313,0.546091098677291
VisualCogB_Task-2,2,1,Fz,-0.08984375,0.881076074169755,0.612394220998637,0.526277211309864
VisualCogB_Task-2,2,1,Fz,-0.0859375,0.9268623313885,0.399257347922388,0.440186457157577
VisualCogB_Task-2,2,1,Fz,-0.08203125,0.895066658834926,0.345282143282977,0.274261939506372
VisualCogB_Task-2,2,1,Fz,-0.078125,0.728209697744512,0.251450333586072,0.0115360025392601
VisualCogB_Task-2,2,1,Fz,-0.07421875,0.379859930626907,-0.0812745457423582,-0.35904065924603
VisualCogB_Task-2,2,1,Fz,-0.0703125,-0.169547724477395,-0.503134648532464,-0.828524490431205
VisualCogB_Task-2,2,1,Fz,-0.06640625,-0.894009508856916,-1.263342646701,-1.36482475947266
VisualCogB_Task-2,2,1,Fz,-0.0625,-1.71151070109596,-2.02184638433138,-1.90873491466857
VisualCogB_Task-2,2,1,Fz,-0.05859375,-2.49576564919803,-2.52932538108517,-2.39259156158614
VisualCogB_Task-2,2,1,Fz,-0.0546875,-3.11121515988763,-2.93817866730808,-2.7581572615978
VisualCogB_Task-2,2,1,Fz,-0.05078125,-3.45139659514984,-3.25904888727791,-2.95858906103424
VisualCogB_Task-2,2,1,Fz,-0.046875,-3.45796202162364,-3.40325167334998,-2.96204579003534
VisualCogB_Task-2,2,1,Fz,-0.04296875,-3.12078000171155,-3.26349240063761,-2.76172459759463
VisualCogB_Task-2,2,1,Fz,-0.0390625,-2.47836108255017,-2.70313551032845,-2.38758978964851
VisualCogB_Task-2,2,1,Fz,-0.03515625,-1.62520449819176,-1.99331697924692,-1.9114196557203
VisualCogB_Task-2,2,1,Fz,-0.03125,-0.708772260873314,-1.20844494179977,-1.43128796205664
VisualCogB_Task-2,2,1,Fz,-0.02734375,0.0988247758773524,-0.482965372146294,-1.05209325186474
VisualCogB_Task-2,2,1,Fz,-0.0234375,0.645132997317721,-0.154551034699801,-0.860163816663725
VisualCogB_Task-2,2,1,Fz,-0.01953125,0.838024567787683,-0.247205304985916,-0.894400624662851
VisualCogB_Task-2,2,1,Fz,-0.015625,0.673956049437588,-0.733684265647531,-1.13490357890771
VisualCogB_Task-2,2,1,Fz,-0.01171875,0.250822343966274,-1.46704527836476,-1.5078396391375
VisualCogB_Task-2,2,1,Fz,-0.0078125,-0.245926731168128,-2.26682780147002,-1.90594082231972
VisualCogB_Task-2,2,1,Fz,-0.00390625,-0.595203174389922,-2.92325115893705,-2.21853961535748
VisualCogB_Task-2,2,1,Fz,0,-0.62035971063217,-3.21651306945327,-2.36504242008307
VisualCogB_Task-2,2,1,Fz,0.00390625,-0.264639654474338,-2.85580494286236,-2.32358160029377
VisualCogB_Task-2,2,1,Fz,0.0078125,0.373117235633782,-2.46367307136995,-2.14324540723436
VisualCogB_Task-2,2,1,Fz,0.01171875,1.06151409820811,-1.63134219556784,-1.91747403736366
VisualCogB_Task-2,2,1,Fz,0.015625,1.51592319651639,-1.10185523088536,-1.76640999248514
VisualCogB_Task-2,2,1,Fz,0.01953125,1.50844702635526,-1.07712746774435,-1.78635145425261
VisualCogB_Task-2,2,1,Fz,0.0234375,0.961729449988008,-1.4534135822716,-2.01821704085324
VisualCogB_Task-2,2,1,Fz,0.02734375,-0.0215866612681378,-2.02671877919117,-2.4438233715985
VisualCogB_Task-2,2,1,Fz,0.03125,-1.21055625841447,-3.05758675904505,-2.99792011091807
VisualCogB_Task-2,2,1,Fz,0.03515625,-2.34880316821454,-3.92125141423478,-3.58049820720768
VisualCogB_Task-2,2,1,Fz,0.0390625,-3.25259846796474,-4.60367301675349,-4.0965208295403
VisualCogB_Task-2,2,1,Fz,0.04296875,-3.85967276516302,-4.97898601598255,-4.47934724757449
VisualCogB_Task-2,2,1,Fz,0.046875,-4.21701492744335,-5.04212533351144,-4.70459941323658
VisualCogB_Task-2,2,1,Fz,0.05078125,-4.42551504711622,-4.95225347718662,-4.78953584248691
VisualCogB_Task-2,2,1,Fz,0.0546875,-4.57613724702327,-4.75911112274386,-4.77954221130872
VisualCogB_Task-2,2,1,Fz,0.05859375,-4.71378475435517,-4.53322289968365,-4.73356399857688
VisualCogB_Task-2,2,1,Fz,0.0625,-4.84559142093754,-4.49157531485669,-4.70884409245253
VisualCogB_Task-2,2,1,Fz,0.06640625,-4.97668177065542,-4.44895063899566,-4.74593028952239
VisualCogB_Task-2,2,1,Fz,0.0703125,-5.1363123251991,-4.80348353554963,-4.86726465490682
VisualCogB_Task-2,2,1,Fz,0.07421875,-5.37116866274385,-5.01280353026782,-5.07054094951564
VisualCogB_Task-2,2,1,Fz,0.078125,-5.7149250323723,-5.22551864304922,-5.3481378409789
VisualCogB_Task-2,2,1,Fz,0.08203125,-6.16127398948181,-5.60257262577107,-5.68762254532266
VisualCogB_Task-2,2,1,Fz,0.0859375,-6.66087932983976,-6.08391329386826,-6.06634401207883
VisualCogB_Task-2,2,1,Fz,0.08984375,-7.14497875914259,-6.59980426158947,-6.45456369748338
VisualCogB_Task-2,2,1,Fz,0.09375,-7.56184424194082,-6.96992405355853,-6.82400716458804
VisualCogB_Task-2,2,1,Fz,0.09765625,-7.90217482306948,-7.17057054907948,-7.15850335678671
VisualCogB_Task-2,2,1,Fz,0.1015625,-8.19493224214872,-7.57665110023653,-7.45404095822086
VisualCogB_Task-2,2,1,Fz,0.10546875,-8.47861413855744,-7.83735184701713,-7.70761425238964
VisualCogB_Task-2,2,1,Fz,0.109375,-8.77395709323416,-8.03062665304751,-7.92643503462688
VisualCogB_Task-2,2,1,Fz,0.11328125,-9.07880774111773,-8.19383117399935,-8.12852656648535
VisualCogB_Task-2,2,1,Fz,0.1171875,-9.38179996254225,-8.26677850147257,-8.34059474438619
VisualCogB_Task-2,2,1,Fz,0.12109375,-9.6783225250102,-8.34729033633329,-8.59478751537672
VisualCogB_Task-2,2,1,Fz,0.125,-9.97977431328405,-8.58422283933387,-8.91710147292813
VisualCogB_Task-2,2,1,Fz,0.12890625,-10.3162871031727,-9.09504117490977,-9.31290844559129
VisualCogB_Task-2,2,1,Fz,0.1328125,-10.7310298861633,-9.67031776921095,-9.75984037578426
VisualCogB_Task-2,2,1,Fz,0.13671875,-11.2618197867558,-10.2740943629167,-10.2173736000349
VisualCogB_Task-2,2,1,Fz,0.140625,-11.9147686234804,-10.8525270700381,-10.6375242376568
VisualCogB_Task-2,2,1,Fz,0.14453125,-12.6461660282044,-11.1619652867577,-10.9770351382034
VisualCogB_Task-2,2,1,Fz,0.1484375,-13.3663244345527,-11.3011798389921,-11.2105660539268
VisualCogB_Task-2,2,1,Fz,0.15234375,-13.9641063399977,-11.5090320822049,-11.3281875827919
VisualCogB_Task-2,2,1,Fz,0.15625,-14.3402532802297,-11.458283778774,-11.3275214715192
VisualCogB_Task-2,2,1,Fz,0.16015625,-14.4384342908136,-11.396857876879,-11.2212598417799
VisualCogB_Task-2,2,1,Fz,0.1640625,-14.2657913799395,-11.4218355940007,-11.0329916741835
VisualCogB_Task-2,2,1,Fz,0.16796875,-13.8949878146227,-10.8401036332606,-10.8009391189309
VisualCogB_Task-2,2,1,Fz,0.171875,-13.4453099849414,-10.3201822826738,-10.5957279862077
VisualCogB_Task-2,2,1,Fz,0.17578125,-13.0521063340425,-10.3256290589336,-10.491247795727
VisualCogB_Task-2,2,1,Fz,0.1796875,-12.8377792327617,-10.025931780634,-10.5384259252409
VisualCogB_Task-2,2,1,Fz,0.18359375,-12.8880962765661,-10.4417946968311,-10.7743881911019
VisualCogB_Task-2,2,1,Fz,0.1875,-13.2304059340975,-10.8163607734426,-11.1935525642786
VisualCogB_Task-2,2,1,Fz,0.19140625,-13.8177682038232,-11.4708687495976,-11.7626208912171
VisualCogB_Task-2,2,1,Fz,0.1953125,-14.5325970416614,-12.3291029345356,-12.4168623691271
VisualCogB_Task-2,2,1,Fz,0.19921875,-15.2171815949958,-13.2919607339443,-13.06723351675
VisualCogB_Task-2,2,1,Fz,0.203125,-15.7213955351616,-14.1061929722603,-13.6173775666113
VisualCogB_Task-2,2,1,Fz,0.20703125,-15.9493621303114,-14.6047150035223,-13.989665019336
VisualCogB_Task-2,2,1,Fz,0.2109375,-15.8908865243134,-14.4227805796482,-14.1472009926864
VisualCogB_Task-2,2,1,Fz,0.21484375,-15.6276854048087,-14.573307727042,-14.1043447697737
VisualCogB_Task-2,2,1,Fz,0.21875,-15.3059289950581,-14.0272750388627,-13.8984205992895
VisualCogB_Task-2,2,1,Fz,0.22265625,-15.0767662167842,-13.2305844066688,-13.6058329763641
VisualCogB_Task-2,2,1,Fz,0.2265625,-15.0268052290451,-12.7817824669509,-13.3137242660923
VisualCogB_Task-2,2,1,Fz,0.23046875,-15.1340637082282,-12.5112639416447,-13.0779661194278
VisualCogB_Task-2,2,1,Fz,0.234375,-15.2769860715827,-12.9646158350329,-12.9101017040622
VisualCogB_Task-2,2,1,Fz,0.23828125,-15.2974811384523,-13.2107784368072,-12.7744490062055
VisualCogB_Task-2,2,1,Fz,0.2421875,-15.0885798076075,-13.0892641317521,-12.6398688563151
VisualCogB_Task-2,2,1,Fz,0.24609375,-14.6602988785367,-12.7214176219292,-12.5115828707318
VisualCogB_Task-2,2,1,Fz,0.25,-14.1454919287832,-12.2433914332809,-12.432262272083
VisualCogB_Task-2,2,1,Fz,0.25390625,-13.7404880133127,-11.9855928984731,-12.4620645122623
VisualCogB_Task-2,2,1,Fz,0.2578125,-13.6144860279919,-12.155507879554,-12.6454078065966
VisualCogB_Task-2,2,1,Fz,0.26171875,-13.8374056555023,-12.354647927324,-12.9870044025971
VisualCogB_Task-2,2,1,Fz,0.265625,-14.3560804660721,-12.8787164888421,-13.4507415538547
VisualCogB_Task-2,2,1,Fz,0.26953125,-15.0163443669726,-13.9847554701523,-13.9478101410209
VisualCogB_Task-2,2,1,Fz,0.2734375,-15.6132852434555,-15.1027993055977,-14.3417322893293
VisualCogB_Task-2,2,1,Fz,0.27734375,-15.9527724259605,-15.4709441214603,-14.4991089014415
VisualCogB_Task-2,2,1,Fz,0.28125,-15.9073890511285,-15.2780327879638,-14.3499631313744
VisualCogB_Task-2,2,1,Fz,0.28515625,-15.450786385206,-14.4449195729428,-13.9053044014801
VisualCogB_Task-2,2,1,Fz,0.2890625,-14.665399845371,-13.380876624377,-13.2534812721595
VisualCogB_Task-2,2,1,Fz,0.29296875,-13.7283184728293,-12.38361366062,-12.527810234769
VisualCogB_Task-2,2,1,Fz,0.296875,-12.8748221630437,-10.9259406488847,-11.8722240600164
VisualCogB_Task-2,2,1,Fz,0.30078125,-12.3328139783978,-10.384398343032,-11.4186391374303
VisualCogB_Task-2,2,1,Fz,0.3046875,-12.2378892460724,-10.4596118362752,-11.2201149056118
VisualCogB_Task-2,2,1,Fz,0.30859375,-12.5688565591648,-10.8423993813292,-11.2435240702953
VisualCogB_Task-2,2,1,Fz,0.3125,-13.1490009970784,-11.6389366758718,-11.3923640814374
VisualCogB_Task-2,2,1,Fz,0.31640625,-13.7222798921543,-12.2634776415504,-11.5367053315805
VisualCogB_Task-2,2,1,Fz,0.3203125,-14.0653287933187,-12.393923623109,-11.5671659294701
VisualCogB_Task-2,2,1,Fz,0.32421875,-14.0766759607902,-11.9848999883924,-11.434928343016
VisualCogB_Task-2,2,1,Fz,0.328125,-13.8022713336298,-11.3785736550475,-11.1600715145975
VisualCogB_Task-2,2,1,Fz,0.33203125,-13.3908270071187,-10.3602215875657,-10.8085053570423
VisualCogB_Task-2,2,1,Fz,0.3359375,-13.0057475327184,-10.1392023817017,-10.464348294882
VisualCogB_Task-2,2,1,Fz,0.33984375,-12.7427518059025,-10.0173787556973,-10.1743617718588
VisualCogB_Task-2,2,1,Fz,0.34375,-12.5994916909953,-9.7610618493585,-9.9582117389495
VisualCogB_Task-2,2,1,Fz,0.34765625,-12.509340717984,-9.98215587612392,-9.82248222911776
VisualCogB_Task-2,2,1,Fz,0.3515625,-12.4084231346164,-9.86245202080843,-9.75732811786114
VisualCogB_Task-2,2,1,Fz,0.35546875,-12.2877796662283,-9.94568124860447,-9.76621041792776
VisualCogB_Task-2,2,1,Fz,0.359375,-12.2011785091266,-9.85582101247527,-9.86135046731135
VisualCogB_Task-2,2,1,Fz,0.36328125,-12.2320058742595,-9.88575133691125,-10.069925506562
VisualCogB_Task-2,2,1,Fz,0.3671875,-12.4452778740268,-10.0588525479082,-10.4186519883269
VisualCogB_Task-2,2,1,Fz,0.37109375,-12.8547803538246,-10.7852801396149,-10.9188985177821
VisualCogB_Task-2,2,1,Fz,0.375,-13.4230447687377,-11.5239046704374,-11.5520504134024
VisualCogB_Task-2,2,1,Fz,0.37890625,-14.0894055988829,-12.2526909198796,-12.2883581288151
VisualCogB_Task-2,2,1,Fz,0.3828125,-14.802203674109,-13.1242632983335,-13.0957266390671
VisualCogB_Task-2,2,1,Fz,0.38671875,-15.5317127990932,-13.9208107188498,-13.9390886517942
VisualCogB_Task-2,2,1,Fz,0.390625,-16.2609015093688,-14.9475214044451,-14.7857549295709
VisualCogB_Task-2,2,1,Fz,0.39453125,-16.9706137143375,-15.6659072840025,-15.601513073893
VisualCogB_Task-2,2,1,Fz,0.3984375,-17.6356883551696,-16.4722885643738,-16.3656312258292
VisualCogB_Task-2,2,1,Fz,0.40234375,-18.234259637948,-17.156484730635,-17.062743710624
VisualCogB_Task-2,2,1,Fz,0.40625,-18.7611820209942,-17.6327865938935,-17.6863729650671
VisualCogB_Task-2,2,1,Fz,0.41015625,-19.2342183773426,-17.9213772514599,-18.237853177616
VisualCogB_Task-2,2,1,Fz,0.4140625,-19.6843602568478,-18.728698285558,-18.7140530057971
VisualCogB_Task-2,2,1,Fz,0.41796875,-20.1298760869333,-19.1999545957601,-19.0854681132902
VisualCogB_Task-2,2,1,Fz,0.421875,-20.5481464540616,-19.5169088956923,-19.3238146037553
VisualCogB_Task-2,2,1,Fz,0.42578125,-20.8685364948261,-19.5894956431259,-19.4103491210583
VisualCogB_Task-2,2,1,Fz,0.4296875,-20.9993212066349,-19.5804088017796,-19.3424195000598
VisualCogB_Task-2,2,1,Fz,0.43359375,-20.8765485101042,-19.3428193190005,-19.1323024524592
VisualCogB_Task-2,2,1,Fz,0.4375,-20.5047656750302,-19.0211262277461,-18.8121071317662
VisualCogB_Task-2,2,1,Fz,0.44140625,-19.9643552325835,-18.3593281933567,-18.4314857637019
VisualCogB_Task-2,2,1,Fz,0.4453125,-19.3816010146706,-17.7769494388277,-18.0575088319861
VisualCogB_Task-2,2,1,Fz,0.44921875,-18.8780783650901,-17.3090778939741,-17.7512336894761
VisualCogB_Task-2,2,1,Fz,0.453125,-18.525645889469,-17.2311176123708,-17.5503377395996
VisualCogB_Task-2,2,1,Fz,0.45703125,-18.3308664535826,-17.3491297243448,-17.4556520694925
VisualCogB_Task-2,2,1,Fz,0.4609375,-18.255810035435,-17.4121034796739,-17.4414060890214
VisualCogB_Task-2,2,1,Fz,0.46484375,-18.2552613966816,-17.2853707745272,-17.4729523459575
VisualCogB_Task-2,2,1,Fz,0.46875,-18.2961890264139,-17.4712566080417,-17.5132015039594
VisualCogB_Task-2,2,1,Fz,0.47265625,-18.3438616973663,-17.6595065334628,-17.5094324290668
VisualCogB_Task-2,2,1,Fz,0.4765625,-18.3350791170842,-17.7611153471833,-17.4054285793262
VisualCogB_Task-2,2,1,Fz,0.48046875,-18.1747149377287,-17.5492727916371,-17.1574795881503
VisualCogB_Task-2,2,1,Fz,0.484375,-17.7710630098062,-16.9771581053198,-16.75151565294
VisualCogB_Task-2,2,1,Fz,0.48828125,-17.0901890940261,-16.3150419412987,-16.2061164047199
VisualCogB_Task-2,2,1,Fz,0.4921875,-16.1912142986892,-15.4871423552785,-15.5586650122133
VisualCogB_Task-2,2,1,Fz,0.49609375,-15.2134973983035,-14.5159851218742,-14.8556217721914
VisualCogB_Task-2,2,1,Fz,0.5,-14.3135950959888,-13.6923766137317,-14.1374867600142
VisualCogB_Task-2,2,1,Fz,0.50390625,-13.5814045459626,-13.0115745201747,-13.4164569968488
VisualCogB_Task-2,2,1,Fz,0.5078125,-12.984066809597,-12.5171524014913,-12.6676369916718
VisualCogB_Task-2,2,1,Fz,0.51171875,-12.3743783049582,-11.9249947932885,-11.8323910470706
VisualCogB_Task-2,2,1,Fz,0.515625,-11.5597339869749,-11.14776679957,-10.8395430831174
VisualCogB_Task-2,2,1,Fz,0.51953125,-10.389130573915,-10.014338280416,-9.6256339987358
VisualCogB_Task-2,2,1,Fz,0.5234375,-8.81013414168746,-8.47089330546121,-8.15289000255393
VisualCogB_Task-2,2,1,Fz,0.52734375,-6.87427766417691,-6.65717036349884,-6.4159293266732
VisualCogB_Task-2,2,1,Fz,0.53125,-4.70120978619633,-4.74921439385349,-4.43587047843731
VisualCogB_Task-2,2,1,Fz,0.53515625,-2.42636610211163,-2.26808974937828,-2.2539353849254
VisualCogB_Task-2,2,1,Fz,0.5390625,-0.154239700957553,0.227905954772673,0.0625420338320053
VisualCogB_Task-2,2,1,Fz,0.54296875,2.06825865211656,2.65638225716344,2.44504832743334
VisualCogB_Task-2,2,1,Fz,0.546875,4.25147359318044,5.00928508876856,4.83885037222207
VisualCogB_Task-2,2,1,Fz,0.55078125,6.43872861892552,7.38073353183332,7.20682620535251
VisualCogB_Task-2,2,1,Fz,0.5546875,8.67105948289462,9.69484952350321,9.52605675702452
VisualCogB_Task-2,2,1,Fz,0.55859375,10.9582622888488,11.8374155432838,11.7881152346447
VisualCogB_Task-2,2,1,Fz,0.5625,13.2710910266961,13.9630407320234,13.9986409094928
VisualCogB_Task-2,2,1,Fz,0.56640625,15.5598683648733,16.0700076614353,16.167381411902
VisualCogB_Task-2,2,1,Fz,0.5703125,17.7867690928687,18.1475844905253,18.3011176907494
VisualCogB_Task-2,2,1,Fz,0.57421875,19.9436974545541,20.3306094424879,20.3985162157069
VisualCogB_Task-2,2,1,Fz,0.578125,22.0369868608332,22.5243892692362,22.445449023094
VisualCogB_Task-2,2,1,Fz,0.58203125,24.0538112191479,24.6102489682278,24.4221292514623
VisualCogB_Task-2,2,1,Fz,0.5859375,25.9483203425429,26.4722396560824,26.3153483932084
VisualCogB_Task-2,2,1,Fz,0.58984375,27.6695282808395,28.3743830725265,28.1275745837926
VisualCogB_Task-2,2,1,Fz,0.59375,29.2129852526422,30.0228210874309,29.8743502305815
VisualCogB_Task-2,2,1,Fz,0.59765625,30.6541816481533,31.5152308397191,31.5917851150028
VisualCogB_Task-2,2,1,Fz,0.6015625,32.1336990212642,33.0714160768853,33.3283615898883
VisualCogB_Task-2,2,1,Fz,0.60546875,33.7978476285283,34.7934496188639,35.1261824851295
VisualCogB_Task-2,2,1,Fz,0.609375,35.726932340102,36.6615319656365,37.0059385045343
VisualCogB_Task-2,2,1,Fz,0.61328125,37.8912686609983,38.7308337690795,38.960592613055
VisualCogB_Task-2,2,1,Fz,0.6171875,40.160825623697,40.9219746552618,40.9544072307361
VisualCogB_Task-2,2,1,Fz,0.62109375,42.3638244288835,43.1424171103631,42.9324982072904
VisualCogB_Task-2,2,1,Fz,0.625,44.3602156926038,45.3076164965498,44.837278677808
VisualCogB_Task-2,2,1,Fz,0.62890625,46.0904580536129,46.9960271772521,46.6286550193018
VisualCogB_Task-2,2,1,Fz,0.6328125,47.5820854786187,48.5013936107631,48.305728427013
VisualCogB_Task-2,2,1,Fz,0.63671875,48.9231150042987,49.8755648304577,49.8982144426788
VisualCogB_Task-2,2,1,Fz,0.640625,50.2206798368615,51.1113245438383,51.4521340400155
VisualCogB_Task-2,2,1,Fz,0.64453125,51.5594027550951,52.6642867554151,53.0116207250543
VisualCogB_Task-2,2,1,Fz,0.6484375,52.971651834355,54.2166148140145,54.5924072124782
VisualCogB_Task-2,2,1,Fz,0.65234375,54.4305644222609,56.0917555170536,56.1812817195005
VisualCogB_Task-2,2,1,Fz,0.65625,55.8671098311309,57.6558460090666,57.7337164301289
VisualCogB_Task-2,2,1,Fz,0.66015625,57.198260843263,59.1043639091453,59.1977230115007
VisualCogB_Task-2,2,1,Fz,0.6640625,58.3498400196963,60.6522818952771,60.5148239289978
VisualCogB_Task-2,2,1,Fz,0.66796875,59.2684925703521,62.1868270405117,61.6187617228061
VisualCogB_Task-2,2,1,Fz,0.671875,59.9282217972796,63.2172985321911,62.4547337636344
VisualCogB_Task-2,2,1,Fz,0.67578125,60.3367612343018,63.5701555393183,63.0152761986673
VisualCogB_Task-2,2,1,Fz,0.6796875,60.5409823484858,63.5268414885989,63.3564722391356
VisualCogB_Task-2,2,1,Fz,0.68359375,60.6265093977149,63.3165369309503,63.5806450413242
VisualCogB_Task-2,2,1,Fz,0.6875,60.7046540383718,63.3469622956823,63.8043151989735
VisualCogB_Task-2,2,1,Fz,0.69140625,60.8816102531511,63.5378184269698,64.1219942966261
VisualCogB_Task-2,2,1,Fz,0.6953125,61.2172313925712,64.1202360124995,64.5900811768834
VisualCogB_Task-2,2,1,Fz,0.69921875,61.6981027525968,64.9675142139218,65.2162933598755
VisualCogB_Task-2,2,1,Fz,0.703125,62.2501646606156,65.9905682341712,65.969194602034
VisualCogB_Task-2,2,1,Fz,0.70703125,62.7890274906698,66.9678946843069,66.7966170642941
VisualCogB_Task-2,2,1,Fz,0.7109375,63.2740639253955,67.8064198968023,67.6481740436026
VisualCogB_Task-2,2,1,Fz,0.71484375,63.7288053541088,68.4522633300758,68.4877519719071
VisualCogB_Task-2,2,1,Fz,0.71875,64.2172450729068,68.9758255569919,69.2924244355889
VisualCogB_Task-2,2,1,Fz,0.72265625,64.7941074108932,69.9871962203631,70.0363076342095
VisualCogB_Task-2,2,1,Fz,0.7265625,65.45686674742,70.7417710035795,70.6671345274478
VisualCogB_Task-2,2,1,Fz,0.73046875,66.123942362201,71.2430453593476,71.1285454571617
VisualCogB_Task-2,2,1,Fz,0.734375,66.6530745903456,71.4503424134621,71.3704004715538
VisualCogB_Task-2,2,1,Fz,0.73828125,66.8924740978449,71.6375961279871,71.3521012773418
VisualCogB_Task-2,2,1,Fz,0.7421875,66.7347959706742,71.3209972453936,71.0397114097359
VisualCogB_Task-2,2,1,Fz,0.74609375,66.1444102607976,70.2602908172228,70.4230856415003
VisualCogB_Task-2,2,1,Fz,0.75,65.1533999031742,69.7582411630863,69.5155192317034
VisualCogB_Task-2,2,1,Fz,0.75390625,63.8425392139067,68.5377675942227,68.3167412040577
VisualCogB_Task-2,2,1,Fz,0.7578125,62.3218231088549,67.0666574090831,66.8467074098907
VisualCogB_Task-2,2,1,Fz,0.76171875,60.7141207994752,65.5358983086379,65.1437925663769
VisualCogB_Task-2,2,1,Fz,0.765625,59.1410386882027,63.5266558689602,63.2647005572902
VisualCogB_Task-2,2,1,Fz,0.76953125,57.7085835261123,60.9517644014682,61.2988107449264
VisualCogB_Task-2,2,1,Fz,0.7734375,56.4878598236437,58.9846394513282,59.3573321008868
VisualCogB_Task-2,2,1,Fz,0.77734375,55.4919913822943,56.955547324177,57.5225530681513
VisualCogB_Task-2,2,1,Fz,0.78125,54.6652612165385,55.4617354063864,55.8457043689035
VisualCogB_Task-2,2,1,Fz,0.78515625,53.9036430079263,54.1502765520172,54.330766246662
VisualCogB_Task-2,2,1,Fz,0.7890625,53.1045300442408,52.9451370514973,52.9497215314028
VisualCogB_Task-2,2,1,Fz,0.79296875,52.2172195416776,51.8009291178013,51.6595122452145
VisualCogB_Task-2,2,1,Fz,0.796875,51.2629524188054,50.6076801206948,50.4166983701935
VisualCogB_Task-2,2,1,Fz,0.80078125,50.3143833793078,49.3785062195723,49.1896246278187
VisualCogB_Task-2,2,1,F3,-0.19921875,-1.22316739144822,0.0730556890979062,0.250153679670217
VisualCogB_Task-2,2,1,F3,-0.1953125,-1.25249764213607,0.0460430783749576,0.033215244023541
VisualCogB_Task-2,2,1,F3,-0.19140625,-1.29013493868241,0.784654766187091,-0.19848135750416
VisualCogB_Task-2,2,1,F3,-0.1875,-1.29544218985602,-0.858255481060802,-0.458625304597962
VisualCogB_Task-2,2,1,F3,-0.18359375,-1.27405428756783,-1.14193022635269,-0.678977766635334
VisualCogB_Task-2,2,1,F3,-0.1796875,-1.27921612202811,-0.724574740387641,-0.824602427698984
VisualCogB_Task-2,2,1,F3,-0.17578125,-1.36731929184963,-0.95311520194285,-0.899142343514731
VisualCogB_Task-2,2,1,F3,-0.171875,-1.53562660546338,-0.888040235032588,-0.897904929199117
VisualCogB_Task-2,2,1,F3,-0.16796875,-1.69491106037094,-0.792773647275073,-0.820695338071026
VisualCogB_Task-2,2,1,F3,-0.1640625,-1.70662092227262,-0.858576318887967,-0.666496665602132
VisualCogB_Task-2,2,1,F3,-0.16015625,-1.46285761462884,-0.714477953054316,-0.431965199697779
VisualCogB_Task-2,2,1,F3,-0.15625,-0.954694972827249,-0.357958277719176,-0.129763866037131
VisualCogB_Task-2,2,1,F3,-0.15234375,-0.284987343166927,0.17729934325747,0.203901680254272
VisualCogB_Task-2,2,1,F3,-0.1484375,0.378729436664085,0.804982971959418,0.513809583077383
VisualCogB_Task-2,2,1,F3,-0.14453125,0.879674897543252,1.12564618665282,0.742521124916757
VisualCogB_Task-2,2,1,F3,-0.140625,1.13427995463242,1.25553480321711,0.856862037330452
VisualCogB_Task-2,2,1,F3,-0.13671875,1.15640849049233,1.18861191833087,0.855585140354529
VisualCogB_Task-2,2,1,F3,-0.1328125,1.04077848390599,0.65601172579029,0.770665984515608
VisualCogB_Task-2,2,1,F3,-0.12890625,0.915953118639931,0.251074207711729,0.661832351838332
VisualCogB_Task-2,2,1,F3,-0.125,0.883785736439767,0.236708881478436,0.579257502786905
VisualCogB_Task-2,2,1,F3,-0.12109375,0.971374890142435,0.351955080354212,0.538884852481646
VisualCogB_Task-2,2,1,F3,-0.1171875,1.1242336013965,0.577717603264706,0.5281120976005
VisualCogB_Task-2,2,1,F3,-0.11328125,1.24835487230048,0.688480582234959,0.518759453810795
VisualCogB_Task-2,2,1,F3,-0.109375,1.27257433790086,0.700450730219016,0.486780928918542
VisualCogB_Task-2,2,1,F3,-0.10546875,1.18608495215021,0.42868950763925,0.422273958098431
VisualCogB_Task-2,2,1,F3,-0.1015625,1.02918217853102,0.252400383632623,0.333141793300194
VisualCogB_Task-2,2,1,F3,-0.09765625,0.854932360604052,0.146547702524669,0.227822315601962
VisualCogB_Task-2,2,1,F3,-0.09375,0.695554121486028,0.055703361347559,0.108024955276237
VisualCogB_Task-2,2,1,F3,-0.08984375,0.551068392599272,0.00786596577706919,-0.0313137418275874
VisualCogB_Task-2,2,1,F3,-0.0859375,0.395471537191959,-0.0359734502404113,-0.199617362687507
VisualCogB_Task-2,2,1,F3,-0.08203125,0.189694047730274,-0.356898242346843,-0.403044518647797
VisualCogB_Task-2,2,1,F3,-0.078125,-0.103504873093287,-0.650817788476839,-0.634116828348806
VisualCogB_Task-2,2,1,F3,-0.07421875,-0.503834504796616,-0.693581539100783,-0.881510387405805
VisualCogB_Task-2,2,1,F3,-0.0703125,-0.999234063124609,-1.22752131026083,-1.1352930381114
VisualCogB_Task-2,2,1,F3,-0.06640625,-1.53736791079276,-1.46242355194059,-1.36987188539945
VisualCogB_Task-2,2,1,F3,-0.0625,-2.02948666565939,-1.61240388380051,-1.56733972354959
VisualCogB_Task-2,2,1,F3,-0.05859375,-2.37272976343017,-1.58019797852492,-1.71750198571989
VisualCogB_Task-2,2,1,F3,-0.0546875,-2.48583188766002,-1.7734262749097,-1.81391945175601
VisualCogB_Task-2,2,1,F3,-0.05078125,-2.33726830771702,-1.90252958727977,-1.838710900904
VisualCogB_Task-2,2,1,F3,-0.046875,-1.94561371967307,-1.84578846245816,-1.77062068100609
VisualCogB_Task-2,2,1,F3,-0.04296875,-1.35607374500499,-1.85120439397864,-1.59371136376911
VisualCogB_Task-2,2,1,F3,-0.0390625,-0.61913208729775,-1.66843632935917,-1.2983095026876
VisualCogB_Task-2,2,1,F3,-0.03515625,0.209960101978354,-1.0930996487089,-0.896199403773556
VisualCogB_Task-2,2,1,F3,-0.03125,1.05830020310403,-0.411422955149917,-0.430009275261586
VisualCogB_Task-2,2,1,F3,-0.02734375,1.82912561675947,0.190905190500548,0.0412243208690772
VisualCogB_Task-2,2,1,F3,-0.0234375,2.41321174972447,0.730108684963198,0.460013682648508
VisualCogB_Task-2,2,1,F3,-0.01953125,2.71715526823805,1.30342301079876,0.781344513909406
VisualCogB_Task-2,2,1,F3,-0.015625,2.70210067548478,1.21867593409148,0.982710435344025
VisualCogB_Task-2,2,1,F3,-0.01171875,2.41730796683512,1.16290070096841,1.08511160905207
VisualCogB_Task-2,2,1,F3,-0.0078125,2.00378847953389,0.822298877312414,1.12921198869553
VisualCogB_Task-2,2,1,F3,-0.00390625,1.65252243853893,0.807135174854976,1.16215795226276
VisualCogB_Task-2,2,1,F3,0,1.52945428275324,0.932090649692323,1.20551978512685
VisualCogB_Task-2,2,1,F3,0.00390625,1.70099563144786,1.12021168388077,1.25128254121025
VisualCogB_Task-2,2,1,F3,0.0078125,2.09373319754092,1.25291357780788,1.26864551314919
VisualCogB_Task-2,2,1,F3,0.01171875,2.50867115130752,1.26450560617741,1.21588542213577
VisualCogB_Task-2,2,1,F3,0.015625,2.6926943261381,1.4240594085312,1.04996799475035
VisualCogB_Task-2,2,1,F3,0.01953125,2.44579913975213,1.22623979355879,0.731910639576708
VisualCogB_Task-2,2,1,F3,0.0234375,1.71687894982748,0.761198842894563,0.253905049680403
VisualCogB_Task-2,2,1,F3,0.02734375,0.635039923698718,-0.227631940051052,-0.350662985707854
VisualCogB_Task-2,2,1,F3,0.03125,-0.546649631771889,-1.2522590216723,-1.0061331945895
VisualCogB_Task-2,2,1,F3,0.03515625,-1.5667100677373,-2.18438835763099,-1.62659271782791
VisualCogB_Task-2,2,1,F3,0.0390625,-2.26584373703458,-2.50519510075387,-2.14663918187667
VisualCogB_Task-2,2,1,F3,0.04296875,-2.63440110055411,-2.59119981515084,-2.54735318317299
VisualCogB_Task-2,2,1,F3,0.046875,-2.7798151265726,-2.74305484434662,-2.8396949780605
VisualCogB_Task-2,2,1,F3,0.05078125,-2.84281816795069,-3.22852200758842,-3.03827870888096
VisualCogB_Task-2,2,1,F3,0.0546875,-2.91567843293801,-3.17908080971316,-3.14966517350001
VisualCogB_Task-2,2,1,F3,0.05859375,-3.00984505080371,-3.11456611839351,-3.19626877800888
VisualCogB_Task-2,2,1,F3,0.0625,-3.08638630647935,-3.12911776297194,-3.20295523151658
VisualCogB_Task-2,2,1,F3,0.06640625,-3.11794362977177,-3.29596061427042,-3.18778168816417
VisualCogB_Task-2,2,1,F3,0.0703125,-3.12960048364153,-3.27160864649494,-3.16265217971397
VisualCogB_Task-2,2,1,F3,0.07421875,-3.18824699115989,-3.15194744892812,-3.14848564843719
VisualCogB_Task-2,2,1,F3,0.078125,-3.35422413754239,-2.88591956843395,-3.17528074217009
VisualCogB_Task-2,2,1,F3,0.08203125,-3.63519393659393,-2.95471068074296,-3.27332459212318
VisualCogB_Task-2,2,1,F3,0.0859375,-3.97559040409516,-3.43284299539041,-3.4487908983623
VisualCogB_Task-2,2,1,F3,0.08984375,-4.28950147996902,-3.67114597544856,-3.68130220167158
VisualCogB_Task-2,2,1,F3,0.09375,-4.51646901454125,-4.05317179287855,-3.94915205092087
VisualCogB_Task-2,2,1,F3,0.09765625,-4.66147658594401,-4.44194228347303,-4.22978764279471
VisualCogB_Task-2,2,1,F3,0.1015625,-4.78866377033165,-4.74172812181794,-4.50932448580749
VisualCogB_Task-2,2,1,F3,0.10546875,-4.97440511856262,-4.84160699117095,-4.79155764186344
VisualCogB_Task-2,2,1,F3,0.109375,-5.25857563407668,-4.93397169659062,-5.09964914253433
VisualCogB_Task-2,2,1,F3,0.11328125,-5.62934883246581,-5.06840522556848,-5.46093179850089
VisualCogB_Task-2,2,1,F3,0.1171875,-6.04365958983546,-5.96569428362017,-5.88893196661519
VisualCogB_Task-2,2,1,F3,0.12109375,-6.46032939922022,-6.42672365586903,-6.36446545598494
VisualCogB_Task-2,2,1,F3,0.125,-6.8644342620443,-6.84932001316122,-6.87474493546827
VisualCogB_Task-2,2,1,F3,0.12890625,-7.27449694828255,-7.30056574511998,-7.41217125724699
VisualCogB_Task-2,2,1,F3,0.1328125,-7.73149790082097,-7.84340371643256,-7.96702652997731
VisualCogB_Task-2,2,1,F3,0.13671875,-8.27296480838274,-8.55884519270245,-8.52029240297152
VisualCogB_Task-2,2,1,F3,0.140625,-8.9035005096048,-9.04721006144378,-9.04264862441317
VisualCogB_Task-2,2,1,F3,0.14453125,-9.5788414467509,-9.41146091190458,-9.50798767496342
VisualCogB_Task-2,2,1,F3,0.1484375,-10.2136804958646,-10.0038071245092,-9.89058215503594
VisualCogB_Task-2,2,1,F3,0.15234375,-10.7084367072541,-10.4480237814403,-10.1566607681228
VisualCogB_Task-2,2,1,F3,0.15625,-10.9814213014077,-10.6642434848684,-10.281887631839
VisualCogB_Task-2,2,1,F3,0.16015625,-10.9951818952725,-10.5864322462706,-10.2662071149091
VisualCogB_Task-2,2,1,F3,0.1640625,-10.7707599303581,-10.2312502325067,-10.1414265738103
VisualCogB_Task-2,2,1,F3,0.16796875,-10.385466104595,-9.86944932882255,-9.96603879263312
VisualCogB_Task-2,2,1,F3,0.171875,-9.95361779285053,-9.55376243487432,-9.80602186035952
VisualCogB_Task-2,2,1,F3,0.17578125,-9.59779870863407,-9.29448949679431,-9.71930474398722
VisualCogB_Task-2,2,1,F3,0.1796875,-9.42140492716592,-9.32942012072491,-9.74279479172351
VisualCogB_Task-2,2,1,F3,0.18359375,-9.48702415462047,-9.65513342820815,-9.87799808117626
VisualCogB_Task-2,2,1,F3,0.1875,-9.80039463154737,-10.0982835838066,-10.0919728007034
VisualCogB_Task-2,2,1,F3,0.19140625,-10.3042550415612,-10.4226217388738,-10.333205084249
VisualCogB_Task-2,2,1,F3,0.1953125,-10.890464561896,-10.6994566381518,-10.550706964349
VisualCogB_Task-2,2,1,F3,0.19921875,-11.4306073557838,-10.9560810424577,-10.7009418614245
VisualCogB_Task-2,2,1,F3,0.203125,-11.8122802755566,-11.0494994682591,-10.7527690020472
VisualCogB_Task-2,2,1,F3,0.20703125,-11.967153431745,-10.8875390340085,-10.6963092112079
VisualCogB_Task-2,2,1,F3,0.2109375,-11.886840599617,-10.6558809218731,-10.5464108527488
VisualCogB_Task-2,2,1,F3,0.21484375,-11.626918895115,-10.3195868981346,-10.3338581090784
VisualCogB_Task-2,2,1,F3,0.21875,-11.2945062214492,-10.0179740352411,-10.0985576683657
VisualCogB_Task-2,2,1,F3,0.22265625,-11.0149794209706,-9.7192629212364,-9.87922695120121
VisualCogB_Task-2,2,1,F3,0.2265625,-10.8854653192935,-9.56434126512704,-9.7078680754148
VisualCogB_Task-2,2,1,F3,0.23046875,-10.9358788734087,-9.5086727761257,-9.60315282300608
VisualCogB_Task-2,2,1,F3,0.234375,-11.1195100199975,-9.47881231900139,-9.57179240845063
VisualCogB_Task-2,2,1,F3,0.23828125,-11.3413286443982,-9.5589614756656,-9.61262470898402
VisualCogB_Task-2,2,1,F3,0.2421875,-11.5103519698189,-9.83377821953296,-9.71673926105437
VisualCogB_Task-2,2,1,F3,0.24609375,-11.5862358088253,-9.91094695090127,-9.87075366499992
VisualCogB_Task-2,2,1,F3,0.25,-11.5926433959247,-9.9440299151342,-10.0710387676988
VisualCogB_Task-2,2,1,F3,0.25390625,-11.5924440314204,-10.1155683662356,-10.3173148565209
VisualCogB_Task-2,2,1,F3,0.2578125,-11.6459043399764,-10.436318612152,-10.5987181477891
VisualCogB_Task-2,2,1,F3,0.26171875,-11.779425394712,-10.8385649496413,-10.8875726503025
VisualCogB_Task-2,2,1,F3,0.265625,-11.9759000526251,-11.0868907958871,-11.1426690782236
VisualCogB_Task-2,2,1,F3,0.26953125,-12.1809465841694,-11.4868520287787,-11.3187141706601
VisualCogB_Task-2,2,1,F3,0.2734375,-12.3178671891231,-11.7105686485741,-11.3657664765248
VisualCogB_Task-2,2,1,F3,0.27734375,-12.3079565915794,-11.6997665287127,-11.247896032907
VisualCogB_Task-2,2,1,F3,0.28125,-12.0913993791217,-11.3419262756007,-10.9579063912335
VisualCogB_Task-2,2,1,F3,0.28515625,-11.6453704731033,-10.7997120753683,-10.5262569775816
VisualCogB_Task-2,2,1,F3,0.2890625,-11.002284534928,-10.0287976119287,-10.0154088750592
VisualCogB_Task-2,2,1,F3,0.29296875,-10.2659172519862,-9.10047636949566,-9.51061109158975
VisualCogB_Task-2,2,1,F3,0.296875,-9.604151086382,-8.56239439795201,-9.09822836316911
VisualCogB_Task-2,2,1,F3,0.30078125,-9.19528506308458,-8.23988895084553,-8.83044753228535
VisualCogB_Task-2,2,1,F3,0.3046875,-9.14109460316519,-8.28997612854724,-8.71480261099174
VisualCogB_Task-2,2,1,F3,0.30859375,-9.4021019289263,-8.65206906393798,-8.7096143962216
VisualCogB_Task-2,2,1,F3,0.3125,-9.80705202128224,-8.99944253763891,-8.73780147803783
VisualCogB_Task-2,2,1,F3,0.31640625,-10.1361883800909,-9.26878209569192,-8.71748700214641
VisualCogB_Task-2,2,1,F3,0.3203125,-10.2266705220032,-9.13897144242495,-8.58859753588669
VisualCogB_Task-2,2,1,F3,0.32421875,-10.0403488611189,-8.73230672575777,-8.33700090439351
VisualCogB_Task-2,2,1,F3,0.328125,-9.66391721639731,-7.99346403018789,-7.99442942501323
VisualCogB_Task-2,2,1,F3,0.33203125,-9.24943935958787,-7.35461546145406,-7.62555756687255
VisualCogB_Task-2,2,1,F3,0.3359375,-8.93028062250325,-6.93871885204769,-7.2949793495294
VisualCogB_Task-2,2,1,F3,0.33984375,-8.75814152577237,-6.8000133876801,-7.04471028375683
VisualCogB_Task-2,2,1,F3,0.34375,-8.69578892485394,-6.84162296154289,-6.88707750553775
VisualCogB_Task-2,2,1,F3,0.34765625,-8.66561287607687,-6.98112023608747,-6.81401674284868
VisualCogB_Task-2,2,1,F3,0.3515625,-8.61565467909704,-6.96943596480595,-6.81367584499987
VisualCogB_Task-2,2,1,F3,0.35546875,-8.55518455949626,-6.92162915034299,-6.88812795240484
VisualCogB_Task-2,2,1,F3,0.359375,-8.54083487441764,-6.95533744677912,-7.05242621546092
VisualCogB_Task-2,2,1,F3,0.36328125,-8.63320819678343,-7.19138193985364,-7.3244155510603
VisualCogB_Task-2,2,1,F3,0.3671875,-8.85950833800248,-7.51483027247323,-7.71385014537168
VisualCogB_Task-2,2,1,F3,0.37109375,-9.20553092418175,-8.01033139842437,-8.21939805029652
VisualCogB_Task-2,2,1,F3,0.375,-9.63686304482904,-8.84706234126858,-8.82314232832811
VisualCogB_Task-2,2,1,F3,0.37890625,-10.1292139729431,-9.56192909099138,-9.48974382097036
VisualCogB_Task-2,2,1,F3,0.3828125,-10.6814220132798,-10.0938166538401,-10.1858567041389
VisualCogB_Task-2,2,1,F3,0.38671875,-11.2992484057331,-10.9391536490193,-10.8841505929178
VisualCogB_Task-2,2,1,F3,0.390625,-11.9653356648786,-11.6354900193165,-11.5496250981994
VisualCogB_Task-2,2,1,F3,0.39453125,-12.6247339073831,-12.2754953705626,-12.1518634188849
VisualCogB_Task-2,2,1,F3,0.3984375,-13.2016474776068,-12.795039849103,-12.667604163968
VisualCogB_Task-2,2,1,F3,0.40234375,-13.6373235254034,-13.2150681899602,-13.0838886050828
VisualCogB_Task-2,2,1,F3,0.40625,-13.9246294319854,-13.4647855807264,-13.3983776542909
VisualCogB_Task-2,2,1,F3,0.41015625,-14.1174988780124,-13.6344427018375,-13.6196638557273
VisualCogB_Task-2,2,1,F3,0.4140625,-14.3070778008301,-13.5853731201102,-13.7618737473962
VisualCogB_Task-2,2,1,F3,0.41796875,-14.5745468636173,-13.6128017948229,-13.8403654378115
VisualCogB_Task-2,2,1,F3,0.421875,-14.9443378356792,-13.7358333326156,-13.8557886498796
VisualCogB_Task-2,2,1,F3,0.42578125,-15.3626790214144,-13.8676693327646,-13.7898294695913
VisualCogB_Task-2,2,1,F3,0.4296875,-15.714853784667,-13.8806552693999,-13.6141777064986
VisualCogB_Task-2,2,1,F3,0.43359375,-15.8753097531008,-13.6742337376363,-13.307009825418
VisualCogB_Task-2,2,1,F3,0.4375,-15.7658670205883,-13.0652482413984,-12.8687087547413
VisualCogB_Task-2,2,1,F3,0.44140625,-15.3908595639774,-12.4079728878949,-12.3302594155447
VisualCogB_Task-2,2,1,F3,0.4453125,-14.8311587147584,-11.641260675214,-11.7390250194597
VisualCogB_Task-2,2,1,F3,0.44921875,-14.203169587997,-11.0136323102332,-11.1488449008132
VisualCogB_Task-2,2,1,F3,0.453125,-13.608094669654,-10.4374647648085,-10.6054113652451
VisualCogB_Task-2,2,1,F3,0.45703125,-13.1013693219504,-9.83756764530295,-10.1431490025139
VisualCogB_Task-2,2,1,F3,0.4609375,-12.6979454974746,-9.50573998913845,-9.78248685234132
VisualCogB_Task-2,2,1,F3,0.46484375,-12.3996881598845,-9.33777864038024,-9.51838884134833
VisualCogB_Task-2,2,1,F3,0.46875,-12.2104502256558,-9.30947920450561,-9.32275665755567
VisualCogB_Task-2,2,1,F3,0.47265625,-12.1186760258659,-9.16050982893144,-9.15244113890339
VisualCogB_Task-2,2,1,F3,0.4765625,-12.0657506274751,-9.12732523025057,-8.96318666891069
VisualCogB_Task-2,2,1,F3,0.48046875,-11.9395307576097,-8.91302397969843,-8.71141002193244
VisualCogB_Task-2,2,1,F3,0.484375,-11.6144917706267,-8.47471460159834,-8.3672061857685
VisualCogB_Task-2,2,1,F3,0.48828125,-11.0205065589965,-8.12399290835726,-7.9174713113659
VisualCogB_Task-2,2,1,F3,0.4921875,-10.1944895318058,-7.51143400869399,-7.35806058432414
VisualCogB_Task-2,2,1,F3,0.49609375,-9.27315949849684,-6.65252803259694,-6.70203932332534
VisualCogB_Task-2,2,1,F3,0.5,-8.42023211211091,-5.75387709142735,-5.97525396574912
VisualCogB_Task-2,2,1,F3,0.50390625,-7.72743170350946,-4.86289118314183,-5.19942500808103
VisualCogB_Task-2,2,1,F3,0.5078125,-7.15277128742646,-4.05153826753112,-4.37782487394651
VisualCogB_Task-2,2,1,F3,0.51171875,-6.53807034403014,-3.49244542701737,-3.48568150155936
VisualCogB_Task-2,2,1,F3,0.515625,-5.6936030724924,-2.69506564947136,-2.4710322785988
VisualCogB_Task-2,2,1,F3,0.51953125,-4.49397231283688,-1.61132612360745,-1.28247825319887
VisualCogB_Task-2,2,1,F3,0.5234375,-2.92864429826744,-0.37566063909766,0.112710078933695
VisualCogB_Task-2,2,1,F3,0.52734375,-1.08772689910719,1.51177681985176,1.71985823289142
VisualCogB_Task-2,2,1,F3,0.53125,0.89501898348399,3.61898938488238,3.50359416393088
VisualCogB_Task-2,2,1,F3,0.53515625,2.9035365997759,5.59450882423552,5.41120570955538
VisualCogB_Task-2,2,1,F3,0.5390625,4.87737441954717,7.56708899435989,7.39959697568082
VisualCogB_Task-2,2,1,F3,0.54296875,6.81763479294292,9.46039083997297,9.44094732777979
VisualCogB_Task-2,2,1,F3,0.546875,8.76617225732733,11.4469467027912,11.5213937995481
VisualCogB_Task-2,2,1,F3,0.55078125,10.7705072569837,13.5126751924263,13.6286937173644
VisualCogB_Task-2,2,1,F3,0.5546875,12.850586824676,15.6007651161524,15.7444004828776
VisualCogB_Task-2,2,1,F3,0.55859375,14.9827722407161,17.8483515273671,17.8403992873248
VisualCogB_Task-2,2,1,F3,0.5625,17.1099939042868,20.0496350314317,19.8766057080499
VisualCogB_Task-2,2,1,F3,0.56640625,19.1743503858877,22.0020607530083,21.8135980090664
VisualCogB_Task-2,2,1,F3,0.5703125,21.1517626179281,23.8502378624621,23.62637356467
VisualCogB_Task-2,2,1,F3,0.57421875,23.0608125733623,25.5144499240847,25.305634977818
VisualCogB_Task-2,2,1,F3,0.578125,24.9348678310313,26.8116130605519,26.8607402096173
VisualCogB_Task-2,2,1,F3,0.58203125,26.7788217346005,28.124572432667,28.3184484666967
VisualCogB_Task-2,2,1,F3,0.5859375,28.5478917756968,29.7321473904327,29.7014250265964
VisualCogB_Task-2,2,1,F3,0.58984375,30.1691087571195,31.1610511685479,31.0161788306874
VisualCogB_Task-2,2,1,F3,0.59375,31.5921947821106,32.5069259368858,32.2717790173272
VisualCogB_Task-2,2,1,F3,0.59765625,32.8343698442732,33.5875145217246,33.4893674196947
VisualCogB_Task-2,2,1,F3,0.6015625,33.9885808973643,34.5628538689199,34.7096814475989
VisualCogB_Task-2,2,1,F3,0.60546875,35.1888152114534,35.6196708246318,35.9816374360178
VisualCogB_Task-2,2,1,F3,0.609375,36.5505446108966,37.0009471172769,37.3419160883731
VisualCogB_Task-2,2,1,F3,0.61328125,38.1167687950902,38.3692912360714,38.797034223804
VisualCogB_Task-2,2,1,F3,0.6171875,39.8370266596976,40.1954030644508,40.3250945805252
VisualCogB_Task-2,2,1,F3,0.62109375,41.589016212019,42.0467145223828,41.8685546477736
VisualCogB_Task-2,2,1,F3,0.625,43.2299074701558,43.756367594127,43.3590642884467
VisualCogB_Task-2,2,1,F3,0.62890625,44.6520534463088,45.2133153289902,44.7431200216591
VisualCogB_Task-2,2,1,F3,0.6328125,45.820281518899,46.3085322981484,46.0003269753324
VisualCogB_Task-2,2,1,F3,0.63671875,46.7776421897468,47.1173869570108,47.1494732196656
VisualCogB_Task-2,2,1,F3,0.640625,47.6178859055428,48.0363834300883,48.2350306017592
VisualCogB_Task-2,2,1,F3,0.64453125,48.4373416471708,49.1219350285926,49.2987971134921
VisualCogB_Task-2,2,1,F3,0.6484375,49.2922304447329,50.0928757903403,50.366016815771
VisualCogB_Task-2,2,1,F3,0.65234375,50.1860100019511,51.1814808849662,51.4471952624274
VisualCogB_Task-2,2,1,F3,0.65625,51.0891230106583,52.439664473652,52.5300762551736
VisualCogB_Task-2,2,1,F3,0.66015625,51.9681622264775,53.6889897003085,53.5802607309335
VisualCogB_Task-2,2,1,F3,0.6640625,52.7992486199321,54.9109037629964,54.5558153115042
VisualCogB_Task-2,2,1,F3,0.66796875,53.562625624559,55.8389193326062,55.4238673661306
VisualCogB_Task-2,2,1,F3,0.671875,54.2350916849775,56.3961289235607,56.1811349683487
VisualCogB_Task-2,2,1,F3,0.67578125,54.7950308449669,56.910381825195,56.8589238555674
VisualCogB_Task-2,2,1,F3,0.6796875,55.2400439798169,57.3220152877911,57.5064559281299
VisualCogB_Task-2,2,1,F3,0.68359375,55.6043740574818,57.8689239578357,58.1772412505151
VisualCogB_Task-2,2,1,F3,0.6875,55.9583772839499,58.518176503371,58.9094198338402
VisualCogB_Task-2,2,1,F3,0.69140625,56.379565169433,59.421321044894,59.7154385814992
VisualCogB_Task-2,2,1,F3,0.6953125,56.9056140985513,60.4071977799979,60.5751407860136
VisualCogB_Task-2,2,1,F3,0.69921875,57.5015047758183,61.5163389335963,61.4438599451878
VisualCogB_Task-2,2,1,F3,0.703125,58.07278412458,62.6348603813989,62.2629343063249
VisualCogB_Task-2,2,1,F3,0.70703125,58.5251241657856,63.3746148635595,62.9797420324287
VisualCogB_Task-2,2,1,F3,0.7109375,58.8298824567518,63.9909756912975,63.5726551260926
VisualCogB_Task-2,2,1,F3,0.71484375,59.045507283387,63.6906040621933,64.0529516591706
VisualCogB_Task-2,2,1,F3,0.71875,59.2766878152724,63.9750184838029,64.4667697506172
VisualCogB_Task-2,2,1,F3,0.72265625,59.5973163343525,64.5336624572439,64.8300518863057
VisualCogB_Task-2,2,1,F3,0.7265625,59.9859186240957,64.8555148340447,65.1177612798744
VisualCogB_Task-2,2,1,F3,0.73046875,60.3152428334384,65.4237784873178,65.2801620258734
VisualCogB_Task-2,2,1,F3,0.734375,60.4074182218495,65.6635093519309,65.245664348367
VisualCogB_Task-2,2,1,F3,0.73828125,60.1236681815178,65.5171198953337,64.954646509873
VisualCogB_Task-2,2,1,F3,0.7421875,59.4305391013149,64.5558982488215,64.3823071898729
VisualCogB_Task-2,2,1,F3,0.74609375,58.4019900013606,63.6187976058202,63.5507178499699
VisualCogB_Task-2,2,1,F3,0.75,57.1673183290212,62.5936489225951,62.4964158733463
VisualCogB_Task-2,2,1,F3,0.75390625,55.8502725501859,61.2502541455683,61.2616119561718
VisualCogB_Task-2,2,1,F3,0.7578125,54.5365150586817,59.7983945195334,59.8966195487203
VisualCogB_Task-2,2,1,F3,0.76171875,53.2756941203178,58.5027630671338,58.4508056170487
VisualCogB_Task-2,2,1,F3,0.765625,52.1027053334677,57.0321970073945,56.9653517081148
VisualCogB_Task-2,2,1,F3,0.76953125,51.0562701386452,55.4195878923184,55.4857691563836
VisualCogB_Task-2,2,1,F3,0.7734375,50.1759692735266,53.8752133988906,54.0631397379268
VisualCogB_Task-2,2,1,F3,0.77734375,49.4739201015729,52.3915489996275,52.7430301234773
VisualCogB_Task-2,2,1,F3,0.78125,48.9014857137649,51.2921466100407,51.5553464555148
VisualCogB_Task-2,2,1,F3,0.78515625,48.3440281930783,50.3811249788117,50.5007047828651
VisualCogB_Task-2,2,1,F3,0.7890625,47.6606549228683,49.5362134694333,49.5577878338976
VisualCogB_Task-2,2,1,F3,0.79296875,46.7521141977427,48.7049262727663,48.6953133533106
VisualCogB_Task-2,2,1,F3,0.796875,45.6167985682382,48.0865500468712,47.8802012220973
VisualCogB_Task-2,2,1,F3,0.80078125,44.3590355929653,47.2611720817264,47.0801723978718
VisualCogB_Task-2,2,1,F4,-0.19921875,-1.71177556160134,1.92207021302568,1.9232241448256
VisualCogB_Task-2,2,1,F4,-0.1953125,-1.510727885862,1.91766869983095,1.81883220829828
VisualCogB_Task-2,2,1,F4,-0.19140625,-1.32511681291365,1.49847136657706,1.71434411078763
VisualCogB_Task-2,2,1,F4,-0.1875,-1.17665893766795,1.54978368462695,1.61790006560471
VisualCogB_Task-2,2,1,F4,-0.18359375,-1.1178154984042,1.55168689202693,1.51965089070972
VisualCogB_Task-2,2,1,F4,-0.1796875,-1.20521965744096,1.59408406513954,1.40407103898134
VisualCogB_Task-2,2,1,F4,-0.17578125,-1.45513885080237,1.47164432179867,1.25830463007472
VisualCogB_Task-2,2,1,F4,-0.171875,-1.81233724807235,1.12364208916526,1.0853302024915
VisualCogB_Task-2,2,1,F4,-0.16796875,-2.15989094821978,0.787217388378918,0.905904602377012
VisualCogB_Task-2,2,1,F4,-0.1640625,-2.36890440493227,0.539824226874466,0.743977333099371
VisualCogB_Task-2,2,1,F4,-0.16015625,-2.35902198662527,0.400311601341547,0.613607296860198
VisualCogB_Task-2,2,1,F4,-0.15625,-2.13447640659789,0.487827109530568,0.51184063700904
VisualCogB_Task-2,2,1,F4,-0.15234375,-1.77609621670665,0.55196091816057,0.417948855602217
VisualCogB_Task-2,2,1,F4,-0.1484375,-1.39464749481475,0.571451953148978,0.309202327406181
VisualCogB_Task-2,2,1,F4,-0.14453125,-1.07291249587604,0.480912657150077,0.174039099067244
VisualCogB_Task-2,2,1,F4,-0.140625,-0.831387983693632,-0.135327769567534,0.0227513527102863
VisualCogB_Task-2,2,1,F4,-0.13671875,-0.636352348768724,-0.305368331840409,-0.108795933032911
VisualCogB_Task-2,2,1,F4,-0.1328125,-0.437879021807345,-0.317813564206752,-0.197911039720384
VisualCogB_Task-2,2,1,F4,-0.12890625,-0.207033615394516,-0.340669941971632,-0.238283282144128
VisualCogB_Task-2,2,1,F4,-0.125,0.0483613208838039,-0.198655742256143,-0.233593852136667
VisualCogB_Task-2,2,1,F4,-0.12109375,0.289743011634081,-0.161855310347268,-0.196056163182818
VisualCogB_Task-2,2,1,F4,-0.1171875,0.469076605488455,-0.0142965074715954,-0.134972119610689
VisualCogB_Task-2,2,1,F4,-0.11328125,0.559531441430897,0.0403219307936977,-0.0567935546787583
VisualCogB_Task-2,2,1,F4,-0.109375,0.581222860388524,-0.0441726314653956,0.0420839993660887
VisualCogB_Task-2,2,1,F4,-0.10546875,0.59943553391016,-0.0605653659851091,0.17335796739967
VisualCogB_Task-2,2,1,F4,-0.1015625,0.688084534188179,0.145627422934691,0.341537721728513
VisualCogB_Task-2,2,1,F4,-0.09765625,0.883112058137129,0.494811198372561,0.531639023543748
VisualCogB_Task-2,2,1,F4,-0.09375,1.16217496962893,0.732771268506969,0.712351775803686
VisualCogB_Task-2,2,1,F4,-0.08984375,1.46233208099018,0.96095328729252,0.849296896035706
VisualCogB_Task-2,2,1,F4,-0.0859375,1.71475070341244,0.980518916506607,0.909796926159127
VisualCogB_Task-2,2,1,F4,-0.08203125,1.86849541953152,1.01856922613403,0.870479107364669
VisualCogB_Task-2,2,1,F4,-0.078125,1.89316047944046,0.877515046824537,0.713864180038677
VisualCogB_Task-2,2,1,F4,-0.07421875,1.76907364909752,0.662968621437748,0.434813727798273
VisualCogB_Task-2,2,1,F4,-0.0703125,1.48109863141662,0.236228146105919,0.0418269064927367
VisualCogB_Task-2,2,1,F4,-0.06640625,1.02723831909962,-0.298469408727713,-0.437584220225363
VisualCogB_Task-2,2,1,F4,-0.0625,0.437777590694287,-0.875709731178621,-0.959707485402361
VisualCogB_Task-2,2,1,F4,-0.05859375,-0.213868685801078,-1.67406449782629,-1.46923782112645
VisualCogB_Task-2,2,1,F4,-0.0546875,-0.821901114106063,-2.14793481595682,-1.90387034663386
VisualCogB_Task-2,2,1,F4,-0.05078125,-1.27169002742837,-2.53566854431697,-2.21836907088579
VisualCogB_Task-2,2,1,F4,-0.046875,-1.45963512650134,-2.69410021602808,-2.38783670862035
VisualCogB_Task-2,2,1,F4,-0.04296875,-1.31085275972378,-2.49836553965219,-2.41381759736161
VisualCogB_Task-2,2,1,F4,-0.0390625,-0.807515318769025,-2.44257611382211,-2.32337803358424
VisualCogB_Task-2,2,1,F4,-0.03515625,-0.0198489287394185,-2.37983206779424,-2.15062997562049
VisualCogB_Task-2,2,1,F4,-0.03125,0.892119089538385,-1.8582387448322,-1.93961855515576
VisualCogB_Task-2,2,1,F4,-0.02734375,1.7239787702329,-1.38973675600959,-1.75348907822326
VisualCogB_Task-2,2,1,F4,-0.0234375,2.29868555776239,-1.1654407933273,-1.6486051999959
VisualCogB_Task-2,2,1,F4,-0.01953125,2.52683334620804,-1.18723995887637,-1.65101788212878
VisualCogB_Task-2,2,1,F4,-0.015625,2.43346346985358,-1.51190077683119,-1.7465143857213
VisualCogB_Task-2,2,1,F4,-0.01171875,2.14880347504704,-2.08873032442878,-1.8822338116018
VisualCogB_Task-2,2,1,F4,-0.0078125,1.86608823942247,-2.50016849820019,-1.98576412652448
VisualCogB_Task-2,2,1,F4,-0.00390625,1.77406417983312,-2.31513480251444,-2.0019013399791
VisualCogB_Task-2,2,1,F4,0,1.9846451549743,-2.32801248026728,-1.91830849242839
VisualCogB_Task-2,2,1,F4,0.00390625,2.48578530988283,-2.05812466664457,-1.7487514128797
VisualCogB_Task-2,2,1,F4,0.0078125,3.14205162261394,-1.62852783740138,-1.54113792932696
VisualCogB_Task-2,2,1,F4,0.01171875,3.74404868048108,-0.937536650127495,-1.3691569742445
VisualCogB_Task-2,2,1,F4,0.015625,4.08687012450597,-0.355583158578289,-1.31377997244619
VisualCogB_Task-2,2,1,F4,0.01953125,4.04644637723265,-0.789226261003739,-1.4200099884028
VisualCogB_Task-2,2,1,F4,0.0234375,3.62310367872356,-1.80676509480823,-1.65300035209613
VisualCogB_Task-2,2,1,F4,0.02734375,2.93441629348158,-2.11713818522638,-1.92533908289138
VisualCogB_Task-2,2,1,F4,0.03125,2.16227627781453,-2.77458228904228,-2.16242792871309
VisualCogB_Task-2,2,1,F4,0.03515625,1.48094271319765,-2.82105112567952,-2.30565189601371
VisualCogB_Task-2,2,1,F4,0.0390625,0.999108975969566,-2.48306642812324,-2.34740885460647
VisualCogB_Task-2,2,1,F4,0.04296875,0.73695744220233,-2.28128275580716,-2.32304661011008
VisualCogB_Task-2,2,1,F4,0.046875,0.640452632503997,-2.22651966488346,-2.27921776593629
VisualCogB_Task-2,2,1,F4,0.05078125,0.620727537502377,-2.20377278209486,-2.25909460430498
VisualCogB_Task-2,2,1,F4,0.0546875,0.597832097402923,-2.11734896921801,-2.30145789901493
VisualCogB_Task-2,2,1,F4,0.05859375,0.526743364449829,-2.12240589225627,-2.44047827201409
VisualCogB_Task-2,2,1,F4,0.0625,0.395077279314534,-2.51453352613683,-2.69498393443399
VisualCogB_Task-2,2,1,F4,0.06640625,0.202706602780868,-2.98794661272549,-3.05729706575968
VisualCogB_Task-2,2,1,F4,0.0703125,-0.0548053187935777,-3.53511288101471,-3.50470231145144
VisualCogB_Task-2,2,1,F4,0.07421875,-0.386310413247095,-4.14115589680208,-4.00870511255004
VisualCogB_Task-2,2,1,F4,0.078125,-0.79433641914241,-4.76897930022343,-4.54334512422652
VisualCogB_Task-2,2,1,F4,0.08203125,-1.26635131318442,-5.28626176538636,-5.09369956700625
VisualCogB_Task-2,2,1,F4,0.0859375,-1.77500661955131,-5.40615500768917,-5.66364850941436
VisualCogB_Task-2,2,1,F4,0.08984375,-2.28731349652544,-6.31529370625674,-6.27311886984095
VisualCogB_Task-2,2,1,F4,0.09375,-2.77838092564271,-6.56767889399617,-6.92057977486574
VisualCogB_Task-2,2,1,F4,0.09765625,-3.24017772220207,-7.26861048957656,-7.60801492076972
VisualCogB_Task-2,2,1,F4,0.1015625,-3.67552142853544,-8.36964792360043,-8.30799959709478
VisualCogB_Task-2,2,1,F4,0.10546875,-4.08012834239108,-9.18140972075975,-8.96482539078334
VisualCogB_Task-2,2,1,F4,0.109375,-4.4301627795003,-9.77429237676528,-9.52792124931999
VisualCogB_Task-2,2,1,F4,0.11328125,-4.68916140678552,-10.2190055052742,-9.96476481435402
VisualCogB_Task-2,2,1,F4,0.1171875,-4.82909289743814,-10.5555521329546,-10.2633646548218
VisualCogB_Task-2,2,1,F4,0.12109375,-4.84958854848479,-10.5332832378316,-10.4329160639031
VisualCogB_Task-2,2,1,F4,0.125,-4.78599359642629,-10.7209531560241,-10.5069632912886
VisualCogB_Task-2,2,1,F4,0.12890625,-4.7054555706677,-10.2034552531669,-10.5274145178299
VisualCogB_Task-2,2,1,F4,0.1328125,-4.69113846055751,-10.3741190538073,-10.5540104131064
VisualCogB_Task-2,2,1,F4,0.13671875,-4.81634954141611,-10.4164758737159,-10.6194950413091
VisualCogB_Task-2,2,1,F4,0.140625,-5.11770951132688,-10.548618731406,-10.7416215200204
VisualCogB_Task-2,2,1,F4,0.14453125,-5.57967899485657,-10.759875791291,-10.921224702857
VisualCogB_Task-2,2,1,F4,0.1484375,-6.13519248135964,-11.1760708392426,-11.1430558777175
VisualCogB_Task-2,2,1,F4,0.15234375,-6.67867906292744,-11.4153691356779,-11.3784205898699
VisualCogB_Task-2,2,1,F4,0.15625,-7.08931473315385,-11.5495132991733,-11.6013756313762
VisualCogB_Task-2,2,1,F4,0.16015625,-7.26621334365004,-11.9760187530041,-11.7890568397823
VisualCogB_Task-2,2,1,F4,0.1640625,-7.16893847222367,-12.2804918042134,-11.9142781916172
VisualCogB_Task-2,2,1,F4,0.16796875,-6.84301669656627,-12.2932227915614,-11.9654338228449
VisualCogB_Task-2,2,1,F4,0.171875,-6.41285842450198,-12.184374662183,-11.9614356704793
VisualCogB_Task-2,2,1,F4,0.17578125,-6.04492014709824,-11.752243318766,-11.9485114189273
VisualCogB_Task-2,2,1,F4,0.1796875,-5.8982328195676,-11.498373042687,-11.9914670019043
VisualCogB_Task-2,2,1,F4,0.18359375,-6.07560152070371,-11.792283470365,-12.1387526781123
VisualCogB_Task-2,2,1,F4,0.1875,-6.5837721177301,-12.0094324976386,-12.3977275429854
VisualCogB_Task-2,2,1,F4,0.19140625,-7.31795480627169,-12.5121327707139,-12.7468782579784
VisualCogB_Task-2,2,1,F4,0.1953125,-8.08890190943158,-13.2568857741359,-13.1323335641009
VisualCogB_Task-2,2,1,F4,0.19921875,-8.69064673175043,-13.8045367685523,-13.4806600784234
VisualCogB_Task-2,2,1,F4,0.203125,-8.97851893267612,-14.2996110958499,-13.7288037688529
VisualCogB_Task-2,2,1,F4,0.20703125,-8.92046235337287,-14.2591419678268,-13.8407003274739
VisualCogB_Task-2,2,1,F4,0.2109375,-8.60375882601415,-13.8981630241798,-13.8278527236204
VisualCogB_Task-2,2,1,F4,0.21484375,-8.20043515764126,-13.6121089189704,-13.7366340633225
VisualCogB_Task-2,2,1,F4,0.21875,-7.90376513699621,-13.3619861172922,-13.6192766443238
VisualCogB_Task-2,2,1,F4,0.22265625,-7.85350482366455,-12.929422979843,-13.517635669005
VisualCogB_Task-2,2,1,F4,0.2265625,-8.07535681234887,-13.0678393854053,-13.4521254624943
VisualCogB_Task-2,2,1,F4,0.23046875,-8.46253824712011,-13.4687899483371,-13.394142625823
VisualCogB_Task-2,2,1,F4,0.234375,-8.81495668672473,-13.6952884247808,-13.2830599202649
VisualCogB_Task-2,2,1,F4,0.23828125,-8.92586100590919,-13.5025412607109,-13.0644707173034
VisualCogB_Task-2,2,1,F4,0.2421875,-8.67913479211701,-13.2638136209699,-12.7183207637984
VisualCogB_Task-2,2,1,F4,0.24609375,-8.10938245517614,-12.7003236052017,-12.2610616852267
VisualCogB_Task-2,2,1,F4,0.25,-7.39201933506009,-11.6311428904062,-11.754602845163
VisualCogB_Task-2,2,1,F4,0.25390625,-6.76709701644239,-10.7644318083068,-11.2974587671798
VisualCogB_Task-2,2,1,F4,0.2578125,-6.43764725053391,-10.2273559230951,-10.9778556452866
VisualCogB_Task-2,2,1,F4,0.26171875,-6.49377431474088,-10.1937414725773,-10.8396007602535
VisualCogB_Task-2,2,1,F4,0.265625,-6.88985959225084,-10.5419628115671,-10.8639597493346
VisualCogB_Task-2,2,1,F4,0.26953125,-7.46929403359653,-11.0025267705594,-10.9783766424776
VisualCogB_Task-2,2,1,F4,0.2734375,-8.01753793080025,-11.5624421073929,-11.083462391483
VisualCogB_Task-2,2,1,F4,0.27734375,-8.32704149794404,-11.8167559140114,-11.0818404588247
VisualCogB_Task-2,2,1,F4,0.28125,-8.25828240106042,-11.5925725905527,-10.9160492833024
VisualCogB_Task-2,2,1,F4,0.28515625,-7.78021402406111,-11.0455940707183,-10.5898702583149
VisualCogB_Task-2,2,1,F4,0.2890625,-6.98083267601819,-10.2081809442234,-10.1634617195315
VisualCogB_Task-2,2,1,F4,0.29296875,-6.0481522435467,-9.22200513398931,-9.73495898698881
VisualCogB_Task-2,2,1,F4,0.296875,-5.22267475485752,-8.80680401725221,-9.40622398278088
VisualCogB_Task-2,2,1,F4,0.30078125,-4.72314136738904,-8.62182373423354,-9.23637247458518
VisualCogB_Task-2,2,1,F4,0.3046875,-4.66319784088967,-8.82643190185354,-9.23456856628515
VisualCogB_Task-2,2,1,F4,0.30859375,-4.9983679844766,-9.28811274827284,-9.35876396673489
VisualCogB_Task-2,2,1,F4,0.3125,-5.54063227396715,-9.79539389774541,-9.53289899608588
VisualCogB_Task-2,2,1,F4,0.31640625,-6.0413241797734,-10.1626276634327,-9.67502637295111
VisualCogB_Task-2,2,1,F4,0.3203125,-6.30037876147265,-10.2373488618509,-9.72507339108182
VisualCogB_Task-2,2,1,F4,0.32421875,-6.24648793268825,-10.0176939890579,-9.66360078510275
VisualCogB_Task-2,2,1,F4,0.328125,-5.95203219538993,-9.5739176312806,-9.51385891220271
VisualCogB_Task-2,2,1,F4,0.33203125,-5.57975706850297,-9.15969769017471,-9.32860589656676
VisualCogB_Task-2,2,1,F4,0.3359375,-5.29114236620206,-8.80899035222731,-9.16560475563645
VisualCogB_Task-2,2,1,F4,0.33984375,-5.16750259554969,-8.77636747354592,-9.06854282298734
VisualCogB_Task-2,2,1,F4,0.34375,-5.1870870831253,-8.95191057678913,-9.05138956524421
VisualCogB_Task-2,2,1,F4,0.34765625,-5.26408298624851,-9.23635866478442,-9.10376650324506
VisualCogB_Task-2,2,1,F4,0.3515625,-5.3164306326389,-9.40712792395799,-9.20700524212328
VisualCogB_Task-2,2,1,F4,0.35546875,-5.31824298703682,-9.48884542496116,-9.35348673380722
VisualCogB_Task-2,2,1,F4,0.359375,-5.31115588085895,-9.57830256381042,-9.55226882037813
VisualCogB_Task-2,2,1,F4,0.36328125,-5.37676631025787,-9.68611404462752,-9.82368923484672
VisualCogB_Task-2,2,1,F4,0.3671875,-5.59102223382164,-9.89659510986194,-10.1902551888431
VisualCogB_Task-2,2,1,F4,0.37109375,-5.98599005446621,-10.3285614452408,-10.6630092948124
VisualCogB_Task-2,2,1,F4,0.375,-6.53733858147571,-11.0904860783133,-11.2285224919513
VisualCogB_Task-2,2,1,F4,0.37890625,-7.1801656525613,-11.9139679476556,-11.8454950653255
VisualCogB_Task-2,2,1,F4,0.3828125,-7.83857874168809,-12.7546104383752,-12.4611242655311
VisualCogB_Task-2,2,1,F4,0.38671875,-8.44926613649304,-13.403753155023,-13.0283134166913
VisualCogB_Task-2,2,1,F4,0.390625,-8.97167847210302,-13.8098621153314,-13.5244230239999
VisualCogB_Task-2,2,1,F4,0.39453125,-9.39238969321984,-13.9626353040811,-13.9581002375118
VisualCogB_Task-2,2,1,F4,0.3984375,-9.73032680158187,-14.3807001009837,-14.3617787982258
VisualCogB_Task-2,2,1,F4,0.40234375,-10.0368347912449,-14.489714138153,-14.768270369355
VisualCogB_Task-2,2,1,F4,0.40625,-10.3798012699189,-14.7264889878266,-15.2119633893425
VisualCogB_Task-2,2,1,F4,0.41015625,-10.8118452609046,-15.3000811548668,-15.7040332773644
VisualCogB_Task-2,2,1,F4,0.4140625,-11.3372114536908,-16.015879738687,-16.2151992524703
VisualCogB_Task-2,2,1,F4,0.41796875,-11.8970829701697,-16.9153235787913,-16.6825178568353
VisualCogB_Task-2,2,1,F4,0.421875,-12.3851966267279,-17.4696479119777,-17.0264356731524
VisualCogB_Task-2,2,1,F4,0.42578125,-12.6895642641493,-17.6748847404373,-17.1867997609442
VisualCogB_Task-2,2,1,F4,0.4296875,-12.740621219845,-17.5008733019914,-17.1403915329689
VisualCogB_Task-2,2,1,F4,0.43359375,-12.5409508854084,-17.1454655919789,-16.9046661502758
VisualCogB_Task-2,2,1,F4,0.4375,-12.1615010119758,-16.5071797088882,-16.5271189213325
VisualCogB_Task-2,2,1,F4,0.44140625,-11.7087251345146,-15.8251017382806,-16.0753117747487
VisualCogB_Task-2,2,1,F4,0.4453125,-11.2826667013523,-15.2687797347247,-15.6151450380971
VisualCogB_Task-2,2,1,F4,0.44921875,-10.9463671277499,-14.8943816130196,-15.191668202578
VisualCogB_Task-2,2,1,F4,0.453125,-10.7160054390217,-14.6284054953731,-14.8210669841107
VisualCogB_Task-2,2,1,F4,0.45703125,-10.5712392513653,-14.3992494978968,-14.4947532161512
VisualCogB_Task-2,2,1,F4,0.4609375,-10.4781584427551,-14.2463790593843,-14.1880836080941
VisualCogB_Task-2,2,1,F4,0.46484375,-10.4090546854751,-13.9305087452518,-13.868456226146
VisualCogB_Task-2,2,1,F4,0.46875,-10.3423318257306,-13.5915276072287,-13.508127090788
VisualCogB_Task-2,2,1,F4,0.47265625,-10.2425302735918,-13.1200669403606,-13.0845232657597
VisualCogB_Task-2,2,1,F4,0.4765625,-10.0425699577677,-12.7733985420164,-12.5820218578376
VisualCogB_Task-2,2,1,F4,0.48046875,-9.65320132526118,-12.2004997083912,-11.9879619466814
VisualCogB_Task-2,2,1,F4,0.484375,-9.00256795188703,-11.3625757928485,-11.305630668966
VisualCogB_Task-2,2,1,F4,0.48828125,-8.08248715113269,-10.3374086452476,-10.5560266415086
VisualCogB_Task-2,2,1,F4,0.4921875,-6.96955762247753,-9.24851802182122,-9.7648939081166
VisualCogB_Task-2,2,1,F4,0.49609375,-5.80105810193141,-8.64028955232631,-8.93975834624231
VisualCogB_Task-2,2,1,F4,0.5,-4.70944719826903,-8.05559660593993,-8.04511450948013
VisualCogB_Task-2,2,1,F4,0.50390625,-3.74662289571427,-6.87577323568658,-7.02050121859814
VisualCogB_Task-2,2,1,F4,0.5078125,-2.84367208782203,-5.75279665734299,-5.80633080240268
VisualCogB_Task-2,2,1,F4,0.51171875,-1.83493988213962,-4.62646197910375,-4.33095492445749
VisualCogB_Task-2,2,1,F4,0.515625,-0.533403094580186,-3.15068423486786,-2.51826406957135
VisualCogB_Task-2,2,1,F4,0.51953125,1.18816124196883,-1.21704715864499,-0.316774310440194
VisualCogB_Task-2,2,1,F4,0.5234375,3.35279637825758,1.96779172956173,2.27229659979865
VisualCogB_Task-2,2,1,F4,0.52734375,5.88422247855724,5.07523874814876,5.17270817065746
VisualCogB_Task-2,2,1,F4,0.53125,8.64502111894775,8.34782935306851,8.28284450579542
VisualCogB_Task-2,2,1,F4,0.53515625,11.4844345009465,11.8116418857633,11.492967256996
VisualCogB_Task-2,2,1,F4,0.5390625,14.2796530318783,15.2315281023914,14.6987534799822
VisualCogB_Task-2,2,1,F4,0.54296875,16.962963374166,18.367415133313,17.8224364495406
VisualCogB_Task-2,2,1,F4,0.546875,19.5315618819904,21.143694355223,20.8306473256591
VisualCogB_Task-2,2,1,F4,0.55078125,22.0395902412483,23.755899312847,23.7354321586394
VisualCogB_Task-2,2,1,F4,0.5546875,24.573341253284,26.2188628079594,26.5749242512472
VisualCogB_Task-2,2,1,F4,0.55859375,27.2129575886009,29.0375047842237,29.3889625024321
VisualCogB_Task-2,2,1,F4,0.5625,29.9930314831065,32.1208597625165,32.1877140242031
VisualCogB_Task-2,2,1,F4,0.56640625,32.8841307945464,34.9585848477651,34.9520577853849
VisualCogB_Task-2,2,1,F4,0.5703125,35.8089047084624,38.0474743382591,37.6573015663286
VisualCogB_Task-2,2,1,F4,0.57421875,38.6798727131063,40.359883218442,40.2792970692502
VisualCogB_Task-2,2,1,F4,0.578125,41.4301685347024,42.9728026748632,42.8264103940264
VisualCogB_Task-2,2,1,F4,0.58203125,44.0223749563073,45.1318184693521,45.3137231529668
VisualCogB_Task-2,2,1,F4,0.5859375,46.4449645187515,47.8269143465298,47.7685163151172
VisualCogB_Task-2,2,1,F4,0.58984375,48.7120208986344,50.3151434747471,50.2029121258889
VisualCogB_Task-2,2,1,F4,0.59375,50.8683581869071,52.6565441323082,52.6338993333108
VisualCogB_Task-2,2,1,F4,0.59765625,52.9887641144204,54.9170017544282,55.0878192978169
VisualCogB_Task-2,2,1,F4,0.6015625,55.1608165258021,57.3028643259975,57.592900446424
VisualCogB_Task-2,2,1,F4,0.60546875,57.4528790283207,59.860995256608,60.1631364108668
VisualCogB_Task-2,2,1,F4,0.609375,59.8819249806809,62.5879688120533,62.7883511461775
VisualCogB_Task-2,2,1,F4,0.61328125,62.4010021602302,65.4173415010775,65.4331901778669
VisualCogB_Task-2,2,1,F4,0.6171875,64.917922840949,68.2314962327647,68.0456005036021
VisualCogB_Task-2,2,1,F4,0.62109375,67.3365419336486,70.8966294592256,70.5722083979843
VisualCogB_Task-2,2,1,F4,0.625,69.5949859379075,73.2803565588351,72.9751314463782
VisualCogB_Task-2,2,1,F4,0.62890625,71.6796785348438,75.3971802972709,75.2435223225855
VisualCogB_Task-2,2,1,F4,0.6328125,73.6162954005256,77.413888477581,77.3919691264458
VisualCogB_Task-2,2,1,F4,0.63671875,75.4534391231021,79.3284949932172,79.4478647890223
VisualCogB_Task-2,2,1,F4,0.640625,77.2479560654208,81.1360239277743,81.4404288539731
VisualCogB_Task-2,2,1,F4,0.64453125,79.0483818113432,83.3391046965734,83.3889333819724
VisualCogB_Task-2,2,1,F4,0.6484375,80.8749205925005,85.0063050977706,85.2872833565111
VisualCogB_Task-2,2,1,F4,0.65234375,82.7052814310628,86.903468009837,87.1252313706301
VisualCogB_Task-2,2,1,F4,0.65625,84.4772372125494,88.6956982866244,88.8691151624754
VisualCogB_Task-2,2,1,F4,0.66015625,86.1084036289179,90.5712935377053,90.4667921901268
VisualCogB_Task-2,2,1,F4,0.6640625,87.5241021888146,92.4083398040106,91.8516685053432
VisualCogB_Task-2,2,1,F4,0.66796875,88.6822058888811,93.4944926694786,92.965858605515
VisualCogB_Task-2,2,1,F4,0.671875,89.5860319694283,94.2278956817306,93.7978662629213
VisualCogB_Task-2,2,1,F4,0.67578125,90.2805808670554,94.780434879738,94.3802480885053
VisualCogB_Task-2,2,1,F4,0.6796875,90.8354332912772,94.5419780734702,94.7813964781103
VisualCogB_Task-2,2,1,F4,0.68359375,91.3245338875477,94.6621838053873,95.1030527268495
VisualCogB_Task-2,2,1,F4,0.6875,91.8098364857083,94.9794632316638,95.4270065961159
VisualCogB_Task-2,2,1,F4,0.69140625,92.3265697466441,95.2281294147851,95.7983087705138
VisualCogB_Task-2,2,1,F4,0.6953125,92.8688008392631,96.0636056432137,96.2247146542767
VisualCogB_Task-2,2,1,F4,0.69921875,93.3866723461092,96.9212539725487,96.6664647053271
VisualCogB_Task-2,2,1,F4,0.703125,93.8103578975937,97.64295812514,97.070373630666
VisualCogB_Task-2,2,1,F4,0.70703125,94.096718499589,97.7756290474862,97.404488576229
VisualCogB_Task-2,2,1,F4,0.7109375,94.2702940291213,97.7934204175524,97.6845720624915
VisualCogB_Task-2,2,1,F4,0.71484375,94.428775689827,97.595551992654,97.9573149825336
VisualCogB_Task-2,2,1,F4,0.71875,94.7061659907243,97.7182799468481,98.2784789256903
VisualCogB_Task-2,2,1,F4,0.72265625,95.2104893421277,98.069239595018,98.6736785654734
VisualCogB_Task-2,2,1,F4,0.7265625,95.9623504964659,98.7250413362733,99.1218453271577
VisualCogB_Task-2,2,1,F4,0.73046875,96.8616427737176,99.5028624948831,99.5515407218134
VisualCogB_Task-2,2,1,F4,0.734375,97.7041202255386,100.145880693853,99.8582592612704
VisualCogB_Task-2,2,1,F4,0.73828125,98.2480550551684,100.495648144161,99.9334389384476
VisualCogB_Task-2,2,1,F4,0.7421875,98.3001878996795,100.128127418744,99.6924861989791
VisualCogB_Task-2,2,1,F4,0.74609375,97.7775085053082,99.573790506585,99.0976582556419
VisualCogB_Task-2,2,1,F4,0.75,96.7204385986424,98.5671300481027,98.1475157561931
VisualCogB_Task-2,2,1,F4,0.75390625,95.2631767807184,96.9957297751841,96.8802970359687
VisualCogB_Task-2,2,1,F4,0.7578125,93.5832478050954,95.4105156061863,95.3692082879635
VisualCogB_Task-2,2,1,F4,0.76171875,91.8525927337223,93.6298961147088,93.6970751001071
VisualCogB_Task-2,2,1,F4,0.765625,90.20502391823,91.8679388571189,91.9501653368476
VisualCogB_Task-2,2,1,F4,0.76953125,88.7221660358601,89.7674504726093,90.2091486138499
VisualCogB_Task-2,2,1,F4,0.7734375,87.4292236163357,88.2579545539856,88.5478423401348
VisualCogB_Task-2,2,1,F4,0.77734375,86.2959999148842,86.593993016875,87.0032557462863
VisualCogB_Task-2,2,1,F4,0.78125,85.2524651860621,85.5987285048532,85.5882407473762
VisualCogB_Task-2,2,1,F4,0.78515625,84.2268007522908,84.3760499052925,84.281544031025
VisualCogB_Task-2,2,1,F4,0.7890625,83.1905413061834,83.0569518160057,83.0627862646432
VisualCogB_Task-2,2,1,F4,0.79296875,82.179137992192,81.6926041782832,81.9194636051634
VisualCogB_Task-2,2,1,F4,0.796875,81.2710452973511,80.8547252727379,80.8385860054653
VisualCogB_Task-2,2,1,F4,0.80078125,80.538376470148,80.1548591912415,79.7882584661883
