record,task,cueDir,timeSec,commonMode,midlineContrast,lateralContrast
VisualCogA_Task-1,1,-1,-0.19921875,1.24051313217271,-1.30560743310139,1.65692535929014
VisualCogA_Task-1,1,-1,-0.1953125,0.966593756974371,-1.11329293767105,1.28680230145506
VisualCogA_Task-1,1,-1,-0.19140625,0.700166379291194,-0.927562873829479,0.937735913258577
VisualCogA_Task-1,1,-1,-0.1875,0.456910213453316,-0.762124370587078,0.64940921876196
VisualCogA_Task-1,1,-1,-0.18359375,0.263010521862114,-0.63859454591424,0.458769603770747
VisualCogA_Task-1,1,-1,-0.1796875,0.139785809803496,-0.582935380558859,0.368014134845781
VisualCogA_Task-1,1,-1,-0.17578125,0.101810310372595,-0.601669536441743,0.34793665630012
VisualCogA_Task-1,1,-1,-0.171875,0.156365940075199,-0.683348266171014,0.351495959211167
VisualCogA_Task-1,1,-1,-0.16796875,0.298811406719164,-0.802594966005171,0.329701181977542
VisualCogA_Task-1,1,-1,-0.1640625,0.502571222312476,-0.925333046905217,0.252742931838366
VisualCogA_Task-1,1,-1,-0.16015625,0.72284813763789,-1.02652554090588,0.102491286397769
VisualCogA_Task-1,1,-1,-0.15625,0.904865519004248,-1.08757639489587,-0.106046657153645
VisualCogA_Task-1,1,-1,-0.15234375,1.00389116241107,-1.10208586996703,-0.331427060899441
VisualCogA_Task-1,1,-1,-0.1484375,1.00363283918473,-1.07560094665022,-0.529662695207749
VisualCogA_Task-1,1,-1,-0.14453125,0.915151931125705,-1.02324726327537,-0.668034875030142
VisualCogA_Task-1,1,-1,-0.140625,0.768003608715803,-0.959893021964239,-0.729783679337858
VisualCogA_Task-1,1,-1,-0.13671875,0.599221006226146,-0.901884746311286,-0.710623159980753
VisualCogA_Task-1,1,-1,-0.1328125,0.440152026848582,-0.861200932036818,-0.623765126335524
VisualCogA_Task-1,1,-1,-0.12890625,0.310192441114402,-0.840156972005495,-0.492120513115802
VisualCogA_Task-1,1,-1,-0.125,0.216418431371756,-0.83275616450989,-0.330601344519392
VisualCogA_Task-1,1,-1,-0.12109375,0.159333325539493,-0.826207544781242,-0.147044236891724
VisualCogA_Task-1,1,-1,-0.1171875,0.145916443367269,-0.804921597899993,0.0527493716293165
VisualCogA_Task-1,1,-1,-0.11328125,0.186947932659218,-0.754216011827397,0.240296873071378
VisualCogA_Task-1,1,-1,-0.109375,0.278260089773965,-0.662609339801632,0.383950088161832
VisualCogA_Task-1,1,-1,-0.10546875,0.398580455430642,-0.510847638822491,0.475052883867085
VisualCogA_Task-1,1,-1,-0.1015625,0.51601211950018,-0.30293144713505,0.533394225398077
VisualCogA_Task-1,1,-1,-0.09765625,0.600462725037389,-0.0639425715209835,0.573692931224704
VisualCogA_Task-1,1,-1,-0.09375,0.628837006252698,0.182173937692956,0.576692112999075
VisualCogA_Task-1,1,-1,-0.08984375,0.591945634389418,0.421270570418014,0.500854543248868
VisualCogA_Task-1,1,-1,-0.0859375,0.501580024075558,0.634055969958782,0.344794155607788
VisualCogA_Task-1,1,-1,-0.08203125,0.378590810358289,0.803290027346276,0.151902684998599
VisualCogA_Task-1,1,-1,-0.078125,0.247687482566311,0.921177581490832,-0.00621743326485127
VisualCogA_Task-1,1,-1,-0.07421875,0.133609858731721,0.986149297059399,-0.0694159876669352
VisualCogA_Task-1,1,-1,-0.0703125,0.0571627996204621,1.00913604016364,-0.0141772134147922
VisualCogA_Task-1,1,-1,-0.06640625,0.022855236502556,1.01292712437211,0.143210820282088
VisualCogA_Task-1,1,-1,-0.0625,0.016413036335485,1.02486413663096,0.355766816962285
VisualCogA_Task-1,1,-1,-0.05859375,0.00806276730923465,1.06425272696771,0.566462698034136
VisualCogA_Task-1,1,-1,-0.0546875,-0.034129864842376,1.13576126608619,0.729726422521424
VisualCogA_Task-1,1,-1,-0.05078125,-0.13606816410518,1.23416377758611,0.82600801633194
VisualCogA_Task-1,1,-1,-0.046875,-0.308324684355665,1.33620690923656,0.851300252630029
VisualCogA_Task-1,1,-1,-0.04296875,-0.537728470693564,1.41641909402916,0.79971974815591
VisualCogA_Task-1,1,-1,-0.0390625,-0.791501095993119,1.46151947016357,0.664403802560239
VisualCogA_Task-1,1,-1,-0.03515625,-1.02904880907591,1.47114511137689,0.451366228027226
VisualCogA_Task-1,1,-1,-0.03125,-1.21356202378757,1.45596804634858,0.190875028935299
VisualCogA_Task-1,1,-1,-0.02734375,-1.3219862691259,1.43157646797049,-0.0847301809737624
VisualCogA_Task-1,1,-1,-0.0234375,-1.35224025467857,1.40996941025244,-0.346275925529605
VisualCogA_Task-1,1,-1,-0.01953125,-1.32941614676841,1.4016510598454,-0.560199701745125
VisualCogA_Task-1,1,-1,-0.015625,-1.2932195129853,1.4094028890655,-0.685408453220942
VisualCogA_Task-1,1,-1,-0.01171875,-1.28253054891177,1.43042871252647,-0.689701667758418
VisualCogA_Task-1,1,-1,-0.0078125,-1.31748641544066,1.46214518365978,-0.572882330286922
VisualCogA_Task-1,1,-1,-0.00390625,-1.39634612801185,1.50825923780612,-0.36911503917012
VisualCogA_Task-1,1,-1,0,-1.49961755747834,1.57590594400693,-0.138617912507488
VisualCogA_Task-1,1,-1,0.00390625,-1.59685008230098,1.66933778581061,0.0579978737581985
VisualCogA_Task-1,1,-1,0.0078125,-1.65897714781266,1.78510135264975,0.18289752185913
VisualCogA_Task-1,1,-1,0.01171875,-1.66885245360532,1.91101726874139,0.222459868184348
VisualCogA_Task-1,1,-1,0.015625,-1.62963109968577,2.0289419370936,0.190360034075581
VisualCogA_Task-1,1,-1,0.01953125,-1.56948518379129,2.12016977697322,0.116481454067738
VisualCogA_Task-1,1,-1,0.0234375,-1.53126408227597,2.16646873249854,0.0496976865244103
VisualCogA_Task-1,1,-1,0.02734375,-1.55595905361214,2.1643220715078,0.0388925042710544
VisualCogA_Task-1,1,-1,0.03125,-1.67015568904181,2.13213622350099,0.126866650504226
VisualCogA_Task-1,1,-1,0.03515625,-1.87616374367428,2.09856267444917,0.322980477797258
VisualCogA_Task-1,1,-1,0.0390625,-2.14773270996346,2.08620531720392,0.599253132030766
VisualCogA_Task-1,1,-1,0.04296875,-2.43154445769774,2.10852005883043,0.894463574238809
VisualCogA_Task-1,1,-1,0.046875,-2.66163656904571,2.175724580206,1.15419895372615
VisualCogA_Task-1,1,-1,0.05078125,-2.78234327210531,2.29844793325264,1.35391101301509
VisualCogA_Task-1,1,-1,0.0546875,-2.76656223019463,2.47525713094877,1.5087365194896
VisualCogA_Task-1,1,-1,0.05859375,-2.62050270755054,2.68716159819816,1.62910391459749
VisualCogA_Task-1,1,-1,0.0625,-2.3906791462058,2.91562456001712,1.69882965332111
VisualCogA_Task-1,1,-1,0.06640625,-2.14716731225996,3.14332862489339,1.69916566319647
VisualCogA_Task-1,1,-1,0.0703125,-1.95913603881724,3.35885605178929,1.59230667514478
VisualCogA_Task-1,1,-1,0.07421875,-1.86974738623004,3.56021695025186,1.35953271687898
VisualCogA_Task-1,1,-1,0.078125,-1.8823587456475,3.7505407882989,1.01908620221466
VisualCogA_Task-1,1,-1,0.08203125,-1.97035669223016,3.92418401648623,0.615423283902575
VisualCogA_Task-1,1,-1,0.0859375,-2.09833117362618,4.0659875301684,0.201833193679824
VisualCogA_Task-1,1,-1,0.08984375,-2.23487742997204,4.15930814935052,-0.160414786946969
VisualCogA_Task-1,1,-1,0.09375,-2.3660505298055,4.20102243067288,-0.417805532370998
VisualCogA_Task-1,1,-1,0.09765625,-2.49877387704511,4.20093131213209,-0.539691721216239
VisualCogA_Task-1,1,-1,0.1015625,-2.65687283055554,4.17154097482103,-0.518078793718775
VisualCogA_Task-1,1,-1,0.10546875,-2.86869161557152,4.12789089330134,-0.359089171625318
VisualCogA_Task-1,1,-1,0.109375,-3.15433624147098,4.08768970360623,-0.0825884945521072
VisualCogA_Task-1,1,-1,0.11328125,-3.51111302447595,4.06727903435198,0.277332061011728
VisualCogA_Task-1,1,-1,0.1171875,-3.90250163342074,4.07886963717003,0.677604466206013
VisualCogA_Task-1,1,-1,0.12109375,-4.26242536289664,4.11054721234915,1.07611213556909
VisualCogA_Task-1,1,-1,0.125,-4.51837985276274,4.13665790691876,1.44690497363917
VisualCogA_Task-1,1,-1,0.12890625,-4.6171131329919,4.13724111624789,1.78485883768502
VisualCogA_Task-1,1,-1,0.1328125,-4.54532411849664,4.10259520681341,2.10146470427962
VisualCogA_Task-1,1,-1,0.13671875,-4.33137812448816,4.03556813631303,2.413934558033
VisualCogA_Task-1,1,-1,0.140625,-4.03409654567591,3.96095177183655,2.72622009568744
VisualCogA_Task-1,1,-1,0.14453125,-3.72490832129674,3.89960099856504,3.01360613410514
VisualCogA_Task-1,1,-1,0.1484375,-3.4634132141513,3.86612728825015,3.23462449122733
VisualCogA_Task-1,1,-1,0.15234375,-3.28091543496495,3.85038048134028,3.3679013572141
VisualCogA_Task-1,1,-1,0.15625,-3.1815666798716,3.83391727929169,3.41362786615979
VisualCogA_Task-1,1,-1,0.16015625,-3.14347471873554,3.78706430626923,3.38303186608042
VisualCogA_Task-1,1,-1,0.1640625,-3.12040091748406,3.68006446685983,3.30693309385977
VisualCogA_Task-1,1,-1,0.16796875,-3.06588859040324,3.49655195302978,3.20543501574549
VisualCogA_Task-1,1,-1,0.171875,-2.95226847832561,3.246048441189,3.07379926871366
VisualCogA_Task-1,1,-1,0.17578125,-2.78751653003573,2.97027791499005,2.91001366118079
VisualCogA_Task-1,1,-1,0.1796875,-2.60827179529452,2.7301224937533,2.73363821380713
VisualCogA_Task-1,1,-1,0.18359375,-2.46194741091718,2.59659488658525,2.56288553634808
VisualCogA_Task-1,1,-1,0.1875,-2.37364821555382,2.61765988350195,2.38425485248086
VisualCogA_Task-1,1,-1,0.19140625,-2.34529931642067,2.81457148324556,2.16152484798894
VisualCogA_Task-1,1,-1,0.1953125,-2.36536510154797,3.16011762856288,1.86183671385939
VisualCogA_Task-1,1,-1,0.19921875,-2.42016234352756,3.58657773510517,1.49648700912809
VisualCogA_Task-1,1,-1,0.203125,-2.51119953642182,4.01121430298194,1.10298668624176
VisualCogA_Task-1,1,-1,0.20703125,-2.6489758383941,4.35751751395594,0.724523558490502
VisualCogA_Task-1,1,-1,0.2109375,-2.84610530275732,4.58045627499999,0.389699993997217
VisualCogA_Task-1,1,-1,0.21484375,-3.09733875185479,4.6944549294629,0.121760674030014
VisualCogA_Task-1,1,-1,0.21875,-3.37920830254425,4.73125430215778,-0.0695183071322765
VisualCogA_Task-1,1,-1,0.22265625,-3.65836207613048,4.7170810253045,-0.174658255288732
VisualCogA_Task-1,1,-1,0.2265625,-3.90151909519061,4.66279268831103,-0.180669551199066
VisualCogA_Task-1,1,-1,0.23046875,-4.08118527309253,4.57564362032524,-0.084157794823053
VisualCogA_Task-1,1,-1,0.234375,-4.1750127894417,4.46451624216786,0.0988461148701472
VisualCogA_Task-1,1,-1,0.23828125,-4.16394401616671,4.34951943085451,0.333234092882192
VisualCogA_Task-1,1,-1,0.2421875,-4.03599588415605,4.25764337331284,0.575124487572666
VisualCogA_Task-1,1,-1,0.24609375,-3.79324280528715,4.20531020238817,0.790266881776044
VisualCogA_Task-1,1,-1,0.25,-3.45154127009062,4.19933437335952,0.961192944333954
VisualCogA_Task-1,1,-1,0.25390625,-3.04135129666761,4.2323503606618,1.08912154493255
VisualCogA_Task-1,1,-1,0.2578125,-2.59815066675956,4.28611642265286,1.19738876884561
VisualCogA_Task-1,1,-1,0.26171875,-2.16000509876605,4.3313848813275,1.29729428251449
VisualCogA_Task-1,1,-1,0.265625,-1.76001355290797,4.34001637559798,1.38710083424899
VisualCogA_Task-1,1,-1,0.26953125,-1.41850322515598,4.29425894153825,1.44728595000603
VisualCogA_Task-1,1,-1,0.2734375,-1.14021806890206,4.19719728376983,1.45520070185568
VisualCogA_Task-1,1,-1,0.27734375,-0.917037450008244,4.07720692823715,1.39507153691153
VisualCogA_Task-1,1,-1,0.28125,-0.738650084615439,3.98376486429731,1.28036322225668
VisualCogA_Task-1,1,-1,0.28515625,-0.592835980612773,3.96186198430846,1.14046852710851
VisualCogA_Task-1,1,-1,0.2890625,-0.469398166746897,4.01427619770437,1.00152779312459
VisualCogA_Task-1,1,-1,0.29296875,-0.356943297350689,4.13434558544686,0.890366570536577
VisualCogA_Task-1,1,-1,0.296875,-0.247467011575594,4.30786268547888,0.812685324049176
VisualCogA_Task-1,1,-1,0.30078125,-0.13471542496195,4.50917648281777,0.744751426627955
VisualCogA_Task-1,1,-1,0.3046875,-0.00063090663500535,4.71657654896674,0.650820540921863
VisualCogA_Task-1,1,-1,0.30859375,0.177034536043678,4.93726949456258,0.5083571558797
VisualCogA_Task-1,1,-1,0.3125,0.417041745086886,5.17536326672001,0.307067946077985
VisualCogA_Task-1,1,-1,0.31640625,0.721638071354355,5.43327170724944,0.0384627950708396
VisualCogA_Task-1,1,-1,0.3203125,1.06684303357592,5.71890279989517,-0.30606327446233
VisualCogA_Task-1,1,-1,0.32421875,1.40621737628276,6.02763535446168,-0.705390660746258
VisualCogA_Task-1,1,-1,0.328125,1.68341522147199,6.32503068007963,-1.09472814288848
VisualCogA_Task-1,1,-1,0.33203125,1.8413218257458,6.56914356181332,-1.39981709460498
VisualCogA_Task-1,1,-1,0.3359375,1.84678536337856,6.71804813518269,-1.57202019798801
VisualCogA_Task-1,1,-1,0.33984375,1.69589356944001,6.75011485097832,-1.60698512551646
VisualCogA_Task-1,1,-1,0.34375,1.41139016727398,6.67121623026044,-1.53011166178705
VisualCogA_Task-1,1,-1,0.34765625,1.0333143819299,6.50729508070552,-1.38258350612662
VisualCogA_Task-1,1,-1,0.3515625,0.603663224833398,6.29285604670162,-1.21912825050417
VisualCogA_Task-1,1,-1,0.35546875,0.156368439636741,6.06715887243098,-1.08970536657926
VisualCogA_Task-1,1,-1,0.359375,-0.271725259944672,5.85331907591775,-1.02247505343219
VisualCogA_Task-1,1,-1,0.36328125,-0.650191615575208,5.66773488776102,-1.00426533589548
VisualCogA_Task-1,1,-1,0.3671875,-0.963120297151443,5.52903010703618,-1.00803504063115
VisualCogA_Task-1,1,-1,0.37109375,-1.20411454790636,5.44488882396221,-0.993901076888182
VisualCogA_Task-1,1,-1,0.375,-1.37932832857001,5.41250100737986,-0.949394689801417
VisualCogA_Task-1,1,-1,0.37890625,-1.51125978414968,5.40649879099156,-0.861827669299155
VisualCogA_Task-1,1,-1,0.3828125,-1.64368506208882,5.40731075897113,-0.7066394524618
VisualCogA_Task-1,1,-1,0.38671875,-1.82928827326139,5.40657766914526,-0.463617071541223
VisualCogA_Task-1,1,-1,0.390625,-2.11476802880259,5.40002394703552,-0.129424378004651
VisualCogA_Task-1,1,-1,0.39453125,-2.5183717989181,5.39104773788241,0.27327616127962
VisualCogA_Task-1,1,-1,0.3984375,-3.01648383678511,5.37753291821422,0.677898433763111
VisualCogA_Task-1,1,-1,0.40234375,-3.54510234501173,5.35669152866261,0.993783743730277
VisualCogA_Task-1,1,-1,0.40625,-4.02772139267851,5.33519473859338,1.14279869971559
VisualCogA_Task-1,1,-1,0.41015625,-4.40389128041537,5.33422181618822,1.08653983894762
VisualCogA_Task-1,1,-1,0.4140625,-4.65405360882186,5.36406580967711,0.830112372103176
VisualCogA_Task-1,1,-1,0.41796875,-4.80240161509752,5.42061435146111,0.421495795514679
VisualCogA_Task-1,1,-1,0.421875,-4.90811153592315,5.487430711354,-0.0640120836798896
VisualCogA_Task-1,1,-1,0.42578125,-5.04241827860186,5.5364382371433,-0.533903975071625
VisualCogA_Task-1,1,-1,0.4296875,-5.26817959224931,5.54961592161032,-0.902818700237934
VisualCogA_Task-1,1,-1,0.43359375,-5.62133946429466,5.5327676045972,-1.13027695657966
VisualCogA_Task-1,1,-1,0.4375,-6.08843669514676,5.49612607768393,-1.18029909590377
VisualCogA_Task-1,1,-1,0.44140625,-6.6090402727835,5.45262955668928,-1.04224986522932
VisualCogA_Task-1,1,-1,0.4453125,-7.10276838688033,5.41615402095213,-0.749689178047298
VisualCogA_Task-1,1,-1,0.44921875,-7.48670106763216,5.38277897830751,-0.363977666024343
VisualCogA_Task-1,1,-1,0.453125,-7.69656930668938,5.33432281017815,0.0460212245507652
VisualCogA_Task-1,1,-1,0.45703125,-7.69830048212016,5.25694676259948,0.439274472714489
VisualCogA_Task-1,1,-1,0.4609375,-7.49490042722677,5.14525734013555,0.808503332091874
VisualCogA_Task-1,1,-1,0.46484375,-7.12189871940229,5.01062060784545,1.15777986639695
VisualCogA_Task-1,1,-1,0.46875,-6.6422527559866,4.87601811638351,1.47013497046933
VisualCogA_Task-1,1,-1,0.47265625,-6.13670511653434,4.75367730987019,1.71265652623646
VisualCogA_Task-1,1,-1,0.4765625,-5.66779725091576,4.62373002447929,1.87322970300989
VisualCogA_Task-1,1,-1,0.48046875,-5.27711895036276,4.46314966134524,1.98311715405655
VisualCogA_Task-1,1,-1,0.484375,-4.9740560797703,4.27480212941636,2.06985105968693
VisualCogA_Task-1,1,-1,0.48828125,-4.75808770069153,4.07515245200411,2.14441175914331
VisualCogA_Task-1,1,-1,0.4921875,-4.62842832035877,3.87237456070209,2.20430036624776
VisualCogA_Task-1,1,-1,0.49609375,-4.58911403649443,3.68397675422855,2.25405565357689
VisualCogA_Task-1,1,-1,0.5,-4.64266964907207,3.54321609147012,2.29616426744013
VisualCogA_Task-1,1,-1,0.50390625,-4.79074322092321,3.48252612030416,2.32656046204977
VisualCogA_Task-1,1,-1,0.5078125,-5.03004975966199,3.5025324417113,2.3384850104259
VisualCogA_Task-1,1,-1,0.51171875,-5.3476120669835,3.58562786736063,2.33164746886351
VisualCogA_Task-1,1,-1,0.515625,-5.71014015685387,3.70221423015796,2.30944432735452
VisualCogA_Task-1,1,-1,0.51953125,-6.06817735195323,3.83286696752716,2.28304219631034
VisualCogA_Task-1,1,-1,0.5234375,-6.35892380439,3.97323994561555,2.25578407167341
VisualCogA_Task-1,1,-1,0.52734375,-6.52242475288947,4.13085949369425,2.22521816499983
VisualCogA_Task-1,1,-1,0.53125,-6.51461912918839,4.30762585501372,2.18391078520594
VisualCogA_Task-1,1,-1,0.53515625,-6.32790788557778,4.49905047513245,2.12988155476106
VisualCogA_Task-1,1,-1,0.5390625,-5.9941011987898,4.69160341769768,2.08620428066167
VisualCogA_Task-1,1,-1,0.54296875,-5.57967675884452,4.86874070827875,2.07296500296073
VisualCogA_Task-1,1,-1,0.546875,-5.16921180504392,5.02547279793471,2.09040378230898
VisualCogA_Task-1,1,-1,0.55078125,-4.83894759424373,5.15573425452411,2.11204582311269
VisualCogA_Task-1,1,-1,0.5546875,-4.6304011335428,5.25651357108952,2.10261961766167
VisualCogA_Task-1,1,-1,0.55859375,-4.53857457681208,5.32358926852249,2.02582199160998
VisualCogA_Task-1,1,-1,0.5625,-4.53103909367719,5.36489591200841,1.84622328741365
VisualCogA_Task-1,1,-1,0.56640625,-4.55907010923742,5.37890070841442,1.5840825886226
VisualCogA_Task-1,1,-1,0.5703125,-4.59814566696914,5.37047379684341,1.23554772644769
VisualCogA_Task-1,1,-1,0.57421875,-4.64515112221011,5.33599503627658,0.845433356108575
VisualCogA_Task-1,1,-1,0.578125,-4.70247124083819,5.2736405089316,0.487567590037248
VisualCogA_Task-1,1,-1,0.58203125,-4.76601010478543,5.17872104271331,0.235693024470488
VisualCogA_Task-1,1,-1,0.5859375,-4.83190236878114,5.05793621419786,0.122129455435456
VisualCogA_Task-1,1,-1,0.58984375,-4.88950812241545,4.92391698137865,0.137974553202401
VisualCogA_Task-1,1,-1,0.59375,-4.91865763003768,4.79920152253556,0.24211590289914
VisualCogA_Task-1,1,-1,0.59765625,-4.89553552007047,4.70814443732985,0.376681928967613
VisualCogA_Task-1,1,-1,0.6015625,-4.80857088831179,4.65355798367479,0.488010694653019
VisualCogA_Task-1,1,-1,0.60546875,-4.66315982799371,4.62990282281614,0.546840533431233
VisualCogA_Task-1,1,-1,0.609375,-4.4777013903465,4.62647890306391,0.552068117125885
VisualCogA_Task-1,1,-1,0.61328125,-4.28017349796001,4.61723782669154,0.530138995883519
VisualCogA_Task-1,1,-1,0.6171875,-4.10292588625439,4.57479377213166,0.506005447917524
VisualCogA_Task-1,1,-1,0.62109375,-3.98103809346266,4.48440929014173,0.483506572482649
VisualCogA_Task-1,1,-1,0.625,-3.93623934896294,4.33605520826963,0.468401464318823
VisualCogA_Task-1,1,-1,0.62890625,-3.98245157657881,4.15522327292532,0.434652362931839
VisualCogA_Task-1,1,-1,0.6328125,-4.10993352488337,3.97308506569171,0.38414388392295
VisualCogA_Task-1,1,-1,0.63671875,-4.29117486757386,3.81264699085436,0.34513299434248
VisualCogA_Task-1,1,-1,0.640625,-4.48560887104636,3.68755319635845,0.314910570787081
VisualCogA_Task-1,1,-1,0.64453125,-4.64959787660076,3.60939006268792,0.289476351087321
VisualCogA_Task-1,1,-1,0.6484375,-4.74826651322283,3.58107592800973,0.2683726849861
VisualCogA_Task-1,1,-1,0.65234375,-4.75919005379332,3.59009306535243,0.236855923976229
VisualCogA_Task-1,1,-1,0.65625,-4.67101309361159,3.61108331554709,0.174603924184328
VisualCogA_Task-1,1,-1,0.66015625,-4.48922846577852,3.61365755651986,0.0416402500819828
VisualCogA_Task-1,1,-1,0.6640625,-4.22878083948954,3.56072351169603,-0.200707884703164
VisualCogA_Task-1,1,-1,0.66796875,-3.9088226860892,3.41535587833151,-0.565813843105091
VisualCogA_Task-1,1,-1,0.671875,-3.55233424901968,3.16593219773311,-1.04040817005816
VisualCogA_Task-1,1,-1,0.67578125,-3.17796050630385,2.83811934539649,-1.59910488754073
VisualCogA_Task-1,1,-1,0.6796875,-2.80711555870913,2.49531829125703,-2.20401051336379
VisualCogA_Task-1,1,-1,0.68359375,-2.46687584863858,2.18449888698516,-2.81428933328683
VisualCogA_Task-1,1,-1,0.6875,-2.16852812147933,1.92009732620171,-3.40219630221406
VisualCogA_Task-1,1,-1,0.69140625,-1.88640493024196,1.69319658300594,-3.97344901555589
VisualCogA_Task-1,1,-1,0.6953125,-1.57233394448257,1.49920520685881,-4.53404796158086
VisualCogA_Task-1,1,-1,0.69921875,-1.17615253286466,1.35755766942987,-5.05738763258465
VisualCogA_Task-1,1,-1,0.703125,-0.653988100437704,1.30509332110383,-5.50057498433676
VisualCogA_Task-1,1,-1,0.70703125,0.0312125026411455,1.36182507206402,-5.84166600512076
VisualCogA_Task-1,1,-1,0.7109375,0.890243718646072,1.50983645718238,-6.09633000678208
VisualCogA_Task-1,1,-1,0.71484375,1.89049714308404,1.69276638196536,-6.2921900731063
VisualCogA_Task-1,1,-1,0.71875,2.95565069817358,1.85392252605155,-6.42628922847412
VisualCogA_Task-1,1,-1,0.72265625,3.99600034926162,1.93264833138962,-6.5339406129978
VisualCogA_Task-1,1,-1,0.7265625,4.91548909030864,1.89665610663399,-6.64698028491273
VisualCogA_Task-1,1,-1,0.73046875,5.63625118966001,1.73494857766242,-6.78596760641205
VisualCogA_Task-1,1,-1,0.734375,6.12338906342306,1.45672293696288,-6.95717941257628
VisualCogA_Task-1,1,-1,0.73828125,6.38738915987881,1.0967021613606,-7.16251832140618
VisualCogA_Task-1,1,-1,0.7421875,6.4940623135545,0.70104393330834,-7.38002868243593
VisualCogA_Task-1,1,-1,0.74609375,6.54201601192777,0.332060989950991,-7.54401455101101
VisualCogA_Task-1,1,-1,0.75,6.66722546435731,0.0246653188693307,-7.61623114023327
VisualCogA_Task-1,1,-1,0.75390625,7.00864717536836,-0.199249678236744,-7.59802837706303
VisualCogA_Task-1,1,-1,0.7578125,7.64356380061507,-0.337943258616468,-7.51412768871422
VisualCogA_Task-1,1,-1,0.76171875,8.53362597042316,-0.398016805730864,-7.37865699219968
VisualCogA_Task-1,1,-1,0.765625,9.54872321578493,-0.400750279385962,-7.23963470139594
VisualCogA_Task-1,1,-1,0.76953125,10.5133715337411,-0.330727551967852,-7.15518321524267
VisualCogA_Task-1,1,-1,0.7734375,11.2629430668599,-0.183632392336774,-7.15878557759421
VisualCogA_Task-1,1,-1,0.77734375,11.6792237512639,0.0176529276044484,-7.22539977775827
VisualCogA_Task-1,1,-1,0.78125,11.7030227034594,0.237242895104838,-7.32032316284438
VisualCogA_Task-1,1,-1,0.78515625,11.347306666638,0.457698087201885,-7.45129730831269
VisualCogA_Task-1,1,-1,0.7890625,10.6805630429475,0.663168621138384,-7.61477752700695
VisualCogA_Task-1,1,-1,0.79296875,9.79256061427107,0.833800620058028,-7.81218823260137
VisualCogA_Task-1,1,-1,0.796875,8.78451798857239,0.982337988646771,-8.02442453426792
VisualCogA_Task-1,1,-1,0.80078125,7.73425721866359,1.11806364126782,-8.23586852010388
VisualCogA_Task-1,1,1,-0.19921875,0.820055228333212,-1.69617620732062,-0.0826303799094237
VisualCogA_Task-1,1,1,-0.1953125,1.16035301563443,-1.57863395387451,0.25820649310346
VisualCogA_Task-1,1,1,-0.19140625,1.47735191831532,-1.45721605174057,0.584345836502161
VisualCogA_Task-1,1,1,-0.1875,1.74049894203737,-1.33725500793766,0.863165314204176
VisualCogA_Task-1,1,1,-0.18359375,1.92222345443054,-1.22873644107411,1.06600181083545
VisualCogA_Task-1,1,1,-0.1796875,2.0092879308222,-1.14099201698458,1.18770418888664
VisualCogA_Task-1,1,1,-0.17578125,2.00426449919067,-1.07799925489969,1.24497352136302
VisualCogA_Task-1,1,1,-0.171875,1.92346650159137,-1.04182466834758,1.25859187090858
VisualCogA_Task-1,1,1,-0.16796875,1.78876157165325,-1.02345203989049,1.24970335359921
VisualCogA_Task-1,1,1,-0.1640625,1.6215838299429,-1.01364558377277,1.23696978745697
VisualCogA_Task-1,1,1,-0.16015625,1.44448710722083,-1.00418241575387,1.23160391507049
VisualCogA_Task-1,1,1,-0.15625,1.27343381569666,-0.979066319003931,1.22561553707419
VisualCogA_Task-1,1,1,-0.15234375,1.10826745735268,-0.922064440029686,1.19812822076173
VisualCogA_Task-1,1,1,-0.1484375,0.935205705459153,-0.830374596754475,1.13248152054745
VisualCogA_Task-1,1,1,-0.14453125,0.742319527705232,-0.706372138802568,1.0281095595888
VisualCogA_Task-1,1,1,-0.140625,0.532149384108999,-0.548443072563502,0.896053559888515
VisualCogA_Task-1,1,1,-0.13671875,0.315889708765347,-0.355923180215445,0.746065306233232
VisualCogA_Task-1,1,1,-0.1328125,0.110416059842326,-0.138303578618787,0.585559350552707
VisualCogA_Task-1,1,1,-0.12890625,-0.0706482724553053,0.0830722702964521,0.411048365769406
VisualCogA_Task-1,1,1,-0.125,-0.218344850113922,0.283111868830553,0.220152618028047
VisualCogA_Task-1,1,1,-0.12109375,-0.324286968854322,0.433719536510533,0.0160614756455156
VisualCogA_Task-1,1,1,-0.1171875,-0.389848342201657,0.509630764326575,-0.169484014357146
VisualCogA_Task-1,1,1,-0.11328125,-0.422315879448452,0.505642466590137,-0.290221597379456
VisualCogA_Task-1,1,1,-0.109375,-0.422969286128522,0.434948408946844,-0.308693182919397
VisualCogA_Task-1,1,1,-0.10546875,-0.386360255270267,0.316249958470124,-0.201495953783261
VisualCogA_Task-1,1,1,-0.1015625,-0.319557529324805,0.174235338054294,0.0363650401273728
VisualCogA_Task-1,1,1,-0.09765625,-0.256716689388777,0.0401983200531212,0.395600045399456
VisualCogA_Task-1,1,1,-0.09375,-0.243303683896669,-0.0616745547838561,0.858308883784727
VisualCogA_Task-1,1,1,-0.08984375,-0.309613511744775,-0.119148705994363,1.35347163755084
VisualCogA_Task-1,1,1,-0.0859375,-0.460158902272667,-0.134230968955832,1.76966520793453
VisualCogA_Task-1,1,1,-0.08203125,-0.66809055969228,-0.122759086929525,2.0085134319322
VisualCogA_Task-1,1,1,-0.078125,-0.881525105463451,-0.109683264439653,2.02613475801003
VisualCogA_Task-1,1,1,-0.07421875,-1.05031110007313,-0.104717953878356,1.85739942811889
VisualCogA_Task-1,1,1,-0.0703125,-1.14127903680071,-0.103295742738827,1.58413940168639
VisualCogA_Task-1,1,1,-0.06640625,-1.14215331482193,-0.0864507755876578,1.29734578302843
VisualCogA_Task-1,1,1,-0.0625,-1.067307485637,-0.0348577902211007,1.04258726863864
VisualCogA_Task-1,1,1,-0.05859375,-0.944737523300102,0.0628731983185894,0.82514696128478
VisualCogA_Task-1,1,1,-0.0546875,-0.803432331892911,0.20116200794495,0.619728139956485
VisualCogA_Task-1,1,1,-0.05078125,-0.6663106371782,0.356147515690472,0.381301378707448
VisualCogA_Task-1,1,1,-0.046875,-0.555623276715859,0.492878060560908,0.0617502109025111
VisualCogA_Task-1,1,1,-0.04296875,-0.505797640495798,0.58595136069615,-0.390939458665842
VisualCogA_Task-1,1,1,-0.0390625,-0.546706932550518,0.636154839089653,-0.996180955643098
VisualCogA_Task-1,1,1,-0.03515625,-0.682924033960622,0.676411775046979,-1.7188424610804
VisualCogA_Task-1,1,1,-0.03125,-0.897658433608461,0.743770788264843,-2.47934809836196
VisualCogA_Task-1,1,1,-0.02734375,-1.16187196635523,0.862882923589809,-3.18912721549959
VisualCogA_Task-1,1,1,-0.0234375,-1.44987691790321,1.04155376527256,-3.76692952786415
VisualCogA_Task-1,1,1,-0.01953125,-1.7326512066828,1.26085511523088,-4.16288109659803
VisualCogA_Task-1,1,1,-0.015625,-1.97898768025838,1.48578628895657,-4.378383537629
VisualCogA_Task-1,1,1,-0.01171875,-2.16248058572611,1.6723490591586,-4.45563290312294
VisualCogA_Task-1,1,1,-0.0078125,-2.27569232393592,1.78955466835524,-4.42805858504144
VisualCogA_Task-1,1,1,-0.00390625,-2.32984592432437,1.82483297471884,-4.31749469490807
VisualCogA_Task-1,1,1,0,-2.34617513587672,1.78205117303797,-4.14407305772495
VisualCogA_Task-1,1,1,0.00390625,-2.33918741381334,1.66394530128361,-3.96037157504751
VisualCogA_Task-1,1,1,0.0078125,-2.32096358151462,1.48979892340441,-3.82581011092013
VisualCogA_Task-1,1,1,0.01171875,-2.29823918341678,1.28779693434326,-3.76592021084357
VisualCogA_Task-1,1,1,0.015625,-2.26388243328441,1.08295948213578,-3.77566723270498
VisualCogA_Task-1,1,1,0.01953125,-2.20664646126133,0.893985867568229,-3.83380334562181
VisualCogA_Task-1,1,1,0.0234375,-2.12211808450569,0.729551764719866,-3.91248481738554
VisualCogA_Task-1,1,1,0.02734375,-2.01654020006995,0.589552660073,-3.98025295861206
VisualCogA_Task-1,1,1,0.03125,-1.9111281696456,0.464887536518843,-4.00046564765922
VisualCogA_Task-1,1,1,0.03515625,-1.82664925358923,0.344842478147327,-3.93787703662625
VisualCogA_Task-1,1,1,0.0390625,-1.77950458143956,0.23345049125264,-3.77652792809943
VisualCogA_Task-1,1,1,0.04296875,-1.78027478039177,0.129311644720463,-3.52295068538503
VisualCogA_Task-1,1,1,0.046875,-1.83856647419049,0.0310960686408852,-3.22335351264852
VisualCogA_Task-1,1,1,0.05078125,-1.95219398817428,-0.0553096404618005,-2.936670371915
VisualCogA_Task-1,1,1,0.0546875,-2.09860333168663,-0.115545756290577,-2.72080487287277
VisualCogA_Task-1,1,1,0.05859375,-2.24778478307143,-0.128518115052787,-2.63728443989275
VisualCogA_Task-1,1,1,0.0625,-2.36598085829674,-0.0843418565492056,-2.71329751529366
VisualCogA_Task-1,1,1,0.06640625,-2.41693145317875,0.0186851497588987,-2.92303460454942
VisualCogA_Task-1,1,1,0.0703125,-2.37421240831012,0.17185079201705,-3.22314139048815
VisualCogA_Task-1,1,1,0.07421875,-2.23615480109179,0.370333012358924,-3.55621975580476
VisualCogA_Task-1,1,1,0.078125,-2.03776290594655,0.627115962050335,-3.87278110362517
VisualCogA_Task-1,1,1,0.08203125,-1.83622429590273,0.93974935283432,-4.14156527408215
VisualCogA_Task-1,1,1,0.0859375,-1.7002509199688,1.28110006735965,-4.35485941322858
VisualCogA_Task-1,1,1,0.08984375,-1.69343910707731,1.59437363109002,-4.50981982031623
VisualCogA_Task-1,1,1,0.09375,-1.85550033929962,1.81759960249223,-4.61502111778382
VisualCogA_Task-1,1,1,0.09765625,-2.19466478763881,1.91726401837502,-4.68208596021518
VisualCogA_Task-1,1,1,0.1015625,-2.68588944374619,1.908444128845,-4.72382596126479
VisualCogA_Task-1,1,1,0.10546875,-3.27916918760852,1.83257903564401,-4.73875796901497
VisualCogA_Task-1,1,1,0.109375,-3.91487833483456,1.73548667748085,-4.716700575632
VisualCogA_Task-1,1,1,0.11328125,-4.5348483176828,1.66491959942445,-4.63730280968089
VisualCogA_Task-1,1,1,0.1171875,-5.09403083676587,1.65598465807022,-4.4834239948226
VisualCogA_Task-1,1,1,0.12109375,-5.56262588511514,1.71067684142306,-4.25521260205155
VisualCogA_Task-1,1,1,0.125,-5.92004467302552,1.81137319361728,-3.97807458135051
VisualCogA_Task-1,1,1,0.12890625,-6.1497913410161,1.92959223184517,-3.70375148011265
VisualCogA_Task-1,1,1,0.1328125,-6.24024074878133,2.03387569452621,-3.50432529934491
VisualCogA_Task-1,1,1,0.13671875,-6.18353048763195,2.10717262921898,-3.43006732101176
VisualCogA_Task-1,1,1,0.140625,-5.98929674056587,2.13336322251893,-3.48089318078722
VisualCogA_Task-1,1,1,0.14453125,-5.6892734588159,2.09633146488687,-3.61230988581204
VisualCogA_Task-1,1,1,0.1484375,-5.33202073196889,1.99989749052761,-3.76462332115324
VisualCogA_Task-1,1,1,0.15234375,-4.96269252310037,1.86468108657174,-3.87006180608845
VisualCogA_Task-1,1,1,0.15625,-4.61280957980061,1.7203718803253,-3.9021046868866
VisualCogA_Task-1,1,1,0.16015625,-4.29084508930884,1.60964217910361,-3.89369314030569
VisualCogA_Task-1,1,1,0.1640625,-3.98166068022537,1.56187611289893,-3.89931113677264
VisualCogA_Task-1,1,1,0.16796875,-3.65957242108872,1.5969284493934,-3.9608659174999
VisualCogA_Task-1,1,1,0.171875,-3.3108259739645,1.7140339343138,-4.09544483333924
VisualCogA_Task-1,1,1,0.17578125,-2.94086314155568,1.89101263014389,-4.27339818457623
VisualCogA_Task-1,1,1,0.1796875,-2.57367156917464,2.09061159623167,-4.44878351577759
VisualCogA_Task-1,1,1,0.18359375,-2.26370084568611,2.2665004216477,-4.58362367204102
VisualCogA_Task-1,1,1,0.1875,-2.07272157207772,2.38707949727922,-4.66009623638029
VisualCogA_Task-1,1,1,0.19140625,-2.04627264173305,2.46103614503738,-4.6954494637968
VisualCogA_Task-1,1,1,0.1953125,-2.2060524156932,2.50171415353518,-4.71557558452671
VisualCogA_Task-1,1,1,0.19921875,-2.5419107168157,2.51980702437906,-4.75760482397675
VisualCogA_Task-1,1,1,0.203125,-3.02165014357071,2.52662580022186,-4.85301384587094
VisualCogA_Task-1,1,1,0.20703125,-3.59149536148404,2.52919689902028,-5.01354822715148
VisualCogA_Task-1,1,1,0.2109375,-4.18240163072166,2.53943499445768,-5.23232402949896
VisualCogA_Task-1,1,1,0.21484375,-4.71741814623942,2.57895695876873,-5.45853276487693
VisualCogA_Task-1,1,1,0.21875,-5.13593041607215,2.67128312508023,-5.61367103932496
VisualCogA_Task-1,1,1,0.22265625,-5.4045271162201,2.82245410919395,-5.62354150412543
VisualCogA_Task-1,1,1,0.2265625,-5.52663599430688,3.03465905963506,-5.42651080364336
VisualCogA_Task-1,1,1,0.23046875,-5.52274948083676,3.28449681773636,-5.04878861162818
VisualCogA_Task-1,1,1,0.234375,-5.43747286127981,3.53912835184261,-4.54453719633392
VisualCogA_Task-1,1,1,0.23828125,-5.3296464822398,3.75711415720252,-3.97324640546295
VisualCogA_Task-1,1,1,0.2421875,-5.24627570954402,3.89679306632644,-3.39737840176522
VisualCogA_Task-1,1,1,0.24609375,-5.20167337119181,3.93098214543036,-2.89385880801483
VisualCogA_Task-1,1,1,0.25,-5.16199589627723,3.8559132876899,-2.541380290411
VisualCogA_Task-1,1,1,0.25390625,-5.06862229380088,3.70292488390235,-2.38489403607353
VisualCogA_Task-1,1,1,0.2578125,-4.86211323059653,3.52306722530411,-2.42635645235301
VisualCogA_Task-1,1,1,0.26171875,-4.50878243865566,3.36948203209769,-2.62180475077794
VisualCogA_Task-1,1,1,0.265625,-4.01819472493633,3.28113040274325,-2.90043039720812
VisualCogA_Task-1,1,1,0.26953125,-3.43965174687369,3.27190473011444,-3.19130409835273
VisualCogA_Task-1,1,1,0.2734375,-2.84866229409556,3.33462741415858,-3.44587662722112
VisualCogA_Task-1,1,1,0.27734375,-2.32182055411633,3.45846603676801,-3.63916816397703
VisualCogA_Task-1,1,1,0.28125,-1.91218619795761,3.63932307641453,-3.76397996261495
VisualCogA_Task-1,1,1,0.28515625,-1.63224078941943,3.86844742604222,-3.8238477202116
VisualCogA_Task-1,1,1,0.2890625,-1.44860539752302,4.12529554534008,-3.81881563053603
VisualCogA_Task-1,1,1,0.29296875,-1.29509504493494,4.37413750551479,-3.75253697780993
VisualCogA_Task-1,1,1,0.296875,-1.10175740556171,4.58048776278373,-3.63287249472966
VisualCogA_Task-1,1,1,0.30078125,-0.818243449652886,4.72773862706208,-3.47001163374717
VisualCogA_Task-1,1,1,0.3046875,-0.432565562790208,4.82258869389011,-3.28663050214525
VisualCogA_Task-1,1,1,0.30859375,0.0246330429662386,4.8912080049812,-3.11973375772678
VisualCogA_Task-1,1,1,0.3125,0.490967745691968,4.97498485372618,-2.97800899155979
VisualCogA_Task-1,1,1,0.31640625,0.891804667974784,5.09271322231184,-2.84516334738955
VisualCogA_Task-1,1,1,0.3203125,1.17739620892116,5.24872062859234,-2.70594993107816
VisualCogA_Task-1,1,1,0.32421875,1.33103624430307,5.43410594218201,-2.53127714760901
VisualCogA_Task-1,1,1,0.328125,1.37719871557945,5.62842519933411,-2.30091557850609
VisualCogA_Task-1,1,1,0.33203125,1.38583638959641,5.79104742108633,-2.01924021564759
VisualCogA_Task-1,1,1,0.3359375,1.43299154713458,5.89207531414573,-1.70745887400384
VisualCogA_Task-1,1,1,0.33984375,1.56694280852418,5.91818206939298,-1.40699739277516
VisualCogA_Task-1,1,1,0.34375,1.78876582886212,5.88129927775577,-1.16769412356586
VisualCogA_Task-1,1,1,0.34765625,2.05356181109873,5.81507951067726,-1.03191016909061
VisualCogA_Task-1,1,1,0.3515625,2.29727369621341,5.75757521023182,-1.01073253607949
VisualCogA_Task-1,1,1,0.35546875,2.46693283602552,5.73112150012181,-1.07223130925886
VisualCogA_Task-1,1,1,0.359375,2.53557438901654,5.76610940199182,-1.17810749606561
VisualCogA_Task-1,1,1,0.36328125,2.49701202479499,5.86077073069087,-1.30017102882966
VisualCogA_Task-1,1,1,0.3671875,2.36761443026253,5.97643550390685,-1.42472085308089
VisualCogA_Task-1,1,1,0.37109375,2.18539949029954,6.05762048007692,-1.54322702547768
VisualCogA_Task-1,1,1,0.375,1.98223326169971,6.04318851462879,-1.64671732836157
VisualCogA_Task-1,1,1,0.37890625,1.76177100273487,5.90109892569927,-1.71298191204616
VisualCogA_Task-1,1,1,0.3828125,1.5019620810784,5.63306641563958,-1.72050440711256
VisualCogA_Task-1,1,1,0.38671875,1.17761230625723,5.26975870819753,-1.659715821383
VisualCogA_Task-1,1,1,0.390625,0.78061231710017,4.85116224566784,-1.54046031453259
VisualCogA_Task-1,1,1,0.39453125,0.329284864391478,4.41949668340891,-1.38289123828979
VisualCogA_Task-1,1,1,0.3984375,-0.122830677942057,4.00255268147209,-1.23968654986684
VisualCogA_Task-1,1,1,0.40234375,-0.527023487277433,3.63799110467227,-1.14657141051267
VisualCogA_Task-1,1,1,0.40625,-0.858669520115527,3.35298322515052,-1.13606105407371
VisualCogA_Task-1,1,1,0.41015625,-1.13727189237092,3.17491362171822,-1.20864041785953
VisualCogA_Task-1,1,1,0.4140625,-1.40750582333101,3.1283108250801,-1.33838060380803
VisualCogA_Task-1,1,1,0.41796875,-1.71933351035267,3.20917554632688,-1.5094139975127
VisualCogA_Task-1,1,1,0.421875,-2.10906232411975,3.38616755285467,-1.71550930130204
VisualCogA_Task-1,1,1,0.42578125,-2.59376461521184,3.61752483200017,-1.93719900920536
VisualCogA_Task-1,1,1,0.4296875,-3.15789546778872,3.85600565711496,-2.13451232330926
VisualCogA_Task-1,1,1,0.43359375,-3.74880414235212,4.03705475057775,-2.25406389969643
VisualCogA_Task-1,1,1,0.4375,-4.28492320501828,4.12899102644756,-2.25374045219195
VisualCogA_Task-1,1,1,0.44140625,-4.6911504108151,4.1026093017231,-2.14442787714459
VisualCogA_Task-1,1,1,0.4453125,-4.92070166976787,3.97887654004371,-1.97967238767326
VisualCogA_Task-1,1,1,0.44921875,-4.95628129109759,3.81664924530885,-1.85476052753831
VisualCogA_Task-1,1,1,0.453125,-4.81773089981608,3.68538515715867,-1.87736299628429
VisualCogA_Task-1,1,1,0.45703125,-4.56042032270457,3.63581951180619,-2.09241168712967
VisualCogA_Task-1,1,1,0.4609375,-4.27240133622219,3.69872129750487,-2.44533525098709
VisualCogA_Task-1,1,1,0.46484375,-4.04479960916751,3.85978351466093,-2.85123238881495
VisualCogA_Task-1,1,1,0.46875,-3.94639090433867,4.0722987690647,-3.17994355374615
VisualCogA_Task-1,1,1,0.47265625,-4.01902195548789,4.27011678293127,-3.32251857429489
VisualCogA_Task-1,1,1,0.4765625,-4.27847634230115,4.42210462171594,-3.2420629126347
VisualCogA_Task-1,1,1,0.48046875,-4.70284615508713,4.52304597967202,-2.9613572174952
VisualCogA_Task-1,1,1,0.484375,-5.23679083208896,4.5884358409757,-2.53241188321118
VisualCogA_Task-1,1,1,0.48828125,-5.80480794378252,4.64705737790531,-2.02416258637527
VisualCogA_Task-1,1,1,0.4921875,-6.31744550389759,4.71849683078245,-1.50566490830737
VisualCogA_Task-1,1,1,0.49609375,-6.69378262802325,4.80050689717239,-1.00534845233813
VisualCogA_Task-1,1,1,0.5,-6.88970591201621,4.88682680356367,-0.526942957077194
VisualCogA_Task-1,1,1,0.50390625,-6.90412379966323,4.95814956377829,-0.0993277104372332
VisualCogA_Task-1,1,1,0.5078125,-6.78244200460918,4.99720027139822,0.255858214053738
VisualCogA_Task-1,1,1,0.51171875,-6.59321189458175,4.99107020591037,0.507102406714706
VisualCogA_Task-1,1,1,0.515625,-6.38988062237538,4.93025181458911,0.663273683530331
VisualCogA_Task-1,1,1,0.51953125,-6.19712259935807,4.82681087465282,0.754275624929048
VisualCogA_Task-1,1,1,0.5234375,-6.0072869021858,4.71010802185931,0.805327708154771
VisualCogA_Task-1,1,1,0.52734375,-5.77827940286069,4.58136862769185,0.820754313559822
VisualCogA_Task-1,1,1,0.53125,-5.48505356289406,4.45286976446417,0.747959114435199
VisualCogA_Task-1,1,1,0.53515625,-5.14358908714221,4.36080589618187,0.552440919737969
VisualCogA_Task-1,1,1,0.5390625,-4.79204171798304,4.32324792767476,0.21521143306073
VisualCogA_Task-1,1,1,0.54296875,-4.49028941684089,4.34633156892527,-0.220941913229757
VisualCogA_Task-1,1,1,0.546875,-4.28937050048585,4.39505323363749,-0.700098526356046
VisualCogA_Task-1,1,1,0.55078125,-4.23300028380648,4.43543965658101,-1.15853033763854
VisualCogA_Task-1,1,1,0.5546875,-4.33846543490317,4.46722364435034,-1.55757240109497
VisualCogA_Task-1,1,1,0.55859375,-4.57990217023234,4.51461675618521,-1.86618070407041
VisualCogA_Task-1,1,1,0.5625,-4.89866532566904,4.59981319505483,-2.09095858015444
VisualCogA_Task-1,1,1,0.56640625,-5.22345494163134,4.73880363625652,-2.24674912578643
VisualCogA_Task-1,1,1,0.5703125,-5.49252160238793,4.93454976839379,-2.34798176152861
VisualCogA_Task-1,1,1,0.57421875,-5.67266725896575,5.1695341035513,-2.41215117407006
VisualCogA_Task-1,1,1,0.578125,-5.75742444449793,5.40793574815828,-2.46992145536372
VisualCogA_Task-1,1,1,0.58203125,-5.77372403323934,5.61904997953193,-2.54747612755731
VisualCogA_Task-1,1,1,0.5859375,-5.77549248478369,5.79282070541907,-2.65527941190535
VisualCogA_Task-1,1,1,0.58984375,-5.82465172816854,5.93612225248404,-2.78913299376182
VisualCogA_Task-1,1,1,0.59375,-5.97784228656342,6.0794692394352,-2.934322490633
VisualCogA_Task-1,1,1,0.59765625,-6.26447123877831,6.24065503442159,-3.05885710748492
VisualCogA_Task-1,1,1,0.6015625,-6.66965474815741,6.3942593113964,-3.12212706665105
VisualCogA_Task-1,1,1,0.60546875,-7.16389776674681,6.51306408497944,-3.07361853783123
VisualCogA_Task-1,1,1,0.609375,-7.70354825136602,6.59332284905174,-2.86649850510508
VisualCogA_Task-1,1,1,0.61328125,-8.23780357608235,6.64227581668472,-2.49497341678876
VisualCogA_Task-1,1,1,0.6171875,-8.71471150702607,6.6713378483289,-1.99212925259886
VisualCogA_Task-1,1,1,0.62109375,-9.09398441343624,6.68858646614847,-1.42991376084734
VisualCogA_Task-1,1,1,0.625,-9.36045286586605,6.70248721120216,-0.931097728731425
VisualCogA_Task-1,1,1,0.62890625,-9.50225600791064,6.69928309678306,-0.587825121665158
VisualCogA_Task-1,1,1,0.6328125,-9.52677461103935,6.67337498602044,-0.449934733307021
VisualCogA_Task-1,1,1,0.63671875,-9.44614473741954,6.63622389320862,-0.527391916029117
VisualCogA_Task-1,1,1,0.640625,-9.27682288322562,6.60364063060087,-0.790703303351012
VisualCogA_Task-1,1,1,0.64453125,-9.02856361253617,6.5823275655081,-1.19854339913404
VisualCogA_Task-1,1,1,0.6484375,-8.70559279871859,6.58852798150194,-1.67802636752215
VisualCogA_Task-1,1,1,0.65234375,-8.32155002750853,6.62286395846014,-2.16679444770646
VisualCogA_Task-1,1,1,0.65625,-7.90981357449211,6.67272325421135,-2.62000972014365
VisualCogA_Task-1,1,1,0.66015625,-7.49934416041919,6.70391578113563,-3.02907736395037
VisualCogA_Task-1,1,1,0.6640625,-7.11639075032396,6.71092210565118,-3.41959262692861
VisualCogA_Task-1,1,1,0.66796875,-6.76482864377291,6.69671321222512,-3.81979110529362
VisualCogA_Task-1,1,1,0.671875,-6.4297139567109,6.6797350242033,-4.23115640280912
VisualCogA_Task-1,1,1,0.67578125,-6.08240792086744,6.67858441627772,-4.64100432224301
VisualCogA_Task-1,1,1,0.6796875,-5.7047542655021,6.71182948388945,-5.03104925132518
VisualCogA_Task-1,1,1,0.68359375,-5.31039502149277,6.78160287815592,-5.39297466141958
VisualCogA_Task-1,1,1,0.6875,-4.93630460922152,6.86436016587679,-5.74132043970939
VisualCogA_Task-1,1,1,0.69140625,-4.61268411356214,6.91170619207234,-6.08398991340391
VisualCogA_Task-1,1,1,0.6953125,-4.34634308755937,6.86245308775818,-6.42127181008463
VisualCogA_Task-1,1,1,0.69921875,-4.12375744616165,6.67353417287989,-6.76034566676386
VisualCogA_Task-1,1,1,0.703125,-3.92303946716561,6.3386552469593,-7.09784062133458
VisualCogA_Task-1,1,1,0.70703125,-3.72624032581145,5.87317428467119,-7.42565329285666
VisualCogA_Task-1,1,1,0.7109375,-3.52483346498509,5.30081334634277,-7.73432330595524
VisualCogA_Task-1,1,1,0.71484375,-3.31423928024227,4.65278999515201,-8.02003153631346
VisualCogA_Task-1,1,1,0.71875,-3.08579347263157,3.98331774257475,-8.27921129777085
VisualCogA_Task-1,1,1,0.72265625,-2.81356414565271,3.38316436926659,-8.50289486248983
VisualCogA_Task-1,1,1,0.7265625,-2.46136720289149,2.92496128597382,-8.67122950247246
VisualCogA_Task-1,1,1,0.73046875,-1.99059355497754,2.6455105557171,-8.76096969822544
VisualCogA_Task-1,1,1,0.734375,-1.35857252137448,2.57592095538707,-8.76633371844643
VisualCogA_Task-1,1,1,0.73828125,-0.539718091627944,2.70802635600615,-8.69347499925126
VisualCogA_Task-1,1,1,0.7421875,0.457225951012889,2.984309870283,-8.5943367326674
VisualCogA_Task-1,1,1,0.74609375,1.57838459608419,3.36220012319022,-8.53376796716688
VisualCogA_Task-1,1,1,0.75,2.75056902595916,3.81145185106356,-8.58257147165845
VisualCogA_Task-1,1,1,0.75390625,3.90151750741406,4.30235059692607,-8.7858551703902
VisualCogA_Task-1,1,1,0.7578125,4.9482542476633,4.79588457852607,-9.16190129279201
VisualCogA_Task-1,1,1,0.76171875,5.82945460857509,5.25839461455491,-9.70497127458553
VisualCogA_Task-1,1,1,0.765625,6.53723215822927,5.60405695236617,-10.3288223524802
VisualCogA_Task-1,1,1,0.76953125,7.13680363774802,5.71911840605245,-10.8922560929433
VisualCogA_Task-1,1,1,0.7734375,7.72707586170076,5.48717859928339,-11.2621447404653
VisualCogA_Task-1,1,1,0.77734375,8.39044016324737,4.92439715640939,-11.3610143570497
VisualCogA_Task-1,1,1,0.78125,9.13484999879979,4.18513486960353,-11.186785485765
VisualCogA_Task-1,1,1,0.78515625,9.99788060960374,3.44998649242833,-10.7452332364937
VisualCogA_Task-1,1,1,0.7890625,11.0136029161214,2.87477225228726,-10.1485947878643
VisualCogA_Task-1,1,1,0.79296875,12.1434677156153,2.46598598275209,-9.50798536131076
VisualCogA_Task-1,1,1,0.796875,13.2982085569583,2.16899810429033,-8.85378460775813
VisualCogA_Task-1,1,1,0.80078125,14.4429359055898,1.91704416366837,-8.19451045176109
VisualCogA_Task-2,2,-1,-0.19921875,0.507152552215644,1.55228572947719,-1.60802211450609
VisualCogA_Task-2,2,-1,-0.1953125,0.940533154479426,1.36303302384797,-1.31110711330025
VisualCogA_Task-2,2,-1,-0.19140625,1.32971123484031,1.17666837001509,-1.01992268696331
VisualCogA_Task-2,2,-1,-0.1875,1.61499422581655,1.00472058566737,-0.756968010383469
VisualCogA_Task-2,2,-1,-0.18359375,1.74792526963445,0.864163112544836,-0.555076809654743
VisualCogA_Task-2,2,-1,-0.1796875,1.71061922725026,0.769091993525909,-0.440725397650502
VisualCogA_Task-2,2,-1,-0.17578125,1.52616503629895,0.725633258376021,-0.431817309539952
VisualCogA_Task-2,2,-1,-0.171875,1.2433350772114,0.728151759262843,-0.534014705878732
VisualCogA_Task-2,2,-1,-0.16796875,0.919144379695307,0.763781931801059,-0.74065762792805
VisualCogA_Task-2,2,-1,-0.1640625,0.610784584503563,0.818656663731093,-1.02144046815855
VisualCogA_Task-2,2,-1,-0.16015625,0.36573436020325,0.881703324845555,-1.3046504312585
VisualCogA_Task-2,2,-1,-0.15625,0.211805982991845,0.943825313445653,-1.5071517653512
VisualCogA_Task-2,2,-1,-0.15234375,0.162773608371433,1.00726101659586,-1.57882413092812
VisualCogA_Task-2,2,-1,-0.1484375,0.210771543156004,1.07785777916743,-1.51601169221637
VisualCogA_Task-2,2,-1,-0.14453125,0.329464997158389,1.15670216799384,-1.33866343362865
VisualCogA_Task-2,2,-1,-0.140625,0.490876248866944,1.23738916667646,-1.08762999726359
VisualCogA_Task-2,2,-1,-0.13671875,0.671293535850838,1.30563214133269,-0.812187916992389
VisualCogA_Task-2,2,-1,-0.1328125,0.847312015777415,1.33678162383495,-0.542465397218866
VisualCogA_Task-2,2,-1,-0.12890625,0.985923625873533,1.30662627911552,-0.274017644985283
VisualCogA_Task-2,2,-1,-0.125,1.04633414004969,1.198960429097,0.000786642523456282
VisualCogA_Task-2,2,-1,-0.12109375,0.996453751510012,1.01949068444975,0.2654498217624
VisualCogA_Task-2,2,-1,-0.1171875,0.827144626688737,0.784051693962311,0.496880946292609
VisualCogA_Task-2,2,-1,-0.11328125,0.556068056878816,0.512158329544963,0.683915909006753
VisualCogA_Task-2,2,-1,-0.109375,0.219363294062482,0.228821117430302,0.823417488281607
VisualCogA_Task-2,2,-1,-0.10546875,-0.130634000239006,-0.0453864151029584,0.917651278234835
VisualCogA_Task-2,2,-1,-0.1015625,-0.429068412677293,-0.295473949128121,0.971194767242346
VisualCogA_Task-2,2,-1,-0.09765625,-0.617985454904824,-0.507098489630699,0.982744310540766
VisualCogA_Task-2,2,-1,-0.09375,-0.668289785967866,-0.665867143760972,0.946247423417596
VisualCogA_Task-2,2,-1,-0.08984375,-0.597773875550203,-0.762904309043605,0.859352833745474
VisualCogA_Task-2,2,-1,-0.0859375,-0.46742541934411,-0.798069628547353,0.723416658058023
VisualCogA_Task-2,2,-1,-0.08203125,-0.360562897106416,-0.775022649697301,0.544227417618312
VisualCogA_Task-2,2,-1,-0.078125,-0.355292451761104,-0.714061726247706,0.345220774460665
VisualCogA_Task-2,2,-1,-0.07421875,-0.492921261140881,-0.652780733248879,0.152572205497943
VisualCogA_Task-2,2,-1,-0.0703125,-0.756916389252257,-0.630154895162536,-0.0106888656456462
VisualCogA_Task-2,2,-1,-0.06640625,-1.08217022375851,-0.651404132291107,-0.134916725516071
VisualCogA_Task-2,2,-1,-0.0625,-1.38495191197501,-0.699619416082334,-0.215921980401401
VisualCogA_Task-2,2,-1,-0.05859375,-1.58757876430796,-0.754404107400348,-0.245133407018848
VisualCogA_Task-2,2,-1,-0.0546875,-1.6388226529758,-0.802784893853098,-0.207808107047781
VisualCogA_Task-2,2,-1,-0.05078125,-1.52371586090899,-0.844966060456344,-0.0867780934131783
VisualCogA_Task-2,2,-1,-0.046875,-1.26928261558668,-0.885416595539764,0.126876747666675
VisualCogA_Task-2,2,-1,-0.04296875,-0.941234760368012,-0.925566599161964,0.432273769467575
VisualCogA_Task-2,2,-1,-0.0390625,-0.622233147804952,-0.97053787436791,0.80352661748224
VisualCogA_Task-2,2,-1,-0.03515625,-0.391542888037293,-1.02292510536986,1.21061793166786
VisualCogA_Task-2,2,-1,-0.03125,-0.303945836665436,-1.08295406656602,1.62501485746665
VisualCogA_Task-2,2,-1,-0.02734375,-0.379942707877191,-1.14830411666464,2.01071041666534
VisualCogA_Task-2,2,-1,-0.0234375,-0.611217458661721,-1.20631273186732,2.33007623317354
VisualCogA_Task-2,2,-1,-0.01953125,-0.965441536650171,-1.25030991393877,2.53840235320627
VisualCogA_Task-2,2,-1,-0.015625,-1.39555913109222,-1.27718584494979,2.60909796114557
VisualCogA_Task-2,2,-1,-0.01171875,-1.8469024131897,-1.28505737475177,2.54506941883821
VisualCogA_Task-2,2,-1,-0.0078125,-2.27091688734045,-1.26712376764143,2.37223038381879
VisualCogA_Task-2,2,-1,-0.00390625,-2.6360377610758,-1.20835334344751,2.13227741665244
VisualCogA_Task-2,2,-1,0,-2.93472929102044,-1.09543783813622,1.87066834941073
VisualCogA_Task-2,2,-1,0.00390625,-3.18082437863756,-0.92917080864446,1.62725970830489
VisualCogA_Task-2,2,-1,0.0078125,-3.40834319347908,-0.733301742115528,1.42175786026882
VisualCogA_Task-2,2,-1,0.01171875,-3.65787781256216,-0.544806072456723,1.25856132243891
VisualCogA_Task-2,2,-1,0.015625,-3.96030703330928,-0.40786586602478,1.13826323389187
VisualCogA_Task-2,2,-1,0.01953125,-4.32415685495605,-0.362375893522346,1.06026744078997
VisualCogA_Task-2,2,-1,0.0234375,-4.72624888807468,-0.417498758678367,1.02456304853878
VisualCogA_Task-2,2,-1,0.02734375,-5.12484719127545,-0.558529726225315,1.02415650134813
VisualCogA_Task-2,2,-1,0.03125,-5.46803740678734,-0.74717094867905,1.04292579004568
VisualCogA_Task-2,2,-1,0.03515625,-5.70706732343455,-0.929775789791499,1.06349215656761
VisualCogA_Task-2,2,-1,0.0390625,-5.8166686786258,-1.06506176426704,1.06159493992127
VisualCogA_Task-2,2,-1,0.04296875,-5.79991040145886,-1.1329927715049,1.01237368151483
VisualCogA_Task-2,2,-1,0.046875,-5.68264092355987,-1.1319980081408,0.910202845956024
VisualCogA_Task-2,2,-1,0.05078125,-5.50078578319032,-1.0715103024509,0.764459657177251
VisualCogA_Task-2,2,-1,0.0546875,-5.28755879426605,-0.974316620057513,0.602648068410121
VisualCogA_Task-2,2,-1,0.05859375,-5.06527314088812,-0.874874972553846,0.463457992374043
VisualCogA_Task-2,2,-1,0.0625,-4.84493479376301,-0.804053816954156,0.378698269145165
VisualCogA_Task-2,2,-1,0.06640625,-4.63042287842594,-0.780834783840928,0.366108020760057
VisualCogA_Task-2,2,-1,0.0703125,-4.43283253904801,-0.808474345383962,0.405893117139447
VisualCogA_Task-2,2,-1,0.07421875,-4.27217870815203,-0.885570988747594,0.462167093005137
VisualCogA_Task-2,2,-1,0.078125,-4.17146915789045,-1.00109037356655,0.491764980503777
VisualCogA_Task-2,2,-1,0.08203125,-4.14966408453922,-1.13959460043365,0.459484500919864
VisualCogA_Task-2,2,-1,0.0859375,-4.2127631715827,-1.28775388318779,0.35331262764437
VisualCogA_Task-2,2,-1,0.08984375,-4.35299780864485,-1.43140001925068,0.184788424711861
VisualCogA_Task-2,2,-1,0.09375,-4.55184713332685,-1.55080962101304,-0.0252323791604407
VisualCogA_Task-2,2,-1,0.09765625,-4.77786050014091,-1.6361531761348,-0.244288312947404
VisualCogA_Task-2,2,-1,0.1015625,-4.99663481064563,-1.68752157217424,-0.446397094344611
VisualCogA_Task-2,2,-1,0.10546875,-5.1834547969668,-1.70548364072945,-0.60444140090368
VisualCogA_Task-2,2,-1,0.109375,-5.33068552074222,-1.69765599703967,-0.700743353836868
VisualCogA_Task-2,2,-1,0.11328125,-5.45140414105986,-1.67243965184316,-0.743394797791046
VisualCogA_Task-2,2,-1,0.1171875,-5.5704174569283,-1.63497878745797,-0.743185334065603
VisualCogA_Task-2,2,-1,0.12109375,-5.72323762338803,-1.58823593682391,-0.712766932163983
VisualCogA_Task-2,2,-1,0.125,-5.94434929445103,-1.53899865201359,-0.658341072028571
VisualCogA_Task-2,2,-1,0.12890625,-6.25330093586983,-1.48649321584112,-0.593523977209808
VisualCogA_Task-2,2,-1,0.1328125,-6.64694590472853,-1.42209937366146,-0.527888581393476
VisualCogA_Task-2,2,-1,0.13671875,-7.0984027906951,-1.33834301015837,-0.467519396155573
VisualCogA_Task-2,2,-1,0.140625,-7.55982733491877,-1.23815966179867,-0.417966070108852
VisualCogA_Task-2,2,-1,0.14453125,-7.97389771149092,-1.12677332141998,-0.398186377731488
VisualCogA_Task-2,2,-1,0.1484375,-8.29469251550525,-1.02225166888384,-0.431084194669197
VisualCogA_Task-2,2,-1,0.15234375,-8.4981840090317,-0.942294098936237,-0.538514999375246
VisualCogA_Task-2,2,-1,0.15625,-8.59008504418492,-0.892001038937838,-0.729343455397809
VisualCogA_Task-2,2,-1,0.16015625,-8.60406698185896,-0.875126548565184,-0.999126635496825
VisualCogA_Task-2,2,-1,0.1640625,-8.59241259222755,-0.884707095182749,-1.31872112199651
VisualCogA_Task-2,2,-1,0.16796875,-8.61088337104668,-0.904062883148489,-1.6492955575473
VisualCogA_Task-2,2,-1,0.171875,-8.701937402463,-0.922198667371189,-1.96167244125461
VisualCogA_Task-2,2,-1,0.17578125,-8.88620402729847,-0.937167437707839,-2.22732421517516
VisualCogA_Task-2,2,-1,0.1796875,-9.1610045214278,-0.953925481986818,-2.41560728120413
VisualCogA_Task-2,2,-1,0.18359375,-9.50362573125625,-0.984075883411098,-2.50323544897336
VisualCogA_Task-2,2,-1,0.1875,-9.88271139779415,-1.03867448627347,-2.48663799862224
VisualCogA_Task-2,2,-1,0.19140625,-10.2669070779123,-1.12094252739465,-2.38137751662023
VisualCogA_Task-2,2,-1,0.1953125,-10.6288254804126,-1.22840457643461,-2.21831896855869
VisualCogA_Task-2,2,-1,0.19921875,-10.9488788086686,-1.36037101061405,-2.04462943573585
VisualCogA_Task-2,2,-1,0.203125,-11.2111098724647,-1.48862588546326,-1.90531076649448
VisualCogA_Task-2,2,-1,0.20703125,-11.4151050435745,-1.57235281655883,-1.82762226449038
VisualCogA_Task-2,2,-1,0.2109375,-11.5808966042219,-1.59954321113297,-1.80662265690284
VisualCogA_Task-2,2,-1,0.21484375,-11.7353382787017,-1.57217150860843,-1.80968047362092
VisualCogA_Task-2,2,-1,0.21875,-11.9052632037977,-1.50567460002323,-1.80094118262367
VisualCogA_Task-2,2,-1,0.22265625,-12.108647774599,-1.42142857812647,-1.75366711585437
VisualCogA_Task-2,2,-1,0.2265625,-12.3496734445294,-1.3397561383847,-1.65290856465521
VisualCogA_Task-2,2,-1,0.23046875,-12.6185731497022,-1.28385959289973,-1.49953489115635
VisualCogA_Task-2,2,-1,0.234375,-12.8941285537282,-1.27158223831256,-1.30360136954354
VisualCogA_Task-2,2,-1,0.23828125,-13.1452704135558,-1.31349514644494,-1.09659462913918
VisualCogA_Task-2,2,-1,0.2421875,-13.3352787277685,-1.40283461192599,-0.917931919287124
VisualCogA_Task-2,2,-1,0.24609375,-13.4288808773519,-1.51196177228084,-0.794861526621995
VisualCogA_Task-2,2,-1,0.25,-13.4072980315522,-1.61157755127415,-0.735692250707974
VisualCogA_Task-2,2,-1,0.25390625,-13.2614558320889,-1.6787167535137,-0.738373526051078
VisualCogA_Task-2,2,-1,0.2578125,-12.9933945509463,-1.70700945825532,-0.800700992771747
VisualCogA_Task-2,2,-1,0.26171875,-12.6115810632221,-1.69079569618809,-0.916455010717433
VisualCogA_Task-2,2,-1,0.265625,-12.1306901292356,-1.62985404084656,-1.07630132704179
VisualCogA_Task-2,2,-1,0.26953125,-11.577141267044,-1.53710894648296,-1.26909503448875
VisualCogA_Task-2,2,-1,0.2734375,-10.9944611664533,-1.4369577351245,-1.4688846896783
VisualCogA_Task-2,2,-1,0.27734375,-10.4334420564583,-1.35565864077781,-1.64092732754652
VisualCogA_Task-2,2,-1,0.28125,-9.93618283720611,-1.30879154637214,-1.76223400468562
VisualCogA_Task-2,2,-1,0.28515625,-9.53678399121397,-1.28833192942855,-1.79583270670522
VisualCogA_Task-2,2,-1,0.2890625,-9.24195280676957,-1.27239622320301,-1.71775075721157
VisualCogA_Task-2,2,-1,0.29296875,-9.02805076593792,-1.23300951360526,-1.53161212661034
VisualCogA_Task-2,2,-1,0.296875,-8.86113217105532,-1.16814593096643,-1.26647511089246
VisualCogA_Task-2,2,-1,0.30078125,-8.7043422957765,-1.086805001443,-0.963641615979076
VisualCogA_Task-2,2,-1,0.3046875,-8.53321823750942,-0.996986632489953,-0.673091668431327
VisualCogA_Task-2,2,-1,0.30859375,-8.34588737240631,-0.898123201410774,-0.446877810285743
VisualCogA_Task-2,2,-1,0.3125,-8.16494632064068,-0.79360909657229,-0.323329631775647
VisualCogA_Task-2,2,-1,0.31640625,-8.01493915095158,-0.692801576902511,-0.320162466265403
VisualCogA_Task-2,2,-1,0.3203125,-7.91094400176168,-0.602985284143909,-0.415260864780926
VisualCogA_Task-2,2,-1,0.32421875,-7.84789205528603,-0.51419841385122,-0.572844949490322
VisualCogA_Task-2,2,-1,0.328125,-7.80356635474224,-0.4289393555924,-0.751979106468067
VisualCogA_Task-2,2,-1,0.33203125,-7.75242117365331,-0.349232835248116,-0.901988713881841
VisualCogA_Task-2,2,-1,0.3359375,-7.68540437338114,-0.293863373060113,-0.973407638653828
VisualCogA_Task-2,2,-1,0.33984375,-7.6121049068579,-0.287436097510752,-0.93059353207919
VisualCogA_Task-2,2,-1,0.34375,-7.55432343221209,-0.34695008663421,-0.766172326148477
VisualCogA_Task-2,2,-1,0.34765625,-7.53552516882412,-0.461615372239615,-0.502730520043033
VisualCogA_Task-2,2,-1,0.3515625,-7.58066359508646,-0.61959710125605,-0.192472369601685
VisualCogA_Task-2,2,-1,0.35546875,-7.71221943277222,-0.795442032043692,0.111076168657145
VisualCogA_Task-2,2,-1,0.359375,-7.94501099410554,-0.960273964167011,0.367219209111886
VisualCogA_Task-2,2,-1,0.36328125,-8.27996619282207,-1.09388994697127,0.540112457258899
VisualCogA_Task-2,2,-1,0.3671875,-8.70689817238701,-1.20035046575791,0.61077810029354
VisualCogA_Task-2,2,-1,0.37109375,-9.200698065464,-1.28728146489903,0.583528299571888
VisualCogA_Task-2,2,-1,0.375,-9.73680030059532,-1.38732394194753,0.489881077426361
VisualCogA_Task-2,2,-1,0.37890625,-10.2956527508641,-1.52870849014461,0.384546305932639
VisualCogA_Task-2,2,-1,0.3828125,-10.8606900250362,-1.71827287522433,0.333454699010513
VisualCogA_Task-2,2,-1,0.38671875,-11.4186138201395,-1.94449520487611,0.387924054692091
VisualCogA_Task-2,2,-1,0.390625,-11.9549025461583,-2.18688937303757,0.559852845516579
VisualCogA_Task-2,2,-1,0.39453125,-12.4560598726651,-2.41721936672366,0.821288707931602
VisualCogA_Task-2,2,-1,0.3984375,-12.91709144267,-2.62044662274082,1.11685048310592
VisualCogA_Task-2,2,-1,0.40234375,-13.3334198844981,-2.7762202997397,1.3830844790756
VisualCogA_Task-2,2,-1,0.40625,-13.706502067605,-2.86941130175222,1.58953146043051
VisualCogA_Task-2,2,-1,0.41015625,-14.0329900277115,-2.90313801220286,1.73589811286571
VisualCogA_Task-2,2,-1,0.4140625,-14.307208775534,-2.88831302187299,1.84738727818396
VisualCogA_Task-2,2,-1,0.41796875,-14.5217722967424,-2.83290094696344,1.95474407888748
VisualCogA_Task-2,2,-1,0.421875,-14.6776915995492,-2.74977933973519,2.09463134688723
VisualCogA_Task-2,2,-1,0.42578125,-14.7845061774039,-2.64765949304929,2.25977645341113
VisualCogA_Task-2,2,-1,0.4296875,-14.8519486025544,-2.52579555555915,2.43486287202297
VisualCogA_Task-2,2,-1,0.43359375,-14.8980902641435,-2.39584386994578,2.59847873567952
VisualCogA_Task-2,2,-1,0.4375,-14.9388742034552,-2.28920299931577,2.74206727038807
VisualCogA_Task-2,2,-1,0.44140625,-14.9703788259011,-2.23559310037422,2.86353037599143
VisualCogA_Task-2,2,-1,0.4453125,-14.971747458334,-2.24620320313096,2.95458246765122
VisualCogA_Task-2,2,-1,0.44921875,-14.9104577602475,-2.31023461119672,3.02999523674131
VisualCogA_Task-2,2,-1,0.453125,-14.7523170928544,-2.40547281507851,3.1247628974547
VisualCogA_Task-2,2,-1,0.45703125,-14.4672309980112,-2.52661070312999,3.25875637088218
VisualCogA_Task-2,2,-1,0.4609375,-14.0496509589446,-2.6610697483766,3.46917215785141
VisualCogA_Task-2,2,-1,0.46484375,-13.5094744003588,-2.80326457598308,3.76609088268085
VisualCogA_Task-2,2,-1,0.46875,-12.8736176482298,-2.95705095356964,4.15052579741801
VisualCogA_Task-2,2,-1,0.47265625,-12.186202470382,-3.13184905269634,4.60140557561753
VisualCogA_Task-2,2,-1,0.4765625,-11.5012314663489,-3.33088328777133,5.08824516027454
VisualCogA_Task-2,2,-1,0.48046875,-10.8658668496119,-3.54553103992225,5.58476447175715
VisualCogA_Task-2,2,-1,0.484375,-10.3105538132034,-3.75298714966358,6.071876821348
VisualCogA_Task-2,2,-1,0.48828125,-9.83417117374616,-3.94451463052748,6.511789102999
VisualCogA_Task-2,2,-1,0.4921875,-9.40237716620267,-4.12632176406262,6.86590899398336
VisualCogA_Task-2,2,-1,0.49609375,-8.95440313091572,-4.31142432865209,7.10204664530058
VisualCogA_Task-2,2,-1,0.5,-8.41717481813701,-4.51553103659171,7.20735063508679
VisualCogA_Task-2,2,-1,0.50390625,-7.71754244553632,-4.75696004566361,7.17853405156665
VisualCogA_Task-2,2,-1,0.5078125,-6.80055715682176,-5.04331447970727,7.03339751512173
VisualCogA_Task-2,2,-1,0.51171875,-5.6416990477643,-5.36097167023936,6.79810574321472
VisualCogA_Task-2,2,-1,0.515625,-4.24797613200826,-5.67001515584722,6.48905077880581
VisualCogA_Task-2,2,-1,0.51953125,-2.65013638138656,-5.93296824587889,6.11126421121623
VisualCogA_Task-2,2,-1,0.5234375,-0.89086172442184,-6.12087813006823,5.65654453300761
VisualCogA_Task-2,2,-1,0.52734375,0.984106048495848,-6.21320911940738,5.11234223336742
VisualCogA_Task-2,2,-1,0.53125,2.9373709814859,-6.20398535330127,4.47511066212563
VisualCogA_Task-2,2,-1,0.53515625,4.94888177383728,-6.11672989952212,3.77304407261933
VisualCogA_Task-2,2,-1,0.5390625,7.02708659361186,-5.99892188569265,3.04791940384676
VisualCogA_Task-2,2,-1,0.54296875,9.19672368828282,-5.88980698155461,2.36107929980198
VisualCogA_Task-2,2,-1,0.546875,11.47498252549,-5.82440017667239,1.78303506889665
VisualCogA_Task-2,2,-1,0.55078125,13.8571201939619,-5.82512984584427,1.36679973919774
VisualCogA_Task-2,2,-1,0.5546875,16.3133592252441,-5.89937769417675,1.11116743713772
VisualCogA_Task-2,2,-1,0.55859375,18.8000630720421,-6.05861044028182,0.952414488069984
VisualCogA_Task-2,2,-1,0.5625,21.2662336010521,-6.28380636419276,0.822743333332351
VisualCogA_Task-2,2,-1,0.56640625,23.677744694655,-6.55144119685044,0.668691225735369
VisualCogA_Task-2,2,-1,0.5703125,26.0177259412938,-6.81836767356487,0.440167027459314
VisualCogA_Task-2,2,-1,0.57421875,28.2912923428775,-7.04494030387041,0.0950218544776433
VisualCogA_Task-2,2,-1,0.578125,30.5246868003892,-7.19645770978734,-0.37133958662421
VisualCogA_Task-2,2,-1,0.58203125,32.7532448411796,-7.27042799040496,-0.959775550588958
VisualCogA_Task-2,2,-1,0.5859375,35.0142447862955,-7.27408115217687,-1.65787085364362
VisualCogA_Task-2,2,-1,0.58984375,37.3107369769928,-7.23214922547469,-2.40520054877047
VisualCogA_Task-2,2,-1,0.59375,39.6127082046084,-7.16888459154998,-3.14094200347127
VisualCogA_Task-2,2,-1,0.59765625,41.868073719724,-7.11155870089504,-3.83714744565751
VisualCogA_Task-2,2,-1,0.6015625,44.011152360514,-7.08107567589143,-4.51226581975789
VisualCogA_Task-2,2,-1,0.60546875,45.9797624762947,-7.08428689466351,-5.21025685645009
VisualCogA_Task-2,2,-1,0.609375,47.7327008533544,-7.11266341801525,-5.97061867852516
VisualCogA_Task-2,2,-1,0.61328125,49.2588168951419,-7.14873991773553,-6.80234451715681
VisualCogA_Task-2,2,-1,0.6171875,50.5761129773475,-7.17839080841618,-7.6791031087936
VisualCogA_Task-2,2,-1,0.62109375,51.7148398198063,-7.21196026345709,-8.56773321686506
VisualCogA_Task-2,2,-1,0.625,52.70356143594,-7.25115019423008,-9.44411001208685
VisualCogA_Task-2,2,-1,0.62890625,53.56728298518,-7.29109370117994,-10.296516337144
VisualCogA_Task-2,2,-1,0.6328125,54.3282706411501,-7.31112989068155,-11.1313491462786
VisualCogA_Task-2,2,-1,0.63671875,55.0106348154033,-7.28644353959861,-11.9630205502069
VisualCogA_Task-2,2,-1,0.640625,55.6418385500315,-7.20341460529522,-12.8016413541675
VisualCogA_Task-2,2,-1,0.64453125,56.2468417971227,-7.06355161047725,-13.6317561752158
VisualCogA_Task-2,2,-1,0.6484375,56.8451201480845,-6.88850174687468,-14.4132777761224
VisualCogA_Task-2,2,-1,0.65234375,57.4494748131761,-6.70677301967802,-15.0883501131514
VisualCogA_Task-2,2,-1,0.65625,58.0662421775637,-6.54291624030365,-15.6043995246273
VisualCogA_Task-2,2,-1,0.66015625,58.6887061107542,-6.39663920841513,-15.9379585462379
VisualCogA_Task-2,2,-1,0.6640625,59.3022691939293,-6.24771455682095,-16.1142370393495
VisualCogA_Task-2,2,-1,0.66796875,59.8895382780156,-6.0698850538174,-16.2093226629905
VisualCogA_Task-2,2,-1,0.671875,60.4328773075714,-5.84187020563132,-16.3252445129026
VisualCogA_Task-2,2,-1,0.67578125,60.9165170483775,-5.55771218143378,-16.5491478373257
VisualCogA_Task-2,2,-1,0.6796875,61.3279347679521,-5.22536971618174,-16.9122751303137
VisualCogA_Task-2,2,-1,0.68359375,61.6469524107691,-4.86103389917461,-17.377756825452
VisualCogA_Task-2,2,-1,0.6875,61.8630583806055,-4.50538659304296,-17.8862593319731
VisualCogA_Task-2,2,-1,0.69140625,61.9900031670292,-4.21507371229845,-18.3609127021506
VisualCogA_Task-2,2,-1,0.6953125,62.0328583214232,-4.0191572217887,-18.7463429210696
VisualCogA_Task-2,2,-1,0.69921875,61.9866445998471,-3.90973414971434,-19.0366917125806
VisualCogA_Task-2,2,-1,0.703125,61.8431486035597,-3.86131986519754,-19.2618873225777
VisualCogA_Task-2,2,-1,0.70703125,61.5889242125004,-3.83156124092358,-19.4566120379789
VisualCogA_Task-2,2,-1,0.7109375,61.2140891584017,-3.76086964550749,-19.6247816312831
VisualCogA_Task-2,2,-1,0.71484375,60.7373406661999,-3.61132513618828,-19.7656599761441
VisualCogA_Task-2,2,-1,0.71875,60.2198853894413,-3.40753704557389,-19.9284361883517
VisualCogA_Task-2,2,-1,0.72265625,59.7191794374368,-3.18532286514819,-20.1183810714745
VisualCogA_Task-2,2,-1,0.7265625,59.2839435376506,-2.97107668347408,-20.3259143668494
VisualCogA_Task-2,2,-1,0.73046875,58.9337169349221,-2.77761461881003,-20.5229662829287
VisualCogA_Task-2,2,-1,0.734375,58.6640142609592,-2.6138663782441,-20.6933692874558
VisualCogA_Task-2,2,-1,0.73828125,58.4653280624046,-2.50383920742001,-20.8905404629381
VisualCogA_Task-2,2,-1,0.7421875,58.3127026930453,-2.44520699009664,-21.1852216178385
VisualCogA_Task-2,2,-1,0.74609375,58.1715563091373,-2.43793557244214,-21.6392648467569
VisualCogA_Task-2,2,-1,0.75,57.9858698414198,-2.4613871652697,-22.2268805843564
VisualCogA_Task-2,2,-1,0.75390625,57.7029434768911,-2.50015034109897,-22.8706993704169
VisualCogA_Task-2,2,-1,0.7578125,57.2800034791561,-2.51583273838112,-23.4479185558391
VisualCogA_Task-2,2,-1,0.76171875,56.7218228578823,-2.47058552479357,-23.8797106578203
VisualCogA_Task-2,2,-1,0.765625,56.0634593709516,-2.35214162804021,-24.1146896445365
VisualCogA_Task-2,2,-1,0.76953125,55.3658744155991,-2.15971880784366,-24.1347434619073
VisualCogA_Task-2,2,-1,0.7734375,54.7020352323875,-1.89235839631397,-23.9765363616986
VisualCogA_Task-2,2,-1,0.77734375,54.1370302570684,-1.54283235931759,-23.7182999329016
VisualCogA_Task-2,2,-1,0.78125,53.71557844741,-1.13006784099103,-23.4476239620791
VisualCogA_Task-2,2,-1,0.78515625,53.4441831817422,-0.714012067515363,-23.2962107227048
VisualCogA_Task-2,2,-1,0.7890625,53.3004715944934,-0.35159615819925,-23.3611103872582
VisualCogA_Task-2,2,-1,0.79296875,53.240754347446,-0.0988523157090953,-23.6666245549174
VisualCogA_Task-2,2,-1,0.796875,53.2236246219958,0.0347359882006586,-24.1773933681657
VisualCogA_Task-2,2,-1,0.80078125,53.2170342838863,0.106709732777325,-24.7802500821859
VisualCogA_Task-2,2,1,-0.19921875,-1.43527976412057,0.522666395499795,-1.40086675694735
VisualCogA_Task-2,2,1,-0.1953125,-1.31078478062761,0.534687711544481,-1.72003698497708
VisualCogA_Task-2,2,1,-0.19140625,-1.17996195407278,0.561249515132372,-2.03400479231676
VisualCogA_Task-2,2,1,-0.1875,-1.02532631036557,0.620257435588789,-2.33873478735645
VisualCogA_Task-2,2,1,-0.18359375,-0.830700739720205,0.727467913550723,-2.58659383975555
VisualCogA_Task-2,2,1,-0.1796875,-0.590893406623278,0.879146225285903,-2.7255457515038
VisualCogA_Task-2,2,1,-0.17578125,-0.323908530651362,1.04323308774246,-2.72308362690181
VisualCogA_Task-2,2,1,-0.171875,-0.0780326912022791,1.19338516893828,-2.57180040034197
VisualCogA_Task-2,2,1,-0.16796875,0.0916958146303698,1.3137685124223,-2.29318929559634
VisualCogA_Task-2,2,1,-0.1640625,0.146735848362353,1.39604059667442,-1.93684074510186
VisualCogA_Task-2,2,1,-0.16015625,0.0991765536076642,1.41819511503938,-1.55581061234135
VisualCogA_Task-2,2,1,-0.15625,-0.00875918088265331,1.38031479419738,-1.23073373526998
VisualCogA_Task-2,2,1,-0.15234375,-0.131876525633661,1.31122578007987,-1.01316032999336
VisualCogA_Task-2,2,1,-0.1484375,-0.245839663496407,1.25290712480295,-0.93110028338634
VisualCogA_Task-2,2,1,-0.14453125,-0.336889450831208,1.23382979052273,-0.977159872314518
VisualCogA_Task-2,2,1,-0.140625,-0.39814338176117,1.26308186797615,-1.12011795638211
VisualCogA_Task-2,2,1,-0.13671875,-0.423397842943653,1.33183939606135,-1.32082971652492
VisualCogA_Task-2,2,1,-0.1328125,-0.409927403008524,1.40830234760409,-1.553301164834
VisualCogA_Task-2,2,1,-0.12890625,-0.351128269515532,1.46754019886145,-1.79185738657937
VisualCogA_Task-2,2,1,-0.125,-0.244849071519325,1.49493121426274,-2.01808420262913
VisualCogA_Task-2,2,1,-0.12109375,-0.100712680472233,1.47895144532783,-2.20885746463422
VisualCogA_Task-2,2,1,-0.1171875,0.0582255009710624,1.39921722221038,-2.32761063570588
VisualCogA_Task-2,2,1,-0.11328125,0.199745451505113,1.23677063729873,-2.33175862216301
VisualCogA_Task-2,2,1,-0.109375,0.286774158688965,0.988801855617471,-2.19227290652806
VisualCogA_Task-2,2,1,-0.10546875,0.289967140110089,0.676482860278894,-1.9099813140894
VisualCogA_Task-2,2,1,-0.1015625,0.197162050810617,0.335320550973266,-1.52449123736675
VisualCogA_Task-2,2,1,-0.09765625,0.00704480640704789,0.00636878608307656,-1.08019700864509
VisualCogA_Task-2,2,1,-0.09375,-0.266922016878933,-0.278373158102475,-0.615176883728502
VisualCogA_Task-2,2,1,-0.08984375,-0.596812301595863,-0.507459262833681,-0.154918180000354
VisualCogA_Task-2,2,1,-0.0859375,-0.938633410983514,-0.682012268321255,0.285822194487455
VisualCogA_Task-2,2,1,-0.08203125,-1.23661037160834,-0.809605559428804,0.691625119472161
VisualCogA_Task-2,2,1,-0.078125,-1.43318905436843,-0.903114540963062,1.0536688908459
VisualCogA_Task-2,2,1,-0.07421875,-1.49131892721033,-0.975840401728546,1.37200472028913
VisualCogA_Task-2,2,1,-0.0703125,-1.4105547580326,-1.04248312021712,1.67249473195017
VisualCogA_Task-2,2,1,-0.06640625,-1.22143010861031,-1.12077508649574,1.99008822330246
VisualCogA_Task-2,2,1,-0.0625,-0.964853910939947,-1.22507281348899,2.3399937858546
VisualCogA_Task-2,2,1,-0.05859375,-0.67354417256402,-1.35585605851479,2.71665071912092
VisualCogA_Task-2,2,1,-0.0546875,-0.369108857052877,-1.49977793350842,3.08536689603241
VisualCogA_Task-2,2,1,-0.05078125,-0.0711928230983571,-1.64268555634629,3.40467666426047
VisualCogA_Task-2,2,1,-0.046875,0.190493795081529,-1.7700424455206,3.65016898791601
VisualCogA_Task-2,2,1,-0.04296875,0.380789776489768,-1.8691026307542,3.81422269658339
VisualCogA_Task-2,2,1,-0.0390625,0.496644035477046,-1.92488537729268,3.86919020107848
VisualCogA_Task-2,2,1,-0.03515625,0.563254873942525,-1.91212051169833,3.7968502275381
VisualCogA_Task-2,2,1,-0.03125,0.61395361377552,-1.81334211060904,3.59121184671811
VisualCogA_Task-2,2,1,-0.02734375,0.677330501147415,-1.63565962999809,3.266377913729
VisualCogA_Task-2,2,1,-0.0234375,0.766632616042496,-1.42643275574472,2.87394918047418
VisualCogA_Task-2,2,1,-0.01953125,0.872654114583106,-1.23771068883103,2.48939939676977
VisualCogA_Task-2,2,1,-0.015625,0.958842838037386,-1.10790114099824,2.18178164335667
VisualCogA_Task-2,2,1,-0.01171875,0.966897530163079,-1.04672632811469,1.98140171593438
VisualCogA_Task-2,2,1,-0.0078125,0.852040545579602,-1.05867589245269,1.89039443535607
VisualCogA_Task-2,2,1,-0.00390625,0.613171124854132,-1.13932556888887,1.90315349069654
VisualCogA_Task-2,2,1,0,0.291645823966548,-1.27287537939279,2.01377115892799
VisualCogA_Task-2,2,1,0.00390625,-0.0505359798107546,-1.44481732372909,2.22337647857242
VisualCogA_Task-2,2,1,0.0078125,-0.353198554292968,-1.64467975523617,2.51739573535396
VisualCogA_Task-2,2,1,0.01171875,-0.572869956510214,-1.86050109151277,2.86483724908685
VisualCogA_Task-2,2,1,0.015625,-0.69274767105525,-2.06004381773508,3.21434847759581
VisualCogA_Task-2,2,1,0.01953125,-0.707226876849972,-2.21391460317554,3.54081618728474
VisualCogA_Task-2,2,1,0.0234375,-0.615375013797528,-2.30673585224644,3.86035970246226
VisualCogA_Task-2,2,1,0.02734375,-0.431862349976583,-2.32861832182975,4.1812249128407
VisualCogA_Task-2,2,1,0.03125,-0.183141466388682,-2.31208270646854,4.53198319399774
VisualCogA_Task-2,2,1,0.03515625,0.0802723197894419,-2.29152664122808,4.9021965428575
VisualCogA_Task-2,2,1,0.0390625,0.283247589133583,-2.2811399721055,5.21755986884126
VisualCogA_Task-2,2,1,0.04296875,0.348026372899137,-2.28195371559999,5.39880849723549
VisualCogA_Task-2,2,1,0.046875,0.215038808779248,-2.27704486357361,5.40357541653472
VisualCogA_Task-2,2,1,0.05078125,-0.139638319221893,-2.25268545500666,5.23562271635064
VisualCogA_Task-2,2,1,0.0546875,-0.693726043939581,-2.1978518750357,4.93809946281225
VisualCogA_Task-2,2,1,0.05859375,-1.38187188628337,-2.10973479083994,4.54764134469835
VisualCogA_Task-2,2,1,0.0625,-2.10905789698901,-1.99027337708386,4.10345606593527
VisualCogA_Task-2,2,1,0.06640625,-2.77870366746413,-1.84777345584763,3.63110011326094
VisualCogA_Task-2,2,1,0.0703125,-3.31740790125769,-1.69285367723805,3.16372630745537
VisualCogA_Task-2,2,1,0.07421875,-3.69708445071402,-1.52073886406179,2.72934308432806
VisualCogA_Task-2,2,1,0.078125,-3.92557959718591,-1.3468335184664,2.37314748878595
VisualCogA_Task-2,2,1,0.08203125,-4.03938640474497,-1.19412168094851,2.12949889665193
VisualCogA_Task-2,2,1,0.0859375,-4.08539972571451,-1.08539675841039,2.01760811304249
VisualCogA_Task-2,2,1,0.08984375,-4.10401160745492,-1.03638383505324,2.0443689918881
VisualCogA_Task-2,2,1,0.09375,-4.11370195342205,-1.04185650676781,2.23103694202359
VisualCogA_Task-2,2,1,0.09765625,-4.1180880879499,-1.08043225132309,2.56440378085772
VisualCogA_Task-2,2,1,0.1015625,-4.09954993993801,-1.13888884132405,3.01144942284453
VisualCogA_Task-2,2,1,0.10546875,-4.0314724336213,-1.19870329674367,3.53321311840316
VisualCogA_Task-2,2,1,0.109375,-3.8832942640425,-1.25714824179292,4.09683800621184
VisualCogA_Task-2,2,1,0.11328125,-3.64327688127496,-1.29473262218077,4.65358601553456
VisualCogA_Task-2,2,1,0.1171875,-3.33185390137005,-1.28344085636575,5.13914178830066
VisualCogA_Task-2,2,1,0.12109375,-3.00528342171883,-1.20678471245181,5.47882477965837
VisualCogA_Task-2,2,1,0.125,-2.7080188461435,-1.11423244105624,5.70544615613912
VisualCogA_Task-2,2,1,0.12890625,-2.4788904986655,-1.0770724204892,5.91388067891032
VisualCogA_Task-2,2,1,0.1328125,-2.34839334801048,-1.15030012952175,6.14934277508437
VisualCogA_Task-2,2,1,0.13671875,-2.3194656775309,-1.36780213639363,6.42555384917823
VisualCogA_Task-2,2,1,0.140625,-2.37302479747387,-1.72505737451232,6.73367099586714
VisualCogA_Task-2,2,1,0.14453125,-2.47226546257756,-2.18591142858583,7.05909756923427
VisualCogA_Task-2,2,1,0.1484375,-2.59742496702385,-2.66753463090369,7.37638626745353
VisualCogA_Task-2,2,1,0.15234375,-2.73454516966252,-3.08897041686479,7.65788897101614
VisualCogA_Task-2,2,1,0.15625,-2.86607184983728,-3.40651553163604,7.91690369508798
VisualCogA_Task-2,2,1,0.16015625,-2.98407445952586,-3.60496325084144,8.17815574118141
VisualCogA_Task-2,2,1,0.1640625,-3.0955560467232,-3.70512723220669,8.42351316119617
VisualCogA_Task-2,2,1,0.16796875,-3.21430802467738,-3.74987973192264,8.63766590170991
VisualCogA_Task-2,2,1,0.171875,-3.34389365923969,-3.80522878657327,8.83792132521512
VisualCogA_Task-2,2,1,0.17578125,-3.48155391482347,-3.92824349561125,9.05209872642687
VisualCogA_Task-2,2,1,0.1796875,-3.63487716822554,-4.13617898170976,9.29943671031121
VisualCogA_Task-2,2,1,0.18359375,-3.8373220732261,-4.41169356037019,9.55216488238278
VisualCogA_Task-2,2,1,0.1875,-4.14547165308172,-4.70994353981362,9.76566118245599
VisualCogA_Task-2,2,1,0.19140625,-4.61904816499021,-4.98397633284904,9.90345136934489
VisualCogA_Task-2,2,1,0.1953125,-5.29033910037798,-5.19334714472761,9.97256379747466
VisualCogA_Task-2,2,1,0.19921875,-6.12216648602196,-5.31949274078886,10.0340262557948
VisualCogA_Task-2,2,1,0.203125,-6.99788887216743,-5.38819043912219,10.2107933928431
VisualCogA_Task-2,2,1,0.20703125,-7.75709643473551,-5.45747212259919,10.5928006154217
VisualCogA_Task-2,2,1,0.2109375,-8.26158167501945,-5.57065983409813,11.1749987962978
VisualCogA_Task-2,2,1,0.21484375,-8.45912982026047,-5.70200772672783,11.8360991193484
VisualCogA_Task-2,2,1,0.21875,-8.35224691546315,-5.81336918953649,12.4401402125363
VisualCogA_Task-2,2,1,0.22265625,-7.97938491495183,-5.91539203557499,12.9034268591928
VisualCogA_Task-2,2,1,0.2265625,-7.40448062808942,-6.01748833772989,13.1997706686042
VisualCogA_Task-2,2,1,0.23046875,-6.71561573772967,-6.10731162055568,13.3533322364144
VisualCogA_Task-2,2,1,0.234375,-6.00651544032287,-6.15839899693269,13.363514681056
VisualCogA_Task-2,2,1,0.23828125,-5.33793096129384,-6.18727832481211,13.3073134684014
VisualCogA_Task-2,2,1,0.2421875,-4.74344733434656,-6.21555988554047,13.2800106213639
VisualCogA_Task-2,2,1,0.24609375,-4.22985214782727,-6.25948655852676,13.3410134181663
VisualCogA_Task-2,2,1,0.25,-3.79378336254768,-6.30589192549222,13.5135834936699
VisualCogA_Task-2,2,1,0.25390625,-3.44207482466887,-6.31429387420155,13.7681743933014
VisualCogA_Task-2,2,1,0.2578125,-3.16962145970412,-6.27538597776686,14.0627017969115
VisualCogA_Task-2,2,1,0.26171875,-2.95399095767486,-6.21451062734688,14.353762563016
VisualCogA_Task-2,2,1,0.265625,-2.75998006942302,-6.15930957011229,14.6275636606692
VisualCogA_Task-2,2,1,0.26953125,-2.55174983341139,-6.11808045259456,14.8975673790439
VisualCogA_Task-2,2,1,0.2734375,-2.30671730672122,-6.08162225815872,15.1820761687
VisualCogA_Task-2,2,1,0.27734375,-2.02954404585051,-6.0290834803147,15.4765772694433
VisualCogA_Task-2,2,1,0.28125,-1.73303335188134,-5.96149757776661,15.7380561962443
VisualCogA_Task-2,2,1,0.28515625,-1.42157650151478,-5.91719378524561,15.9095911592431
VisualCogA_Task-2,2,1,0.2890625,-1.10779721455221,-5.92765293515218,15.9866880327325
VisualCogA_Task-2,2,1,0.29296875,-0.807043889244492,-6.00820710015825,16.0025752817589
VisualCogA_Task-2,2,1,0.296875,-0.530877239925478,-6.15323188223447,16.0290389060199
VisualCogA_Task-2,2,1,0.30078125,-0.274124918458996,-6.35113117430031,16.090245110379
VisualCogA_Task-2,2,1,0.3046875,-0.0477126126189074,-6.54128080288545,16.1533626265914
VisualCogA_Task-2,2,1,0.30859375,0.136693870566089,-6.65972126941138,16.1852388810799
VisualCogA_Task-2,2,1,0.3125,0.273767071631756,-6.67247763506555,16.1969844010709
VisualCogA_Task-2,2,1,0.31640625,0.357678099683084,-6.57933744234237,16.231260520361
VisualCogA_Task-2,2,1,0.3203125,0.390652920180097,-6.41953187257895,16.3244114694482
VisualCogA_Task-2,2,1,0.32421875,0.374816095609669,-6.21362126546594,16.4773012695452
VisualCogA_Task-2,2,1,0.328125,0.324864698789105,-5.98226010314272,16.6824658182473
VisualCogA_Task-2,2,1,0.33203125,0.269282354090392,-5.75414135908134,16.9726848328805
VisualCogA_Task-2,2,1,0.3359375,0.230770572158563,-5.55633504922203,17.3335091706526
VisualCogA_Task-2,2,1,0.33984375,0.212690753310378,-5.41617798770264,17.7156790778735
VisualCogA_Task-2,2,1,0.34375,0.197671663553689,-5.34971983055298,18.0651600263269
VisualCogA_Task-2,2,1,0.34765625,0.150266299909481,-5.36694092146734,18.3554198007012
VisualCogA_Task-2,2,1,0.3515625,0.0358717554795692,-5.46896845334661,18.6052695544472
VisualCogA_Task-2,2,1,0.35546875,-0.156803476435655,-5.66991750875268,18.8537461467336
VisualCogA_Task-2,2,1,0.359375,-0.431006725113402,-5.96586206628201,19.1024761855496
VisualCogA_Task-2,2,1,0.36328125,-0.785909689500768,-6.31725958351381,19.3559124662926
VisualCogA_Task-2,2,1,0.3671875,-1.21432977389453,-6.6691690201353,19.5769424972992
VisualCogA_Task-2,2,1,0.37109375,-1.69425872082533,-6.97623140191346,19.7266503578132
VisualCogA_Task-2,2,1,0.375,-2.19309740069636,-7.22212649896,19.7905656791258
VisualCogA_Task-2,2,1,0.37890625,-2.67850568481923,-7.41430248502266,19.7651449251969
VisualCogA_Task-2,2,1,0.3828125,-3.12263246597988,-7.58185520703753,19.6847344285303
VisualCogA_Task-2,2,1,0.38671875,-3.51957444714283,-7.75022300826415,19.5847483116496
VisualCogA_Task-2,2,1,0.390625,-3.88317320665949,-7.91785845042306,19.5199646053792
VisualCogA_Task-2,2,1,0.39453125,-4.23166022065026,-8.08080824327845,19.5601001871572
VisualCogA_Task-2,2,1,0.3984375,-4.58032008654829,-8.24181901055517,19.7446069770803
VisualCogA_Task-2,2,1,0.40234375,-4.94196438888043,-8.39127561425087,20.0700901665897
VisualCogA_Task-2,2,1,0.40625,-5.32857613083619,-8.51685992258507,20.4881912881813
VisualCogA_Task-2,2,1,0.41015625,-5.74628166518089,-8.59938759683,20.9442788943922
VisualCogA_Task-2,2,1,0.4140625,-6.19834453936884,-8.62455978013531,21.416762310898
VisualCogA_Task-2,2,1,0.41796875,-6.68825929850273,-8.58540033473846,21.9164943686341
VisualCogA_Task-2,2,1,0.421875,-7.21203109975462,-8.48941732899545,22.4262412945851
VisualCogA_Task-2,2,1,0.42578125,-7.75489751979682,-8.36368619615018,22.8686286845465
VisualCogA_Task-2,2,1,0.4296875,-8.27221394609458,-8.25734485187848,23.1653465540355
VisualCogA_Task-2,2,1,0.43359375,-8.69871596004999,-8.21135283477112,23.3050735657065
VisualCogA_Task-2,2,1,0.4375,-8.95596813576371,-8.24695049519025,23.31369088408
VisualCogA_Task-2,2,1,0.44140625,-8.97887739812887,-8.34954853498898,23.2455404833377
VisualCogA_Task-2,2,1,0.4453125,-8.74341927108173,-8.48590931455944,23.1584097381647
VisualCogA_Task-2,2,1,0.44921875,-8.2808568010525,-8.6125858876579,23.100995132883
VisualCogA_Task-2,2,1,0.453125,-7.67736151693339,-8.69216098888161,23.1003758714511
VisualCogA_Task-2,2,1,0.45703125,-7.05542918844192,-8.70444213562872,23.182299863897
VisualCogA_Task-2,2,1,0.4609375,-6.52905639504891,-8.65886932722996,23.3723730416119
VisualCogA_Task-2,2,1,0.46484375,-6.17781598049607,-8.57561579972873,23.6815009547494
VisualCogA_Task-2,2,1,0.46875,-6.03226010527414,-8.47556367034656,24.0859316552642
VisualCogA_Task-2,2,1,0.47265625,-6.06483311726036,-8.38961592744612,24.5538224670452
VisualCogA_Task-2,2,1,0.4765625,-6.21037240085043,-8.34741742699583,25.0469390963749
VisualCogA_Task-2,2,1,0.48046875,-6.38878629046841,-8.36361680430123,25.5190236177854
VisualCogA_Task-2,2,1,0.484375,-6.52493074153481,-8.43287740828164,25.9479319928393
VisualCogA_Task-2,2,1,0.48828125,-6.56183747598383,-8.5226243772804,26.3203204618681
VisualCogA_Task-2,2,1,0.4921875,-6.46639516353616,-8.59171712031316,26.5909566817308
VisualCogA_Task-2,2,1,0.49609375,-6.22338767066555,-8.61316191594042,26.70125430021
VisualCogA_Task-2,2,1,0.5,-5.83247960756499,-8.58809883850876,26.6238552855963
VisualCogA_Task-2,2,1,0.50390625,-5.29957356431222,-8.54292449307669,26.3890058075569
VisualCogA_Task-2,2,1,0.5078125,-4.65215266800932,-8.49560811895868,26.0308512742341
VisualCogA_Task-2,2,1,0.51171875,-3.91268163628135,-8.48433404289334,25.6026076405742
VisualCogA_Task-2,2,1,0.515625,-3.08335088415292,-8.57281052912865,25.1906686230501
VisualCogA_Task-2,2,1,0.51953125,-2.13775384148559,-8.83400139068042,24.8758089479303
VisualCogA_Task-2,2,1,0.5234375,-1.03016430297623,-9.32030066651928,24.7312034190169
VisualCogA_Task-2,2,1,0.52734375,0.286974963053514,-10.047359147781,24.7465754041765
VisualCogA_Task-2,2,1,0.53125,1.85317131880769,-10.9308526803184,24.8477241210372
VisualCogA_Task-2,2,1,0.53515625,3.69178730178488,-11.8613392934497,24.9442661719403
VisualCogA_Task-2,2,1,0.5390625,5.81620114455391,-12.7223582770385,25.0283033172653
VisualCogA_Task-2,2,1,0.54296875,8.23375792618838,-13.4386347689125,25.0975087074182
VisualCogA_Task-2,2,1,0.546875,10.9412966131821,-13.968621317925,25.1119116006293
VisualCogA_Task-2,2,1,0.55078125,13.9474613221107,-14.2776420665247,25.0726228055473
VisualCogA_Task-2,2,1,0.5546875,17.2543561792992,-14.3611064424562,24.9815777730505
VisualCogA_Task-2,2,1,0.55859375,20.81776858247,-14.2131481787878,24.7684518584734
VisualCogA_Task-2,2,1,0.5625,24.5823718591592,-13.8769327685885,24.3773026282561
VisualCogA_Task-2,2,1,0.56640625,28.5041305636567,-13.4631949682703,23.7473264084756
VisualCogA_Task-2,2,1,0.5703125,32.4942003704469,-13.117146308721,22.8848914936469
VisualCogA_Task-2,2,1,0.57421875,36.4256226192746,-12.9158953699492,21.8173961780139
VisualCogA_Task-2,2,1,0.578125,40.1518051653029,-12.8833340418021,20.5946058504171
VisualCogA_Task-2,2,1,0.58203125,43.5389392207904,-12.9641331146492,19.2379025083358
VisualCogA_Task-2,2,1,0.5859375,46.5116395455288,-13.086263716446,17.7739448951567
VisualCogA_Task-2,2,1,0.58984375,49.0625664453912,-13.1985436200196,16.2562104768255
VisualCogA_Task-2,2,1,0.59375,51.2395828900212,-13.2815785782878,14.7471640986132
VisualCogA_Task-2,2,1,0.59765625,53.1089332679209,-13.3263125854997,13.2850583536098
VisualCogA_Task-2,2,1,0.6015625,54.7471669036619,-13.3624538050478,11.9289817362176
VisualCogA_Task-2,2,1,0.60546875,56.2109274130967,-13.4204740428387,10.7630824351287
VisualCogA_Task-2,2,1,0.609375,57.520400287313,-13.5137611081201,9.81652878830926
VisualCogA_Task-2,2,1,0.61328125,58.6769992287274,-13.6295485437997,9.03263067549241
VisualCogA_Task-2,2,1,0.6171875,59.6805269908121,-13.7368930571349,8.30837159315282
VisualCogA_Task-2,2,1,0.62109375,60.550091010194,-13.8222535051983,7.53950735378213
VisualCogA_Task-2,2,1,0.625,61.3307466111426,-13.8858062133052,6.65955670209782
VisualCogA_Task-2,2,1,0.62890625,62.0831314849072,-13.9052725559611,5.65595651522553
VisualCogA_Task-2,2,1,0.6328125,62.8543229580904,-13.8473874147528,4.56135897959805
VisualCogA_Task-2,2,1,0.63671875,63.6601361889874,-13.7162623953433,3.43807841903984
VisualCogA_Task-2,2,1,0.640625,64.4964720334299,-13.5202310197193,2.34441555275848
VisualCogA_Task-2,2,1,0.64453125,65.3510391401688,-13.2707044189772,1.31607688135877
VisualCogA_Task-2,2,1,0.6484375,66.2145619977569,-12.9765212754539,0.355534801093128
VisualCogA_Task-2,2,1,0.65234375,67.0898084619708,-12.6495260223444,-0.552043786883232
VisualCogA_Task-2,2,1,0.65625,67.9922648088488,-12.3045216938681,-1.4343653080613
VisualCogA_Task-2,2,1,0.66015625,68.9352540228775,-11.9612099437103,-2.32206093870448
VisualCogA_Task-2,2,1,0.6640625,69.9175335343396,-11.6439919630032,-3.23066614383488
VisualCogA_Task-2,2,1,0.66796875,70.9090427132359,-11.3727202765428,-4.16917620064704
VisualCogA_Task-2,2,1,0.671875,71.8627286388322,-11.1490128002602,-5.12783990859423
VisualCogA_Task-2,2,1,0.67578125,72.7236282087347,-10.9735201140859,-6.07150270552127
VisualCogA_Task-2,2,1,0.6796875,73.4415387433686,-10.8571034018135,-6.95867327037455
VisualCogA_Task-2,2,1,0.68359375,73.9806741195381,-10.820075747132,-7.75416194872615
VisualCogA_Task-2,2,1,0.6875,74.3194438981768,-10.8775182799326,-8.44743221879402
VisualCogA_Task-2,2,1,0.69140625,74.4605442346301,-11.0359173227461,-9.04768486959559
VisualCogA_Task-2,2,1,0.6953125,74.4408534464673,-11.2767088966874,-9.57800984931579
VisualCogA_Task-2,2,1,0.69921875,74.3074092535267,-11.5525076424102,-10.0876455488069
VisualCogA_Task-2,2,1,0.703125,74.1019070506516,-11.8236518177345,-10.6196558315442
VisualCogA_Task-2,2,1,0.70703125,73.8510106929659,-12.0692380176356,-11.2028258096346
VisualCogA_Task-2,2,1,0.7109375,73.5654443823062,-12.268551051898,-11.8481374860918
VisualCogA_Task-2,2,1,0.71484375,73.2541317768668,-12.4143146141619,-12.5446646223027
VisualCogA_Task-2,2,1,0.71875,72.9216016004013,-12.4995871404826,-13.250275036645
VisualCogA_Task-2,2,1,0.72265625,72.5627943853859,-12.5115558497091,-13.8962311413994
VisualCogA_Task-2,2,1,0.7265625,72.1747240508341,-12.447139270951,-14.4171051295638
VisualCogA_Task-2,2,1,0.73046875,71.7584379695941,-12.3066781849429,-14.7751884312904
VisualCogA_Task-2,2,1,0.734375,71.3203225412829,-12.098816538065,-14.9821083870291
VisualCogA_Task-2,2,1,0.73828125,70.8737581392391,-11.8419748475869,-15.1003272727982
VisualCogA_Task-2,2,1,0.7421875,70.4398705177447,-11.5738736696673,-15.2214134151507
VisualCogA_Task-2,2,1,0.74609375,70.0461805642162,-11.3381673203486,-15.4169288961113
VisualCogA_Task-2,2,1,0.75,69.7298796135955,-11.1726813245671,-15.7144343917295
VisualCogA_Task-2,2,1,0.75390625,69.5216132435596,-11.0959708675317,-16.1353708992707
VisualCogA_Task-2,2,1,0.7578125,69.436856655673,-11.1053584699623,-16.7046260330115
VisualCogA_Task-2,2,1,0.76171875,69.4724540080974,-11.1825922271737,-17.4345280031785
VisualCogA_Task-2,2,1,0.765625,69.6101992044263,-11.2835165670834,-18.3192987277735
VisualCogA_Task-2,2,1,0.76953125,69.8171784365641,-11.3509515047742,-19.3500639820032
VisualCogA_Task-2,2,1,0.7734375,70.0543475415691,-11.3363073809321,-20.5083872696322
VisualCogA_Task-2,2,1,0.77734375,70.2924769771674,-11.2247894898707,-21.7581927714007
VisualCogA_Task-2,2,1,0.78125,70.5180115400117,-11.0406869670697,-23.0337258955175
VisualCogA_Task-2,2,1,0.78515625,70.7361315061581,-10.8299737004685,-24.241024750873
VisualCogA_Task-2,2,1,0.7890625,70.9596116331534,-10.632265951444,-25.307944580886
VisualCogA_Task-2,2,1,0.79296875,71.1976707372575,-10.4589803907502,-26.2258342325775
VisualCogA_Task-2,2,1,0.796875,71.4440371253189,-10.2948377689661,-27.0597110087157
VisualCogA_Task-2,2,1,0.80078125,71.6968176417702,-10.1367083359598,-27.8623353359889
VisualCogB_Task-1,1,-1,-0.19921875,0.252388669185902,0.150872975990844,4.01675178486029
VisualCogB_Task-1,1,-1,-0.1953125,0.439183964877603,-0.00431259993287847,3.67585967110871
VisualCogB_Task-1,1,-1,-0.19140625,0.650184731629313,-0.15257597153071,3.31799729561645
VisualCogB_Task-1,1,-1,-0.1875,0.916994056673186,-0.271267414335555,2.92142581147581
VisualCogB_Task-1,1,-1,-0.18359375,1.25136236910565,-0.33072289179543,2.47573294214971
VisualCogB_Task-1,1,-1,-0.1796875,1.63042215030666,-0.315748528605732,1.99300697815216
VisualCogB_Task-1,1,-1,-0.17578125,2.01159363962479,-0.240478519139398,1.51702540167769
VisualCogB_Task-1,1,-1,-0.171875,2.33706091659337,-0.132214735714075,1.08596527421916
VisualCogB_Task-1,1,-1,-0.16796875,2.55139554952364,-0.0212478520105717,0.735025736029685
VisualCogB_Task-1,1,-1,-0.1640625,2.61227683734951,0.0584344119782592,0.495987737420238
VisualCogB_Task-1,1,-1,-0.16015625,2.50035800400669,0.0832469341993534,0.389453517843001
VisualCogB_Task-1,1,-1,-0.15625,2.22434185837134,0.0502711300724359,0.419003968029948
VisualCogB_Task-1,1,-1,-0.15234375,1.80997651987182,-0.023266212318926,0.560351430814018
VisualCogB_Task-1,1,-1,-0.1484375,1.28895045255678,-0.10969325378859,0.759335148675338
VisualCogB_Task-1,1,-1,-0.14453125,0.695387729748194,-0.179721754685518,0.957184918092639
VisualCogB_Task-1,1,-1,-0.140625,0.0671935050091493,-0.226223750319768,1.10105068107729
VisualCogB_Task-1,1,-1,-0.13671875,-0.550649801306333,-0.250917314038057,1.17425212440079
VisualCogB_Task-1,1,-1,-0.1328125,-1.10758354781994,-0.270120758519398,1.18712468177485
VisualCogB_Task-1,1,-1,-0.12890625,-1.55292997065878,-0.29081688416806,1.1590192734331
VisualCogB_Task-1,1,-1,-0.125,-1.85348659741259,-0.315531871152752,1.10460445838034
VisualCogB_Task-1,1,-1,-0.12109375,-1.99879756183723,-0.337645414967291,1.04125915533611
VisualCogB_Task-1,1,-1,-0.1171875,-1.99505275506284,-0.355267477827617,1.01200137933436
VisualCogB_Task-1,1,-1,-0.11328125,-1.86133304535904,-0.373795587257969,1.05760279533489
VisualCogB_Task-1,1,-1,-0.109375,-1.617682750368,-0.405062435487554,1.19476138464988
VisualCogB_Task-1,1,-1,-0.10546875,-1.27847925647484,-0.449357657109598,1.39450971697391
VisualCogB_Task-1,1,-1,-0.1015625,-0.850752424601805,-0.49158381647069,1.60212175808118
VisualCogB_Task-1,1,-1,-0.09765625,-0.347516036850176,-0.510038495611927,1.76026141102379
VisualCogB_Task-1,1,-1,-0.09375,0.200336495142653,-0.493202254986376,1.82107758958137
VisualCogB_Task-1,1,-1,-0.08984375,0.743398137623781,-0.440916854918288,1.74225489066411
VisualCogB_Task-1,1,-1,-0.0859375,1.21312232176106,-0.368053165615676,1.49992629820913
VisualCogB_Task-1,1,-1,-0.08203125,1.53279829498393,-0.290859158380819,1.0958957077665
VisualCogB_Task-1,1,-1,-0.078125,1.63484960966826,-0.227736370259183,0.569122098753718
VisualCogB_Task-1,1,-1,-0.07421875,1.48516191070558,-0.186391659670823,-0.0209432286743554
VisualCogB_Task-1,1,-1,-0.0703125,1.10564714816465,-0.164849697082099,-0.607920039180661
VisualCogB_Task-1,1,-1,-0.06640625,0.574737962521969,-0.148243429878716,-1.13528123538337
VisualCogB_Task-1,1,-1,-0.0625,0.00926807369359317,-0.116722841670493,-1.5676391396578
VisualCogB_Task-1,1,-1,-0.05859375,-0.465051874503782,-0.0616926179340432,-1.87903664511535
VisualCogB_Task-1,1,-1,-0.0546875,-0.763011559981177,0.0209230178873628,-2.02939011621571
VisualCogB_Task-1,1,-1,-0.05078125,-0.863511266427517,0.129495859159141,-1.99213049307933
VisualCogB_Task-1,1,-1,-0.046875,-0.807825124613677,0.252926036214659,-1.78991866565616
VisualCogB_Task-1,1,-1,-0.04296875,-0.681726946523787,0.374660745140162,-1.50422842535789
VisualCogB_Task-1,1,-1,-0.0390625,-0.58370002949747,0.483652106256776,-1.2489531642023
VisualCogB_Task-1,1,-1,-0.03515625,-0.590460354266689,0.572473545586312,-1.10934764228488
VisualCogB_Task-1,1,-1,-0.03125,-0.746818960567692,0.635498761879646,-1.09105968233911
VisualCogB_Task-1,1,-1,-0.02734375,-1.05432507735114,0.680328900217443,-1.14603891760428
VisualCogB_Task-1,1,-1,-0.0234375,-1.46457188894833,0.727500669898153,-1.21354031897645
VisualCogB_Task-1,1,-1,-0.01953125,-1.90479610687443,0.797597915173391,-1.25517914502189
VisualCogB_Task-1,1,-1,-0.015625,-2.31097699036325,0.894973713817157,-1.25422241661441
VisualCogB_Task-1,1,-1,-0.01171875,-2.64378970368544,1.01709600486455,-1.21216517654329
VisualCogB_Task-1,1,-1,-0.0078125,-2.88262886448922,1.16393706465117,-1.13937409149701
VisualCogB_Task-1,1,-1,-0.00390625,-3.02379485162028,1.34052017811326,-1.05397394054822
VisualCogB_Task-1,1,-1,0,-3.0624988435997,1.55106487332827,-1.00208289436296
VisualCogB_Task-1,1,-1,0.00390625,-2.99384738970445,1.80063920807511,-1.03893395878409
VisualCogB_Task-1,1,-1,0.0078125,-2.82201685534362,2.08414166257142,-1.20434664320853
VisualCogB_Task-1,1,-1,0.01171875,-2.56119302520983,2.38437356005422,-1.49279392865403
VisualCogB_Task-1,1,-1,0.015625,-2.24153549001849,2.67753526574013,-1.86808400952655
VisualCogB_Task-1,1,-1,0.01953125,-1.91248074231437,2.93789920634398,-2.2584995371595
VisualCogB_Task-1,1,-1,0.0234375,-1.6258267220411,3.11884163685073,-2.59061406076375
VisualCogB_Task-1,1,-1,0.02734375,-1.42790368754613,3.17478236106281,-2.81188631184876
VisualCogB_Task-1,1,-1,0.03125,-1.34341600550636,3.08443367082531,-2.91251267402935
VisualCogB_Task-1,1,-1,0.03515625,-1.36006025188369,2.88139165971151,-2.91480299089504
VisualCogB_Task-1,1,-1,0.0390625,-1.44261041830499,2.63799980980499,-2.86127820888167
VisualCogB_Task-1,1,-1,0.04296875,-1.55788776016747,2.43037170212732,-2.79601157907118
VisualCogB_Task-1,1,-1,0.046875,-1.69363652007382,2.30511099899569,-2.77087818116054
VisualCogB_Task-1,1,-1,0.05078125,-1.85949690299761,2.26594574209035,-2.81188598023815
VisualCogB_Task-1,1,-1,0.0546875,-2.07001014541297,2.29222931898838,-2.91004671271021
VisualCogB_Task-1,1,-1,0.05859375,-2.32688837342195,2.35997028117617,-3.03694320629718
VisualCogB_Task-1,1,-1,0.0625,-2.60416692981173,2.45024022724561,-3.13876369069627
VisualCogB_Task-1,1,-1,0.06640625,-2.86728488277323,2.54806185116088,-3.1765484493559
VisualCogB_Task-1,1,-1,0.0703125,-3.09937014561443,2.65222013917418,-3.15367983622492
VisualCogB_Task-1,1,-1,0.07421875,-3.30761509516018,2.76810953289097,-3.1069873036228
VisualCogB_Task-1,1,-1,0.078125,-3.51104744068026,2.89865231638375,-3.04203014754046
VisualCogB_Task-1,1,-1,0.08203125,-3.73555616054859,3.04555784123751,-2.95779657399928
VisualCogB_Task-1,1,-1,0.0859375,-3.99063401926527,3.20219858021255,-2.83272027671388
VisualCogB_Task-1,1,-1,0.08984375,-4.26483624481952,3.37469496705352,-2.65256315201612
VisualCogB_Task-1,1,-1,0.09375,-4.529008421563,3.57396386419244,-2.42279931945372
VisualCogB_Task-1,1,-1,0.09765625,-4.74076705825382,3.80479436577599,-2.1807112104746
VisualCogB_Task-1,1,-1,0.1015625,-4.865683930472,4.06681818107335,-1.9755398196443
VisualCogB_Task-1,1,-1,0.10546875,-4.89357052587493,4.36278198217548,-1.87123383033092
VisualCogB_Task-1,1,-1,0.109375,-4.84474378625267,4.68892075576462,-1.91692539886035
VisualCogB_Task-1,1,-1,0.11328125,-4.76795936873664,5.03410419893159,-2.16574899243288
VisualCogB_Task-1,1,-1,0.1171875,-4.72151111963697,5.37855412033272,-2.63313089771945
VisualCogB_Task-1,1,-1,0.12109375,-4.74526251571516,5.69038610452306,-3.28663309186322
VisualCogB_Task-1,1,-1,0.125,-4.84257208138891,5.92976994683673,-4.03923664317362
VisualCogB_Task-1,1,-1,0.12890625,-4.98658454682836,6.06929574130648,-4.79151786586423
VisualCogB_Task-1,1,-1,0.1328125,-5.12470163939705,6.09217357345134,-5.43573794574832
VisualCogB_Task-1,1,-1,0.13671875,-5.21254326685601,6.01305336245319,-5.91859721280486
VisualCogB_Task-1,1,-1,0.140625,-5.23265213060324,5.88594756903348,-6.2467680980905
VisualCogB_Task-1,1,-1,0.14453125,-5.19064896716346,5.77799528850773,-6.44376053543049
VisualCogB_Task-1,1,-1,0.1484375,-5.11048337368872,5.72289840036144,-6.53212371389401
VisualCogB_Task-1,1,-1,0.15234375,-5.01667899328104,5.73245036387185,-6.5219193596476
VisualCogB_Task-1,1,-1,0.15625,-4.93162305328488,5.81037005395285,-6.42372827287092
VisualCogB_Task-1,1,-1,0.16015625,-4.86156421710166,5.93045417357601,-6.24936895618976
VisualCogB_Task-1,1,-1,0.1640625,-4.8005283532057,6.07001949486435,-6.03408795398426
VisualCogB_Task-1,1,-1,0.16796875,-4.74110814558016,6.22148931309131,-5.81381084070647
VisualCogB_Task-1,1,-1,0.171875,-4.68374047043987,6.38720568521622,-5.65994093684134
VisualCogB_Task-1,1,-1,0.17578125,-4.63739126564565,6.55473700302014,-5.61211367331598
VisualCogB_Task-1,1,-1,0.1796875,-4.61459069131251,6.69688535021417,-5.65684426529769
VisualCogB_Task-1,1,-1,0.18359375,-4.6405249636989,6.8070545698012,-5.77043027747366
VisualCogB_Task-1,1,-1,0.1875,-4.74208871875552,6.90540318058944,-5.93500512659349
VisualCogB_Task-1,1,-1,0.19140625,-4.91820869130355,7.00704465192719,-6.11371222906474
VisualCogB_Task-1,1,-1,0.1953125,-5.15633016184384,7.14970243995724,-6.31498857435504
VisualCogB_Task-1,1,-1,0.19921875,-5.42086667923229,7.35458817931559,-6.5424630065117
VisualCogB_Task-1,1,-1,0.203125,-5.67047397208043,7.63004449250756,-6.80635951687836
VisualCogB_Task-1,1,-1,0.20703125,-5.86514707504915,7.96356819250381,-7.09995907816419
VisualCogB_Task-1,1,-1,0.2109375,-5.97611956043313,8.31539580548378,-7.38617193156205
VisualCogB_Task-1,1,-1,0.21484375,-5.9992221064361,8.6462009605173,-7.59263456919594
VisualCogB_Task-1,1,-1,0.21875,-5.95658754038166,8.93703046350296,-7.69554598844553
VisualCogB_Task-1,1,-1,0.22265625,-5.8792345557168,9.18592859215079,-7.69234694466614
VisualCogB_Task-1,1,-1,0.2265625,-5.80023603827975,9.40956141852637,-7.62022826657608
VisualCogB_Task-1,1,-1,0.23046875,-5.74089950498886,9.60794009030943,-7.50661791569492
VisualCogB_Task-1,1,-1,0.234375,-5.71546061193163,9.78805206078176,-7.38493030280618
VisualCogB_Task-1,1,-1,0.23828125,-5.73028883324557,9.9393375779688,-7.27344112819275
VisualCogB_Task-1,1,-1,0.2421875,-5.78850319513448,10.0451996700365,-7.21078160002531
VisualCogB_Task-1,1,-1,0.24609375,-5.86756366038422,10.086188199547,-7.21210322674606
VisualCogB_Task-1,1,-1,0.25,-5.91944372976902,10.0546482513817,-7.25328462916086
VisualCogB_Task-1,1,-1,0.25390625,-5.8968041647605,9.9553058319652,-7.29990631700515
VisualCogB_Task-1,1,-1,0.2578125,-5.76904426305313,9.7965613053147,-7.3170236741313
VisualCogB_Task-1,1,-1,0.26171875,-5.52362638287038,9.60541767304761,-7.26775328827502
VisualCogB_Task-1,1,-1,0.265625,-5.16788371630117,9.41292821486678,-7.10936645844744
VisualCogB_Task-1,1,-1,0.26953125,-4.73753028068423,9.26828770624802,-6.83930699375528
VisualCogB_Task-1,1,-1,0.2734375,-4.27878079053258,9.21640790991575,-6.49079769838438
VisualCogB_Task-1,1,-1,0.27734375,-3.83208144951693,9.26808342391674,-6.08270377401186
VisualCogB_Task-1,1,-1,0.28125,-3.42077809444819,9.41587190212359,-5.66645888743175
VisualCogB_Task-1,1,-1,0.28515625,-3.04345958183056,9.63790517444057,-5.30915022563686
VisualCogB_Task-1,1,-1,0.2890625,-2.67446330222799,9.91070330181707,-5.03323811345392
VisualCogB_Task-1,1,-1,0.29296875,-2.28446249411949,10.2122658838978,-4.85976826009061
VisualCogB_Task-1,1,-1,0.296875,-1.85770959829201,10.5439942095749,-4.76759133842262
VisualCogB_Task-1,1,-1,0.30078125,-1.37877756937386,10.9068391206755,-4.68456978203748
VisualCogB_Task-1,1,-1,0.3046875,-0.865091915114413,11.3044572308762,-4.58880771240026
VisualCogB_Task-1,1,-1,0.30859375,-0.36986532106704,11.6962692522795,-4.48042778066508
VisualCogB_Task-1,1,-1,0.3125,0.0592146580657783,12.0314610081002,-4.3361398623155
VisualCogB_Task-1,1,-1,0.31640625,0.380036512003549,12.2711931942049,-4.15686902050087
VisualCogB_Task-1,1,-1,0.3203125,0.577947337648847,12.3984918482797,-3.95609160164714
VisualCogB_Task-1,1,-1,0.32421875,0.663297233293626,12.4450424389126,-3.79238550961928
VisualCogB_Task-1,1,-1,0.328125,0.670463833409249,12.483491890986,-3.72259246518295
VisualCogB_Task-1,1,-1,0.33203125,0.664115309354898,12.5638473067813,-3.71719366331147
VisualCogB_Task-1,1,-1,0.3359375,0.703352062957504,12.7022739692224,-3.70446114021214
VisualCogB_Task-1,1,-1,0.33984375,0.832121605998561,12.8580278372504,-3.55957814898515
VisualCogB_Task-1,1,-1,0.34375,1.04542172803062,12.9696604491014,-3.19615036250864
VisualCogB_Task-1,1,-1,0.34765625,1.29615505277467,12.9718872604576,-2.58395895373747
VisualCogB_Task-1,1,-1,0.3515625,1.50859408408671,12.8352590176198,-1.77819620579422
VisualCogB_Task-1,1,-1,0.35546875,1.60622373577792,12.5772021317123,-0.896395605011234
VisualCogB_Task-1,1,-1,0.359375,1.54429079490743,12.2465673294371,-0.053601349813531
VisualCogB_Task-1,1,-1,0.36328125,1.32853012244055,11.8909417850267,0.703218318875898
VisualCogB_Task-1,1,-1,0.3671875,1.01092948216053,11.5188899950925,1.42932435232664
VisualCogB_Task-1,1,-1,0.37109375,0.624344147426742,11.1740562852062,2.1202860401266
VisualCogB_Task-1,1,-1,0.375,0.191515239420657,10.8885248557185,2.77022858672575
VisualCogB_Task-1,1,-1,0.37890625,-0.258115437428021,10.6488413565513,3.41573062262453
VisualCogB_Task-1,1,-1,0.3828125,-0.742642923037106,10.4650474454978,3.97967959328552
VisualCogB_Task-1,1,-1,0.38671875,-1.30393952934479,10.3812788017149,4.30284653168911
VisualCogB_Task-1,1,-1,0.390625,-1.96843138891889,10.467415527717,4.22731885326724
VisualCogB_Task-1,1,-1,0.39453125,-2.72197639147548,10.7530649124107,3.68054234304984
VisualCogB_Task-1,1,-1,0.3984375,-3.49447269791029,11.2118906400354,2.75390729424155
VisualCogB_Task-1,1,-1,0.40234375,-4.20172796617182,11.7451475781178,1.69374562992936
VisualCogB_Task-1,1,-1,0.40625,-4.82408781555575,12.2713535943429,0.655293889216253
VisualCogB_Task-1,1,-1,0.41015625,-5.35618633223463,12.7043642394694,-0.224738563304211
VisualCogB_Task-1,1,-1,0.4140625,-5.80742954566335,12.9683354537239,-0.86130462214375
VisualCogB_Task-1,1,-1,0.41796875,-6.20508593038278,13.0387929643071,-1.25330696663878
VisualCogB_Task-1,1,-1,0.421875,-6.57486241374122,12.9340014911933,-1.45428133493419
VisualCogB_Task-1,1,-1,0.42578125,-6.93351945415071,12.7035227787009,-1.50084190056081
VisualCogB_Task-1,1,-1,0.4296875,-7.28090085818363,12.3928328346122,-1.39265267468021
VisualCogB_Task-1,1,-1,0.43359375,-7.59558518159245,12.0362333944502,-1.12833842321681
VisualCogB_Task-1,1,-1,0.4375,-7.85553947834139,11.6919281662221,-0.74979833914437
VisualCogB_Task-1,1,-1,0.44140625,-8.03984461249623,11.4163232135389,-0.339211467718807
VisualCogB_Task-1,1,-1,0.4453125,-8.14575706730293,11.2437940634953,0.0056293716255027
VisualCogB_Task-1,1,-1,0.44921875,-8.19985432673621,11.2168226241524,0.178106504356059
VisualCogB_Task-1,1,-1,0.453125,-8.23618662400759,11.3640450257198,0.101973683629396
VisualCogB_Task-1,1,-1,0.45703125,-8.27905711914696,11.63016561699,-0.192316691594028
VisualCogB_Task-1,1,-1,0.4609375,-8.31940904363622,11.9294354940238,-0.586496346771073
VisualCogB_Task-1,1,-1,0.46484375,-8.32191137467056,12.1766139011024,-0.92716886314612
VisualCogB_Task-1,1,-1,0.46875,-8.26545027385164,12.3398075733809,-1.15110729523765
VisualCogB_Task-1,1,-1,0.47265625,-8.1458426425671,12.4388520066996,-1.28501539435415
VisualCogB_Task-1,1,-1,0.4765625,-7.94466795060631,12.5452422355483,-1.39723658655798
VisualCogB_Task-1,1,-1,0.48046875,-7.62119423075538,12.7205138856575,-1.52137947173172
VisualCogB_Task-1,1,-1,0.484375,-7.14825698011131,13.0095590041833,-1.67481100804249
VisualCogB_Task-1,1,-1,0.48828125,-6.54186226197404,13.4208626488722,-1.88870832714792
VisualCogB_Task-1,1,-1,0.4921875,-5.85622408055139,13.9157164052429,-2.17508823670891
VisualCogB_Task-1,1,-1,0.49609375,-5.1522208516883,14.4404448077279,-2.52441516851797
VisualCogB_Task-1,1,-1,0.5,-4.46643858762069,14.948828875185,-2.89375560468111
VisualCogB_Task-1,1,-1,0.50390625,-3.81635558221005,15.3979341831161,-3.23941391813537
VisualCogB_Task-1,1,-1,0.5078125,-3.18981348989631,15.7498731728724,-3.5223206884304
VisualCogB_Task-1,1,-1,0.51171875,-2.5709173751496,16.0151566365941,-3.73867252635414
VisualCogB_Task-1,1,-1,0.515625,-1.96342204471747,16.2595968854359,-3.91956705764046
VisualCogB_Task-1,1,-1,0.51953125,-1.38269611820299,16.5306007278148,-4.07652683469439
VisualCogB_Task-1,1,-1,0.5234375,-0.847549850740594,16.83951567612,-4.17379231222591
VisualCogB_Task-1,1,-1,0.52734375,-0.382856155189667,17.1591316334803,-4.17863448589299
VisualCogB_Task-1,1,-1,0.53125,-0.0128627025888573,17.4332440955765,-4.08261204159249
VisualCogB_Task-1,1,-1,0.53515625,0.263164596080835,17.6336391925089,-3.90147316003755
VisualCogB_Task-1,1,-1,0.5390625,0.470923568243724,17.7571193089365,-3.68734224423525
VisualCogB_Task-1,1,-1,0.54296875,0.655209030007854,17.8056912824273,-3.50640719947712
VisualCogB_Task-1,1,-1,0.546875,0.858540951185979,17.8003261152736,-3.42235547075779
VisualCogB_Task-1,1,-1,0.55078125,1.0957916923379,17.7691722781003,-3.48562867420335
VisualCogB_Task-1,1,-1,0.5546875,1.35685575182375,17.7762531755718,-3.70291097508711
VisualCogB_Task-1,1,-1,0.55859375,1.59271183157636,17.8514570722846,-4.02001157577966
VisualCogB_Task-1,1,-1,0.5625,1.75335144511156,18.0055182828946,-4.34807427424078
VisualCogB_Task-1,1,-1,0.56640625,1.82475537944416,18.2607820093316,-4.58120813599836
VisualCogB_Task-1,1,-1,0.5703125,1.82333310132403,18.60423514131,-4.63697194068268
VisualCogB_Task-1,1,-1,0.57421875,1.78865616904638,18.9220822455972,-4.49516584851838
VisualCogB_Task-1,1,-1,0.578125,1.79123141540011,19.1223269767845,-4.20900747467527
VisualCogB_Task-1,1,-1,0.58203125,1.91638332873685,19.1818670503729,-3.85327465354316
VisualCogB_Task-1,1,-1,0.5859375,2.21602142495251,19.130030439967,-3.51107190603566
VisualCogB_Task-1,1,-1,0.58984375,2.6949635526099,18.9935599352839,-3.23403075103726
VisualCogB_Task-1,1,-1,0.59375,3.324665769869,18.8125865537117,-3.04458519590839
VisualCogB_Task-1,1,-1,0.59765625,4.03954194267696,18.6260060320021,-2.94795960319774
VisualCogB_Task-1,1,-1,0.6015625,4.76155858084176,18.4595649046669,-2.94407262229618
VisualCogB_Task-1,1,-1,0.60546875,5.42069842520222,18.2890991039879,-3.02171419787281
VisualCogB_Task-1,1,-1,0.609375,5.98609017630153,18.0591318886761,-3.1378821952821
VisualCogB_Task-1,1,-1,0.61328125,6.46303355894852,17.7225737292223,-3.23110649741322
VisualCogB_Task-1,1,-1,0.6171875,6.90030844896018,17.2880728315727,-3.25861759874287
VisualCogB_Task-1,1,-1,0.62109375,7.37913511070073,16.798538857953,-3.19373731748604
VisualCogB_Task-1,1,-1,0.625,7.97776725173427,16.2494164348137,-3.03351685500488
VisualCogB_Task-1,1,-1,0.62890625,8.76357581382944,15.6049941643704,-2.83638749789229
VisualCogB_Task-1,1,-1,0.6328125,9.77944524602006,14.8744673866488,-2.67666127589026
VisualCogB_Task-1,1,-1,0.63671875,11.0199796760339,14.1252699064682,-2.5693546034934
VisualCogB_Task-1,1,-1,0.640625,12.4390344104276,13.468385592117,-2.50757920929008
VisualCogB_Task-1,1,-1,0.64453125,13.9736381318046,12.995876268329,-2.4826633955319
VisualCogB_Task-1,1,-1,0.6484375,15.5467662455776,12.7403348013129,-2.46349983680175
VisualCogB_Task-1,1,-1,0.65234375,17.0794432010645,12.7031829713621,-2.39383858240937
VisualCogB_Task-1,1,-1,0.65625,18.4937251300404,12.851698276663,-2.21420156082756
VisualCogB_Task-1,1,-1,0.66015625,19.7351963980615,13.1492741064926,-1.9141161267904
VisualCogB_Task-1,1,-1,0.6640625,20.7565381170337,13.473165306857,-1.54704390798653
VisualCogB_Task-1,1,-1,0.66796875,21.554834244337,13.7455677186957,-1.21672823630238
VisualCogB_Task-1,1,-1,0.671875,22.1552847835876,13.963054747823,-1.00944523654142
VisualCogB_Task-1,1,-1,0.67578125,22.5889359420724,14.1442557953557,-1.00425294857915
VisualCogB_Task-1,1,-1,0.6796875,22.8848803270853,14.3135457534416,-1.22794035773718
VisualCogB_Task-1,1,-1,0.68359375,23.0711828744873,14.4751207878564,-1.62866423056599
VisualCogB_Task-1,1,-1,0.6875,23.1492112610001,14.6296080474857,-2.11351211449947
VisualCogB_Task-1,1,-1,0.69140625,23.1090157882098,14.7579190318523,-2.58409811935489
VisualCogB_Task-1,1,-1,0.6953125,22.9347038269023,14.8398487988534,-2.97551325732685
VisualCogB_Task-1,1,-1,0.69921875,22.6021690380493,14.8588936722102,-3.20743444257344
VisualCogB_Task-1,1,-1,0.703125,22.0859339091705,14.798599240091,-3.24447810629932
VisualCogB_Task-1,1,-1,0.70703125,21.3947192354205,14.6247719598944,-3.06037965060118
VisualCogB_Task-1,1,-1,0.7109375,20.6013507383698,14.2658626501989,-2.57473816084837
VisualCogB_Task-1,1,-1,0.71484375,19.7943988332077,13.7018646862514,-1.80840098003851
VisualCogB_Task-1,1,-1,0.71875,19.0535112340978,13.0009600324894,-0.864970962031444
VisualCogB_Task-1,1,-1,0.72265625,18.4511652909924,12.2758107237963,0.149028799165954
VisualCogB_Task-1,1,-1,0.7265625,18.013399735585,11.5805730411509,1.15324560785868
VisualCogB_Task-1,1,-1,0.73046875,17.7151813518684,10.9518068320835,2.07852223202341
VisualCogB_Task-1,1,-1,0.734375,17.479750202216,10.4060883687389,2.86243461760281
VisualCogB_Task-1,1,-1,0.73828125,17.213993344887,9.95757113981118,3.42786106073659
VisualCogB_Task-1,1,-1,0.7421875,16.837337633418,9.59221406017969,3.71550642205195
VisualCogB_Task-1,1,-1,0.74609375,16.3047282419581,9.29776508414747,3.7156233670783
VisualCogB_Task-1,1,-1,0.75,15.621224414799,9.08580248110938,3.46901750147558
VisualCogB_Task-1,1,-1,0.75390625,14.8181973849787,8.96436620315388,3.03534509217393
VisualCogB_Task-1,1,-1,0.7578125,13.9454459091094,8.91871990786026,2.50590751806918
VisualCogB_Task-1,1,-1,0.76171875,13.070587702807,8.9299776899425,1.97266760159118
VisualCogB_Task-1,1,-1,0.765625,12.2541533551501,8.97845688862866,1.50272295433324
VisualCogB_Task-1,1,-1,0.76953125,11.5476087816027,9.03047440810082,1.14792349943418
VisualCogB_Task-1,1,-1,0.7734375,10.9804803525411,9.05767017783833,0.962406074492991
VisualCogB_Task-1,1,-1,0.77734375,10.5768164860067,9.02314503539361,0.964929254074072
VisualCogB_Task-1,1,-1,0.78125,10.3449319399885,8.88869451543129,1.13284679628007
VisualCogB_Task-1,1,-1,0.78515625,10.2588479068685,8.64296263932359,1.45185962492529
VisualCogB_Task-1,1,-1,0.7890625,10.2755016571338,8.30318294161501,1.90134024903385
VisualCogB_Task-1,1,-1,0.79296875,10.3494285460261,7.89930025394588,2.4269944492657
VisualCogB_Task-1,1,-1,0.796875,10.4531965132469,7.47976669328613,2.98987302498559
VisualCogB_Task-1,1,-1,0.80078125,10.5659252516681,7.06578884261536,3.56497870755107
VisualCogB_Task-1,1,1,-0.19921875,-2.13251473244127,-2.0800924613113,-0.379401150344971
VisualCogB_Task-1,1,1,-0.1953125,-1.55030863111624,-2.07319901098661,-0.670286285827785
VisualCogB_Task-1,1,1,-0.19140625,-0.95774929263193,-2.05636967933982,-0.950525008565678
VisualCogB_Task-1,1,1,-0.1875,-0.359652042062483,-1.99772110195079,-1.20704407432627
VisualCogB_Task-1,1,1,-0.18359375,0.21179214938883,-1.87987444848295,-1.43285801491353
VisualCogB_Task-1,1,1,-0.1796875,0.707098277442652,-1.70310918183658,-1.61904680167269
VisualCogB_Task-1,1,1,-0.17578125,1.07710974831401,-1.48850395335917,-1.75044596381205
VisualCogB_Task-1,1,1,-0.171875,1.28933639820226,-1.27617874939906,-1.81702344413113
VisualCogB_Task-1,1,1,-0.16796875,1.3359856400163,-1.10481308967745,-1.81468946211194
VisualCogB_Task-1,1,1,-0.1640625,1.23262685697602,-0.996457153615954,-1.73564291156638
VisualCogB_Task-1,1,1,-0.16015625,1.00849415935042,-0.959049772418616,-1.57343927438316
VisualCogB_Task-1,1,1,-0.15625,0.699321028354568,-0.99022941200994,-1.31812255484733
VisualCogB_Task-1,1,1,-0.15234375,0.345726033718686,-1.07428046766999,-0.964880559843107
VisualCogB_Task-1,1,1,-0.1484375,-0.0153765248933324,-1.1888702749647,-0.523610743141316
VisualCogB_Task-1,1,1,-0.14453125,-0.351393464638416,-1.30037061844972,-0.0128021525791401
VisualCogB_Task-1,1,1,-0.140625,-0.64881511925084,-1.38180920411954,0.532889097135711
VisualCogB_Task-1,1,1,-0.13671875,-0.908404182041109,-1.42414587803161,1.06831212678899
VisualCogB_Task-1,1,1,-0.1328125,-1.1321326339573,-1.42980991289311,1.54726458134835
VisualCogB_Task-1,1,1,-0.12890625,-1.31922350608692,-1.40500143179784,1.92344307141503
VisualCogB_Task-1,1,1,-0.125,-1.4596879227202,-1.34796299878637,2.15462136444137
VisualCogB_Task-1,1,1,-0.12109375,-1.52501566105452,-1.25611905960811,2.22315263053443
VisualCogB_Task-1,1,1,-0.1171875,-1.48896555180551,-1.13691305488719,2.13269528394555
VisualCogB_Task-1,1,1,-0.11328125,-1.33990970679766,-0.998026542414167,1.92264958637623
VisualCogB_Task-1,1,1,-0.109375,-1.08702351627945,-0.836330556472359,1.64298175050673
VisualCogB_Task-1,1,1,-0.10546875,-0.755187818472429,-0.641302456508393,1.3393732375053
VisualCogB_Task-1,1,1,-0.1015625,-0.378293199713822,-0.404900856141152,1.04503438254807
VisualCogB_Task-1,1,1,-0.09765625,0.0113667360251289,-0.136963823074808,0.787299593857483
VisualCogB_Task-1,1,1,-0.09375,0.387402461019723,0.14648437952809,0.60575534603692
VisualCogB_Task-1,1,1,-0.08984375,0.718436420084642,0.426994721669595,0.509860081112216
VisualCogB_Task-1,1,1,-0.0859375,0.972468621458701,0.694119447148016,0.479908089834152
VisualCogB_Task-1,1,1,-0.08203125,1.11759680999262,0.942464983304717,0.493215845721865
VisualCogB_Task-1,1,1,-0.078125,1.13838942990005,1.17044934315308,0.521754076275742
VisualCogB_Task-1,1,1,-0.07421875,1.05087262504937,1.37976591290492,0.519309722245259
VisualCogB_Task-1,1,1,-0.0703125,0.909125932640119,1.56829321502421,0.448264509178994
VisualCogB_Task-1,1,1,-0.06640625,0.783415833954667,1.72988054190188,0.294595286863738
VisualCogB_Task-1,1,1,-0.0625,0.728817033350718,1.85518101225996,0.0718076997930792
VisualCogB_Task-1,1,1,-0.05859375,0.761496067913804,1.94090915793884,-0.185756632959364
VisualCogB_Task-1,1,1,-0.0546875,0.856690296543399,1.98996191851639,-0.44104217590611
VisualCogB_Task-1,1,1,-0.05078125,0.962314984708535,2.00548223765785,-0.661795422165183
VisualCogB_Task-1,1,1,-0.046875,1.00707826458461,1.99832071378578,-0.801113813383233
VisualCogB_Task-1,1,1,-0.04296875,0.91491783047294,1.9627188714638,-0.82238523089165
VisualCogB_Task-1,1,1,-0.0390625,0.639193055736373,1.89473542512633,-0.714089888657611
VisualCogB_Task-1,1,1,-0.03515625,0.190437844093505,1.81048892017217,-0.502593401273846
VisualCogB_Task-1,1,1,-0.03125,-0.359302565556656,1.74123328061235,-0.242556297892229
VisualCogB_Task-1,1,1,-0.02734375,-0.906266765905375,1.71939443839349,0.010796528493322
VisualCogB_Task-1,1,1,-0.0234375,-1.35180250748453,1.76438345096973,0.218914740262752
VisualCogB_Task-1,1,1,-0.01953125,-1.63874849108154,1.87668837860612,0.365208595784241
VisualCogB_Task-1,1,1,-0.015625,-1.76259042018184,2.04253275161758,0.453783540262257
VisualCogB_Task-1,1,1,-0.01171875,-1.76101964836709,2.24200762442966,0.50823396444364
VisualCogB_Task-1,1,1,-0.0078125,-1.68612982810163,2.45871068532468,0.562631589615997
VisualCogB_Task-1,1,1,-0.00390625,-1.57919223683092,2.67112782154957,0.644248292691824
VisualCogB_Task-1,1,1,0,-1.46775712452167,2.86428432823273,0.750329534345
VisualCogB_Task-1,1,1,0.00390625,-1.36439479194918,3.03934463635447,0.856681860085859
VisualCogB_Task-1,1,1,0.0078125,-1.26275485734859,3.1921971426558,0.923267942759499
VisualCogB_Task-1,1,1,0.01171875,-1.15529413743856,3.32543136695686,0.919043879053474
VisualCogB_Task-1,1,1,0.015625,-1.0537331175143,3.44900966653876,0.833960248183267
VisualCogB_Task-1,1,1,0.01953125,-0.981955046162576,3.56809758451409,0.69247361797035
VisualCogB_Task-1,1,1,0.0234375,-0.966208800520492,3.68603481167941,0.524165410337629
VisualCogB_Task-1,1,1,0.02734375,-1.01718166349622,3.7888529528987,0.347373110988593
VisualCogB_Task-1,1,1,0.03125,-1.11900563715251,3.84449282965635,0.164796456847405
VisualCogB_Task-1,1,1,0.03515625,-1.23737363838427,3.81867152779145,-0.021553491139513
VisualCogB_Task-1,1,1,0.0390625,-1.33099789569667,3.68985343783943,-0.221965072132131
VisualCogB_Task-1,1,1,0.04296875,-1.37017443660301,3.46654938104102,-0.448164466327478
VisualCogB_Task-1,1,1,0.046875,-1.35548418046419,3.18562051813261,-0.702406146888951
VisualCogB_Task-1,1,1,0.05078125,-1.31888508757952,2.90116103888468,-0.96219474742241
VisualCogB_Task-1,1,1,0.0546875,-1.31471741158267,2.66451601211116,-1.18974572292617
VisualCogB_Task-1,1,1,0.05859375,-1.39619820329485,2.51793052725313,-1.3532323677072
VisualCogB_Task-1,1,1,0.0625,-1.59902601823243,2.48921017723552,-1.42781050122161
VisualCogB_Task-1,1,1,0.06640625,-1.92738035937113,2.58341195807905,-1.4006000371417
VisualCogB_Task-1,1,1,0.0703125,-2.35429914452452,2.76818331882219,-1.28158936937978
VisualCogB_Task-1,1,1,0.07421875,-2.83041355082724,2.99549566793288,-1.07547776859422
VisualCogB_Task-1,1,1,0.078125,-3.288872315149,3.20794229685038,-0.808884670793304
VisualCogB_Task-1,1,1,0.08203125,-3.66665525634448,3.36237616231806,-0.513963764087729
VisualCogB_Task-1,1,1,0.0859375,-3.92355600807292,3.4436657205491,-0.214647048286976
VisualCogB_Task-1,1,1,0.08984375,-4.05357933471927,3.46133976881526,0.078899419394391
VisualCogB_Task-1,1,1,0.09375,-4.07805575789581,3.44309486207329,0.372010928485373
VisualCogB_Task-1,1,1,0.09765625,-4.03296836940227,3.4261991991405,0.683848385782818
VisualCogB_Task-1,1,1,0.1015625,-3.95746229314621,3.44525953575296,1.02466942753467
VisualCogB_Task-1,1,1,0.10546875,-3.88183745402474,3.52015156110404,1.38848032094511
VisualCogB_Task-1,1,1,0.109375,-3.81657422059203,3.6510258370845,1.75000486337807
VisualCogB_Task-1,1,1,0.11328125,-3.75454347591456,3.8225350671801,2.06923792160786
VisualCogB_Task-1,1,1,0.1171875,-3.67271343351272,4.01492544972018,2.30638590774243
VisualCogB_Task-1,1,1,0.12109375,-3.54944042489417,4.20782313000992,2.44825140501473
VisualCogB_Task-1,1,1,0.125,-3.38196520951672,4.39388028731257,2.49482449664159
VisualCogB_Task-1,1,1,0.12890625,-3.18519874810993,4.57052175030148,2.48909497000214
VisualCogB_Task-1,1,1,0.1328125,-2.98975576824984,4.72347184396834,2.5037588216827
VisualCogB_Task-1,1,1,0.13671875,-2.84856198974351,4.83498105614669,2.59670288108769
VisualCogB_Task-1,1,1,0.140625,-2.81061550108614,4.89008975429076,2.79644199706617
VisualCogB_Task-1,1,1,0.14453125,-2.90555197837024,4.86232382315466,3.07757589594393
VisualCogB_Task-1,1,1,0.1484375,-3.1464593304345,4.73860822178867,3.38941275383634
VisualCogB_Task-1,1,1,0.15234375,-3.5211469817869,4.53201963557774,3.68666132427193
VisualCogB_Task-1,1,1,0.15625,-3.98336997875937,4.28501306391385,3.89586058835132
VisualCogB_Task-1,1,1,0.16015625,-4.46739289336082,4.05853863731291,3.9634983100773
VisualCogB_Task-1,1,1,0.1640625,-4.90251207037634,3.9166493493684,3.87130353977751
VisualCogB_Task-1,1,1,0.16796875,-5.22514596675586,3.90182991967225,3.64848570077054
VisualCogB_Task-1,1,1,0.171875,-5.39776542170224,4.02016246929211,3.35155285727941
VisualCogB_Task-1,1,1,0.17578125,-5.42090694317005,4.24523405676325,3.0302614243825
VisualCogB_Task-1,1,1,0.1796875,-5.33006518865689,4.52988204788786,2.70406145220864
VisualCogB_Task-1,1,1,0.18359375,-5.18558177156592,4.82526210996017,2.35636317861908
VisualCogB_Task-1,1,1,0.1875,-5.04693517428316,5.08425983333455,1.98263933096084
VisualCogB_Task-1,1,1,0.19140625,-4.95180602066505,5.29014301960631,1.59912536900545
VisualCogB_Task-1,1,1,0.1953125,-4.90501992542216,5.43140087886964,1.23175374839427
VisualCogB_Task-1,1,1,0.19921875,-4.8870621532142,5.51504451658973,0.898775685889992
VisualCogB_Task-1,1,1,0.203125,-4.8743183180835,5.57311023931199,0.623734921368521
VisualCogB_Task-1,1,1,0.20703125,-4.84732648308291,5.64190505922975,0.418940836709044
VisualCogB_Task-1,1,1,0.2109375,-4.79436515294273,5.7435070863967,0.286767020549137
VisualCogB_Task-1,1,1,0.21484375,-4.72684614477359,5.89847510701956,0.225603354616671
VisualCogB_Task-1,1,1,0.21875,-4.65578582513222,6.09942332060146,0.263300745320335
VisualCogB_Task-1,1,1,0.22265625,-4.60529320365245,6.34474979636421,0.417565244846974
VisualCogB_Task-1,1,1,0.2265625,-4.59162725431377,6.62395648260121,0.694695594061184
VisualCogB_Task-1,1,1,0.23046875,-4.61113342393603,6.89780935412352,1.02687314193219
VisualCogB_Task-1,1,1,0.234375,-4.63991481134102,7.1013383260124,1.29900854059732
VisualCogB_Task-1,1,1,0.23828125,-4.65619722543848,7.19841275824835,1.43135441212835
VisualCogB_Task-1,1,1,0.2421875,-4.65498486789722,7.19385095493415,1.41847817144467
VisualCogB_Task-1,1,1,0.24609375,-4.64367099848579,7.1195621720694,1.30856787801081
VisualCogB_Task-1,1,1,0.25,-4.62688765614753,7.00518666896642,1.17244166961847
VisualCogB_Task-1,1,1,0.25390625,-4.5867424517523,6.8851238328907,1.07447051380415
VisualCogB_Task-1,1,1,0.2578125,-4.49271845898636,6.7898403782916,1.05509771172064
VisualCogB_Task-1,1,1,0.26171875,-4.30816596914145,6.72801705703784,1.13297774817133
VisualCogB_Task-1,1,1,0.265625,-4.01231619592284,6.69912405038035,1.31947694921552
VisualCogB_Task-1,1,1,0.26953125,-3.62347575076055,6.70427576904717,1.57320932279773
VisualCogB_Task-1,1,1,0.2734375,-3.1963536172365,6.74354169003468,1.82833560529058
VisualCogB_Task-1,1,1,0.27734375,-2.79876275598158,6.80800692720989,2.02182255360448
VisualCogB_Task-1,1,1,0.28125,-2.48604457339926,6.88028916854228,2.11437362216902
VisualCogB_Task-1,1,1,0.28515625,-2.28141419579587,6.93912241834109,2.08666046317616
VisualCogB_Task-1,1,1,0.2890625,-2.16500379271395,6.96947554882213,1.93620151682305
VisualCogB_Task-1,1,1,0.29296875,-2.08492373091953,6.9635762944785,1.68796495436069
VisualCogB_Task-1,1,1,0.296875,-1.96911541205686,6.92524031508606,1.3892112911057
VisualCogB_Task-1,1,1,0.30078125,-1.75164459911259,6.87232355415218,1.09935227545292
VisualCogB_Task-1,1,1,0.3046875,-1.40432856507503,6.83521789390247,0.866601502901197
VisualCogB_Task-1,1,1,0.30859375,-0.948058256162643,6.85769651655822,0.712277686938874
VisualCogB_Task-1,1,1,0.3125,-0.43967941949574,6.97238511915917,0.630559065140491
VisualCogB_Task-1,1,1,0.31640625,0.0470735297775939,7.16360366183639,0.605563701173911
VisualCogB_Task-1,1,1,0.3203125,0.425227775107438,7.3869635992824,0.605571727104155
VisualCogB_Task-1,1,1,0.32421875,0.62536743491247,7.58148698101185,0.604608167596785
VisualCogB_Task-1,1,1,0.328125,0.625575913758014,7.67283267505148,0.602163244421942
VisualCogB_Task-1,1,1,0.33203125,0.446559803223977,7.63003765107955,0.626074536563207
VisualCogB_Task-1,1,1,0.3359375,0.142110697824377,7.46789981625217,0.694563755601538
VisualCogB_Task-1,1,1,0.33984375,-0.208165013885058,7.24019392603389,0.824752744467329
VisualCogB_Task-1,1,1,0.34375,-0.51928365820729,7.01840017091188,1.02245199596193
VisualCogB_Task-1,1,1,0.34765625,-0.723704235827681,6.87361289882419,1.28482882046501
VisualCogB_Task-1,1,1,0.3515625,-0.800534622767604,6.85138790716047,1.59593729056494
VisualCogB_Task-1,1,1,0.35546875,-0.787237040755881,6.96068403705374,1.92393605462064
VisualCogB_Task-1,1,1,0.359375,-0.768648004381791,7.17954645050911,2.23228943359811
VisualCogB_Task-1,1,1,0.36328125,-0.838638034669618,7.45887660069605,2.48438129632064
VisualCogB_Task-1,1,1,0.3671875,-1.077596252793,7.72548873983385,2.67906212808579
VisualCogB_Task-1,1,1,0.37109375,-1.53273471734362,7.91786439279138,2.8561226238948
VisualCogB_Task-1,1,1,0.375,-2.19352358091126,7.9931414610141,3.06304916179111
VisualCogB_Task-1,1,1,0.37890625,-2.9936263963537,7.94705635512915,3.31697716395605
VisualCogB_Task-1,1,1,0.3828125,-3.8247776712674,7.81196155504106,3.61361855930269
VisualCogB_Task-1,1,1,0.38671875,-4.56828419566775,7.64495182064038,3.92841003764555
VisualCogB_Task-1,1,1,0.390625,-5.12918930239071,7.50024145089022,4.24209022092423
VisualCogB_Task-1,1,1,0.39453125,-5.46895173462399,7.42224540158974,4.5409735088393
VisualCogB_Task-1,1,1,0.3984375,-5.61431623934836,7.43594729567011,4.81501896154378
VisualCogB_Task-1,1,1,0.40234375,-5.64371795444967,7.53419768038755,5.0484511091434
VisualCogB_Task-1,1,1,0.40625,-5.6624092571747,7.68384350727392,5.21343559590294
VisualCogB_Task-1,1,1,0.41015625,-5.77418353339628,7.84499804021968,5.28185954709753
VisualCogB_Task-1,1,1,0.4140625,-6.05328172309781,7.97767080259887,5.23450643533306
VisualCogB_Task-1,1,1,0.41796875,-6.52277438418675,8.03664720120276,5.07759982768558
VisualCogB_Task-1,1,1,0.421875,-7.16499931508191,7.99640050661442,4.86194647665004
VisualCogB_Task-1,1,1,0.42578125,-7.92523785992644,7.87139850356853,4.65505285622206
VisualCogB_Task-1,1,1,0.4296875,-8.72416677853385,7.71095585459943,4.53060283529777
VisualCogB_Task-1,1,1,0.43359375,-9.47335343864703,7.57141760380916,4.53764074267414
VisualCogB_Task-1,1,1,0.4375,-10.0954795580696,7.48760871468505,4.69453265548733
VisualCogB_Task-1,1,1,0.44140625,-10.5411532006351,7.46041492148247,4.98998713413421
VisualCogB_Task-1,1,1,0.4453125,-10.8048775926569,7.46151780421183,5.39852482166865
VisualCogB_Task-1,1,1,0.44921875,-10.9250952860998,7.45326317142207,5.88645281584815
VisualCogB_Task-1,1,1,0.453125,-10.9664857786756,7.39925925945789,6.44471978236412
VisualCogB_Task-1,1,1,0.45703125,-11.0040776154511,7.27323765497644,7.07653304199977
VisualCogB_Task-1,1,1,0.4609375,-11.0967128440375,7.06031378886741,7.792997055848
VisualCogB_Task-1,1,1,0.46484375,-11.2700124762995,6.7490711080549,8.57364941088467
VisualCogB_Task-1,1,1,0.46875,-11.5141783068088,6.34773809399358,9.36503780407759
VisualCogB_Task-1,1,1,0.47265625,-11.7831681524281,5.88874662896457,10.0771042039062
VisualCogB_Task-1,1,1,0.4765625,-12.013170028852,5.42688097301315,10.5884767818109
VisualCogB_Task-1,1,1,0.48046875,-12.1380438951874,5.04973423436835,10.8040453456683
VisualCogB_Task-1,1,1,0.484375,-12.1055112072678,4.85361460778437,10.6834459503601
VisualCogB_Task-1,1,1,0.48828125,-11.8993544999223,4.90241227874381,10.2633912670913
VisualCogB_Task-1,1,1,0.4921875,-11.5596407685199,5.19720584325558,9.64025525070895
VisualCogB_Task-1,1,1,0.49609375,-11.1734412507863,5.66410349790252,8.93086209812315
VisualCogB_Task-1,1,1,0.5,-10.8427819434942,6.18598959116922,8.23979231608707
VisualCogB_Task-1,1,1,0.50390625,-10.6410553951421,6.6667262977057,7.63529336309239
VisualCogB_Task-1,1,1,0.5078125,-10.5922441755868,7.05441678144692,7.14485163814008
VisualCogB_Task-1,1,1,0.51171875,-10.6718710967216,7.34332391103634,6.75631777031982
VisualCogB_Task-1,1,1,0.515625,-10.8224721949271,7.55058860648168,6.43096010533179
VisualCogB_Task-1,1,1,0.51953125,-10.9781554111064,7.69582033259375,6.12758090953058
VisualCogB_Task-1,1,1,0.5234375,-11.0863755589172,7.79069382503926,5.81754821653948
VisualCogB_Task-1,1,1,0.52734375,-11.1138142869891,7.84715844110518,5.50332827516671
VisualCogB_Task-1,1,1,0.53125,-11.0423235698997,7.8918792436209,5.21348950120362
VisualCogB_Task-1,1,1,0.53515625,-10.8656959476347,7.94848469195831,4.98105524841733
VisualCogB_Task-1,1,1,0.5390625,-10.5817619103188,8.02992870438229,4.82477239701205
VisualCogB_Task-1,1,1,0.54296875,-10.1820657025742,8.14220152042168,4.74701393118247
VisualCogB_Task-1,1,1,0.546875,-9.66186856053351,8.27720354861006,4.72670224435421
VisualCogB_Task-1,1,1,0.55078125,-9.03492164671849,8.41636988481203,4.74333456646534
VisualCogB_Task-1,1,1,0.5546875,-8.34367207799477,8.54289454249544,4.8056055725597
VisualCogB_Task-1,1,1,0.55859375,-7.64850475176803,8.63449009110977,4.92213461321079
VisualCogB_Task-1,1,1,0.5625,-7.01342274598659,8.68215641128284,5.10319481338026
VisualCogB_Task-1,1,1,0.56640625,-6.47698813038729,8.67947534411874,5.32673526912164
VisualCogB_Task-1,1,1,0.5703125,-6.04325853883878,8.61812552886267,5.53594233735956
VisualCogB_Task-1,1,1,0.57421875,-5.68230823797343,8.48843917795455,5.65338148680061
VisualCogB_Task-1,1,1,0.578125,-5.3411333998304,8.29481387622559,5.61458508754168
VisualCogB_Task-1,1,1,0.58203125,-4.94449257003726,8.05221111176928,5.38064317461065
VisualCogB_Task-1,1,1,0.5859375,-4.40800515735211,7.78072129010533,4.94554754342575
VisualCogB_Task-1,1,1,0.58984375,-3.65709942974767,7.52095761741715,4.34299079541616
VisualCogB_Task-1,1,1,0.59375,-2.65518654374278,7.29335958434656,3.64657601592197
VisualCogB_Task-1,1,1,0.59765625,-1.38052948845447,7.12293482864598,2.92247299216617
VisualCogB_Task-1,1,1,0.6015625,0.15839898159134,6.99188645685573,2.21031861943565
VisualCogB_Task-1,1,1,0.60546875,1.9226119998734,6.86138339546248,1.52752100653602
VisualCogB_Task-1,1,1,0.609375,3.83911483687575,6.67451921003836,0.876770439163532
VisualCogB_Task-1,1,1,0.61328125,5.80094670440388,6.37275433319106,0.251123473305752
VisualCogB_Task-1,1,1,0.6171875,7.69933056617837,5.9289369187518,-0.380368979194298
VisualCogB_Task-1,1,1,0.62109375,9.45964689565323,5.40169425255766,-1.0849122503378
VisualCogB_Task-1,1,1,0.625,11.072923897466,4.93947805822441,-1.88364618163999
VisualCogB_Task-1,1,1,0.62890625,12.5521307963806,4.64924546244122,-2.73507508418487
VisualCogB_Task-1,1,1,0.6328125,13.9184994228816,4.61814042311999,-3.57499788286497
VisualCogB_Task-1,1,1,0.63671875,15.1843399262623,4.90938466011848,-4.36114526945939
VisualCogB_Task-1,1,1,0.640625,16.3465825354813,5.55584004273971,-5.08185027887617
VisualCogB_Task-1,1,1,0.64453125,17.4027248288091,6.52973303656308,-5.72720919497928
VisualCogB_Task-1,1,1,0.6484375,18.355270531023,7.71949112735588,-6.2645599280401
VisualCogB_Task-1,1,1,0.65234375,19.1814551629261,8.93796063481455,-6.66251641736475
VisualCogB_Task-1,1,1,0.65625,19.8580723087604,10.045639806771,-6.8890590195694
VisualCogB_Task-1,1,1,0.66015625,20.3743045397217,10.9882554092626,-6.92142433566775
VisualCogB_Task-1,1,1,0.6640625,20.7262182240006,11.7723193970104,-6.77417995929986
VisualCogB_Task-1,1,1,0.66796875,20.9050241631891,12.4166702766462,-6.51172146150812
VisualCogB_Task-1,1,1,0.671875,20.8990535785432,12.9112747665356,-6.20060310297715
VisualCogB_Task-1,1,1,0.67578125,20.6908060073708,13.2672307431515,-5.91395298341266
VisualCogB_Task-1,1,1,0.6796875,20.2740771344956,13.544621218689,-5.66371589806026
VisualCogB_Task-1,1,1,0.68359375,19.6610413313928,13.8141352031362,-5.43792691857133
VisualCogB_Task-1,1,1,0.6875,18.8959437831646,14.1559754643055,-5.17830519095624
VisualCogB_Task-1,1,1,0.69140625,18.0538828294075,14.603324378818,-4.82333346651745
VisualCogB_Task-1,1,1,0.6953125,17.2171208870598,15.1118218695912,-4.32898688552369
VisualCogB_Task-1,1,1,0.69921875,16.4634108885301,15.5987766682012,-3.71378068037763
VisualCogB_Task-1,1,1,0.703125,15.8512159062892,15.9796993408454,-3.05293029975216
VisualCogB_Task-1,1,1,0.70703125,15.4111445194887,16.1876523561913,-2.4424363580931
VisualCogB_Task-1,1,1,0.7109375,15.1389261759558,16.1915448269434,-1.97101066182827
VisualCogB_Task-1,1,1,0.71484375,14.988049265446,15.9913909574772,-1.68215542068305
VisualCogB_Task-1,1,1,0.71875,14.8698325028586,15.6304068240889,-1.56991438321762
VisualCogB_Task-1,1,1,0.72265625,14.6807463659872,15.1617844395653,-1.56973791880977
VisualCogB_Task-1,1,1,0.7265625,14.3433580003104,14.6352583468031,-1.586317268793
VisualCogB_Task-1,1,1,0.73046875,13.8296198410899,14.0900581485164,-1.53059407686246
VisualCogB_Task-1,1,1,0.734375,13.1581462853163,13.5179629800956,-1.37830705619019
VisualCogB_Task-1,1,1,0.73828125,12.3820069902824,12.8732619926518,-1.15901593359883
VisualCogB_Task-1,1,1,0.7421875,11.5762682124162,12.1252449440741,-0.935082656919149
VisualCogB_Task-1,1,1,0.74609375,10.8200980469566,11.3249508606357,-0.76755356063799
VisualCogB_Task-1,1,1,0.75,10.1597080553115,10.5506761442339,-0.671540282062858
VisualCogB_Task-1,1,1,0.75390625,9.62164007256589,9.896781064443,-0.644476716809002
VisualCogB_Task-1,1,1,0.7578125,9.23420156413278,9.44541755937176,-0.655300502849454
VisualCogB_Task-1,1,1,0.76171875,9.02341073938162,9.20210447024235,-0.687725095274382
VisualCogB_Task-1,1,1,0.765625,8.99122342440412,9.11973795858585,-0.706905108174537
VisualCogB_Task-1,1,1,0.76953125,9.13296657209361,9.14994010851993,-0.691406240227313
VisualCogB_Task-1,1,1,0.7734375,9.4263884872032,9.22056507947997,-0.651037714431231
VisualCogB_Task-1,1,1,0.77734375,9.82137432099885,9.28164338381731,-0.603765189961226
VisualCogB_Task-1,1,1,0.78125,10.2400617571658,9.27915680434028,-0.575824749833399
VisualCogB_Task-1,1,1,0.78515625,10.6061855853753,9.17234718045819,-0.593089911323716
VisualCogB_Task-1,1,1,0.7890625,10.8729882400739,8.95656484344425,-0.661375846540627
VisualCogB_Task-1,1,1,0.79296875,11.0356439453183,8.64481919370036,-0.762347637935351
VisualCogB_Task-1,1,1,0.796875,11.1232274897207,8.27396342775524,-0.859834443132162
VisualCogB_Task-1,1,1,0.80078125,11.1829299321039,7.88886176010474,-0.944857138766611
VisualCogB_Task-2,2,-1,-0.19921875,0.481649087225142,0.614520734515256,0.241871945973451
VisualCogB_Task-2,2,-1,-0.1953125,0.123034738451214,0.371381115641437,0.0190118865986898
VisualCogB_Task-2,2,-1,-0.19140625,-0.200409349142771,0.139460150468348,-0.20106087108802
VisualCogB_Task-2,2,-1,-0.1875,-0.444574581137541,-0.0628363927980081,-0.404516833962509
VisualCogB_Task-2,2,-1,-0.18359375,-0.582961444013688,-0.215123421211568,-0.582485624176034
VisualCogB_Task-2,2,-1,-0.1796875,-0.628750918123181,-0.299709680499608,-0.733569048536068
VisualCogB_Task-2,2,-1,-0.17578125,-0.630776634704138,-0.308948176880359,-0.870726032578489
VisualCogB_Task-2,2,-1,-0.171875,-0.649422132187179,-0.251071230679798,-1.01861171066458
VisualCogB_Task-2,2,-1,-0.16796875,-0.728911274554898,-0.137960303358833,-1.19466062579358
VisualCogB_Task-2,2,-1,-0.1640625,-0.875300020885526,0.0155165217868453,-1.41321839380134
VisualCogB_Task-2,2,-1,-0.16015625,-1.0597159256587,0.190521499222465,-1.68402343801264
VisualCogB_Task-2,2,-1,-0.15625,-1.23196263497086,0.363541792562715,-1.98967631964342
VisualCogB_Task-2,2,-1,-0.15234375,-1.33963840178322,0.518439329245158,-2.28655663290825
VisualCogB_Task-2,2,-1,-0.1484375,-1.34376220782971,0.649023146683744,-2.51599519675992
VisualCogB_Task-2,2,-1,-0.14453125,-1.2253322093166,0.760928049533299,-2.63095330599041
VisualCogB_Task-2,2,-1,-0.140625,-0.986041294131314,0.857118783414224,-2.62204771063769
VisualCogB_Task-2,2,-1,-0.13671875,-0.648440131905392,0.943120379745977,-2.50696312976167
VisualCogB_Task-2,2,-1,-0.1328125,-0.263562838247783,1.01622858918968,-2.3202665010025
VisualCogB_Task-2,2,-1,-0.12890625,0.102255376376891,1.06782017253362,-2.09817109625885
VisualCogB_Task-2,2,-1,-0.125,0.398122676495369,1.07365984168493,-1.87392042574824
VisualCogB_Task-2,2,-1,-0.12109375,0.598567820461731,1.01355040459757,-1.65412874596324
VisualCogB_Task-2,2,-1,-0.1171875,0.703559994508576,0.87509784652126,-1.41993285200991
VisualCogB_Task-2,2,-1,-0.11328125,0.725957487049647,0.658204843329028,-1.13931027461381
VisualCogB_Task-2,2,-1,-0.109375,0.679167959848759,0.391862301820571,-0.813809476207606
VisualCogB_Task-2,2,-1,-0.10546875,0.574065343367093,0.118363047652842,-0.468688238018368
VisualCogB_Task-2,2,-1,-0.1015625,0.417054553683609,-0.123115226490247,-0.137254657391849
VisualCogB_Task-2,2,-1,-0.09765625,0.21189262152614,-0.310047478453993,0.163132221747874
VisualCogB_Task-2,2,-1,-0.09375,-0.0434613447143268,-0.433481155336585,0.421132228526492
VisualCogB_Task-2,2,-1,-0.08984375,-0.340789345099301,-0.510519928138664,0.611663911223424
VisualCogB_Task-2,2,-1,-0.0859375,-0.657651914442169,-0.563980085818137,0.713606132625716
VisualCogB_Task-2,2,-1,-0.08203125,-0.955367234802609,-0.616118653889452,0.720650734849819
VisualCogB_Task-2,2,-1,-0.078125,-1.18671601319412,-0.687739947322721,0.644238546731457
VisualCogB_Task-2,2,-1,-0.07421875,-1.31737723179067,-0.791596068723328,0.510472123771231
VisualCogB_Task-2,2,-1,-0.0703125,-1.33864883723199,-0.929727398201847,0.352143136110721
VisualCogB_Task-2,2,-1,-0.06640625,-1.26507014782381,-1.082510557533,0.20389812701615
VisualCogB_Task-2,2,-1,-0.0625,-1.11940147613858,-1.22139816220028,0.0914231179442339
VisualCogB_Task-2,2,-1,-0.05859375,-0.917417970674418,-1.31548016595963,0.0350826461635285
VisualCogB_Task-2,2,-1,-0.0546875,-0.664276970196662,-1.34092848196735,0.0646189700076356
VisualCogB_Task-2,2,-1,-0.05078125,-0.357348876464826,-1.28722477339339,0.21365055270231
VisualCogB_Task-2,2,-1,-0.046875,0.00748584530673422,-1.15539844282408,0.491615451167466
VisualCogB_Task-2,2,-1,-0.04296875,0.426907237914244,-0.962727713781752,0.87646995966104
VisualCogB_Task-2,2,-1,-0.0390625,0.884248685186317,-0.738280194831988,1.32149337970377
VisualCogB_Task-2,2,-1,-0.03515625,1.34669353753269,-0.522280564896239,1.77136897714324
VisualCogB_Task-2,2,-1,-0.03125,1.76873655041187,-0.356971355790897,2.18380175057106
VisualCogB_Task-2,2,-1,-0.02734375,2.09978182193252,-0.263080326280213,2.54689141131327
VisualCogB_Task-2,2,-1,-0.0234375,2.28990147183814,-0.233734692384606,2.87174811410777
VisualCogB_Task-2,2,-1,-0.01953125,2.30632761464349,-0.238989715398775,3.18631778825424
VisualCogB_Task-2,2,-1,-0.015625,2.14914242119124,-0.256425493317701,3.50391501003509
VisualCogB_Task-2,2,-1,-0.01171875,1.84706239311985,-0.275852825953271,3.81984789096756
VisualCogB_Task-2,2,-1,-0.0078125,1.4484176057074,-0.301837399445283,4.11310790508615
VisualCogB_Task-2,2,-1,-0.00390625,1.00436189192565,-0.345969794080561,4.35170223614723
VisualCogB_Task-2,2,-1,0,0.554612065972346,-0.417144514455879,4.50605789328334
VisualCogB_Task-2,2,-1,0.00390625,0.122465582303697,-0.51882176957449,4.55914054516884
VisualCogB_Task-2,2,-1,0.0078125,-0.283493281408769,-0.645619056925248,4.51320148306305
VisualCogB_Task-2,2,-1,0.01171875,-0.663508327442073,-0.776351182128075,4.40172126955532
VisualCogB_Task-2,2,-1,0.015625,-1.01801970849061,-0.882015391482531,4.28080879238673
VisualCogB_Task-2,2,-1,0.01953125,-1.34113736596369,-0.942070577071919,4.19975503050249
VisualCogB_Task-2,2,-1,0.0234375,-1.62035975917055,-0.958623734233172,4.1728074963974
VisualCogB_Task-2,2,-1,0.02734375,-1.84843356960952,-0.939776181091654,4.1753028670356
VisualCogB_Task-2,2,-1,0.03125,-2.02869346083673,-0.890792281566727,4.1558010554865
VisualCogB_Task-2,2,-1,0.03515625,-2.16519910973819,-0.815947893946208,4.08471877740667
VisualCogB_Task-2,2,-1,0.0390625,-2.25508224037786,-0.726232657771026,3.94549672017164
VisualCogB_Task-2,2,-1,0.04296875,-2.29716017802707,-0.611066751140411,3.74212480328368
VisualCogB_Task-2,2,-1,0.046875,-2.2892985432092,-0.447785821585104,3.48422578521002
VisualCogB_Task-2,2,-1,0.05078125,-2.23760020336145,-0.218262882757302,3.20216364683458
VisualCogB_Task-2,2,-1,0.0546875,-2.15609416183726,0.0719437331788728,2.94835169582751
VisualCogB_Task-2,2,-1,0.05859375,-2.06466359784547,0.380109317852433,2.78324883288854
VisualCogB_Task-2,2,-1,0.0625,-1.97124430268945,0.649339244271835,2.75069612827994
VisualCogB_Task-2,2,-1,0.06640625,-1.87701392375513,0.833385053945229,2.84639377532772
VisualCogB_Task-2,2,-1,0.0703125,-1.78389992648413,0.915686227948798,3.04605424730182
VisualCogB_Task-2,2,-1,0.07421875,-1.70627561116936,0.89668914938768,3.31526709161544
VisualCogB_Task-2,2,-1,0.078125,-1.66285492232368,0.79190343746832,3.59998854834426
VisualCogB_Task-2,2,-1,0.08203125,-1.68847240826716,0.626485336484798,3.85288586026088
VisualCogB_Task-2,2,-1,0.0859375,-1.82716694828806,0.42415031806815,4.06047183062676
VisualCogB_Task-2,2,-1,0.08984375,-2.09976035664586,0.233591106894828,4.22368396914314
VisualCogB_Task-2,2,-1,0.09375,-2.50629928132151,0.0878061496325762,4.35543626757445
VisualCogB_Task-2,2,-1,0.09765625,-3.02135790991435,-0.00152842193071345,4.47609777622025
VisualCogB_Task-2,2,-1,0.1015625,-3.59949925288026,-0.03507041248398,4.59619691523001
VisualCogB_Task-2,2,-1,0.10546875,-4.19487275763083,-0.0370807937001958,4.72996566033175
VisualCogB_Task-2,2,-1,0.109375,-4.77222349312141,-0.0373221429469845,4.88789005581824
VisualCogB_Task-2,2,-1,0.11328125,-5.30515367844859,-0.0716864691700998,5.06293789895773
VisualCogB_Task-2,2,-1,0.1171875,-5.76925003807344,-0.174387460102828,5.22276247574967
VisualCogB_Task-2,2,-1,0.12109375,-6.14305763186438,-0.372731384621123,5.32691286931494
VisualCogB_Task-2,2,-1,0.125,-6.4146093978408,-0.682443018747388,5.34368458300736
VisualCogB_Task-2,2,-1,0.12890625,-6.58550110454143,-1.08941828345114,5.28155398344437
VisualCogB_Task-2,2,-1,0.1328125,-6.67075013138121,-1.54530000677348,5.20660647540215
VisualCogB_Task-2,2,-1,0.13671875,-6.7010724117522,-1.96693104433841,5.19073643492154
VisualCogB_Task-2,2,-1,0.140625,-6.70896026862584,-2.26607141192326,5.25138831967082
VisualCogB_Task-2,2,-1,0.14453125,-6.71371997851776,-2.38816435702351,5.35750572887755
VisualCogB_Task-2,2,-1,0.1484375,-6.72750800920466,-2.32021203472437,5.4531722397871
VisualCogB_Task-2,2,-1,0.15234375,-6.75910177795477,-2.07236512650623,5.48047249193933
VisualCogB_Task-2,2,-1,0.15625,-6.82521598428422,-1.67830491798255,5.42439559751266
VisualCogB_Task-2,2,-1,0.16015625,-6.94055307073647,-1.20097491415873,5.27159078501325
VisualCogB_Task-2,2,-1,0.1640625,-7.11741857175623,-0.716009266859408,5.02768271051714
VisualCogB_Task-2,2,-1,0.16796875,-7.36441802202315,-0.285679059107843,4.72444823305472
VisualCogB_Task-2,2,-1,0.171875,-7.67640508130103,0.0508778215820396,4.4040495048341
VisualCogB_Task-2,2,-1,0.17578125,-8.03772503971153,0.280517113955248,4.09977848952172
VisualCogB_Task-2,2,-1,0.1796875,-8.42386302850931,0.424511901206882,3.83743285777922
VisualCogB_Task-2,2,-1,0.18359375,-8.80646768219607,0.519925887778115,3.61857524117461
VisualCogB_Task-2,2,-1,0.1875,-9.17158707234996,0.596260121325193,3.43143423103392
VisualCogB_Task-2,2,-1,0.19140625,-9.52609791529204,0.679909496127658,3.28297297228128
VisualCogB_Task-2,2,-1,0.1953125,-9.89367858558557,0.788791305317647,3.17731689085911
VisualCogB_Task-2,2,-1,0.19921875,-10.3144011091124,0.947865241577158,3.12121095082794
VisualCogB_Task-2,2,-1,0.203125,-10.8289669001248,1.17146991180111,3.11203563353269
VisualCogB_Task-2,2,-1,0.20703125,-11.4595095868417,1.44438265600434,3.15807036478558
VisualCogB_Task-2,2,-1,0.2109375,-12.1838918731419,1.73746230050286,3.27443239527474
VisualCogB_Task-2,2,-1,0.21484375,-12.9355925302693,2.02554799971018,3.45880324859826
VisualCogB_Task-2,2,-1,0.21875,-13.6217335376406,2.2863834717748,3.69158397320517
VisualCogB_Task-2,2,-1,0.22265625,-14.1451648143447,2.50319179850955,3.94971611667638
VisualCogB_Task-2,2,-1,0.2265625,-14.4285301600146,2.67276618107741,4.20187255624274
VisualCogB_Task-2,2,-1,0.23046875,-14.4347236985002,2.80194285375743,4.42098464086482
VisualCogB_Task-2,2,-1,0.234375,-14.1837437981124,2.90357920990901,4.6022684210733
VisualCogB_Task-2,2,-1,0.23828125,-13.7452135986179,2.99588038742606,4.76896834103872
VisualCogB_Task-2,2,-1,0.2421875,-13.2116815764636,3.09057187292531,4.94541042255682
VisualCogB_Task-2,2,-1,0.24609375,-12.6651227495307,3.1882273971224,5.14234389239527
VisualCogB_Task-2,2,-1,0.25,-12.160022806125,3.27727917150157,5.36294751962451
VisualCogB_Task-2,2,-1,0.25390625,-11.7217883971139,3.34391733935378,5.60332666431187
VisualCogB_Task-2,2,-1,0.2578125,-11.3465988401354,3.3711963429976,5.83950559198646
VisualCogB_Task-2,2,-1,0.26171875,-11.0193109662474,3.34433270460123,6.04028921944308
VisualCogB_Task-2,2,-1,0.265625,-10.7334952688428,3.26184939019029,6.18890928133574
VisualCogB_Task-2,2,-1,0.26953125,-10.4956901241731,3.13244794787538,6.27215478274195
VisualCogB_Task-2,2,-1,0.2734375,-10.3168479170144,2.96369451809193,6.2753781857082
VisualCogB_Task-2,2,-1,0.27734375,-10.2010460141623,2.77325666801235,6.20205648777792
VisualCogB_Task-2,2,-1,0.28125,-10.1433299329368,2.58448768477296,6.07815562978334
VisualCogB_Task-2,2,-1,0.28515625,-10.146420635226,2.42609446546735,5.94374906942161
VisualCogB_Task-2,2,-1,0.2890625,-10.2151894781074,2.3156160837552,5.85371100304563
VisualCogB_Task-2,2,-1,0.29296875,-10.3657622756783,2.26871033676789,5.85703129389439
VisualCogB_Task-2,2,-1,0.296875,-10.6276805607407,2.3069687987248,5.99275272778876
VisualCogB_Task-2,2,-1,0.30078125,-11.0141853672669,2.42961655846682,6.23964676366545
VisualCogB_Task-2,2,-1,0.3046875,-11.5118399574171,2.62573349275999,6.5124802567377
VisualCogB_Task-2,2,-1,0.30859375,-12.077693401602,2.87931437550185,6.70846812613731
VisualCogB_Task-2,2,-1,0.3125,-12.6415835388001,3.15444404229798,6.76358911101452
VisualCogB_Task-2,2,-1,0.31640625,-13.1235647567507,3.41090975495691,6.65981504058913
VisualCogB_Task-2,2,-1,0.3203125,-13.4644353948277,3.62942211797452,6.44019052542881
VisualCogB_Task-2,2,-1,0.32421875,-13.6433879973736,3.81186583904835,6.20467373824509
VisualCogB_Task-2,2,-1,0.328125,-13.6722715358424,3.9540193491083,6.06825843935681
VisualCogB_Task-2,2,-1,0.33203125,-13.5960741453598,4.04331237083582,6.12809880851436
VisualCogB_Task-2,2,-1,0.3359375,-13.4827307020038,4.06005263885636,6.42424179358143
VisualCogB_Task-2,2,-1,0.33984375,-13.4176780023341,4.00206723297238,6.94587982389053
VisualCogB_Task-2,2,-1,0.34375,-13.4727953157646,3.88891490033176,7.64197193066848
VisualCogB_Task-2,2,-1,0.34765625,-13.6803275763221,3.75000308099771,8.44846278232529
VisualCogB_Task-2,2,-1,0.3515625,-14.0252857164055,3.62336537373734,9.29432584649636
VisualCogB_Task-2,2,-1,0.35546875,-14.4511306412112,3.54434704362268,10.0894668216475
VisualCogB_Task-2,2,-1,0.359375,-14.8765229285952,3.52591153314862,10.7713716899587
VisualCogB_Task-2,2,-1,0.36328125,-15.2250823101447,3.55136913660269,11.3313837510252
VisualCogB_Task-2,2,-1,0.3671875,-15.4562182153242,3.59714391825232,11.7744273745702
VisualCogB_Task-2,2,-1,0.37109375,-15.5850114039467,3.65171148685726,12.1002996608626
VisualCogB_Task-2,2,-1,0.375,-15.6783270353557,3.73169582820458,12.30658967062
VisualCogB_Task-2,2,-1,0.37890625,-15.8303674759517,3.86207296925203,12.3815710947132
VisualCogB_Task-2,2,-1,0.3828125,-16.1349062354923,4.05660923788701,12.3119045188268
VisualCogB_Task-2,2,-1,0.38671875,-16.6526384228519,4.30417462921987,12.083406953977
VisualCogB_Task-2,2,-1,0.390625,-17.3937840002233,4.56910804368535,11.6885000492268
VisualCogB_Task-2,2,-1,0.39453125,-18.3188078889355,4.80473796243447,11.1580982297318
VisualCogB_Task-2,2,-1,0.3984375,-19.3559384632752,4.97713816267514,10.5798983194319
VisualCogB_Task-2,2,-1,0.40234375,-20.4149731906461,5.06578760408386,10.0499192951537
VisualCogB_Task-2,2,-1,0.40625,-21.4035113219712,5.06263776255504,9.63411310588959
VisualCogB_Task-2,2,-1,0.41015625,-22.2506383137393,4.97962577194436,9.35235066705196
VisualCogB_Task-2,2,-1,0.4140625,-22.920780768879,4.84666266900816,9.20389895358009
VisualCogB_Task-2,2,-1,0.41796875,-23.4181853320783,4.70789377069808,9.18215756949511
VisualCogB_Task-2,2,-1,0.421875,-23.763691368428,4.59185625421848,9.25381036118884
VisualCogB_Task-2,2,-1,0.42578125,-23.9746250479741,4.50139837886649,9.37466081585828
VisualCogB_Task-2,2,-1,0.4296875,-24.059319591984,4.41890639109862,9.4790761776028
VisualCogB_Task-2,2,-1,0.43359375,-24.0243542337255,4.32611206974031,9.51511314139149
VisualCogB_Task-2,2,-1,0.4375,-23.882931960158,4.22404097975353,9.45855035519645
VisualCogB_Task-2,2,-1,0.44140625,-23.6590603401809,4.12559805727597,9.32172212961015
VisualCogB_Task-2,2,-1,0.4453125,-23.3852162207812,4.03672905936821,9.13827535979128
VisualCogB_Task-2,2,-1,0.44921875,-23.097999224505,3.96176462902621,8.95089840618955
VisualCogB_Task-2,2,-1,0.453125,-22.8165643718844,3.89552017688062,8.80541111211552
VisualCogB_Task-2,2,-1,0.45703125,-22.5296356228405,3.81924066037177,8.76564125544159
VisualCogB_Task-2,2,-1,0.4609375,-22.1896369272138,3.70190675642485,8.8466450977327
VisualCogB_Task-2,2,-1,0.46484375,-21.7269523971435,3.51706006268816,8.9903411597398
VisualCogB_Task-2,2,-1,0.46875,-21.0713213023606,3.26387526822517,9.08232677510757
VisualCogB_Task-2,2,-1,0.47265625,-20.1864788780302,2.95427550334509,9.04845824483998
VisualCogB_Task-2,2,-1,0.4765625,-19.0769674083042,2.61411272644405,8.88616055908805
VisualCogB_Task-2,2,-1,0.48046875,-17.7882750243655,2.26299834373854,8.62576697020405
VisualCogB_Task-2,2,-1,0.484375,-16.3998754073459,1.90379472999044,8.32069058248787
VisualCogB_Task-2,2,-1,0.48828125,-14.9988537599717,1.52242492880694,8.01677210130526
VisualCogB_Task-2,2,-1,0.4921875,-13.6538151430295,1.07089685000523,7.75284273264706
VisualCogB_Task-2,2,-1,0.49609375,-12.3870730035777,0.514996301099517,7.54851453813028
VisualCogB_Task-2,2,-1,0.5,-11.1778380054655,-0.120394275245957,7.35701911181538
VisualCogB_Task-2,2,-1,0.50390625,-9.97247614589014,-0.742458249959421,7.04812160104053
VisualCogB_Task-2,2,-1,0.5078125,-8.69980699015362,-1.21378546252893,6.50713209273381
VisualCogB_Task-2,2,-1,0.51171875,-7.2905071549529,-1.4297675646559,5.68123353296946
VisualCogB_Task-2,2,-1,0.515625,-5.71042556688964,-1.39431291168369,4.59041351184564
VisualCogB_Task-2,2,-1,0.51953125,-3.94968369863239,-1.20497471142916,3.2824665556154
VisualCogB_Task-2,2,-1,0.5234375,-2.04764300644316,-0.928239625939507,1.82237927406726
VisualCogB_Task-2,2,-1,0.52734375,-0.0536395458929411,-0.59545629240353,0.255275643445928
VisualCogB_Task-2,2,-1,0.53125,1.98686541741,-0.200688270587338,-1.35252490412262
VisualCogB_Task-2,2,-1,0.53515625,4.04747525535405,0.236451433752068,-2.91659200442612
VisualCogB_Task-2,2,-1,0.5390625,6.11247642212166,0.691756624185144,-4.35369485248928
VisualCogB_Task-2,2,-1,0.54296875,8.16977677613363,1.15218813760424,-5.63602065328065
VisualCogB_Task-2,2,-1,0.546875,10.2095725123216,1.61725557967748,-6.74732683063834
VisualCogB_Task-2,2,-1,0.55078125,12.2608518187761,2.06708799510401,-7.714634237853
VisualCogB_Task-2,2,-1,0.5546875,14.3679836808447,2.46691054996802,-8.58957743109991
VisualCogB_Task-2,2,-1,0.55859375,16.5646586264009,2.79329793583502,-9.45127369315186
VisualCogB_Task-2,2,-1,0.5625,18.849860434606,3.04483017001279,-10.3973856172973
VisualCogB_Task-2,2,-1,0.56640625,21.187042716396,3.23418394252319,-11.516989109645
VisualCogB_Task-2,2,-1,0.5703125,23.5227235555619,3.39353158409493,-12.8021787992234
VisualCogB_Task-2,2,-1,0.57421875,25.8046063431064,3.5555837499836,-14.1684253233988
VisualCogB_Task-2,2,-1,0.578125,28.0115642591695,3.73561125732483,-15.4711190739765
VisualCogB_Task-2,2,-1,0.58203125,30.1497687504839,3.89589409232351,-16.5757755264233
VisualCogB_Task-2,2,-1,0.5859375,32.233658327912,3.97194736565176,-17.4027477681163
VisualCogB_Task-2,2,-1,0.58984375,34.2728671926759,3.93693604871339,-17.9647310154383
VisualCogB_Task-2,2,-1,0.59375,36.2573086089751,3.79807812508066,-18.332859568581
VisualCogB_Task-2,2,-1,0.59765625,38.1497673237578,3.58908749021062,-18.5901807872704
VisualCogB_Task-2,2,-1,0.6015625,39.904450281029,3.33664091705584,-18.8268046411129
VisualCogB_Task-2,2,-1,0.60546875,41.469590156932,3.07118048046895,-19.1770696461908
VisualCogB_Task-2,2,-1,0.609375,42.8099438234761,2.81964711210352,-19.7267897955187
VisualCogB_Task-2,2,-1,0.61328125,43.9333192397184,2.58040823986337,-20.4734762699147
VisualCogB_Task-2,2,-1,0.6171875,44.8998539071978,2.31827327209558,-21.3428995455069
VisualCogB_Task-2,2,-1,0.62109375,45.8191643133627,1.99439310932437,-22.2223615660611
VisualCogB_Task-2,2,-1,0.625,46.7907365333956,1.61738059294456,-23.0455052972348
VisualCogB_Task-2,2,-1,0.62890625,47.8962807145228,1.2294804130765,-23.7838398289968
VisualCogB_Task-2,2,-1,0.6328125,49.1720327384383,0.886378043106497,-24.4563063692863
VisualCogB_Task-2,2,-1,0.63671875,50.6008210166571,0.624882310278153,-25.1091091087514
VisualCogB_Task-2,2,-1,0.640625,52.1098840541583,0.442632389315726,-25.7664679263578
VisualCogB_Task-2,2,-1,0.64453125,53.5898212666398,0.337250301026288,-26.4324850416464
VisualCogB_Task-2,2,-1,0.6484375,54.9408398366494,0.291469054105285,-27.116222595668
VisualCogB_Task-2,2,-1,0.65234375,56.0790089520018,0.285968484823435,-27.8049141145345
VisualCogB_Task-2,2,-1,0.65625,56.9292717546205,0.311914764832501,-28.4770225812994
VisualCogB_Task-2,2,-1,0.66015625,57.4359820361723,0.37524213967842,-29.1082625814046
VisualCogB_Task-2,2,-1,0.6640625,57.574586110307,0.481846994145592,-29.6585549870826
VisualCogB_Task-2,2,-1,0.66796875,57.3434191585922,0.63739791212128,-30.0930332398721
VisualCogB_Task-2,2,-1,0.671875,56.7732206903043,0.810865529140194,-30.428500214461
VisualCogB_Task-2,2,-1,0.67578125,55.9263917409123,0.980215532950552,-30.6965139656379
VisualCogB_Task-2,2,-1,0.6796875,54.8772085762694,1.14512911730246,-30.9254490870293
VisualCogB_Task-2,2,-1,0.68359375,53.6987055308859,1.31996831969391,-31.1277457372625
VisualCogB_Task-2,2,-1,0.6875,52.4615722896409,1.50942460261521,-31.3098520790188
VisualCogB_Task-2,2,-1,0.69140625,51.2361203081023,1.71069768710088,-31.4691749661013
VisualCogB_Task-2,2,-1,0.6953125,50.0827180283764,1.92848398093422,-31.5689684612592
VisualCogB_Task-2,2,-1,0.69921875,49.0474224746173,2.16937650149028,-31.566926192723
VisualCogB_Task-2,2,-1,0.703125,48.1545995854507,2.46407272272002,-31.442734470267
VisualCogB_Task-2,2,-1,0.70703125,47.411749616924,2.85249280565331,-31.2191242762329
VisualCogB_Task-2,2,-1,0.7109375,46.8142042293437,3.35964657546035,-30.9732195921458
VisualCogB_Task-2,2,-1,0.71484375,46.3434803008955,3.98282629801536,-30.7882827697151
VisualCogB_Task-2,2,-1,0.71875,45.9657702269836,4.70591329153174,-30.6941877301833
VisualCogB_Task-2,2,-1,0.72265625,45.6548711374144,5.49772958252701,-30.6964046222801
VisualCogB_Task-2,2,-1,0.7265625,45.4034914330578,6.3067341478425,-30.8071490988018
VisualCogB_Task-2,2,-1,0.73046875,45.201377734519,7.07580706358949,-31.0310147330175
VisualCogB_Task-2,2,-1,0.734375,45.0200643073496,7.75440340626892,-31.3594442648747
VisualCogB_Task-2,2,-1,0.73828125,44.8092260763017,8.29955900303391,-31.7643362451754
VisualCogB_Task-2,2,-1,0.7421875,44.5106060990198,8.67551432609116,-32.1950804444537
VisualCogB_Task-2,2,-1,0.74609375,44.0721373799996,8.87836637260059,-32.6062657206265
VisualCogB_Task-2,2,-1,0.75,43.4733732770561,8.94202160203837,-32.9684571449314
VisualCogB_Task-2,2,-1,0.75390625,42.7321007405979,8.90673904517139,-33.2824466174768
VisualCogB_Task-2,2,-1,0.7578125,41.9007118578498,8.83450699117002,-33.531497601653
VisualCogB_Task-2,2,-1,0.76171875,41.0506632044196,8.7810171326389,-33.6952853239013
VisualCogB_Task-2,2,-1,0.765625,40.2475363720975,8.79093424985516,-33.7628954871931
VisualCogB_Task-2,2,-1,0.76953125,39.5283020195254,8.88961673288305,-33.7501122132568
VisualCogB_Task-2,2,-1,0.7734375,38.8977128971343,9.07084315872176,-33.6794151302754
VisualCogB_Task-2,2,-1,0.77734375,38.3362732347817,9.29628578475827,-33.5670406025854
VisualCogB_Task-2,2,-1,0.78125,37.8128753850399,9.51481471345502,-33.4292766776
VisualCogB_Task-2,2,-1,0.78515625,37.295793896356,9.68367555193712,-33.282564814711
VisualCogB_Task-2,2,-1,0.7890625,36.7612148021859,9.78075771657491,-33.1360170402137
VisualCogB_Task-2,2,-1,0.79296875,36.1938274800313,9.79523793985417,-32.9906846934457
VisualCogB_Task-2,2,-1,0.796875,35.5948712101923,9.74367083478536,-32.8489153253421
VisualCogB_Task-2,2,-1,0.80078125,34.9786580124401,9.66425616718526,-32.7081125395837
VisualCogB_Task-2,2,1,-0.19921875,1.26550268415015,0.536441315706736,-1.67307046515538
VisualCogB_Task-2,2,1,-0.1953125,1.1094174876963,0.550181284606158,-1.78561696427474
VisualCogB_Task-2,2,1,-0.19140625,0.942289856367315,0.553075439176745,-1.91282546829179
VisualCogB_Task-2,2,1,-0.1875,0.758093069084663,0.53536706574386,-2.07652537020268
VisualCogB_Task-2,2,1,-0.18359375,0.574653226552761,0.462949993546706,-2.19862865734505
VisualCogB_Task-2,2,1,-0.1796875,0.398059685561562,0.324976139761151,-2.22867346668033
VisualCogB_Task-2,2,1,-0.17578125,0.228499736174426,0.146755778683296,-2.15744697358945
VisualCogB_Task-2,2,1,-0.171875,0.0798073574084554,-0.0417158377132145,-1.98323513169062
VisualCogB_Task-2,2,1,-0.16796875,-0.0264697375220684,-0.207223109025185,-1.72659994044804
VisualCogB_Task-2,2,1,-0.1640625,-0.0688031205070598,-0.322630362767037,-1.4104739987015
VisualCogB_Task-2,2,1,-0.16015625,-0.0344143389694038,-0.37570616265184,-1.04557249655798
VisualCogB_Task-2,2,1,-0.15625,0.072569891971686,-0.355405480542806,-0.64160450304617
VisualCogB_Task-2,2,1,-0.15234375,0.226008445868777,-0.254750466178402,-0.214047175347945
VisualCogB_Task-2,2,1,-0.1484375,0.382852353726971,-0.0859608045444337,0.204607255671202
VisualCogB_Task-2,2,1,-0.14453125,0.500004379077197,0.125172801255588,0.568482025849513
VisualCogB_Task-2,2,1,-0.140625,0.555049600547339,0.34572871658091,0.834110684620166
VisualCogB_Task-2,2,1,-0.13671875,0.552464421515484,0.537209453564024,0.964381073387441
VisualCogB_Task-2,2,1,-0.1328125,0.511144434112648,0.674300885145108,0.968577024235992
VisualCogB_Task-2,2,1,-0.12890625,0.456561698986357,0.734361492417764,0.90011563398246
VisualCogB_Task-2,2,1,-0.125,0.407603964181574,0.704316416569364,0.812851354923572
VisualCogB_Task-2,2,1,-0.12109375,0.372502847078681,0.6032655072878,0.734941015664464
VisualCogB_Task-2,2,1,-0.1171875,0.351954294082022,0.46615291526135,0.66308421721119
VisualCogB_Task-2,2,1,-0.11328125,0.341060773410887,0.330233471534605,0.575553008489554
VisualCogB_Task-2,2,1,-0.109375,0.339847800036374,0.226246007682176,0.444696929552453
VisualCogB_Task-2,2,1,-0.10546875,0.353114375380836,0.165895237895357,0.248915990698761
VisualCogB_Task-2,2,1,-0.1015625,0.38523535787917,0.143686801094448,-0.00839592842831938
VisualCogB_Task-2,2,1,-0.09765625,0.426607590864563,0.140630763875125,-0.303816707941786
VisualCogB_Task-2,2,1,-0.09375,0.455489276585738,0.13590273313733,-0.604326820527449
VisualCogB_Task-2,2,1,-0.08984375,0.448086788505994,0.117285634205805,-0.880610637863293
VisualCogB_Task-2,2,1,-0.0859375,0.383455340209732,0.0850966754217668,-1.10941428884663
VisualCogB_Task-2,2,1,-0.08203125,0.247232176074415,0.0405446451479353,-1.27352362601247
VisualCogB_Task-2,2,1,-0.078125,0.0304277847430437,-0.0283376733056755,-1.34798100838748
VisualCogB_Task-2,2,1,-0.07421875,-0.268579106284521,-0.135692329442264,-1.31632411520408
VisualCogB_Task-2,2,1,-0.0703125,-0.64066354068329,-0.281791424621873,-1.17711994460414
VisualCogB_Task-2,2,1,-0.06640625,-1.05742695503249,-0.461096706660255,-0.932287665174085
VisualCogB_Task-2,2,1,-0.0625,-1.47859404120684,-0.645211310192596,-0.607632238147229
VisualCogB_Task-2,2,1,-0.05859375,-1.85977712281083,-0.799221658162964,-0.24826416459344
VisualCogB_Task-2,2,1,-0.0546875,-2.15864901999589,-0.899262362402861,0.0899508948778518
VisualCogB_Task-2,2,1,-0.05078125,-2.33855634427468,-0.930049075139342,0.379658169981784
VisualCogB_Task-2,2,1,-0.046875,-2.37350105988726,-0.882817095222124,0.617216027614268
VisualCogB_Task-2,2,1,-0.04296875,-2.25641785290845,-0.757960117029275,0.820106233592496
VisualCogB_Task-2,2,1,-0.0390625,-2.00309244197345,-0.576746021512589,1.02506853089663
VisualCogB_Task-2,2,1,-0.03515625,-1.65274967837145,-0.388004966023272,1.25443057184693
VisualCogB_Task-2,2,1,-0.03125,-1.26697193082466,-0.246474046847965,1.50960927989418
VisualCogB_Task-2,2,1,-0.02734375,-0.921452669739642,-0.195960873187647,1.79471339909234
VisualCogB_Task-2,2,1,-0.0234375,-0.682918444670372,-0.265868057990029,2.10861888264441
VisualCogB_Task-2,2,1,-0.01953125,-0.588024664294076,-0.459563940553162,2.43236239603819
VisualCogB_Task-2,2,1,-0.015625,-0.632902509761663,-0.753001603719078,2.72922482106532
VisualCogB_Task-2,2,1,-0.01171875,-0.768320613895746,-1.10927853786264,2.96734542065387
VisualCogB_Task-2,2,1,-0.0078125,-0.920830986716225,-1.47766475340525,3.11497611522002
VisualCogB_Task-2,2,1,-0.00390625,-1.01942766769127,-1.79866792149931,3.16405929224186
VisualCogB_Task-2,2,1,0,-1.0259437091282,-2.00864806643231,3.12382827755524
VisualCogB_Task-2,2,1,0.00390625,-0.940350157321076,-2.07484716445905,3.00003395408995
VisualCogB_Task-2,2,1,0.0078125,-0.805245941137378,-2.00699919914547,2.80978344247615
VisualCogB_Task-2,2,1,0.01171875,-0.690248529824129,-1.84083826130929,2.58504239638028
VisualCogB_Task-2,2,1,0.015625,-0.676740656726993,-1.63450400363721,2.36374796719654
VisualCogB_Task-2,2,1,0.01953125,-0.824816934359568,-1.44230177983956,2.15192062797951
VisualCogB_Task-2,2,1,0.0234375,-1.13910411442299,-1.31866938964537,1.90690540177654
VisualCogB_Task-2,2,1,0.02734375,-1.57327514673258,-1.30582233729888,1.57467609718353
VisualCogB_Task-2,2,1,0.03125,-2.05549374474022,-1.41363954926678,1.15629473412359
VisualCogB_Task-2,2,1,0.03515625,-2.50424760701643,-1.61437590028687,0.679059178185808
VisualCogB_Task-2,2,1,0.0390625,-2.86352295534115,-1.84949681129872,0.200769672729801
VisualCogB_Task-2,2,1,0.04296875,-3.11658234695252,-2.04414735093295,-0.224306573062917
VisualCogB_Task-2,2,1,0.046875,-3.27450405241112,-2.14514304123818,-0.560477212124204
VisualCogB_Task-2,2,1,0.05078125,-3.36230305189095,-2.14084918589394,-0.779184104575979
VisualCogB_Task-2,2,1,0.0546875,-3.41022176127455,-2.05398067505124,-0.848207274485075
VisualCogB_Task-2,2,1,0.05859375,-3.45677034953328,-1.91519047356539,-0.755790505994787
VisualCogB_Task-2,2,1,0.0625,-3.5355944194677,-1.75987450947725,-0.507971297082589
VisualCogB_Task-2,2,1,0.06640625,-3.66366968114874,-1.62339091256047,-0.130484622404488
VisualCogB_Task-2,2,1,0.0703125,-3.84487304869074,-1.53358740932411,0.342050131737464
VisualCogB_Task-2,2,1,0.07421875,-4.07591057016762,-1.49194556902202,0.860219464112845
VisualCogB_Task-2,2,1,0.078125,-4.3555879024585,-1.48882490778059,1.36806438205643
VisualCogB_Task-2,2,1,0.08203125,-4.68488223481736,-1.50411046575794,1.82037497488307
VisualCogB_Task-2,2,1,0.0859375,-5.05959447328516,-1.51012430819051,2.21485761105206
VisualCogB_Task-2,2,1,0.08984375,-5.46966158966531,-1.47735316172711,2.59181666816937
VisualCogB_Task-2,2,1,0.09375,-5.89791299679155,-1.38914125169473,2.97142772394488
VisualCogB_Task-2,2,1,0.09765625,-6.33210197345038,-1.23960207500449,3.37822727797501
VisualCogB_Task-2,2,1,0.1015625,-6.75712168037438,-1.04537891676972,3.79867511128728
VisualCogB_Task-2,2,1,0.10546875,-7.15466576167881,-0.829422736066248,4.1732677489199
VisualCogB_Task-2,2,1,0.109375,-7.51800180882707,-0.612649838699715,4.42827210678566
VisualCogB_Task-2,2,1,0.11328125,-7.85140772644675,-0.415678260057891,4.50383301585313
VisualCogB_Task-2,2,1,0.1171875,-8.16429712194106,-0.264446433667693,4.37443268820661
VisualCogB_Task-2,2,1,0.12109375,-8.46405634508824,-0.19609675543272,4.06845060791812
VisualCogB_Task-2,2,1,0.125,-8.766269899895,-0.226247359549692,3.63221835582032
VisualCogB_Task-2,2,1,0.12890625,-9.08416474022273,-0.343115558052848,3.11524326058291
VisualCogB_Task-2,2,1,0.1328125,-9.42695910628934,-0.499321904242386,2.58698388312914
VisualCogB_Task-2,2,1,0.13671875,-9.78572034810518,-0.647479877894629,2.09920263833757
VisualCogB_Task-2,2,1,0.140625,-10.1405981273635,-0.745389165439958,1.69897289560727
VisualCogB_Task-2,2,1,0.14453125,-10.4687491720079,-0.762428949293147,1.41323702789361
VisualCogB_Task-2,2,1,0.1484375,-10.7480680288934,-0.693747037550093,1.25247372268153
VisualCogB_Task-2,2,1,0.15234375,-10.9544229802616,-0.560646903795579,1.22175982174706
VisualCogB_Task-2,2,1,0.15625,-11.0702615782448,-0.385889839911576,1.3194879995372
VisualCogB_Task-2,2,1,0.16015625,-11.0921745988238,-0.193627864434225,1.52284972487318
VisualCogB_Task-2,2,1,0.1640625,-11.0295654798703,-0.0051392914698063,1.77285161780685
VisualCogB_Task-2,2,1,0.16796875,-10.9108039114696,0.164797188808123,1.99939503021176
VisualCogB_Task-2,2,1,0.171875,-10.7877285056822,0.288000779211762,2.1554138101198
VisualCogB_Task-2,2,1,0.17578125,-10.7196879862138,0.342660285730254,2.22920667494007
VisualCogB_Task-2,2,1,0.1796875,-10.7575625729562,0.328704971572996,2.24867221018077
VisualCogB_Task-2,2,1,0.18359375,-10.9303796501302,0.233987188542409,2.26075459693608
VisualCogB_Task-2,2,1,0.1875,-11.2277509693225,0.051297607565818,2.30575474228195
VisualCogB_Task-2,2,1,0.19140625,-11.6142347444815,-0.222579220103361,2.41367317372939
VisualCogB_Task-2,2,1,0.1953125,-12.033300965859,-0.575342104902189,2.5816265997519
VisualCogB_Task-2,2,1,0.19921875,-12.4162784855326,-0.976432546826084,2.7797182169989
VisualCogB_Task-2,2,1,0.203125,-12.6996501125038,-1.37659118116126,2.97603476680578
VisualCogB_Task-2,2,1,0.20703125,-12.8422248526726,-1.72116024999504,3.14439111626596
VisualCogB_Task-2,2,1,0.2109375,-12.8404881896852,-1.96006920450178,3.28144187087158
VisualCogB_Task-2,2,1,0.21484375,-12.7249456473915,-2.06909868357329,3.40277595424414
VisualCogB_Task-2,2,1,0.21875,-12.5387516373263,-2.03950344294474,3.52071897595808
VisualCogB_Task-2,2,1,0.22265625,-12.3342318655234,-1.90740166626096,3.63840871780381
VisualCogB_Task-2,2,1,0.2265625,-12.1579059346671,-1.73372749713776,3.74425738707951
VisualCogB_Task-2,2,1,0.23046875,-12.0250871894189,-1.57931839501325,3.79098980281689
VisualCogB_Task-2,2,1,0.234375,-11.9216513442592,-1.48267553970447,3.71126751181425
VisualCogB_Task-2,2,1,0.23828125,-11.8171814774977,-1.43590129306181,3.45184600831942
VisualCogB_Task-2,2,1,0.2421875,-11.6916429603893,-1.42233884388874,3.001581502744
VisualCogB_Task-2,2,1,0.24609375,-11.5477994069861,-1.44567519561854,2.39030802022674
VisualCogB_Task-2,2,1,0.25,-11.4193012949816,-1.51944146565209,1.68356407746415
VisualCogB_Task-2,2,1,0.25390625,-11.358946045321,-1.65467770041192,0.980143910658864
VisualCogB_Task-2,2,1,0.2578125,-11.4073271998908,-1.85712091005874,0.379137497497497
VisualCogB_Task-2,2,1,0.26171875,-11.5713926043844,-2.12341769731912,-0.0479718900489523
VisualCogB_Task-2,2,1,0.265625,-11.819123460471,-2.4474271400756,-0.278709328889025
VisualCogB_Task-2,2,1,0.26953125,-12.0816336513862,-2.79926473445201,-0.340337528182516
VisualCogB_Task-2,2,1,0.2734375,-12.2636537191124,-3.11711785532546,-0.282304085041794
VisualCogB_Task-2,2,1,0.27734375,-12.2762817977244,-3.33424065557568,-0.166055574082293
VisualCogB_Task-2,2,1,0.28125,-12.0746396019701,-3.41298529410647,-0.0418571079310652
VisualCogB_Task-2,2,1,0.28515625,-11.6738105457922,-3.34724078353183,0.0636132807332572
VisualCogB_Task-2,2,1,0.2890625,-11.1441172889167,-3.16404597486413,0.1480528444723
VisualCogB_Task-2,2,1,0.29296875,-10.5911267711159,-2.90502519547974,0.224347895399067
VisualCogB_Task-2,2,1,0.296875,-10.1255588019888,-2.61999788704142,0.307995619611766
VisualCogB_Task-2,2,1,0.30078125,-9.82848638143362,-2.38522913399507,0.405924942299835
VisualCogB_Task-2,2,1,0.3046875,-9.72316202762957,-2.24542931697337,0.519765955293405
VisualCogB_Task-2,2,1,0.30859375,-9.77063414441727,-2.2093348888171,0.649149570513289
VisualCogB_Task-2,2,1,0.3125,-9.88768818518703,-2.25701384437551,0.795097518048047
VisualCogB_Task-2,2,1,0.31640625,-9.97640623555933,-2.34044864403173,0.957539370804698
VisualCogB_Task-2,2,1,0.3203125,-9.96027895214622,-2.41033046598589,1.13647585519513
VisualCogB_Task-2,2,1,0.32421875,-9.81184334417074,-2.43462749826784,1.32659988070924
VisualCogB_Task-2,2,1,0.328125,-9.55611995060448,-2.40592734598951,1.51942948718949
VisualCogB_Task-2,2,1,0.33203125,-9.25422294016052,-2.3314236253226,1.70304832969421
VisualCogB_Task-2,2,1,0.3359375,-8.97497746668262,-2.23405624229909,1.87062540610706
VisualCogB_Task-2,2,1,0.33984375,-8.76253829286765,-2.11773521848668,2.02383253923051
VisualCogB_Task-2,2,1,0.34375,-8.63222626991049,-1.98897820355852,2.16431205970646
VisualCogB_Task-2,2,1,0.34765625,-8.58008849173717,-1.8635906060709,2.28974976039638
VisualCogB_Task-2,2,1,0.3515625,-8.59266973499477,-1.74698757429957,2.39332939712341
VisualCogB_Task-2,2,1,0.35546875,-8.66927503471328,-1.64540307482173,2.46535878140238
VisualCogB_Task-2,2,1,0.359375,-8.8220151677168,-1.55900294939183,2.49984260491721
VisualCogB_Task-2,2,1,0.36328125,-9.07267676415635,-1.49587311360851,2.49927368378642
VisualCogB_Task-2,2,1,0.3671875,-9.44091910751388,-1.46659932121949,2.47640504347141
VisualCogB_Task-2,2,1,0.37109375,-9.93376862096366,-1.47769484522767,2.44361124451583
VisualCogB_Task-2,2,1,0.375,-10.5345717445606,-1.5262180032627,2.40538016362314
VisualCogB_Task-2,2,1,0.37890625,-11.2078656717036,-1.62073868566713,2.35575124435515
VisualCogB_Task-2,2,1,0.3828125,-11.914235869579,-1.77223615423215,2.27526756139215
VisualCogB_Task-2,2,1,0.38671875,-12.6171842204678,-1.9828566469897,2.14416282377351
VisualCogB_Task-2,2,1,0.390625,-13.2866010172568,-2.24873086847122,1.9747979258005
VisualCogB_Task-2,2,1,0.39453125,-13.9038255767632,-2.54653124569471,1.8062368186269
VisualCogB_Task-2,2,1,0.3984375,-14.465004729341,-2.85093974473231,1.69417463425771
VisualCogB_Task-2,2,1,0.40234375,-14.9716342283539,-3.13666422340502,1.68438176427221
VisualCogB_Task-2,2,1,0.40625,-15.4322380029002,-3.38120244325033,1.8135857350516
VisualCogB_Task-2,2,1,0.41015625,-15.8538501035692,-3.5760046110702,2.08436942163712
VisualCogB_Task-2,2,1,0.4140625,-16.2303753352212,-3.7255165058638,2.45332550507406
VisualCogB_Task-2,2,1,0.41796875,-16.536117135979,-3.82402646596674,2.84215241902375
VisualCogB_Task-2,2,1,0.421875,-16.7353463089291,-3.88270244223929,3.17064702327272
VisualCogB_Task-2,2,1,0.42578125,-16.7956594505313,-3.92203450579055,3.3969702913529
VisualCogB_Task-2,2,1,0.4296875,-16.6989962465091,-3.96513488032599,3.52621382647033
VisualCogB_Task-2,2,1,0.43359375,-16.4479928093843,-4.0264644646123,3.59765632485772
VisualCogB_Task-2,2,1,0.4375,-16.0693116026133,-4.11419329372931,3.65841016659121
VisualCogB_Task-2,2,1,0.44140625,-15.6123523179984,-4.22870016855521,3.74505235920399
VisualCogB_Task-2,2,1,0.4453125,-15.1372262965143,-4.38042380320766,3.87612001863748
VisualCogB_Task-2,2,1,0.44921875,-14.6972489309558,-4.58097713778049,4.04282330176489
VisualCogB_Task-2,2,1,0.453125,-14.3256053629852,-4.83709856492171,4.21565561886556
VisualCogB_Task-2,2,1,0.45703125,-14.0311847627192,-5.13670096015997,4.35160421363728
VisualCogB_Task-2,2,1,0.4609375,-13.8039921831523,-5.45612085880375,4.40559675575274
VisualCogB_Task-2,2,1,0.46484375,-13.6199324711506,-5.77952981221029,4.3500673847977
VisualCogB_Task-2,2,1,0.46875,-13.4480284174344,-6.09775962978756,4.18537043323234
VisualCogB_Task-2,2,1,0.47265625,-13.2487989445766,-6.39095022673529,3.93208212685632
VisualCogB_Task-2,2,1,0.4765625,-12.9835457020248,-6.63282431595209,3.61883518892688
VisualCogB_Task-2,2,1,0.48046875,-12.6189505189214,-6.80779360384337,3.27655192474899
VisualCogB_Task-2,2,1,0.484375,-12.1414508358915,-6.91509722557268,2.93842448319754
VisualCogB_Task-2,2,1,0.48828125,-11.5598714525315,-6.96936742828266,2.63855533014272
VisualCogB_Task-2,2,1,0.4921875,-10.893873168218,-6.99718776599292,2.40683332379246
VisualCogB_Task-2,2,1,0.49609375,-10.1658064805863,-7.03472293740753,2.23771902291696
VisualCogB_Task-2,2,1,0.5,-9.38595174508115,-7.12730252239956,2.06986054373102
VisualCogB_Task-2,2,1,0.50390625,-8.54546107450931,-7.30649388350917,1.8210762105171
VisualCogB_Task-2,2,1,0.5078125,-7.61726422267367,-7.57555915349722,1.42850592845617
VisualCogB_Task-2,2,1,0.51171875,-6.54967582436249,-7.9240728340622,0.845273422898132
VisualCogB_Task-2,2,1,0.515625,-5.27627981042918,-8.34489490903231,0.047231790972547
VisualCogB_Task-2,2,1,0.51953125,-3.74162885412495,-8.82600771691626,-0.965703942758673
VisualCogB_Task-2,2,1,0.5234375,-1.92262777460719,-9.3453933419201,-2.15958652086495
VisualCogB_Task-2,2,1,0.52734375,0.158879025625223,-9.86221252844764,-3.45284993776604
VisualCogB_Task-2,2,1,0.53125,2.45018939709633,-10.3290898133005,-4.77925034186454
VisualCogB_Task-2,2,1,0.53515625,4.88341252720867,-10.7060218682011,-6.08176154744065
VisualCogB_Task-2,2,1,0.5390625,7.38696416316499,-10.9866331939995,-7.29915650430133
VisualCogB_Task-2,2,1,0.54296875,9.90281070158459,-11.1866435612269,-8.38148912176084
VisualCogB_Task-2,2,1,0.546875,12.3969638324764,-11.3371701903815,-9.30925352611092
VisualCogB_Task-2,2,1,0.55078125,14.8569840271188,-11.4752367326494,-10.1067384412749
VisualCogB_Task-2,2,1,0.5546875,17.2817938303831,-11.6336056100379,-10.8305237683697
VisualCogB_Task-2,2,1,0.55859375,19.6724923414672,-11.8265656602338,-11.5485632151073
VisualCogB_Task-2,2,1,0.5625,22.0209868805819,-12.0335189566336,-12.3111083161532
VisualCogB_Task-2,2,1,0.56640625,24.3110124021178,-12.2154464853237,-13.1384597763186
VisualCogB_Task-2,2,1,0.5703125,26.528264273916,-12.3407198747499,-14.0309280016587
VisualCogB_Task-2,2,1,0.57421875,28.661149420925,-12.3939498078272,-14.9736620914322
VisualCogB_Task-2,2,1,0.578125,30.7108665422459,-12.3981262787278,-15.9656701844092
VisualCogB_Task-2,2,1,0.58203125,32.6847669570419,-12.3939565583694,-16.9952746862702
VisualCogB_Task-2,2,1,0.5859375,34.5950965783073,-12.4196222776484,-18.0670912885208
VisualCogB_Task-2,2,1,0.58984375,36.4488885134563,-12.4819708944955,-19.1867332952014
VisualCogB_Task-2,2,1,0.59375,38.2600095270732,-12.5784889447375,-20.3621203159836
VisualCogB_Task-2,2,1,0.59765625,40.0563239441715,-12.6968082437529,-21.5984518781222
VisualCogB_Task-2,2,1,0.6015625,41.8769811613037,-12.8229293571231,-22.8832189988252
VisualCogB_Task-2,2,1,0.60546875,43.7569854440047,-12.9462044383128,-24.181498974849
VisualCogB_Task-2,2,1,0.609375,45.712068579695,-13.059195112741,-25.4464350578044
VisualCogB_Task-2,2,1,0.61328125,47.730272338242,-13.1545195877804,-26.6361559540629
VisualCogB_Task-2,2,1,0.6171875,49.7750341049545,-13.2309403113276,-27.7205059230769
VisualCogB_Task-2,2,1,0.62109375,51.7910870843494,-13.2878833155886,-28.7036537502106
VisualCogB_Task-2,2,1,0.625,53.723824804211,-13.3298191896044,-29.6160671579316
VisualCogB_Task-2,2,1,0.62890625,55.5384324545155,-13.3646661528205,-30.5004023009264
VisualCogB_Task-2,2,1,0.6328125,57.2326748429304,-13.3904196238761,-31.3916421511133
VisualCogB_Task-2,2,1,0.63671875,58.8318508171223,-13.4004545616652,-32.2983915693567
VisualCogB_Task-2,2,1,0.640625,60.3758644985826,-13.3855956878507,-33.205398252214
VisualCogB_Task-2,2,1,0.64453125,61.8997837401729,-13.332244522678,-34.0901362684804
VisualCogB_Task-2,2,1,0.6484375,63.4152357949201,-13.2342428736628,-34.9212665407401
VisualCogB_Task-2,2,1,0.65234375,64.917902784186,-13.1049315970282,-35.6780361082027
VisualCogB_Task-2,2,1,0.65625,66.3776359492593,-12.9658792786956,-36.3390389073018
VisualCogB_Task-2,2,1,0.66015625,67.748258644187,-12.8258034490295,-36.8865314591933
VisualCogB_Task-2,2,1,0.6640625,68.9741025819484,-12.6889179794259,-37.295853193839
VisualCogB_Task-2,2,1,0.66796875,70.0028292314839,-12.5761012630167,-37.5419912393844
VisualCogB_Task-2,2,1,0.671875,70.8112449983015,-12.5347668520006,-37.6167312945727
VisualCogB_Task-2,2,1,0.67578125,71.4181493809133,-12.604309773369,-37.5213242329379
VisualCogB_Task-2,2,1,0.6796875,71.8814415484586,-12.7874539639846,-37.2749405499804
VisualCogB_Task-2,2,1,0.68359375,72.2869796728963,-13.0595019473581,-36.9258114763344
VisualCogB_Task-2,2,1,0.6875,72.7135805429765,-13.3638980160045,-36.5175867622757
VisualCogB_Task-2,2,1,0.69140625,73.2119138828797,-13.6348793793804,-36.0828701890146
VisualCogB_Task-2,2,1,0.6953125,73.7966455390579,-13.8098465432618,-35.6495738682631
VisualCogB_Task-2,2,1,0.69921875,74.4422060034635,-13.8388689653819,-35.2226047601394
VisualCogB_Task-2,2,1,0.703125,75.1008341796749,-13.6974593664615,-34.8074393243411
VisualCogB_Task-2,2,1,0.70703125,75.7269492243173,-13.3954982400348,-34.4247465438002
VisualCogB_Task-2,2,1,0.7109375,76.3018004107289,-12.9804395506895,-34.1119169363989
VisualCogB_Task-2,2,1,0.71484375,76.8326728712038,-12.517381348945,-33.9043633233631
VisualCogB_Task-2,2,1,0.71875,77.3458910372988,-12.0801999025649,-33.8117091750731
VisualCogB_Task-2,2,1,0.72265625,77.8466793619962,-11.71555759168,-33.8436266791678
VisualCogB_Task-2,2,1,0.7265625,78.3022470448266,-11.4526687760683,-34.0040840472833
VisualCogB_Task-2,2,1,0.73046875,78.6534160682829,-11.2873059166817,-34.27137869594
VisualCogB_Task-2,2,1,0.734375,78.8247746937304,-11.1815613332649,-34.6125949129034
VisualCogB_Task-2,2,1,0.73828125,78.7467289085541,-11.0919414468185,-34.9787924285746
VisualCogB_Task-2,2,1,0.7421875,78.3715015995293,-10.99768528469,-35.3101790091062
VisualCogB_Task-2,2,1,0.74609375,77.6904872490373,-10.9011024113056,-35.546940405672
VisualCogB_Task-2,2,1,0.75,76.7198169537476,-10.8064465830663,-35.6510998828468
VisualCogB_Task-2,2,1,0.75390625,75.4862167320661,-10.7542132920125,-35.6186850797968
VisualCogB_Task-2,2,1,0.7578125,74.0375117488582,-10.7862065084512,-35.4725887392431
VisualCogB_Task-2,2,1,0.76171875,72.4305577611776,-10.930147792201,-35.2462694830584
VisualCogB_Task-2,2,1,0.765625,70.7267392007509,-11.1930579651909,-34.9848136287328
VisualCogB_Task-2,2,1,0.76953125,68.9979095050533,-11.5486481401904,-34.7233794574663
VisualCogB_Task-2,2,1,0.7734375,67.3227713929828,-11.948158938144,-34.4847026022079
VisualCogB_Task-2,2,1,0.77734375,65.7562796459716,-12.3505898667305,-34.260225622809
VisualCogB_Task-2,2,1,0.78125,64.3297638572648,-12.7260892325421,-34.0328942918613
VisualCogB_Task-2,2,1,0.78515625,63.0376716868507,-13.060358160283,-33.7808392481599
VisualCogB_Task-2,2,1,0.7890625,61.8567652099812,-13.3605655178676,-33.5049984307456
VisualCogB_Task-2,2,1,0.79296875,60.7580964012295,-13.6478762340226,-33.2241502518528
VisualCogB_Task-2,2,1,0.796875,59.7118285325854,-13.9426952435878,-32.958384783368
VisualCogB_Task-2,2,1,0.80078125,58.6860184972929,-14.2445908042114,-32.7080860683164
